path,sha256,ground_truth,correctness,has_exact_copy_in_gt_folders,v10_float_prediction,v10_int8_prediction,v10_int8_confidence,v9_firmware_prediction,v9_firmware_confidence,v9_v10_top1_agree,received_at,inference_us_v9_firmware,metadata_model_version,training_exposure,v10_int8_paper,v10_int8_plastic,v10_int8_organic,mean_luma,std_luma,mean_saturation,laplacian_variance,edge_fraction,dark_fraction,bright_fraction,nearest_train_path,nearest_train_label,nearest_train_cosine_distance,nearest_predicted_class_train_path,nearest_predicted_class_cosine_distance,embedding_ood_for_predicted_class
data/images/00a74173-4193-4dc4-8c08-6894ce5b8582.jpg,11c8a5426ebac8ca50367e98f11db8eb4a516af920d82b56fbca6bd730ca9dab,UNKNOWN,NOT_EVALUATED,False,plastic,plastic,0.6171875,paper,0.667969,False,2026-08-08T08:46:46.813876Z,383218,tinycnn-v9-balanced-esp-contract,unseen,0.359375,0.6171875,0.0234375,131.28238932291666,34.04257601196947,17.593587239583332,129.32643127441406,0.021158854166666668,0.012613932291666666,0.0003255208333333333,train/plastic/augv9_plastic_train_original_005.jpg,plastic,0.1160210371017456,train/plastic/augv9_plastic_train_original_005.jpg,0.1160210371017456,True
data/images/00d940c2-6d46-4475-92ee-a52b47c0156e.jpg,30ffeeb421e17049f0552530ac885368ef6135743c1a09bf722615be5a9fce9b,UNKNOWN,NOT_EVALUATED,False,paper,paper,0.99609375,paper,0.808594,True,2026-08-08T08:45:57.468365Z,383052,tinycnn-v9-balanced-esp-contract,unseen,0.99609375,0.0,0.0,129.03328450520834,39.14151943696643,35.405924479166664,227.01039123535156,0.055582682291666664,0.031901041666666664,0.00016276041666666666,train/paper/augv9_paper_train_original_087.jpg,paper,0.01905083656311035,train/paper/augv9_paper_train_original_087.jpg,0.01905083656311035,False
data/images/01c454eb-99b9-4341-99cb-2bcb6ef2fdfc.jpg,4b6b67bd4ec41ab3756352d506adece42201ab225fe0365ac7e26017c2dc4115,UNKNOWN,NOT_EVALUATED,True,paper,paper,0.99609375,paper,0.824219,True,2026-08-11T13:32:56.302056Z,383065,tinycnn-v9-balanced-esp-contract,heldout_validation,0.99609375,0.0,0.0,122.28873697916667,47.87484664051359,30.685302734375,376.4858703613281,0.102294921875,0.056070963541666664,0.016764322916666668,train/paper/augv9_paper_train_original_082.jpg,paper,0.01566147804260254,train/paper/augv9_paper_train_original_082.jpg,0.01566147804260254,False
data/images/029cbe89-92f1-4d66-a857-5dbc8be06200.jpg,e565ca3707879767263d5c2f7bf4729e1b968fc956f192b80533c9a1cd41f9e2,UNKNOWN,NOT_EVALUATED,True,organic,organic,0.99609375,organic,0.914062,True,2026-08-11T13:38:10.970302Z,382059,tinycnn-v9-balanced-esp-contract,heldout_validation,0.0,0.0,0.99609375,119.96036783854167,48.54325459486178,35.528401692708336,162.62059020996094,0.025227864583333332,0.08976236979166667,0.0,train/organic/organic_train_original_005.jpg,organic,0.013526678085327148,train/organic/organic_train_original_005.jpg,0.013526678085327148,False
data/images/050434f4-7860-4fb8-b212-d0a83ad02480.jpg,cc1f5271993f93e493121ef3bd1e42f1a0284f1fb0c5a520611a55fda26fb7b8,UNKNOWN,NOT_EVALUATED,False,paper,paper,0.62890625,plastic,0.683594,False,2026-08-11T13:53:09.125687Z,383199,tinycnn-v9-balanced-esp-contract,unseen,0.62890625,0.30859375,0.0625,131.934814453125,42.00851769328676,21.933186848958332,141.95932006835938,0.020589192708333332,0.024739583333333332,0.0,train/paper/augv9_paper_train_original_019.jpg,paper,0.1274120807647705,train/paper/augv9_paper_train_original_019.jpg,0.1274120807647705,True
data/images/058b949e-11da-465a-a17b-8e4806c4d5dd.jpg,0766d870968e3154be9ee3066bb16282d042b6cc0f351f6d14767bf20fd4d4ac,UNKNOWN,NOT_EVALUATED,False,paper,paper,0.7109375,plastic,0.929412,False,2026-08-11T12:44:06.050808Z,383094,tinycnn-v9-balanced-esp-contract,unseen,0.7109375,0.2890625,0.0,125.22233072916667,41.451133881191375,28.904622395833332,241.3247833251953,0.0693359375,0.022867838541666668,0.040283203125,train/paper/augv9_paper_train_original_064.jpg,paper,0.043730854988098145,train/paper/augv9_paper_train_original_064.jpg,0.043730854988098145,True
data/images/073c6bbb-b467-4b12-b3c0-917e903ab36e.jpg,a4da80d7ec6c6eb629add4b248339642da565c1dda863e5c349d3ee8ce8813e7,UNKNOWN,NOT_EVALUATED,True,paper,paper,0.98828125,paper,0.695312,True,2026-08-11T13:47:28.232679Z,382405,tinycnn-v9-balanced-esp-contract,heldout_test,0.98828125,0.0078125,0.00390625,124.92862955729167,45.86470139436517,27.726725260416668,191.31787109375,0.054443359375,0.08683268229166667,0.005940755208333333,train/paper/augv9_paper_train_original_050.jpg,paper,0.030002117156982422,train/paper/augv9_paper_train_original_050.jpg,0.030002117156982422,False
data/images/075b4c96-0e45-4fc1-85e8-b45f01322bc8.jpg,1d6d15871c0517611eaf33169b09936d6ce3dbb7e9bf2ab753cd1a011f8ff16c,UNKNOWN,NOT_EVALUATED,False,organic,organic,0.99609375,paper,0.425781,False,2026-08-08T08:24:52.613088Z,382598,tinycnn-v9-balanced-esp-contract,exact_train_file,0.0,0.0,0.99609375,124.086669921875,42.8321870570517,23.094970703125,286.8465270996094,0.030924479166666668,0.024820963541666668,8.138020833333333e-05,train/organic/augv9_organic_train_original_005.jpg,organic,0.021748483180999756,train/organic/augv9_organic_train_original_005.jpg,0.021748483180999756,False
data/images/08957b4d-b996-4f82-a385-44b1c59b5c64.jpg,4e44cf2afd8a40aa529c24b3ef82130179487a9c246d44362e6458182f5a3cae,UNKNOWN,NOT_EVALUATED,True,paper,paper,0.99609375,organic,0.851562,False,2026-08-11T13:02:56.066851Z,383168,tinycnn-v9-balanced-esp-contract,exact_train_file,0.99609375,0.0,0.0,124.72054036458333,58.03314618352176,37.14697265625,234.48631286621094,0.060302734375,0.103759765625,0.07454427083333333,train/paper/augv9_paper_train_original_001.jpg,paper,5.960464477539063e-08,train/paper/augv9_paper_train_original_001.jpg,5.960464477539063e-08,False
data/images/095c0464-1e85-4cad-848c-711add2f536a.jpg,8d94633fb502213c533fe9596a41d0abea66ba5b5be61d49498d6f9eee4a40f4,UNKNOWN,NOT_EVALUATED,True,paper,paper,0.99609375,paper,0.871094,True,2026-08-11T13:46:42.907764Z,392523,tinycnn-v9-balanced-esp-contract,exact_train_file,0.99609375,0.00390625,0.0,130.99251302083334,41.29883010963276,27.404866536458332,186.7389678955078,0.06266276041666667,0.03369140625,0.009440104166666666,train/paper/augv9_paper_train_original_002.jpg,paper,1.1920928955078125e-07,train/paper/augv9_paper_train_original_002.jpg,1.1920928955078125e-07,False
data/images/099d8886-b891-4abd-8782-adec45477f29.jpg,9ff5b628eaf28b3b05e8b3ef4b4d9fbbad7de47435495a626c2f52ecbe344064,UNKNOWN,NOT_EVALUATED,False,organic,organic,0.99609375,organic,0.960938,True,2026-08-08T08:48:10.074647Z,383171,tinycnn-v9-balanced-esp-contract,unseen,0.0,0.0,0.99609375,134.86197916666666,40.80890856121858,27.974853515625,303.2028503417969,0.040364583333333336,0.014485677083333334,0.048177083333333336,train/organic/organic_train_original_003.jpg,organic,0.0219385027885437,train/organic/organic_train_original_003.jpg,0.0219385027885437,False
data/images/09be46bc-6941-4ba6-b61f-c53fb58d7be6.jpg,d58378008855b19cdc69be120ce5780dd73ee47308ed98c5621b81049695c01e,UNKNOWN,NOT_EVALUATED,False,paper,paper,0.99609375,plastic,0.519531,False,2026-08-11T13:17:21.718786Z,383294,tinycnn-v9-balanced-esp-contract,exact_train_file,0.99609375,0.0,0.0,121.97249348958333,47.566820720919026,31.830973307291668,323.8888244628906,0.104248046875,0.050862630208333336,0.043619791666666664,train/paper/augv9_paper_train_original_105.jpg,paper,0.01606130599975586,train/paper/augv9_paper_train_original_105.jpg,0.01606130599975586,False
data/images/0a9aa7c9-7b20-4e9c-809f-87dfff800195.jpg,5cfc7f5b89362a918823a06c557d163e72e784e016782212db1c968db8b75729,UNKNOWN,NOT_EVALUATED,True,paper,paper,0.99609375,paper,0.634241,True,2026-08-11T13:42:59.503426Z,382080,tinycnn-v9-balanced-esp-contract,exact_train_file,0.99609375,0.0,0.0,135.17513020833334,44.52750452065793,31.509602864583332,270.6438293457031,0.06355794270833333,0.0107421875,0.0810546875,train/paper/augv9_paper_train_original_003.jpg,paper,-1.1920928955078125e-07,train/paper/augv9_paper_train_original_003.jpg,-1.1920928955078125e-07,False
data/images/0dc78700-cae4-49d7-af86-780d18f797df.jpg,f23a725723c8c9ef69c5e30c74746572782fa4d02f5ace4377f71279d2fa7296,UNKNOWN,NOT_EVALUATED,True,paper,paper,0.99609375,plastic,0.617188,False,2026-08-11T13:31:09.542844Z,383393,tinycnn-v9-balanced-esp-contract,exact_train_file,0.99609375,0.0,0.0,125.89689127604167,43.1779588408108,24.301676432291668,150.42120361328125,0.04296875,0.059000651041666664,0.0,train/paper/augv9_paper_train_original_004.jpg,paper,0.0,train/paper/augv9_paper_train_original_004.jpg,0.0,False
data/images/0e2388bc-635a-4704-aebf-ee34fe70a5d8.jpg,4906b4568d617faa7d97d79004d50c3e038f58e492b8c1b0f8836b2f860776f7,UNKNOWN,NOT_EVALUATED,True,plastic,plastic,0.86328125,plastic,0.741176,True,2026-08-11T13:15:40.352293Z,383301,tinycnn-v9-balanced-esp-contract,heldout_validation,0.1328125,0.86328125,0.00390625,121.78133138020833,44.98243421393244,31.143473307291668,581.9696044921875,0.07413736979166667,0.034342447916666664,0.009602864583333334,train/plastic/augv9_plastic_train_original_005.jpg,plastic,0.0803753137588501,train/plastic/augv9_plastic_train_original_005.jpg,0.0803753137588501,True
data/images/0e5b3bdc-d170-48fc-b51b-e98eaa5a2948.jpg,199378120e02281f20a3df9ad8edd7a481dbc5faafcbc6ec83895a9509b95aae,UNKNOWN,NOT_EVALUATED,True,paper,paper,0.99609375,paper,0.464844,True,2026-08-11T13:57:09.183369Z,383022,tinycnn-v9-balanced-esp-contract,heldout_validation,0.99609375,0.0,0.0,129.103271484375,41.264821307969335,36.725667317708336,279.3533020019531,0.06429036458333333,0.025390625,0.008219401041666666,train/paper/paper_train_original_006.jpg,paper,0.01132810115814209,train/paper/paper_train_original_006.jpg,0.01132810115814209,False
data/images/0f733a16-8745-4c19-9904-f0b5c31b91fa.jpg,faadbe8d3b8a4d27b839d47b9041bc080818add823964fbc61f0e2d03bb09a04,UNKNOWN,NOT_EVALUATED,True,paper,paper,0.99609375,organic,0.433594,False,2026-08-11T13:04:17.331950Z,382486,tinycnn-v9-balanced-esp-contract,heldout_test,0.99609375,0.0,0.0,154.23291015625,44.321978493730384,43.836995442708336,227.3462371826172,0.043538411458333336,0.0,0.11027018229166667,train/paper/augv9_paper_train_original_013.jpg,paper,0.01647210121154785,train/paper/augv9_paper_train_original_013.jpg,0.01647210121154785,False
data/images/0f77f478-f518-4d37-874b-d961485e3255.jpg,db1cf6ed5b567602d606c11cd9fdf63ec713679b1e74317d3d93ba6ee0408398,UNKNOWN,NOT_EVALUATED,True,paper,paper,0.98828125,plastic,0.59375,False,2026-08-11T13:49:12.277027Z,383003,tinycnn-v9-balanced-esp-contract,exact_train_file,0.98828125,0.01171875,0.0,123.69807942708333,49.324642927822936,26.513020833333332,232.69078063964844,0.060953776041666664,0.08292643229166667,0.020833333333333332,train/paper/augv9_paper_train_original_005.jpg,paper,0.0,train/paper/augv9_paper_train_original_005.jpg,0.0,False
data/images/0fbc4754-ce81-4c56-94b7-bf4205ba1dfa.jpg,d6b1c54c5560d6fe70445ccf89b0b3c5d715a957ccc4e954b67727901d0f8777,UNKNOWN,NOT_EVALUATED,True,organic,organic,0.99609375,organic,1.0,True,2026-08-11T13:59:08.568403Z,383196,tinycnn-v9-balanced-esp-contract,heldout_validation,0.0,0.0,0.99609375,132.10286458333334,50.782804446694804,39.115234375,558.9241333007812,0.058512369791666664,0.02001953125,0.09171549479166667,train/organic/augv9_organic_train_original_004.jpg,organic,0.01976621150970459,train/organic/augv9_organic_train_original_004.jpg,0.01976621150970459,False
data/images/118e97e6-00c8-43bd-865b-921efa320cda.jpg,ec694a0db49d2acb63d2905ec0da70c6823db1f11c589d536a00461ef750cd63,UNKNOWN,NOT_EVALUATED,False,organic,organic,0.99609375,paper,0.529412,False,2026-08-08T08:25:24.091250Z,391845,tinycnn-v9-balanced-esp-contract,unseen,0.00390625,0.0,0.99609375,130.790771484375,44.61718049915161,24.723470052083332,433.7611389160156,0.042236328125,0.015380859375,0.036783854166666664,train/organic/organic_train_original_003.jpg,organic,0.024121403694152832,train/organic/organic_train_original_003.jpg,0.024121403694152832,False
data/images/11bdc53c-2ce4-47ae-aef2-3fd35c2218c1.jpg,758ce2e1a537e40301ef9827bd5d5a562639c18719601a3a9c8bbac8a89fae35,UNKNOWN,NOT_EVALUATED,False,paper,paper,0.9609375,plastic,0.78125,False,2026-08-11T13:01:38.063356Z,383036,tinycnn-v9-balanced-esp-contract,unseen,0.9609375,0.0390625,0.0,123.9541015625,36.60447434086351,27.621826171875,167.8451385498047,0.036295572916666664,0.0087890625,0.000732421875,train/paper/augv9_paper_train_original_090.jpg,paper,0.02516835927963257,train/paper/augv9_paper_train_original_090.jpg,0.02516835927963257,False
data/images/12a0b7d0-7292-4b7d-bca0-ebefa53d7067.jpg,48abd3160f71823749e14bbac425dadd2ef2112812b29b8f40cd06a5ee0498d7,UNKNOWN,NOT_EVALUATED,True,paper,paper,0.99609375,plastic,0.742188,False,2026-08-11T13:02:09.096947Z,382119,tinycnn-v9-balanced-esp-contract,exact_train_file,0.99609375,0.0,0.0,131.95792643229166,45.55792662515063,29.74462890625,156.83323669433594,0.035237630208333336,0.018961588541666668,0.021891276041666668,train/paper/augv9_paper_train_original_006.jpg,paper,0.0,train/paper/augv9_paper_train_original_006.jpg,0.0,False
data/images/1333e479-d829-4b34-9126-81d276a58278.jpg,a3250bf1483fc1b51402bacd9089d17401b7915d4fe1e1cf4774936f6f1bc035,UNKNOWN,NOT_EVALUATED,True,paper,paper,0.99609375,organic,0.741176,False,2026-08-11T13:58:19.358232Z,382527,tinycnn-v9-balanced-esp-contract,exact_train_file,0.99609375,0.0,0.0,95.95035807291667,30.881219481566117,38.719807942708336,303.5695495605469,0.023600260416666668,0.050211588541666664,0.0,train/paper/augv9_paper_train_original_007.jpg,paper,1.1920928955078125e-07,train/paper/augv9_paper_train_original_007.jpg,1.1920928955078125e-07,False
data/images/14645458-07eb-40f1-a49a-da76033c4dcb.jpg,d952e54ef108460d4d6500fefb04ea0ff717baff28c856513a3c6e4ba7fb9057,UNKNOWN,NOT_EVALUATED,True,paper,paper,0.99609375,plastic,0.855469,False,2026-08-11T12:54:10.633378Z,383167,tinycnn-v9-balanced-esp-contract,exact_train_file,0.99609375,0.00390625,0.0,130.60221354166666,36.59758779756165,32.700602213541664,336.94195556640625,0.049479166666666664,0.010498046875,0.0,train/paper/augv9_paper_train_original_008.jpg,paper,0.0,train/paper/augv9_paper_train_original_008.jpg,0.0,False
data/images/146b8896-93fd-40bf-8163-c9112058ded4.jpg,bfdc5654a9e77c2605a9371899f619da7bf00cbcbe005b439589c641f736e024,UNKNOWN,NOT_EVALUATED,True,paper,paper,0.99609375,organic,0.847656,False,2026-08-11T13:04:59.716127Z,382872,tinycnn-v9-balanced-esp-contract,exact_train_file,0.99609375,0.0,0.0,125.83805338541667,50.09058016444501,37.340250651041664,206.35255432128906,0.041910807291666664,0.052001953125,0.05517578125,train/paper/augv9_paper_train_original_009.jpg,paper,0.0,train/paper/augv9_paper_train_original_009.jpg,0.0,False
data/images/15007798-b1f2-4da7-ab30-685cd8493e04.jpg,6fd8cac43b07f9d7e1e313c16ccedd469d1683d2c5c6d7053ebe95234daec271,UNKNOWN,NOT_EVALUATED,False,plastic,plastic,0.91796875,plastic,0.703125,True,2026-08-11T14:26:35.427811Z,383781,tinycnn-v9-balanced-esp-contract,unseen,0.046875,0.91796875,0.03515625,132.93245442708334,40.28306210485365,21.202067057291668,164.26475524902344,0.023111979166666668,0.016682942708333332,0.0,train/plastic/plastic_train_original_011.jpg,plastic,0.03759735822677612,train/plastic/plastic_train_original_011.jpg,0.03759735822677612,True
data/images/174eb404-de45-41c8-926f-a0a3d817782b.jpg,da664ebfd9b306fae3ca3de53487741c52fde8f0d61e4644c5a0e3a0698d5c77,UNKNOWN,NOT_EVALUATED,True,organic,organic,0.9921875,organic,1.0,True,2026-08-11T13:59:25.806879Z,381936,tinycnn-v9-balanced-esp-contract,heldout_validation,0.00390625,0.0,0.9921875,146.22379557291666,57.83574881786172,30.590494791666668,259.8025207519531,0.034586588541666664,0.031656901041666664,0.17545572916666666,train/organic/augv9_organic_train_original_015.jpg,organic,0.02610456943511963,train/organic/augv9_organic_train_original_015.jpg,0.02610456943511963,False
data/images/193590c5-aa85-490c-8142-74db88c2a5c9.jpg,5535d3fde0925fa3fd5d715d3541c754b3d6eca1626751d3b18678e0815273aa,UNKNOWN,NOT_EVALUATED,True,paper,paper,0.99609375,plastic,0.871094,False,2026-08-11T12:48:45.417305Z,383150,tinycnn-v9-balanced-esp-contract,exact_train_file,0.99609375,0.0,0.0,126.41292317708333,30.8686059872431,31.768147786458332,173.05699157714844,0.023274739583333332,0.0,8.138020833333333e-05,train/paper/augv9_paper_train_original_010.jpg,paper,0.0,train/paper/augv9_paper_train_original_010.jpg,0.0,False
data/images/198617d1-c835-4496-b99b-ec2f68ad41e2.jpg,91398fe8d23c1cacfad68a69c6d984299317dc72e4247fafd56b9e2aeaaf52a3,UNKNOWN,NOT_EVALUATED,False,organic,organic,0.54296875,organic,0.828794,True,2026-08-08T08:19:41.456923Z,383721,tinycnn-v9-balanced-esp-contract,unseen,0.2890625,0.16796875,0.54296875,134.05973307291666,55.899064538997436,21.876708984375,261.08251953125,0.031656901041666664,0.14363606770833334,0.0029296875,train/organic/augv9_organic_train_original_014.jpg,organic,0.14569807052612305,train/organic/augv9_organic_train_original_014.jpg,0.14569807052612305,True
data/images/1a9c1cdc-beaf-4a6a-b8bc-bc005188d77d.jpg,d58a2f3a6e605500a353fc5bf1802d0251d8f8261303d3592851c2fd78c87322,UNKNOWN,NOT_EVALUATED,True,paper,paper,0.94921875,plastic,0.851562,False,2026-08-11T13:55:11.863730Z,383858,tinycnn-v9-balanced-esp-contract,heldout_validation,0.94921875,0.05078125,0.0,123.01253255208333,43.66756563225889,33.843424479166664,570.0806884765625,0.060791015625,0.01171875,0.047281901041666664,train/paper/augv9_paper_train_original_064.jpg,paper,0.043964385986328125,train/paper/augv9_paper_train_original_064.jpg,0.043964385986328125,True
data/images/1bbe3524-aed4-4163-b2d9-8368fc54429f.jpg,1cd209997e4e4859676cfe8623ef1dd6d96dbb27e630e462fe1956aa57d9befe,UNKNOWN,NOT_EVALUATED,True,organic,organic,0.99609375,organic,0.996094,True,2026-08-11T13:36:23.916604Z,383116,tinycnn-v9-balanced-esp-contract,exact_train_file,0.00390625,0.0,0.99609375,120.94832356770833,51.08466262958617,37.798828125,172.46795654296875,0.030843098958333332,0.042561848958333336,0.045979817708333336,train/organic/augv9_organic_train_original_001.jpg,organic,0.0,train/organic/augv9_organic_train_original_001.jpg,0.0,False
data/images/1bec95d6-6a89-46a5-9314-b77b1f4575c5.jpg,2b26f3ad9bff37dda53c664b9b50b693ff6929acfda491487d1106303f88ec65,UNKNOWN,NOT_EVALUATED,True,paper,paper,0.98828125,plastic,0.761719,False,2026-08-11T13:45:55.713404Z,382010,tinycnn-v9-balanced-esp-contract,heldout_test,0.98828125,0.01171875,0.0,125.14046223958333,45.03126044754541,23.992919921875,253.878662109375,0.049153645833333336,0.038736979166666664,0.004150390625,train/paper/augv9_paper_train_original_037.jpg,paper,0.023787975311279297,train/paper/augv9_paper_train_original_037.jpg,0.023787975311279297,False
data/images/1c2f7fe2-355e-4287-ae7d-9284eec7e435.jpg,b7ef0bfb1ea426a62c85e602b8230917dd220b1c0f0bddcfec76631ca100b40d,UNKNOWN,NOT_EVALUATED,False,paper,paper,0.984375,plastic,0.894531,False,2026-08-11T13:17:48.650069Z,383046,tinycnn-v9-balanced-esp-contract,unseen,0.984375,0.015625,0.0,124.06266276041667,49.1187026730624,29.976318359375,277.9576721191406,0.06982421875,0.06705729166666667,0.042154947916666664,train/paper/augv9_paper_train_original_110.jpg,paper,0.031415462493896484,train/paper/augv9_paper_train_original_110.jpg,0.031415462493896484,False
data/images/1c4b2b7d-8866-48aa-9bf1-8ae2eb6ba917.jpg,27cf004fd25d24b32855d3ac20ddc220a06cefb3fb856f2544ec62de30ab80dc,UNKNOWN,NOT_EVALUATED,False,paper,paper,0.99609375,paper,0.921875,True,2026-08-11T12:53:01.588705Z,382241,tinycnn-v9-balanced-esp-contract,unseen,0.99609375,0.0,0.0,127.9697265625,36.058030145115595,32.287027994791664,215.0567169189453,0.059651692708333336,0.00439453125,0.015625,train/paper/augv9_paper_train_original_024.jpg,paper,0.013861477375030518,train/paper/augv9_paper_train_original_024.jpg,0.013861477375030518,False
data/images/1e1e58a4-8052-48c3-a688-7170ddad2e3b.jpg,535a538a6017e111153b203fd62635f7a25383aa9b3d3a4eee0c1a977b0a3fd7,UNKNOWN,NOT_EVALUATED,True,paper,paper,0.99609375,plastic,0.879377,False,2026-08-11T12:43:38.540153Z,383520,tinycnn-v9-balanced-esp-contract,exact_train_file,0.99609375,0.0,0.0,130.83146158854166,43.237255728768275,28.937255859375,233.85906982421875,0.053141276041666664,0.049641927083333336,0.017578125,train/paper/augv9_paper_train_original_011.jpg,paper,0.0,train/paper/augv9_paper_train_original_011.jpg,0.0,False
data/images/1f6f04d8-d139-4a20-be44-b7c0857f8013.jpg,47d6f77b832e8e76e8e9f5da14f5d0a74f173a01c1db30b419ef656120b006e3,UNKNOWN,NOT_EVALUATED,False,plastic,plastic,0.5390625,plastic,0.871094,True,2026-08-11T12:50:36.852211Z,383857,tinycnn-v9-balanced-esp-contract,unseen,0.453125,0.5390625,0.0078125,132.8837890625,46.05048998469512,27.71337890625,223.2921142578125,0.039632161458333336,0.02880859375,0.052815755208333336,train/paper/augv9_paper_train_original_064.jpg,paper,0.07899445295333862,train/plastic/plastic_train_original_009.jpg,0.12040388584136963,True
data/images/20e643a9-367f-496d-8c05-098954b6ceb0.jpg,5e009329e3a00404201f652ca7f46e42f7cda1971eea841de17120149c5ce0d0,UNKNOWN,NOT_EVALUATED,False,plastic,plastic,0.52734375,plastic,0.474708,True,2026-08-11T14:27:11.519310Z,382091,tinycnn-v9-balanced-esp-contract,unseen,0.44140625,0.52734375,0.03125,129.20930989583334,39.57714280157496,21.608235677083332,129.6887664794922,0.018147786458333332,0.018636067708333332,0.0,train/plastic/augv9_plastic_train_original_005.jpg,plastic,0.11907768249511719,train/plastic/augv9_plastic_train_original_005.jpg,0.11907768249511719,True
data/images/2118a584-485e-46d8-ae18-262b8b7cf11a.jpg,9b2686d8a88adeb7e0bb24a3df97db87f62652c91812a39d382fc7a6cca6d300,UNKNOWN,NOT_EVALUATED,True,plastic,plastic,0.99609375,plastic,0.691406,True,2026-08-11T13:11:56.413368Z,383089,tinycnn-v9-balanced-esp-contract,exact_train_file,0.0,0.99609375,0.0,128.09757486979166,33.13733065472877,22.980061848958332,243.31321716308594,0.031901041666666664,0.006429036458333333,0.001220703125,train/plastic/augv9_plastic_train_original_001.jpg,plastic,0.0,train/plastic/augv9_plastic_train_original_001.jpg,0.0,False
data/images/211fb8cf-5c52-4d08-b5eb-1d775a89d1c8.jpg,48ee765f0f2d07fbe04f96b7917deb457c6bb3a4aa7782c2ff294d662fe5c05e,UNKNOWN,NOT_EVALUATED,True,paper,paper,0.99609375,organic,0.898438,False,2026-08-08T08:59:20.974598Z,383113,tinycnn-v9-balanced-esp-contract,exact_train_file,0.99609375,0.0,0.0,129.0322265625,35.998853016171495,35.955810546875,361.2546691894531,0.040852864583333336,0.023763020833333332,0.006022135416666667,train/paper/augv9_paper_train_original_012.jpg,paper,0.0,train/paper/augv9_paper_train_original_012.jpg,0.0,False
data/images/22f1398d-3ac0-43db-a55f-03defe8b04ab.jpg,dea8182a8c1e47468b60fcd175ae358ee45b75330575863dfb5bdbb7cdb7edbb,UNKNOWN,NOT_EVALUATED,True,paper,paper,0.99609375,organic,0.753906,False,2026-08-11T13:05:53.319202Z,383099,tinycnn-v9-balanced-esp-contract,exact_train_file,0.99609375,0.0,0.0,125.75642903645833,53.280993395113185,36.947591145833336,184.79432678222656,0.035237630208333336,0.06502278645833333,0.07023111979166667,train/paper/augv9_paper_train_original_013.jpg,paper,5.960464477539063e-08,train/paper/augv9_paper_train_original_013.jpg,5.960464477539063e-08,False
data/images/24071e66-9fad-4962-9097-b99cd571913f.jpg,b32bc46d68f9802229f2bb884509fd9de56ff182effb1eff884769d0cf53e82d,UNKNOWN,NOT_EVALUATED,True,plastic,plastic,0.99609375,plastic,0.96875,True,2026-08-11T13:05:26.294945Z,382280,tinycnn-v9-balanced-esp-contract,exact_train_file,0.00390625,0.99609375,0.0,122.998291015625,43.42426447421128,30.613118489583332,242.7245330810547,0.0546875,0.037272135416666664,0.013102213541666666,train/plastic/augv9_plastic_train_original_002.jpg,plastic,5.960464477539063e-08,train/plastic/augv9_plastic_train_original_002.jpg,5.960464477539063e-08,False
data/images/25fd15f0-f9b1-405f-a2d4-ca23caccb2ed.jpg,48a57a31927a921f89975c99ab6c18278e45789fc04d017644b21a7014ac635a,UNKNOWN,NOT_EVALUATED,True,paper,paper,0.99609375,plastic,0.714844,False,2026-08-11T12:43:53.463777Z,382366,tinycnn-v9-balanced-esp-contract,exact_train_file,0.99609375,0.0,0.0,150.91617838541666,46.55401878831922,38.10595703125,366.9124755859375,0.034749348958333336,0.0,0.14607747395833334,train/paper/augv9_paper_train_original_014.jpg,paper,0.0,train/paper/augv9_paper_train_original_014.jpg,0.0,False
data/images/269464c7-a65a-46ca-b8e3-a97c1431b28a.jpg,56fd48071da753ab74e4a6fea741e81c6a6ba727cb1315e5c21e398fdb40a143,UNKNOWN,NOT_EVALUATED,True,paper,paper,0.99609375,plastic,0.803922,False,2026-08-11T13:50:03.260152Z,382154,tinycnn-v9-balanced-esp-contract,exact_train_file,0.99609375,0.0,0.0,122.03108723958333,49.92924691647207,24.248779296875,423.8252868652344,0.134033203125,0.0703125,0.0037434895833333335,train/paper/augv9_paper_train_original_015.jpg,paper,0.0,train/paper/augv9_paper_train_original_015.jpg,0.0,False
data/images/27e3daf1-04a7-47f0-a343-5a9c34e4c141.jpg,811b833202cd5b6a97485fe86c9769e0459bf68729ff5265b407089227f78cfc,UNKNOWN,NOT_EVALUATED,True,paper,paper,0.99609375,plastic,0.635294,False,2026-08-11T13:56:26.356048Z,383094,tinycnn-v9-balanced-esp-contract,exact_train_file,0.99609375,0.0,0.0,138.83113606770834,43.0994759605187,29.952067057291668,199.819091796875,0.04931640625,0.00537109375,0.012858072916666666,train/paper/augv9_paper_train_original_016.jpg,paper,0.0,train/paper/augv9_paper_train_original_016.jpg,0.0,False
data/images/28bba1f0-ed43-4a0d-b5fd-0b66fd8fe928.jpg,794d08281b77e5681b1f8741104c5e286fff55280a4092a1b9a5d803adcc4ddc,UNKNOWN,NOT_EVALUATED,True,paper,paper,0.99609375,plastic,0.478599,False,2026-08-11T13:44:24.955239Z,383086,tinycnn-v9-balanced-esp-contract,exact_train_file,0.99609375,0.0,0.0,119.96842447916667,44.4333497577531,25.676920572916668,187.2158966064453,0.039957682291666664,0.07356770833333333,0.0016276041666666667,train/paper/augv9_paper_train_original_017.jpg,paper,1.7881393432617188e-07,train/paper/augv9_paper_train_original_017.jpg,1.7881393432617188e-07,False
data/images/2922f4ef-e8ef-4b23-8bc4-c4da6a4f7c7a.jpg,e7525f52c0f74787497f0294a90dc44149bad56fcc1434b1fd9d6342175b76f8,UNKNOWN,NOT_EVALUATED,True,paper,paper,0.99609375,plastic,0.542969,False,2026-08-08T08:58:58.226408Z,383144,tinycnn-v9-balanced-esp-contract,exact_train_file,0.99609375,0.00390625,0.0,140.94425455729166,37.16131432578207,36.5498046875,76.11750030517578,0.01513671875,0.0,0.026448567708333332,train/paper/augv9_paper_train_original_018.jpg,paper,-1.1920928955078125e-07,train/paper/augv9_paper_train_original_018.jpg,-1.1920928955078125e-07,False
data/images/2a9dc0a9-45fd-4aa6-bf19-e52909435b91.jpg,ad303ea628666bf0a061cf95871be1a3677cacf7ba89170e547e66a3e2167c84,UNKNOWN,NOT_EVALUATED,False,organic,organic,0.984375,organic,1.0,True,2026-08-11T13:35:50.463343Z,382191,tinycnn-v9-balanced-esp-contract,unseen,0.01171875,0.0,0.984375,96.57080078125,41.87491293845924,50.532796223958336,306.0245666503906,0.062093098958333336,0.06477864583333333,0.005777994791666667,train/organic/augv9_organic_train_original_017.jpg,organic,0.054569244384765625,train/organic/augv9_organic_train_original_017.jpg,0.054569244384765625,True
data/images/2b8d6ef5-b12c-46e3-ab1e-5f0d5bcb3b01.jpg,e65934f5e98c1aa30fecc877e8e4a462ef3b683f73a578b477c8cca5fcc79b2e,UNKNOWN,NOT_EVALUATED,True,paper,paper,0.99609375,organic,0.453125,False,2026-08-11T13:39:32.322457Z,382998,tinycnn-v9-balanced-esp-contract,exact_train_file,0.99609375,0.00390625,0.0,143.67008463541666,46.88150521103404,21.636067708333332,254.46424865722656,0.059977213541666664,0.011881510416666666,0.060791015625,train/paper/augv9_paper_train_original_019.jpg,paper,0.0,train/paper/augv9_paper_train_original_019.jpg,0.0,False
data/images/2ce2ee73-d1b7-4e56-87c3-d2bcbad90c45.jpg,b2b03d9a9fe6c13fe7bb0ccd73e2a560b019019d8cc8a98b259f17ae55ab3269,UNKNOWN,NOT_EVALUATED,True,organic,organic,0.99609375,organic,1.0,True,2026-08-11T14:30:05.464564Z,382407,tinycnn-v9-balanced-esp-contract,exact_train_file,0.0,0.0,0.99609375,121.305908203125,49.28764448304347,39.548746744791664,314.4938049316406,0.049153645833333336,0.068115234375,0.08251953125,train/organic/augv9_organic_train_original_002.jpg,organic,-2.384185791015625e-07,train/organic/augv9_organic_train_original_002.jpg,-2.384185791015625e-07,False
data/images/2d0c8728-71b1-47c9-a8f9-5e11a8ad54a6.jpg,90a2f6f81ca912f7a9bf93ed79f8c9c546ee6e0021c018c2df3bb7d4af6fc963,UNKNOWN,NOT_EVALUATED,True,paper,paper,0.98828125,plastic,0.574219,False,2026-08-11T13:11:05.981072Z,383461,tinycnn-v9-balanced-esp-contract,exact_train_file,0.98828125,0.01171875,0.0,124.14339192708333,33.20105918012753,24.316569010416668,129.70111083984375,0.030436197916666668,0.027506510416666668,0.0,train/paper/augv9_paper_train_original_020.jpg,paper,0.0,train/paper/augv9_paper_train_original_020.jpg,0.0,False
data/images/2d923f14-4cc7-4855-b05d-712c80001af2.jpg,7426a82f023ca0a70a589503c5eac1ce32b49938ac4b26f9e3fa447b18937b85,UNKNOWN,NOT_EVALUATED,True,paper,paper,0.84765625,plastic,0.92549,False,2026-08-11T13:15:23.932356Z,383159,tinycnn-v9-balanced-esp-contract,heldout_test,0.84765625,0.109375,0.04296875,119.05989583333333,43.432160115297236,35.365559895833336,453.0836181640625,0.08447265625,0.030924479166666668,0.01806640625,train/paper/augv9_paper_train_original_092.jpg,paper,0.11590111255645752,train/paper/augv9_paper_train_original_092.jpg,0.11590111255645752,True
data/images/2e185fae-4482-41ee-b8ea-d6a090dd32f7.jpg,edcd64d47d69f68d2718f934f93d3c0a859489855bc77c3aacfcda425a9f1051,UNKNOWN,NOT_EVALUATED,True,plastic,plastic,0.99609375,paper,0.658824,False,2026-08-11T13:11:44.992244Z,382959,tinycnn-v9-balanced-esp-contract,heldout_validation,0.00390625,0.99609375,0.0,129.84000651041666,31.16685743452021,20.823811848958332,268.1835632324219,0.035807291666666664,0.0004069010416666667,0.0028483072916666665,train/plastic/plastic_train_original_009.jpg,plastic,0.011688590049743652,train/plastic/plastic_train_original_009.jpg,0.011688590049743652,False
data/images/2f04cc47-8963-40a3-be31-e59e7c34e741.jpg,4ad31eaf49f6b02a9152f4487cfe3c9a48ecd5c466dc9a863619fa9bc123c12e,UNKNOWN,NOT_EVALUATED,False,paper,paper,0.84375,plastic,0.459144,False,2026-08-08T08:22:47.965168Z,383321,tinycnn-v9-balanced-esp-contract,unseen,0.84375,0.12890625,0.02734375,133.02140299479166,34.98390553854047,19.8427734375,362.1389465332031,0.03564453125,0.006917317708333333,0.0027669270833333335,train/paper/augv9_paper_train_original_037.jpg,paper,0.07540339231491089,train/paper/augv9_paper_train_original_037.jpg,0.07540339231491089,True
data/images/30593946-2cd4-412e-8395-c59d4ff2f6f6.jpg,9a1d877300716ead9f97a97745697c4a90b5f88f9b3222bde08c52df77c47e8f,UNKNOWN,NOT_EVALUATED,False,organic,organic,0.62109375,organic,0.785156,True,2026-08-11T12:41:14.423707Z,383096,tinycnn-v9-balanced-esp-contract,unseen,0.046875,0.33203125,0.62109375,129.13484700520834,34.67887650703804,42.444498697916664,311.9905090332031,0.045166015625,0.0,0.021077473958333332,train/organic/organic_train_original_009.jpg,organic,0.12319862842559814,train/organic/organic_train_original_009.jpg,0.12319862842559814,True
data/images/3084c9fd-bb4d-4e7f-86b0-a3b4b6c91616.jpg,46f2536ca960930f5c4b02a66417f714dd5331a5ac0b5501607fe4d4bdb3be72,UNKNOWN,NOT_EVALUATED,True,paper,paper,0.99609375,paper,0.90625,True,2026-08-11T13:10:29.827192Z,383335,tinycnn-v9-balanced-esp-contract,exact_train_file,0.99609375,0.0,0.0,145.112060546875,47.20553143746196,30.767496744791668,228.98687744140625,0.04443359375,0.023356119791666668,0.057698567708333336,train/paper/augv9_paper_train_original_021.jpg,paper,-1.1920928955078125e-07,train/paper/augv9_paper_train_original_021.jpg,-1.1920928955078125e-07,False
data/images/3192dd94-fba9-4109-b0f0-cf2ffe513e5f.jpg,967e03f944b1d5062ceb86dad61050f76240aa43a6c6a7564bf6e7331d37a830,UNKNOWN,NOT_EVALUATED,True,paper,paper,0.99609375,paper,0.671875,True,2026-08-11T13:42:08.330640Z,383137,tinycnn-v9-balanced-esp-contract,exact_train_file,0.99609375,0.0,0.0,127.10734049479167,41.741618866501845,29.468180338541668,210.0719451904297,0.061930338541666664,0.024251302083333332,0.00732421875,train/paper/augv9_paper_train_original_022.jpg,paper,0.0,train/paper/augv9_paper_train_original_022.jpg,0.0,False
data/images/31bf9d4a-5c8e-4780-a75e-cf05090b8a6b.jpg,c97463d8f9be8ef2415472216c8871d65595fe98bd6c6ae53ba2777c9d3aad5c,UNKNOWN,NOT_EVALUATED,True,organic,organic,0.99609375,organic,0.996094,True,2026-08-11T13:51:00.023474Z,383134,tinycnn-v9-balanced-esp-contract,heldout_validation,0.0,0.0,0.99609375,148.71142578125,60.60310139008858,26.958089192708332,228.8562774658203,0.033447265625,0.050211588541666664,0.20458984375,train/organic/augv9_organic_train_original_020.jpg,organic,0.022072315216064453,train/organic/augv9_organic_train_original_020.jpg,0.022072315216064453,False
data/images/32d970c8-9856-4e05-b143-4b746724ec76.jpg,9aaf5d9d24add6e3d06cc02f4c410333d995a09c4be661df5aa91b821ff73624,UNKNOWN,NOT_EVALUATED,True,paper,paper,0.93359375,plastic,0.753906,False,2026-08-11T13:41:38.975218Z,383102,tinycnn-v9-balanced-esp-contract,heldout_validation,0.93359375,0.0625,0.00390625,123.38126627604167,42.8704564825422,26.953857421875,188.0572509765625,0.0498046875,0.043863932291666664,0.005045572916666667,train/paper/augv9_paper_train_original_037.jpg,paper,0.04260438680648804,train/paper/augv9_paper_train_original_037.jpg,0.04260438680648804,True
data/images/335220d7-7950-4df8-b545-a307c2001f63.jpg,b69453fadfa922dfae568857a2e54ba1ebca99b606b165e03eae69a65a6e1c32,UNKNOWN,NOT_EVALUATED,False,plastic,plastic,0.6015625,organic,0.535156,False,2026-08-08T08:53:31.852739Z,383145,tinycnn-v9-balanced-esp-contract,unseen,0.2265625,0.6015625,0.171875,142.271240234375,38.77375884149998,20.19873046875,259.7965393066406,0.019612630208333332,0.008382161458333334,0.0025227864583333335,train/plastic/plastic_train_original_011.jpg,plastic,0.142753005027771,train/plastic/plastic_train_original_011.jpg,0.142753005027771,True
data/images/33828efa-4dba-4a74-8e35-91a16d6fcc9f.jpg,2a98ab798a1d135974a5bfb4080ce69ba1144e529cbea9b98a4fdff28f9d039b,UNKNOWN,NOT_EVALUATED,True,plastic,plastic,0.99609375,paper,0.902344,False,2026-08-11T13:14:16.971442Z,383108,tinycnn-v9-balanced-esp-contract,exact_train_file,0.0,0.99609375,0.0,130.15299479166666,33.85828785387422,23.357828776041668,409.2359313964844,0.043131510416666664,0.000244140625,0.01025390625,train/plastic/augv9_plastic_train_original_003.jpg,plastic,0.0,train/plastic/augv9_plastic_train_original_003.jpg,0.0,False
data/images/33dad4ea-fdfd-46de-a1ed-b49c3486aa37.jpg,a7f15520169c9881a5ae45b003a43955f5f033f00567b7dd48fc47f7cde0a49f,UNKNOWN,NOT_EVALUATED,False,plastic,plastic,0.99609375,plastic,0.824219,True,2026-08-08T08:44:22.581775Z,382551,tinycnn-v9-balanced-esp-contract,unseen,0.0,0.99609375,0.0,134.1748046875,27.172422362962564,18.106689453125,394.1612548828125,0.051350911458333336,0.0008951822916666666,0.00244140625,train/plastic/augv9_plastic_train_original_028.jpg,plastic,0.015661299228668213,train/plastic/augv9_plastic_train_original_028.jpg,0.015661299228668213,False
data/images/34707b0a-0f5d-4e02-b499-b5e28cfa7c29.jpg,7591a63ceae4f274686de51eedd648b3e262dc642fc095a72f78eccbb658a66f,UNKNOWN,NOT_EVALUATED,True,paper,paper,0.859375,organic,0.527344,False,2026-08-11T13:06:06.128538Z,382879,tinycnn-v9-balanced-esp-contract,heldout_test,0.859375,0.1328125,0.01171875,160.33528645833334,52.606639757092694,30.825358072916668,125.36287689208984,0.033447265625,0.000244140625,0.2611490885416667,train/paper/augv9_paper_train_original_092.jpg,paper,0.06566131114959717,train/paper/augv9_paper_train_original_092.jpg,0.06566131114959717,True
data/images/347eed8e-0246-4a86-beaf-f86174f42888.jpg,8bede804069fd5d0fddc6f30ee4e33b8b794c475353e79c6682e33c7308d73f5,UNKNOWN,NOT_EVALUATED,False,organic,organic,0.99609375,organic,0.824219,True,2026-08-08T08:25:40.856490Z,383199,tinycnn-v9-balanced-esp-contract,unseen,0.0,0.0,0.99609375,139.10188802083334,44.30455863346582,23.564453125,391.9286804199219,0.046549479166666664,0.008951822916666666,0.09440104166666667,train/organic/organic_train_original_003.jpg,organic,0.023211240768432617,train/organic/organic_train_original_003.jpg,0.023211240768432617,False
data/images/37035b7b-16f0-46b5-ace9-9c43e1ed4d71.jpg,241b6e5d1451e57f2aa8723ea1b476c573d9295d1df240a3545f57a1dec6f3f4,UNKNOWN,NOT_EVALUATED,True,paper,paper,0.99609375,paper,0.805447,True,2026-08-11T12:47:18.987347Z,383035,tinycnn-v9-balanced-esp-contract,exact_train_file,0.99609375,0.0,0.0,138.27701822916666,34.23212855613923,30.833821614583332,150.62831115722656,0.033365885416666664,0.00016276041666666666,0.0,train/paper/augv9_paper_train_original_023.jpg,paper,0.0,train/paper/augv9_paper_train_original_023.jpg,0.0,False
data/images/37e8f933-178d-492c-b341-e40bb83dcc1e.jpg,287e237fdf77ed28c1c86983e02282156c53fa5c165676e204d5ddc2244e5912,UNKNOWN,NOT_EVALUATED,True,organic,organic,0.99609375,organic,1.0,True,2026-08-11T12:49:05.809726Z,383176,tinycnn-v9-balanced-esp-contract,exact_train_file,0.0,0.0,0.99609375,125.09944661458333,44.50234302651957,41.62158203125,269.3992614746094,0.033121744791666664,0.009684244791666666,0.030029296875,train/organic/augv9_organic_train_original_003.jpg,organic,0.0,train/organic/augv9_organic_train_original_003.jpg,0.0,False
data/images/38901fe7-33a3-46e1-acd9-1e3113e395f0.jpg,621ade6e55376fd27261f110bfa2cc2b57b6f42299224c339816c42a73326fa9,UNKNOWN,NOT_EVALUATED,True,organic,organic,0.99609375,organic,1.0,True,2026-08-11T13:36:09.931315Z,383109,tinycnn-v9-balanced-esp-contract,exact_train_file,0.0,0.0,0.99609375,125.332763671875,41.23132698542827,43.125569661458336,243.69398498535156,0.035807291666666664,0.004313151041666667,0.021484375,train/organic/augv9_organic_train_original_004.jpg,organic,1.1920928955078125e-07,train/organic/augv9_organic_train_original_004.jpg,1.1920928955078125e-07,False
data/images/3a19cb3f-bebe-4d00-ab57-1ca9f59cb431.jpg,a8d089e0f6803f5111efbfb33c8b427a03d2dfac808d8260ea0a59a593509a89,UNKNOWN,NOT_EVALUATED,False,paper,paper,0.99609375,organic,0.890625,False,2026-08-11T13:07:40.346825Z,382409,tinycnn-v9-balanced-esp-contract,unseen,0.99609375,0.0,0.0,121.12418619791667,29.754584965785757,44.973388671875,241.2179412841797,0.034830729166666664,0.0,0.015625,train/paper/augv9_paper_train_original_103.jpg,paper,0.02431577444076538,train/paper/augv9_paper_train_original_103.jpg,0.02431577444076538,False
data/images/3a34ee2f-4cd6-4e18-af60-fbbab8355348.jpg,10c620105be761407f581d32cae0178717865866d22d49798397c66060935159,UNKNOWN,NOT_EVALUATED,True,paper,paper,0.99609375,plastic,0.746094,False,2026-08-11T12:48:22.553999Z,383087,tinycnn-v9-balanced-esp-contract,exact_train_file,0.99609375,0.0,0.0,131.94938151041666,37.39999307539168,31.28466796875,126.22064208984375,0.02685546875,0.015869140625,0.0,train/paper/augv9_paper_train_original_024.jpg,paper,0.0,train/paper/augv9_paper_train_original_024.jpg,0.0,False
data/images/3ae52a7d-41a2-4619-ad53-7c332e35c7bb.jpg,ec20e42d53cdb466f4f5ea99302bccaa8779dd5d82604a2ed1cababc2b5ea53f,UNKNOWN,NOT_EVALUATED,True,paper,paper,0.99609375,plastic,0.708171,False,2026-08-11T13:48:13.326803Z,383022,tinycnn-v9-balanced-esp-contract,exact_train_file,0.99609375,0.00390625,0.0,122.78678385416667,43.59402383211666,23.577555338541668,217.4623260498047,0.056233723958333336,0.038818359375,0.014811197916666666,train/paper/augv9_paper_train_original_025.jpg,paper,1.1920928955078125e-07,train/paper/augv9_paper_train_original_025.jpg,1.1920928955078125e-07,False
data/images/3ca0fe5d-41ee-40d3-8ac4-8ed10aba5178.jpg,7788a372cea84735849fba7f19046d93497e31fd7242ebee288adaa91e992240,UNKNOWN,NOT_EVALUATED,False,plastic,plastic,0.99609375,plastic,0.472656,True,2026-08-11T14:03:12.539038Z,382206,tinycnn-v9-balanced-esp-contract,exact_train_file,0.0,0.99609375,0.0,129.71565755208334,35.203896540922564,22.15966796875,273.9867858886719,0.031494140625,0.015869140625,0.0017903645833333333,train/plastic/plastic_train_original_015.jpg,plastic,0.008901238441467285,train/plastic/plastic_train_original_015.jpg,0.008901238441467285,False
data/images/3de8f373-6b8e-4d8d-a302-543850723399.jpg,b7bce763e64d510a37b524c8599e9d4faa185ff9c319b6fb38bea4bd6994d642,UNKNOWN,NOT_EVALUATED,True,organic,organic,0.99609375,organic,0.996094,True,2026-08-11T13:35:30.389609Z,391968,tinycnn-v9-balanced-esp-contract,heldout_test,0.0,0.0,0.99609375,135.84529622395834,43.862785155064955,32.559895833333336,375.7242126464844,0.040934244791666664,0.013427734375,0.011881510416666666,train/organic/organic_train_original_003.jpg,organic,0.020854651927947998,train/organic/organic_train_original_003.jpg,0.020854651927947998,False
data/images/3f379179-6410-4c78-a3c3-6f945e407d92.jpg,79430feb013ad9e64c7ac58eed884ae409af0ab0cf67bbd897e7b2517edaff44,UNKNOWN,NOT_EVALUATED,True,paper,paper,0.99609375,paper,0.742188,True,2026-08-11T13:32:01.730642Z,383002,tinycnn-v9-balanced-esp-contract,exact_train_file,0.99609375,0.0,0.0,127.88728841145833,44.12247958015203,27.285319010416668,195.8271942138672,0.054606119791666664,0.02783203125,0.019856770833333332,train/paper/augv9_paper_train_original_026.jpg,paper,0.0,train/paper/augv9_paper_train_original_026.jpg,0.0,False
data/images/3f6e0572-f9fc-4b17-a234-74b22244b9d3.jpg,aa2ff4b5295f41dbf047413d4047eb8a3b7e3418d4357e418327b8f705568a2a,UNKNOWN,NOT_EVALUATED,True,paper,paper,0.99609375,paper,0.789062,True,2026-08-11T13:34:23.090786Z,383047,tinycnn-v9-balanced-esp-contract,exact_train_file,0.99609375,0.0,0.0,129.19010416666666,41.94011564731292,30.050944010416668,278.28363037109375,0.07039388020833333,0.039957682291666664,0.000244140625,train/paper/augv9_paper_train_original_027.jpg,paper,0.0,train/paper/augv9_paper_train_original_027.jpg,0.0,False
data/images/3fef7537-8d5b-47c2-bb1c-48e3fc4f4122.jpg,4e608c16f955cfcb201f0315ea7391c4c7e2839661c5fe7daa27778d1c4008e1,UNKNOWN,NOT_EVALUATED,True,paper,paper,0.99609375,plastic,0.871094,False,2026-08-11T13:47:48.150500Z,382069,tinycnn-v9-balanced-esp-contract,exact_train_file,0.99609375,0.0,0.0,122.88981119791667,46.42657453734494,23.777425130208332,208.2731170654297,0.050537109375,0.049397786458333336,0.013509114583333334,train/paper/augv9_paper_train_original_028.jpg,paper,5.960464477539063e-08,train/paper/augv9_paper_train_original_028.jpg,5.960464477539063e-08,False
data/images/40522739-479c-4ab5-9152-a43f4fd12987.jpg,c9886e59bf617772cc3409a91a1eeeea49144cc721a3eb0714246ebd52056d9d,UNKNOWN,NOT_EVALUATED,True,paper,paper,0.99609375,organic,0.723735,False,2026-08-11T13:09:10.604846Z,383233,tinycnn-v9-balanced-esp-contract,exact_train_file,0.99609375,0.0,0.0,149.82877604166666,55.43801506536234,31.48583984375,196.1945037841797,0.055501302083333336,0.01513671875,0.18668619791666666,train/paper/augv9_paper_train_original_029.jpg,paper,0.0,train/paper/augv9_paper_train_original_029.jpg,0.0,False
data/images/40bd6de7-f23a-41c3-9a9f-2d96d3883649.jpg,bcfeb7e9e399615cd1ca0059b08337e20da12cb9215618a094a9a21cee39ecb9,UNKNOWN,NOT_EVALUATED,True,plastic,plastic,0.99609375,plastic,0.792969,True,2026-08-11T13:14:55.874469Z,382969,tinycnn-v9-balanced-esp-contract,exact_train_file,0.0,0.99609375,0.0,131.94051106770834,36.009257519179144,26.730631510416668,454.4492492675781,0.07853190104166667,0.0027669270833333335,0.0010579427083333333,train/plastic/augv9_plastic_train_original_004.jpg,plastic,1.7881393432617188e-07,train/plastic/augv9_plastic_train_original_004.jpg,1.7881393432617188e-07,False
data/images/452d2422-0142-41bd-9144-9f43ad82fcb2.jpg,48e6ac9ca992a37c137c883f643df37b80896df9c115a0706c7d8566fb7e77b0,UNKNOWN,NOT_EVALUATED,True,plastic,plastic,0.99609375,plastic,0.696498,True,2026-08-11T12:37:14.200614Z,382450,tinycnn-v9-balanced-esp-contract,exact_train_file,0.00390625,0.99609375,0.0,127.158203125,38.926327706300825,29.94287109375,173.31797790527344,0.0283203125,0.017985026041666668,0.0035807291666666665,train/plastic/augv9_plastic_train_original_005.jpg,plastic,0.0,train/plastic/augv9_plastic_train_original_005.jpg,0.0,False
data/images/477026dc-2dee-4e4c-8b5a-848be3db40f3.jpg,729b7c60504e1ce9a729f8d15539351b2b12754468af582bc0c06a0860ecbd62,UNKNOWN,NOT_EVALUATED,True,paper,paper,0.99609375,paper,0.933594,True,2026-08-08T08:28:07.559031Z,383040,tinycnn-v9-balanced-esp-contract,exact_train_file,0.99609375,0.0,0.0,124.7021484375,43.30728558761851,24.508707682291668,225.828369140625,0.044352213541666664,0.054606119791666664,0.0015462239583333333,train/paper/augv9_paper_train_original_030.jpg,paper,-1.1920928955078125e-07,train/paper/augv9_paper_train_original_030.jpg,-1.1920928955078125e-07,False
data/images/4785cc51-94dc-4e3d-8c0a-2f68945c5317.jpg,c683d10bccefd1edd0f6227aff0fdef43c4053b0489636e75a049349e5d9f351,UNKNOWN,NOT_EVALUATED,False,plastic,plastic,0.97265625,plastic,0.769531,True,2026-08-11T12:52:48.299969Z,382097,tinycnn-v9-balanced-esp-contract,unseen,0.0234375,0.97265625,0.0,153.997314453125,52.971273378452146,27.970947265625,150.3473663330078,0.01611328125,0.001708984375,0.20499674479166666,train/plastic/augv9_plastic_train_original_025.jpg,plastic,0.0349278450012207,train/plastic/augv9_plastic_train_original_025.jpg,0.0349278450012207,True
data/images/479328cb-ca6c-49d8-9d83-f1562a554366.jpg,f093fa25d393d1b09a1aa7c99fb6b9a794d4be18773c1b69f49f1c73f2a53f87,UNKNOWN,NOT_EVALUATED,True,paper,paper,0.99609375,paper,0.51751,True,2026-08-11T13:55:58.330021Z,383119,tinycnn-v9-balanced-esp-contract,exact_train_file,0.99609375,0.0,0.0,149.12369791666666,54.33097923187251,34.829182942708336,488.5498046875,0.07169596354166667,0.005208333333333333,0.16414388020833334,train/paper/augv9_paper_train_original_031.jpg,paper,0.0,train/paper/augv9_paper_train_original_031.jpg,0.0,False
data/images/48890713-46ae-482a-a832-0b5a831d69a4.jpg,ad671c5762dd368101f69f0ed1659dcaa3858784f8f233ed6c9713fdc335e199,UNKNOWN,NOT_EVALUATED,False,paper,paper,0.99609375,plastic,0.831373,False,2026-08-11T12:38:52.567124Z,383086,tinycnn-v9-balanced-esp-contract,unseen,0.99609375,0.0,0.0,128.782958984375,28.73186439946791,40.94970703125,266.4795227050781,0.054443359375,8.138020833333333e-05,0.000244140625,train/paper/augv9_paper_train_original_102.jpg,paper,0.023919641971588135,train/paper/augv9_paper_train_original_102.jpg,0.023919641971588135,False
data/images/49e8e6bd-f15b-4ac9-91c7-a722994491a6.jpg,6ba18ed7b1ce4beb47079314b7228885d64bac51a7e74d5e98b254fdeb7fa6d0,UNKNOWN,NOT_EVALUATED,True,paper,paper,0.99609375,paper,0.664062,True,2026-08-11T13:31:22.595743Z,383243,tinycnn-v9-balanced-esp-contract,exact_train_file,0.99609375,0.00390625,0.0,152.82267252604166,44.407877898184964,20.835367838541668,181.16651916503906,0.04052734375,0.0016276041666666667,0.11555989583333333,train/paper/augv9_paper_train_original_032.jpg,paper,5.960464477539063e-08,train/paper/augv9_paper_train_original_032.jpg,5.960464477539063e-08,False
data/images/4af49b0a-12ac-4966-8b08-b6b74194a8e6.jpg,dc1c478d32ea0a44999805751383b9160b41bc5d18b5fd3478711d5875f6ed00,UNKNOWN,NOT_EVALUATED,True,paper,paper,0.99609375,organic,0.558594,False,2026-08-11T13:12:56.621430Z,383143,tinycnn-v9-balanced-esp-contract,exact_train_file,0.99609375,0.0,0.0,123.90869140625,39.712764218918004,45.869791666666664,223.7216339111328,0.045166015625,0.008382161458333334,0.008870442708333334,train/paper/augv9_paper_train_original_033.jpg,paper,0.0,train/paper/augv9_paper_train_original_033.jpg,0.0,False
data/images/4afd3248-c9b2-4404-b523-f770c2598710.jpg,003b48185cd763b1929b200a5831e6d4104dbc8db1934be1c01094c77c52d14d,UNKNOWN,NOT_EVALUATED,True,organic,organic,0.9921875,organic,0.992218,True,2026-08-11T14:31:12.321572Z,382083,tinycnn-v9-balanced-esp-contract,heldout_test,0.00390625,0.00390625,0.9921875,137.96248372395834,43.13238699659252,30.273111979166668,256.32318115234375,0.037923177083333336,0.003662109375,0.0654296875,train/organic/augv9_organic_train_original_005.jpg,organic,0.024039804935455322,train/organic/augv9_organic_train_original_005.jpg,0.024039804935455322,False
data/images/4bbba8c5-af2d-45b5-9969-dfd692b4ce3b.jpg,b7bf9c70c01602ae79f1336ebcddce53f018b7fa3240b2a3f46c873e0fe18c5a,UNKNOWN,NOT_EVALUATED,True,paper,paper,0.99609375,paper,0.785156,True,2026-08-11T13:40:53.064995Z,382819,tinycnn-v9-balanced-esp-contract,exact_train_file,0.99609375,0.0,0.0,127.01847330729167,45.90327062900903,23.966064453125,183.27471923828125,0.04345703125,0.044270833333333336,0.007161458333333333,train/paper/augv9_paper_train_original_034.jpg,paper,0.0,train/paper/augv9_paper_train_original_034.jpg,0.0,False
data/images/4c11fec1-f14d-498d-9fbd-c48bebd39757.jpg,ed55e5d89599321663e63f65f3cdec0ee6e5049c63e966728df422ef1b30f174,UNKNOWN,NOT_EVALUATED,True,paper,paper,0.99609375,plastic,0.474708,False,2026-08-11T14:33:43.519068Z,382540,tinycnn-v9-balanced-esp-contract,exact_train_file,0.99609375,0.0,0.0,143.18131510416666,47.200562166603675,24.999837239583332,217.81402587890625,0.048014322916666664,0.008056640625,0.08585611979166667,train/paper/augv9_paper_train_original_035.jpg,paper,5.960464477539063e-08,train/paper/augv9_paper_train_original_035.jpg,5.960464477539063e-08,False
data/images/4c5909a4-a9e8-4c99-a1ac-73b8937f56d7.jpg,c3a8f5fde9ab0cd7dcd5b522a874897c466d1724076325e7686ca236a2b1b790,UNKNOWN,NOT_EVALUATED,True,plastic,plastic,0.99609375,plastic,0.956863,True,2026-08-11T14:02:48.923290Z,383203,tinycnn-v9-balanced-esp-contract,exact_train_file,0.00390625,0.99609375,0.0,121.760498046875,35.93356199636686,25.035563151041668,162.27955627441406,0.02978515625,0.026692708333333332,0.0023600260416666665,train/plastic/augv9_plastic_train_original_006.jpg,plastic,1.1920928955078125e-07,train/plastic/augv9_plastic_train_original_006.jpg,1.1920928955078125e-07,False
data/images/4c666949-5100-4daa-b2a9-1dc741c1a1ca.jpg,194d91233127cd21bce8ee72e93b7634cb679f1f42ceebb3d1f32070cbb452e0,UNKNOWN,NOT_EVALUATED,False,organic,organic,0.5078125,paper,0.832031,False,2026-08-11T12:44:20.667619Z,383116,tinycnn-v9-balanced-esp-contract,unseen,0.06640625,0.42578125,0.5078125,134.17317708333334,31.12165764868534,39.620279947916664,206.9881134033203,0.03857421875,0.0,0.021321614583333332,train/organic/organic_train_original_008.jpg,organic,0.14043599367141724,train/organic/organic_train_original_008.jpg,0.14043599367141724,True
data/images/50a368bf-5edc-49f0-88b4-eaed0317a404.jpg,af7ec442c418a182793e5fb93a37500a8c26b6f60f25b45b604a66f57a9621da,UNKNOWN,NOT_EVALUATED,True,paper,paper,0.9921875,organic,0.558594,False,2026-08-11T14:33:31.300706Z,383021,tinycnn-v9-balanced-esp-contract,exact_train_file,0.9921875,0.0078125,0.0,140.91650390625,45.61346202301734,23.614013671875,187.1897735595703,0.042317708333333336,0.013590494791666666,0.06534830729166667,train/paper/augv9_paper_train_original_036.jpg,paper,5.960464477539063e-08,train/paper/augv9_paper_train_original_036.jpg,5.960464477539063e-08,False
data/images/50d1fc10-d6bd-4b6b-a6a1-faff943e4a0a.jpg,00a98ac34aa442b73f32d20e27fca0ad366edeab891ee6e9fdea0fe58870e04f,UNKNOWN,NOT_EVALUATED,True,plastic,plastic,0.99609375,plastic,0.640625,True,2026-08-11T14:05:23.360501Z,382446,tinycnn-v9-balanced-esp-contract,exact_train_file,0.0,0.99609375,0.0,130.74641927083334,36.87903827028138,26.5029296875,482.6439208984375,0.080810546875,0.012288411458333334,0.0020345052083333335,train/plastic/augv9_plastic_train_original_007.jpg,plastic,0.0,train/plastic/augv9_plastic_train_original_007.jpg,0.0,False
data/images/5136d6c4-9577-4d3e-974a-5fe044dcc39b.jpg,353ee90cb66aa7b97de0135bbae303226e7574f6a359de2c7c38a48e39f8b33b,UNKNOWN,NOT_EVALUATED,True,plastic,plastic,0.99609375,plastic,0.773438,True,2026-08-08T08:28:46.396171Z,383465,tinycnn-v9-balanced-esp-contract,heldout_test,0.00390625,0.99609375,0.0,129.71630859375,34.39298186371293,19.009928385416668,475.92919921875,0.041341145833333336,0.006429036458333333,0.00146484375,train/plastic/augv9_plastic_train_original_025.jpg,plastic,0.02172398567199707,train/plastic/augv9_plastic_train_original_025.jpg,0.02172398567199707,False
data/images/51d01d35-9910-443b-bfe3-df075fc920fc.jpg,094a38190d41f4373d9b6f13b7aa2dc7fc1c672856235f042a6c5d33c3a08e37,UNKNOWN,NOT_EVALUATED,True,paper,paper,0.98828125,plastic,0.546875,False,2026-08-11T13:44:37.591963Z,382135,tinycnn-v9-balanced-esp-contract,exact_train_file,0.98828125,0.01171875,0.0,135.06892903645834,48.24937477424595,22.456705729166668,181.4759979248047,0.039469401041666664,0.03564453125,0.045166015625,train/paper/augv9_paper_train_original_037.jpg,paper,1.1920928955078125e-07,train/paper/augv9_paper_train_original_037.jpg,1.1920928955078125e-07,False
data/images/51f36e9d-13cf-478a-8c2f-8b9cef7cc40a.jpg,a412d3dc546fa18a16b280cdd53926a19959db243889c5f29ea877c16cd917ce,UNKNOWN,NOT_EVALUATED,True,paper,paper,0.99609375,paper,0.882812,True,2026-08-11T13:10:04.348242Z,383196,tinycnn-v9-balanced-esp-contract,exact_train_file,0.99609375,0.0,0.0,122.18888346354167,47.75486092176368,32.952880859375,307.6711120605469,0.047688802083333336,0.08015950520833333,0.0032552083333333335,train/paper/augv9_paper_train_original_038.jpg,paper,0.0,train/paper/augv9_paper_train_original_038.jpg,0.0,False
data/images/54e9ee62-7455-48de-92c6-de933012614d.jpg,0bda0f5277ce8afaff1b211868bc1e6355f770454158f02abc7bb95dec902dcc,UNKNOWN,NOT_EVALUATED,True,paper,paper,0.99609375,paper,0.722656,True,2026-08-11T13:03:17.631888Z,383105,tinycnn-v9-balanced-esp-contract,exact_train_file,0.99609375,0.0,0.0,120.98152669270833,52.068011918231775,39.589029947916664,268.6955261230469,0.043050130208333336,0.017740885416666668,0.061116536458333336,train/paper/augv9_paper_train_original_039.jpg,paper,0.0,train/paper/augv9_paper_train_original_039.jpg,0.0,False
data/images/55bd0adb-1968-4d13-91e8-96c6ba32047c.jpg,d9372b70b98449e0ef5cede5b526cd85bd9078a339dc20170f89b3e384fe8df7,UNKNOWN,NOT_EVALUATED,True,paper,paper,0.99609375,paper,0.675781,True,2026-08-08T08:55:46.170795Z,383078,tinycnn-v9-balanced-esp-contract,exact_train_file,0.99609375,0.0,0.0,133.82120768229166,42.43052128860489,36.935953776041664,201.0775146484375,0.0322265625,0.026041666666666668,0.002197265625,train/paper/augv9_paper_train_original_040.jpg,paper,0.0,train/paper/augv9_paper_train_original_040.jpg,0.0,False
data/images/58705416-20d3-4458-aa50-16977a209e9e.jpg,3ac8da31f4752b6251c9fbd36c567a224862a6a9a859a8bf375a8ad58d0ec6e1,UNKNOWN,NOT_EVALUATED,True,organic,organic,0.99609375,organic,1.0,True,2026-08-11T13:52:20.211424Z,383046,tinycnn-v9-balanced-esp-contract,heldout_validation,0.0,0.0,0.99609375,132.003662109375,53.56979453926979,32.804768880208336,318.1846618652344,0.04248046875,0.035074869791666664,0.0634765625,train/organic/augv9_organic_train_original_013.jpg,organic,0.022350430488586426,train/organic/augv9_organic_train_original_013.jpg,0.022350430488586426,False
data/images/5b19b28c-d021-45ad-80a7-1609642dc69b.jpg,9e793bf0bdcfc4609a8b00a5458f0c1be2f4180f860e320aa6cf111fafca45e4,UNKNOWN,NOT_EVALUATED,True,organic,organic,0.99609375,organic,0.988281,True,2026-08-11T12:39:30.594512Z,383234,tinycnn-v9-balanced-esp-contract,exact_train_file,0.0,0.0,0.99609375,123.23958333333333,47.7323135011298,33.78369140625,440.9223327636719,0.026285807291666668,0.033365885416666664,0.0380859375,train/organic/augv9_organic_train_original_005.jpg,organic,1.1920928955078125e-07,train/organic/augv9_organic_train_original_005.jpg,1.1920928955078125e-07,False
data/images/5d7b84e1-7787-4663-a9af-5ed3b576538a.jpg,a34893fd693bee519c2c33106961d31fae2dbf754bd615116a404136109510f3,UNKNOWN,NOT_EVALUATED,True,plastic,plastic,0.99609375,paper,0.678431,False,2026-08-08T08:30:38.531183Z,383116,tinycnn-v9-balanced-esp-contract,exact_train_file,0.0,0.99609375,0.0,133.66373697916666,38.840199289224216,23.395426432291668,469.8924865722656,0.084716796875,0.0015462239583333333,0.047281901041666664,train/plastic/augv9_plastic_train_original_008.jpg,plastic,1.1920928955078125e-07,train/plastic/augv9_plastic_train_original_008.jpg,1.1920928955078125e-07,False
data/images/5e349e49-7a01-4c6d-b027-0d815dfe4bae.jpg,1f324689ae093c8c71e317b8515ceaad24b2bcd009bddf4aaaa3363cef79c959,UNKNOWN,NOT_EVALUATED,False,plastic,plastic,0.75,paper,0.503906,False,2026-08-08T08:52:23.976936Z,383091,tinycnn-v9-balanced-esp-contract,unseen,0.1640625,0.75,0.0859375,130.276611328125,33.95820567871549,22.152018229166668,220.5143585205078,0.020833333333333332,0.0048828125,0.000244140625,train/plastic/plastic_train_original_011.jpg,plastic,0.10342133045196533,train/plastic/plastic_train_original_011.jpg,0.10342133045196533,True
data/images/5f96feed-cbbe-4406-b75c-f77f62db432a.jpg,23add34f07a812a0005054b82514624b49e2bb2d3d20b7399b578d4e4a84158b,UNKNOWN,NOT_EVALUATED,True,paper,paper,0.99609375,organic,0.816406,False,2026-08-11T13:56:40.288332Z,385419,tinycnn-v9-balanced-esp-contract,exact_train_file,0.99609375,0.0,0.0,118.373779296875,40.460456268548214,38.090657552083336,190.04998779296875,0.019205729166666668,0.02490234375,8.138020833333333e-05,train/paper/augv9_paper_train_original_041.jpg,paper,5.960464477539063e-08,train/paper/augv9_paper_train_original_041.jpg,5.960464477539063e-08,False
data/images/61ebaa35-9755-4adb-8d93-ee7376fa563f.jpg,d2573d32a4ef633d0217d97047c58974d5c7c0c3321eb38f9864c8b78ade108c,UNKNOWN,NOT_EVALUATED,True,paper,paper,0.99609375,organic,0.820312,False,2026-08-11T13:02:40.156465Z,382014,tinycnn-v9-balanced-esp-contract,exact_train_file,0.99609375,0.00390625,0.0,136.08162434895834,55.32023039993702,30.401285807291668,220.2220001220703,0.035807291666666664,0.033772786458333336,0.1279296875,train/paper/augv9_paper_train_original_042.jpg,paper,0.0,train/paper/augv9_paper_train_original_042.jpg,0.0,False
data/images/62c48517-0b98-423c-9180-05e3809b88ce.jpg,695a72674334343f85a0a8e067fdadd7089e3524b59e66bae893459d5f9e93b2,UNKNOWN,NOT_EVALUATED,False,organic,organic,0.99609375,organic,0.753906,True,2026-08-11T14:31:38.709788Z,383121,tinycnn-v9-balanced-esp-contract,unseen,0.00390625,0.0,0.99609375,127.23697916666667,39.78056255611295,24.667073567708332,461.7001647949219,0.030680338541666668,0.020589192708333332,8.138020833333333e-05,train/organic/augv9_organic_train_original_010.jpg,organic,0.023513972759246826,train/organic/augv9_organic_train_original_010.jpg,0.023513972759246826,False
data/images/64f154cc-b457-4ca7-af72-3c8249011c4b.jpg,cca7ef240681ec3848f400a67102691febfa17f9b817d59ef0137a44ea902815,UNKNOWN,NOT_EVALUATED,True,paper,paper,0.99609375,paper,0.605469,True,2026-08-08T08:48:44.648019Z,382463,tinycnn-v9-balanced-esp-contract,exact_train_file,0.99609375,0.0,0.0,139.704833984375,35.54613258480818,38.741048177083336,529.1040649414062,0.0595703125,0.0034993489583333335,0.012939453125,train/paper/augv9_paper_train_original_043.jpg,paper,-1.1920928955078125e-07,train/paper/augv9_paper_train_original_043.jpg,-1.1920928955078125e-07,False
data/images/668f9264-126c-424d-b1df-5589d6933537.jpg,f2c90cd8949e68da798ee2e6653a0f3e24d281506b2f151557a8aebd56c313a2,UNKNOWN,NOT_EVALUATED,False,paper,paper,0.99609375,plastic,0.675781,False,2026-08-11T12:55:08.469032Z,382996,tinycnn-v9-balanced-esp-contract,unseen,0.99609375,0.00390625,0.0,147.19694010416666,41.49095248090183,27.559407552083332,336.57745361328125,0.061686197916666664,0.0,0.098388671875,train/paper/augv9_paper_train_original_015.jpg,paper,0.02863597869873047,train/paper/augv9_paper_train_original_015.jpg,0.02863597869873047,False
data/images/6797fa38-6af4-49d7-a26d-7a0d0b1a7ada.jpg,805704be80c896fb36dc3b4b4b9461ead7fe271808228152550774d73443817b,UNKNOWN,NOT_EVALUATED,True,paper,paper,0.9921875,plastic,0.640625,False,2026-08-11T13:37:14.916406Z,383082,tinycnn-v9-balanced-esp-contract,exact_train_file,0.9921875,0.0078125,0.00390625,131.791015625,43.49293462149156,21.285807291666668,134.00205993652344,0.022623697916666668,0.029296875,0.00439453125,train/paper/augv9_paper_train_original_044.jpg,paper,0.0,train/paper/augv9_paper_train_original_044.jpg,0.0,False
data/images/67ed92a8-84f6-481f-8947-7d968954ba28.jpg,3d6bc1204211e99c5fd7c4c581581694d91e2e2bccb77075ed2318bf9f84ade3,UNKNOWN,NOT_EVALUATED,False,paper,paper,0.9921875,organic,0.949219,False,2026-08-11T13:56:14.284134Z,383475,tinycnn-v9-balanced-esp-contract,unseen,0.9921875,0.0,0.0078125,127.30419921875,45.786666793559874,40.174723307291664,249.70237731933594,0.056559244791666664,0.044189453125,0.0008138020833333334,train/paper/augv9_paper_train_original_013.jpg,paper,0.0503118634223938,train/paper/augv9_paper_train_original_013.jpg,0.0503118634223938,True
data/images/68579680-1a53-45da-9916-11bae6282076.jpg,91a92ff90d2e45d439503487ce2f528a0b37bbbeb7785f904e605cdfde41b711,UNKNOWN,NOT_EVALUATED,True,paper,paper,0.99609375,paper,0.464844,True,2026-08-11T12:51:04.804384Z,382844,tinycnn-v9-balanced-esp-contract,exact_train_file,0.99609375,0.0,0.0,119.25545247395833,57.68706912214678,41.062418619791664,208.9207000732422,0.027750651041666668,0.152099609375,0.047119140625,train/paper/augv9_paper_train_original_045.jpg,paper,1.1920928955078125e-07,train/paper/augv9_paper_train_original_045.jpg,1.1920928955078125e-07,False
data/images/68a1c345-6540-4b93-a842-5a95aa252f91.jpg,79340b20cdfc481256b498527f762161f6c93303c6f603c42bc8df12e4af2a81,UNKNOWN,NOT_EVALUATED,True,plastic,plastic,0.99609375,organic,0.433594,False,2026-08-08T08:30:16.212709Z,383055,tinycnn-v9-balanced-esp-contract,exact_train_file,0.0,0.99609375,0.0,132.96419270833334,35.663975213008904,19.425455729166668,326.25518798828125,0.046061197916666664,0.009847005208333334,0.0010579427083333333,train/plastic/augv9_plastic_train_original_009.jpg,plastic,5.960464477539063e-08,train/plastic/augv9_plastic_train_original_009.jpg,5.960464477539063e-08,False
data/images/6952c088-edc5-43df-98fb-9e98768e3a94.jpg,73db1e1476b7e710ad70c772862c8443349fedd3597ba9b34b837ec60a471c8e,UNKNOWN,NOT_EVALUATED,True,paper,paper,0.99609375,paper,0.582031,True,2026-08-08T09:00:08.718275Z,381996,tinycnn-v9-balanced-esp-contract,exact_train_file,0.99609375,0.0,0.0,141.13671875,39.828265284035176,34.869710286458336,463.2149963378906,0.060953776041666664,0.003987630208333333,0.0028483072916666665,train/paper/augv9_paper_train_original_046.jpg,paper,1.7881393432617188e-07,train/paper/augv9_paper_train_original_046.jpg,1.7881393432617188e-07,False
data/images/6a300772-f7c2-4905-a435-fbda86b5e7df.jpg,dbec3f1965b404ebc8760d35051051f9444269f00a3026b99f9f9849a11e3c68,UNKNOWN,NOT_EVALUATED,True,plastic,plastic,0.7265625,plastic,0.558594,True,2026-08-11T14:22:46.266691Z,382400,tinycnn-v9-balanced-esp-contract,heldout_validation,0.2734375,0.7265625,0.0,134.00919596354166,36.1095699016359,25.396809895833332,283.0689392089844,0.06437174479166667,0.004801432291666667,0.0146484375,train/plastic/augv9_plastic_train_original_005.jpg,plastic,0.07342970371246338,train/plastic/augv9_plastic_train_original_005.jpg,0.07342970371246338,True
data/images/6aa83614-a438-45fd-9ca8-ec4e346a6839.jpg,d783d6469d3876b1d032a4cf5e3d06e6bd020d7111bd733da09576fa4e13c58a,UNKNOWN,NOT_EVALUATED,True,plastic,plastic,0.99609375,paper,0.753906,False,2026-08-08T08:56:58.667628Z,383002,tinycnn-v9-balanced-esp-contract,exact_train_file,0.0,0.99609375,0.0,121.032470703125,34.496032243945294,32.875732421875,119.2490463256836,0.022705078125,0.016682942708333332,0.0,train/plastic/augv9_plastic_train_original_010.jpg,plastic,0.0,train/plastic/augv9_plastic_train_original_010.jpg,0.0,False
data/images/6b567f18-8076-4c0b-93ff-3cfb6df5e258.jpg,9de96f62630d6026ed7635ffd7759039d5df69cd01eb99c98190d1921758054b,UNKNOWN,NOT_EVALUATED,True,paper,paper,0.99609375,plastic,0.835938,False,2026-08-11T13:07:58.096017Z,382005,tinycnn-v9-balanced-esp-contract,exact_train_file,0.99609375,0.0,0.0,126.18953450520833,39.76514465793036,42.942545572916664,203.87733459472656,0.07137044270833333,0.023030598958333332,0.0078125,train/paper/augv9_paper_train_original_047.jpg,paper,0.0,train/paper/augv9_paper_train_original_047.jpg,0.0,False
data/images/6bb14734-8d8a-4f75-956e-97a8638b50b6.jpg,3f9bb35465ce2b88b8f60a33a01029a0c4e7f530d34f3fe0556deeae4c7a3b10,UNKNOWN,NOT_EVALUATED,True,plastic,plastic,0.99609375,plastic,0.679688,True,2026-08-11T14:00:07.428757Z,382431,tinycnn-v9-balanced-esp-contract,exact_train_file,0.0,0.99609375,0.0,127.04337565104167,38.1650829686773,23.157389322916668,311.3761291503906,0.037353515625,0.021158854166666668,0.007568359375,train/plastic/augv9_plastic_train_original_011.jpg,plastic,0.0,train/plastic/augv9_plastic_train_original_011.jpg,0.0,False
data/images/6da78c88-e719-4ce5-8884-af59627a06e5.jpg,33c0326cb1824fa5350c14ace2c4f14225708442fbb5091abffa5a377a1415a0,UNKNOWN,NOT_EVALUATED,True,organic,organic,0.99609375,organic,0.976562,True,2026-08-11T12:33:00.974845Z,383516,tinycnn-v9-balanced-esp-contract,exact_train_file,0.0,0.0,0.99609375,122.38484700520833,47.92298564978891,36.469401041666664,212.0305633544922,0.023518880208333332,0.035970052083333336,0.036946614583333336,train/organic/augv9_organic_train_original_006.jpg,organic,0.0,train/organic/augv9_organic_train_original_006.jpg,0.0,False
data/images/6eb401c5-ed18-4be3-91c1-b153fef1b4c6.jpg,39e25fd1eb1109f60bbce6de8a8c195c3eb58debdaa8329531bd99939abbbe87,UNKNOWN,NOT_EVALUATED,True,paper,paper,0.99609375,plastic,0.871094,False,2026-08-11T13:30:41.672761Z,383781,tinycnn-v9-balanced-esp-contract,exact_train_file,0.99609375,0.00390625,0.0,126.89933268229167,41.90351803576207,23.407633463541668,181.2253875732422,0.04541015625,0.0322265625,8.138020833333333e-05,train/paper/augv9_paper_train_original_048.jpg,paper,1.1920928955078125e-07,train/paper/augv9_paper_train_original_048.jpg,1.1920928955078125e-07,False
data/images/6f1441cc-933b-4c05-821b-2edc26351c1e.jpg,1d52a22862bcd3c1190a8e58b61fd976c924ddeeefff1cb7ce0cf403d20eb1ea,UNKNOWN,NOT_EVALUATED,True,plastic,plastic,0.99609375,paper,0.671875,False,2026-08-08T08:29:31.025667Z,383075,tinycnn-v9-balanced-esp-contract,exact_train_file,0.0,0.99609375,0.0,135.20125325520834,35.32820597060126,15.857177734375,278.5041809082031,0.038004557291666664,0.005696614583333333,0.016927083333333332,train/plastic/augv9_plastic_train_original_012.jpg,plastic,0.0,train/plastic/augv9_plastic_train_original_012.jpg,0.0,False
data/images/6fe2210f-9266-462c-84d7-1810e02d795e.jpg,5184984424f4bbd57780a16b90b296a51d7b6e0780359c2b80102139dfeec322,UNKNOWN,NOT_EVALUATED,True,organic,organic,0.99609375,organic,0.782101,True,2026-08-11T13:54:05.471612Z,383194,tinycnn-v9-balanced-esp-contract,exact_train_file,0.0,0.0,0.99609375,111.90877278645833,40.89424871526722,34.271647135416664,250.2499542236328,0.03857421875,0.037272135416666664,0.0,train/organic/augv9_organic_train_original_007.jpg,organic,-1.1920928955078125e-07,train/organic/augv9_organic_train_original_007.jpg,-1.1920928955078125e-07,False
data/images/701719a3-bf67-44ce-a9a5-8bea9179ea36.jpg,5360220e8ae5ec888cafc0085efb892001642523d0b02aaa35bf0bde02c3b3d3,UNKNOWN,NOT_EVALUATED,True,paper,paper,0.9765625,paper,0.789062,True,2026-08-11T14:07:30.528537Z,383063,tinycnn-v9-balanced-esp-contract,heldout_validation,0.9765625,0.015625,0.00390625,160.05721028645834,41.116189988819066,20.70361328125,2588.800537109375,0.12190755208333333,0.0,0.22281901041666666,train/paper/augv9_paper_train_original_100.jpg,paper,0.07242518663406372,train/paper/augv9_paper_train_original_100.jpg,0.07242518663406372,True
data/images/722be92c-71f3-45bb-baad-66066fbd45b7.jpg,1f3ebd8e116c266486daef4a35a15fc2eb8ef70c6246f775d7f900ddc79b1149,UNKNOWN,NOT_EVALUATED,False,paper,paper,0.84375,plastic,0.910156,False,2026-08-11T13:44:52.122042Z,383057,tinycnn-v9-balanced-esp-contract,unseen,0.84375,0.140625,0.015625,121.75423177083333,41.853869610383086,25.153971354166668,193.5516357421875,0.053466796875,0.044596354166666664,0.0,train/paper/augv9_paper_train_original_063.jpg,paper,0.05094951391220093,train/paper/augv9_paper_train_original_063.jpg,0.05094951391220093,True
data/images/72591b70-ec20-4240-96dc-ce5ccb4387e3.jpg,35e180cfc1b181c1a336aed2e147db7eb026007ac1a7ebd89f3df146d8b67f8a,UNKNOWN,NOT_EVALUATED,True,plastic,plastic,0.99609375,plastic,0.866667,True,2026-08-11T14:02:12.651246Z,382473,tinycnn-v9-balanced-esp-contract,exact_train_file,0.0,0.99609375,0.0,127.84920247395833,37.45570688433337,28.382242838541668,960.2919311523438,0.10408528645833333,0.025227864583333332,0.0032552083333333335,train/plastic/augv9_plastic_train_original_013.jpg,plastic,5.960464477539063e-08,train/plastic/augv9_plastic_train_original_013.jpg,5.960464477539063e-08,False
data/images/72bb7b1c-11e0-4a75-bc48-f0d75a511015.jpg,575ccaa6ff78d78fed7a02735f80d642b049c49e80c2d30bcb0aba366adbdc0b,UNKNOWN,NOT_EVALUATED,True,plastic,plastic,0.99609375,plastic,0.945312,True,2026-08-11T12:37:52.050031Z,382972,tinycnn-v9-balanced-esp-contract,exact_train_file,0.00390625,0.99609375,0.0,129.78092447916666,34.363007198565604,25.700276692708332,155.49925231933594,0.021809895833333332,0.005777994791666667,0.0,train/plastic/augv9_plastic_train_original_014.jpg,plastic,-1.1920928955078125e-07,train/plastic/augv9_plastic_train_original_014.jpg,-1.1920928955078125e-07,False
data/images/7426a024-1c6d-4dc8-98b1-27236d5aedb3.jpg,9382a462f1abaf09f1655cf6c23089d08a568ef83060f8f1434fb363829b2b2b,UNKNOWN,NOT_EVALUATED,True,paper,paper,0.99609375,paper,0.648438,True,2026-08-11T13:48:36.253617Z,382988,tinycnn-v9-balanced-esp-contract,exact_train_file,0.99609375,0.0,0.0,95.71223958333333,39.799117647972835,30.366048177083332,186.3330078125,0.039794921875,0.13028971354166666,0.0,train/paper/augv9_paper_train_original_049.jpg,paper,0.0,train/paper/augv9_paper_train_original_049.jpg,0.0,False
data/images/74d7bf16-f04d-47df-b70b-84e4ce7c9bad.jpg,7d4414e1443b2914ae66bf8ca16e6226d5c49f5d21140b9122228c24681006dd,UNKNOWN,NOT_EVALUATED,False,organic,organic,0.96484375,organic,1.0,True,2026-08-11T13:38:41.593085Z,383982,tinycnn-v9-balanced-esp-contract,unseen,0.03125,0.0,0.96484375,124.31184895833333,45.70386038830695,43.780924479166664,378.8659362792969,0.0869140625,0.025634765625,0.040201822916666664,train/organic/augv9_organic_train_original_020.jpg,organic,0.04753309488296509,train/organic/augv9_organic_train_original_020.jpg,0.04753309488296509,True
data/images/75083768-ebd8-472e-afb7-e0f42423a6ad.jpg,3271fda3f1a762c8de9cd55aef77eda47c588e00917a95b6ac73c5b0a3da0912,UNKNOWN,NOT_EVALUATED,True,paper,paper,0.99609375,paper,0.875,True,2026-08-11T13:29:39.842686Z,382932,tinycnn-v9-balanced-esp-contract,exact_train_file,0.99609375,0.0,0.0,129.10148111979166,42.08350845645121,23.304606119791668,158.1245880126953,0.039306640625,0.034830729166666664,0.0,train/paper/augv9_paper_train_original_050.jpg,paper,1.1920928955078125e-07,train/paper/augv9_paper_train_original_050.jpg,1.1920928955078125e-07,False
data/images/759d3cbb-dfc3-470a-b9da-641f7c5b328a.jpg,17e043c613f0f4c3d89ced8b3c3ac83ffb94c76e0b2bde8cfee5b7a9bc39beae,UNKNOWN,NOT_EVALUATED,True,paper,paper,0.99609375,plastic,0.628906,False,2026-08-11T13:07:04.090012Z,383146,tinycnn-v9-balanced-esp-contract,exact_train_file,0.99609375,0.0,0.0,130.09969075520834,34.457834474545855,24.345947265625,162.8522491455078,0.02685546875,0.01953125,8.138020833333333e-05,train/paper/augv9_paper_train_original_051.jpg,paper,-2.384185791015625e-07,train/paper/augv9_paper_train_original_051.jpg,-2.384185791015625e-07,False
data/images/773e34c7-0ff2-4dba-affa-d26313a6250e.jpg,354d39d92ee94a57a9ee7b630d2b3c4a4053e4020fda3c88334b82dba6d4da85,UNKNOWN,NOT_EVALUATED,True,paper,paper,0.99609375,organic,0.632812,False,2026-08-11T13:03:33.712866Z,383203,tinycnn-v9-balanced-esp-contract,exact_train_file,0.99609375,0.0,0.0,117.314697265625,55.970616990364235,42.612223307291664,343.8863830566406,0.054443359375,0.11295572916666667,0.06599934895833333,train/paper/augv9_paper_train_original_052.jpg,paper,-1.1920928955078125e-07,train/paper/augv9_paper_train_original_052.jpg,-1.1920928955078125e-07,False
data/images/78764399-aa01-4a12-97b0-1043e905548d.jpg,1588063615b06fc135ae9f6d90a530a2895fcf6f7491545888a6d12c129afe19,UNKNOWN,NOT_EVALUATED,True,paper,paper,0.99609375,plastic,0.964844,False,2026-08-11T12:52:36.997013Z,382449,tinycnn-v9-balanced-esp-contract,exact_train_file,0.99609375,0.0,0.0,127.00301106770833,48.71882256966086,29.947102864583332,135.7084503173828,0.010416666666666666,0.056722005208333336,0.019368489583333332,train/paper/augv9_paper_train_original_053.jpg,paper,0.0,train/paper/augv9_paper_train_original_053.jpg,0.0,False
data/images/7a3256cc-dde3-46c6-a975-88897ae6d98e.jpg,96e11789903a2fa2b34a9873aea14040435ad01f1cfea83879b8eb9ad1bee7e5,UNKNOWN,NOT_EVALUATED,True,paper,paper,0.99609375,plastic,0.470817,False,2026-08-11T12:57:56.889166Z,383524,tinycnn-v9-balanced-esp-contract,exact_train_file,0.99609375,0.0,0.0,117.80989583333333,52.52676177772368,29.313720703125,138.83840942382812,0.012939453125,0.111083984375,0.02490234375,train/paper/augv9_paper_train_original_054.jpg,paper,-1.1920928955078125e-07,train/paper/augv9_paper_train_original_054.jpg,-1.1920928955078125e-07,False
data/images/7a629096-8f2d-414c-8ea7-1e18fcbeb59c.jpg,58d748350c7325680afe8e6a4db71f3fc51c10b6f92a05e639bf00dc76cb348e,UNKNOWN,NOT_EVALUATED,True,plastic,plastic,0.99609375,paper,0.546875,False,2026-08-11T14:01:39.663912Z,383062,tinycnn-v9-balanced-esp-contract,exact_train_file,0.0,0.99609375,0.0,126.660888671875,37.334378098641814,23.482828776041668,217.3103790283203,0.044514973958333336,0.018880208333333332,0.011800130208333334,train/plastic/augv9_plastic_train_original_015.jpg,plastic,-1.1920928955078125e-07,train/plastic/augv9_plastic_train_original_015.jpg,-1.1920928955078125e-07,False
data/images/7bcf7160-1cd3-479e-86d9-c59be58b8160.jpg,6910095f413fb73cf7b4d0de4cd35ef623903b09b569aeea1622d0c56739e3af,UNKNOWN,NOT_EVALUATED,False,paper,paper,0.99609375,plastic,0.917969,False,2026-08-11T13:28:19.741433Z,383055,tinycnn-v9-balanced-esp-contract,unseen,0.99609375,0.0,0.0,122.700927734375,49.534964625943516,25.5078125,230.71868896484375,0.061848958333333336,0.052978515625,0.042154947916666664,train/paper/augv9_paper_train_original_095.jpg,paper,0.01639336347579956,train/paper/augv9_paper_train_original_095.jpg,0.01639336347579956,False
data/images/7be06600-0fbb-4b17-8aeb-dcd034dc0868.jpg,c8054641bce6620e45ad59b541c2dd8686ca6b0ebda2791e770939f77b08d4ba,UNKNOWN,NOT_EVALUATED,True,paper,paper,0.99609375,organic,0.433594,False,2026-08-11T12:54:56.941981Z,392541,tinycnn-v9-balanced-esp-contract,exact_train_file,0.99609375,0.0,0.0,127.04939778645833,51.265501193230016,34.690592447916664,172.1376495361328,0.026936848958333332,0.051920572916666664,0.06884765625,train/paper/augv9_paper_train_original_055.jpg,paper,0.0,train/paper/augv9_paper_train_original_055.jpg,0.0,False
data/images/7d9f459b-aa7e-4ef5-a915-7623d4076be2.jpg,0232a15cbb5ac3a07744dd0f85252d22c01d473c4aed5c44078ad79953df6421,UNKNOWN,NOT_EVALUATED,True,paper,paper,0.99609375,paper,0.488281,True,2026-08-11T12:53:28.254490Z,383209,tinycnn-v9-balanced-esp-contract,exact_train_file,0.99609375,0.0,0.0,135.73079427083334,29.61738632199366,29.586100260416668,239.9279327392578,0.041015625,0.0034993489583333335,8.138020833333333e-05,train/paper/augv9_paper_train_original_056.jpg,paper,-1.1920928955078125e-07,train/paper/augv9_paper_train_original_056.jpg,-1.1920928955078125e-07,False
data/images/7e6a3c04-9698-4b46-9900-ae538812c20f.jpg,510a4d05479a9ac38df03e482877a3bca1cbdf1b0b3e0984aee6e4782e4a058c,UNKNOWN,NOT_EVALUATED,True,paper,paper,0.9921875,organic,0.992188,False,2026-08-11T13:16:54.522368Z,383394,tinycnn-v9-balanced-esp-contract,exact_train_file,0.9921875,0.00390625,0.0,124.30818684895833,56.6073141246128,43.979899088541664,367.88525390625,0.08626302083333333,0.09684244791666667,0.08610026041666667,train/paper/augv9_paper_train_original_057.jpg,paper,0.0,train/paper/augv9_paper_train_original_057.jpg,0.0,False
data/images/7f459649-2df5-4551-b2e5-8010e3e69531.jpg,926a2e61397ee622ff97cbf8c78591353626ee95ef6ac74900f0286764755757,UNKNOWN,NOT_EVALUATED,True,plastic,plastic,0.9453125,plastic,0.953125,True,2026-08-11T14:23:59.031028Z,380452,tinycnn-v9-balanced-esp-contract,heldout_validation,0.0546875,0.9453125,0.0,123.1728515625,38.321406301584126,26.119303385416668,321.1099548339844,0.042154947916666664,0.025960286458333332,0.0020345052083333335,train/plastic/augv9_plastic_train_original_025.jpg,plastic,0.03610670566558838,train/plastic/augv9_plastic_train_original_025.jpg,0.03610670566558838,True
data/images/7fbb9fe7-63df-4ebc-a4b3-2426cf548899.jpg,e4a3ee89ad8bcec7eadeac2cc76a2e43f83490601c8e454bb7ab8465e60a85eb,UNKNOWN,NOT_EVALUATED,True,paper,paper,0.99609375,plastic,0.505837,False,2026-08-11T13:57:50.311923Z,383058,tinycnn-v9-balanced-esp-contract,exact_train_file,0.99609375,0.0,0.0,132.77156575520834,36.21573428211392,36.989339192708336,157.35691833496094,0.02734375,0.0004069010416666667,0.0026041666666666665,train/paper/augv9_paper_train_original_058.jpg,paper,1.1920928955078125e-07,train/paper/augv9_paper_train_original_058.jpg,1.1920928955078125e-07,False
data/images/83d1d81b-af4e-4edd-873c-899e3ff3a910.jpg,9fe1f5214ca8af80b71ccfc4717a4f9b7554d0fb924d95fdb034cd011feab5fb,UNKNOWN,NOT_EVALUATED,True,plastic,plastic,0.8984375,organic,0.894531,False,2026-08-11T12:50:03.969111Z,383006,tinycnn-v9-balanced-esp-contract,heldout_validation,0.09765625,0.8984375,0.0078125,123.91805013020833,46.96421066138519,36.828125,203.2196807861328,0.029459635416666668,0.029947916666666668,0.032796223958333336,train/plastic/augv9_plastic_train_original_005.jpg,plastic,0.04077327251434326,train/plastic/augv9_plastic_train_original_005.jpg,0.04077327251434326,True
data/images/83d58d83-51a8-4136-97fe-cdd88c70c4fa.jpg,bd62bc056e5763356a56ae56ad11b88a1a5ab405dd0e34d3bd0c77ed3a27dfdf,UNKNOWN,NOT_EVALUATED,False,plastic,plastic,0.9609375,plastic,0.710938,True,2026-08-08T07:46:40.326779Z,383022,tinycnn-v9-balanced-esp-contract,unseen,0.0390625,0.9609375,0.0,128.02970377604166,31.515138452338487,16.183756510416668,110.16375732421875,0.010416666666666666,0.0027669270833333335,0.0,train/plastic/plastic_train_original_009.jpg,plastic,0.0369415283203125,train/plastic/plastic_train_original_009.jpg,0.0369415283203125,True
data/images/84deb629-fad4-4945-abe6-cac9dcf726cc.jpg,962725e09652614943d3ef976886e4823934a0a7b4d3e8ce232ea0cd5b0a34cf,UNKNOWN,NOT_EVALUATED,True,paper,paper,0.99609375,organic,0.800781,False,2026-08-11T14:07:47.631438Z,383140,tinycnn-v9-balanced-esp-contract,exact_train_file,0.99609375,0.0,0.0,116.94864908854167,56.15771408020541,29.875651041666668,3901.725341796875,0.15006510416666666,0.13395182291666666,0.010579427083333334,train/paper/augv9_paper_train_original_059.jpg,paper,0.0,train/paper/augv9_paper_train_original_059.jpg,0.0,False
data/images/85dd1ad5-d54d-4ebf-95f1-bcb893d92e2d.jpg,3e6325ba85d924945e04614d276e1ec2b5021874b86ac01952992a83268908af,UNKNOWN,NOT_EVALUATED,True,paper,paper,0.99609375,organic,0.847059,False,2026-08-11T13:12:26.462208Z,383160,tinycnn-v9-balanced-esp-contract,heldout_test,0.99609375,0.0,0.0,120.078125,53.09740781617192,39.528076171875,223.60784912109375,0.029947916666666668,0.07853190104166667,0.033854166666666664,train/paper/augv9_paper_train_original_038.jpg,paper,0.009602546691894531,train/paper/augv9_paper_train_original_038.jpg,0.009602546691894531,False
data/images/8623b13b-f89f-4cbc-a1fa-ff6f67821bf9.jpg,20ecaa77e52c984d5491d5be2bcd5ba88b5505e534e411fc381cedc92209fc6b,UNKNOWN,NOT_EVALUATED,False,paper,paper,0.828125,plastic,0.660156,False,2026-08-08T07:36:20.416977Z,383145,tinycnn-v9-balanced-esp-contract,unseen,0.828125,0.1640625,0.0078125,126.8154296875,39.53167345224789,16.66357421875,1183.6005859375,0.039794921875,0.008382161458333334,0.057942708333333336,train/paper/augv9_paper_train_original_070.jpg,paper,0.061243534088134766,train/paper/augv9_paper_train_original_070.jpg,0.061243534088134766,True
data/images/8641afbf-7b01-4fff-8666-9efb81b55e13.jpg,4cd1b50d515c28b1c0724454627aa03f1a7b1a7c637a1f697de1faf7862eb464,UNKNOWN,NOT_EVALUATED,True,paper,paper,0.9921875,plastic,0.769531,False,2026-08-11T12:43:05.696537Z,382173,tinycnn-v9-balanced-esp-contract,exact_train_file,0.9921875,0.0078125,0.0,130.09041341145834,44.83721692275927,26.788492838541668,155.40545654296875,0.030843098958333332,0.011149088541666666,0.040201822916666664,train/paper/augv9_paper_train_original_060.jpg,paper,1.1920928955078125e-07,train/paper/augv9_paper_train_original_060.jpg,1.1920928955078125e-07,False
data/images/8686cc84-b144-470d-bf9c-672b674e9a20.jpg,4895e9b68419e22e3e704a61277add470367b91d5e2ac958df2eecc3ab5dbdde,UNKNOWN,NOT_EVALUATED,True,paper,paper,0.99609375,organic,0.571984,False,2026-08-11T12:56:58.559778Z,383182,tinycnn-v9-balanced-esp-contract,exact_train_file,0.99609375,0.00390625,0.0,120.14241536458333,54.39483651964906,34.499348958333336,234.8553924560547,0.033040364583333336,0.09733072916666667,0.05859375,train/paper/augv9_paper_train_original_061.jpg,paper,0.0,train/paper/augv9_paper_train_original_061.jpg,0.0,False
data/images/8e258721-91b6-47c6-99ba-365d2224cdfd.jpg,94ac975ad0c8def0a646712469924f4bfb864975dc0156b32688e44826a6c16d,UNKNOWN,NOT_EVALUATED,True,organic,organic,0.99609375,organic,0.996094,True,2026-08-11T13:35:16.183731Z,383155,tinycnn-v9-balanced-esp-contract,heldout_validation,0.0,0.0,0.99609375,122.18636067708333,45.07491524719472,38.869059244791664,560.851806640625,0.054931640625,0.027913411458333332,0.005126953125,train/organic/organic_train_original_002.jpg,organic,0.03413426876068115,train/organic/organic_train_original_002.jpg,0.03413426876068115,False
data/images/8efab3bb-3881-4cae-851d-65e14cfa0d47.jpg,51272ab4e05be56f6b24e832285b426f7605dc5829f3b3b90095582a4b215d28,UNKNOWN,NOT_EVALUATED,True,paper,paper,0.99609375,paper,0.898438,True,2026-08-11T12:47:35.441012Z,382100,tinycnn-v9-balanced-esp-contract,exact_train_file,0.99609375,0.0,0.0,125.93570963541667,53.344083499045965,28.140299479166668,291.9169616699219,0.038655598958333336,0.11507161458333333,0.010660807291666666,train/paper/augv9_paper_train_original_062.jpg,paper,0.0,train/paper/augv9_paper_train_original_062.jpg,0.0,False
data/images/8f7550ca-cae9-4092-b417-569d4999f00a.jpg,ee10766243c3902c00ef48530a01c0142e6cacbf4731dbf7b0b56cde61d5073f,UNKNOWN,NOT_EVALUATED,False,paper,paper,0.99609375,plastic,0.703125,False,2026-08-11T13:27:25.013697Z,383084,tinycnn-v9-balanced-esp-contract,unseen,0.99609375,0.00390625,0.0,126.17919921875,43.18940823852726,21.80615234375,167.9849090576172,0.029622395833333332,0.034830729166666664,0.0003255208333333333,train/paper/augv9_paper_train_original_113.jpg,paper,0.015756428241729736,train/paper/augv9_paper_train_original_113.jpg,0.015756428241729736,False
data/images/8f908485-4c7d-4a00-8ed8-c0b9dfa31430.jpg,be6ced7e3be6505f0d516f42194918d519f5093c1efc9f2ec766da138b9c9855,UNKNOWN,NOT_EVALUATED,True,paper,paper,0.99609375,paper,0.894531,True,2026-08-11T13:42:23.755159Z,383048,tinycnn-v9-balanced-esp-contract,exact_train_file,0.99609375,0.00390625,0.0,123.03800455729167,46.681195932629024,30.850016276041668,228.2541046142578,0.052083333333333336,0.037679036458333336,0.019775390625,train/paper/augv9_paper_train_original_063.jpg,paper,0.0,train/paper/augv9_paper_train_original_063.jpg,0.0,False
data/images/8fa7c32f-9e9b-4354-a0d4-4a8b9f2d1ebc.jpg,61bcab59a6c3a74c01f29b2f4423f38f47fa44728368d843c575c28ab10145bb,UNKNOWN,NOT_EVALUATED,False,plastic,plastic,0.77734375,organic,0.539062,False,2026-08-11T14:25:12.752640Z,382121,tinycnn-v9-balanced-esp-contract,unseen,0.203125,0.77734375,0.0234375,149.25382486979166,45.49807842088243,18.01416015625,164.22068786621094,0.025390625,0.0028483072916666665,0.10758463541666667,train/plastic/augv9_plastic_train_original_021.jpg,plastic,0.1015312671661377,train/plastic/augv9_plastic_train_original_021.jpg,0.1015312671661377,True
data/images/904f6d8a-b900-435d-8820-a9170cf3932f.jpg,4c64de55b5b2e8f552b62b4b847093f3a2a831fbe59e3eb3f971ce52d65a5bab,UNKNOWN,NOT_EVALUATED,True,paper,paper,0.96875,paper,0.764706,True,2026-08-08T08:44:48.991645Z,393154,tinycnn-v9-balanced-esp-contract,exact_train_file,0.96875,0.03125,0.0,129.89265950520834,32.06888213401692,22.9697265625,241.2385711669922,0.042643229166666664,0.0,0.005777994791666667,train/paper/augv9_paper_train_original_064.jpg,paper,0.0,train/paper/augv9_paper_train_original_064.jpg,0.0,False
data/images/9184b7f9-df02-436d-ba3d-50cf44f369ac.jpg,5962d1ff1172fa4ea379eb4a39b9b64a9a0ca9464fd0aeba2fdb447f02b619ed,UNKNOWN,NOT_EVALUATED,True,plastic,plastic,0.99609375,organic,0.640625,False,2026-08-08T08:45:07.133844Z,383133,tinycnn-v9-balanced-esp-contract,exact_train_file,0.0,0.99609375,0.0,130.95426432291666,35.31508136830389,19.632080078125,436.7514953613281,0.06941731770833333,0.012044270833333334,0.02001953125,train/plastic/augv9_plastic_train_original_016.jpg,plastic,1.1920928955078125e-07,train/plastic/augv9_plastic_train_original_016.jpg,1.1920928955078125e-07,False
data/images/9367b7f0-bf66-4487-8fec-22ae681fb1d5.jpg,fb332445f055cfeb395a3a31a3ad4a354f8df5c0d61abdff8e3cdd069f738bdc,UNKNOWN,NOT_EVALUATED,True,paper,paper,0.99609375,plastic,0.59375,False,2026-08-11T12:53:44.806367Z,383060,tinycnn-v9-balanced-esp-contract,exact_train_file,0.99609375,0.0,0.0,125.11881510416667,32.856493981755044,34.895914713541664,230.8850860595703,0.043619791666666664,0.006591796875,0.0,train/paper/augv9_paper_train_original_065.jpg,paper,0.0,train/paper/augv9_paper_train_original_065.jpg,0.0,False
data/images/940300ac-7bef-4874-9565-9ed7d0fdd807.jpg,040e13854b7a31804f22b0c71c9a522daf7095958b9b23563ba1878bc854c148,UNKNOWN,NOT_EVALUATED,True,plastic,plastic,0.9921875,paper,0.808594,False,2026-08-11T13:13:39.285113Z,383161,tinycnn-v9-balanced-esp-contract,heldout_test,0.0078125,0.9921875,0.0,127.24519856770833,30.360553374899183,21.917887369791668,276.3020935058594,0.030843098958333332,0.0010579427083333333,0.0015462239583333333,train/plastic/plastic_train_original_009.jpg,plastic,0.014452874660491943,train/plastic/plastic_train_original_009.jpg,0.014452874660491943,False
data/images/94eaafef-ab2a-48d4-a87b-586f5b9e9b10.jpg,c401906f7aab7a4da38486811df4459010b99315309637665839a8bd5a3f90af,UNKNOWN,NOT_EVALUATED,False,paper,paper,0.99609375,organic,0.851562,False,2026-08-11T12:38:28.584778Z,382569,tinycnn-v9-balanced-esp-contract,unseen,0.99609375,0.0,0.0,134.22037760416666,27.67213999944858,43.51513671875,241.15765380859375,0.08805338541666667,0.0,0.015218098958333334,train/paper/paper_train_original_006.jpg,paper,0.025052189826965332,train/paper/paper_train_original_006.jpg,0.025052189826965332,False
data/images/9546e9bc-eb33-49b4-9737-da1266c4f130.jpg,fc50badec0b04d7b54dd872165c7b0608b22ab4ac86f0368ecc5fcd6e74c79f9,UNKNOWN,NOT_EVALUATED,False,organic,organic,0.81640625,organic,0.734375,True,2026-08-08T07:46:31.030060Z,380474,tinycnn-v9-balanced-esp-contract,unseen,0.0625,0.125,0.81640625,113.816650390625,61.822547154713575,28.5673828125,702.892578125,0.046061197916666664,0.20662434895833334,0.07340494791666667,train/organic/organic_train_original_009.jpg,organic,0.10494160652160645,train/organic/organic_train_original_009.jpg,0.10494160652160645,True
data/images/955d12ce-9ceb-4d28-8824-4d22efeeb5c6.jpg,2e9f5300338ca1898182800e30cdce9398c7a9239a2abf7de8ac3b2e24b1d4fd,UNKNOWN,NOT_EVALUATED,False,organic,organic,0.57421875,organic,0.824219,True,2026-08-08T08:47:37.855120Z,382235,tinycnn-v9-balanced-esp-contract,unseen,0.0546875,0.3671875,0.57421875,133.04630533854166,36.78815542948796,24.605061848958332,436.6413269042969,0.032958984375,0.00390625,0.021809895833333332,train/organic/organic_train_original_009.jpg,organic,0.12072288990020752,train/organic/organic_train_original_009.jpg,0.12072288990020752,True
data/images/96f7fb79-54b9-4269-9712-dcd543fb38dd.jpg,22c6749fcc98199cf21b7944367a0bf04a88be35dfa3673f3057ea64faa87017,UNKNOWN,NOT_EVALUATED,True,plastic,plastic,0.99609375,plastic,0.921875,True,2026-08-08T08:49:02.107513Z,382199,tinycnn-v9-balanced-esp-contract,exact_train_file,0.0,0.99609375,0.0,135.08455403645834,23.565192340994027,16.73486328125,317.6057434082031,0.03564453125,0.0,0.0032552083333333335,train/plastic/augv9_plastic_train_original_017.jpg,plastic,0.0,train/plastic/augv9_plastic_train_original_017.jpg,0.0,False
data/images/96fb9347-0c45-43b9-a6fd-cb017402a3fb.jpg,0a68777b4fc1ab15198be26237efa3d1c419fc319acac79286238a0a0448d380,UNKNOWN,NOT_EVALUATED,True,organic,organic,0.98046875,organic,1.0,True,2026-08-11T13:53:53.108782Z,383081,tinycnn-v9-balanced-esp-contract,heldout_test,0.015625,0.00390625,0.98046875,121.72989908854167,50.53939886677856,34.627848307291664,265.45013427734375,0.044759114583333336,0.08919270833333333,8.138020833333333e-05,train/organic/augv9_organic_train_original_020.jpg,organic,0.025351524353027344,train/organic/augv9_organic_train_original_020.jpg,0.025351524353027344,False
data/images/98c24a84-9234-4e56-a602-f424b604edb3.jpg,726cfd7452c8ede295b248b79ec48a998d69b806cc9edabfba00530017d60cc9,UNKNOWN,NOT_EVALUATED,True,paper,paper,0.99609375,paper,0.507812,True,2026-08-11T13:31:42.244311Z,392541,tinycnn-v9-balanced-esp-contract,exact_train_file,0.99609375,0.0,0.0,126.88338216145833,40.535405899035055,33.626871744791664,270.2747497558594,0.050618489583333336,0.04248046875,0.00390625,train/paper/augv9_paper_train_original_066.jpg,paper,0.0,train/paper/augv9_paper_train_original_066.jpg,0.0,False
data/images/99be9226-a986-4a1b-a68c-4faa0d476a0e.jpg,8150610c16975312b46c74ccc8262a16c5ce4bfd2f4705767ddeb73aefb59ad7,UNKNOWN,NOT_EVALUATED,True,paper,paper,0.99609375,plastic,0.382812,False,2026-08-11T13:58:56.844756Z,383033,tinycnn-v9-balanced-esp-contract,exact_train_file,0.99609375,0.0,0.0,144.26383463541666,45.152795650848,31.791015625,770.1979370117188,0.06648763020833333,0.015869140625,0.06355794270833333,train/paper/augv9_paper_train_original_067.jpg,paper,5.960464477539063e-08,train/paper/augv9_paper_train_original_067.jpg,5.960464477539063e-08,False
data/images/9aacf7c8-789a-4f9e-ae6c-d60aaccc9f60.jpg,dda76e7c996631e1381d7d936d436a9b375bba2972ab651b97f08ad54c2b35dd,UNKNOWN,NOT_EVALUATED,True,plastic,plastic,0.62109375,paper,0.474708,False,2026-08-11T14:16:42.974933Z,382451,tinycnn-v9-balanced-esp-contract,heldout_validation,0.36328125,0.62109375,0.015625,134.58577473958334,35.69331397090076,23.589518229166668,269.0741882324219,0.10050455729166667,0.010904947916666666,0.013997395833333334,train/paper/augv9_paper_train_original_070.jpg,paper,0.10291993618011475,train/plastic/plastic_train_original_009.jpg,0.12082159519195557,True
data/images/9b24a51d-8349-4eb8-883a-56670864fe25.jpg,a57b3174eaff370737b4463c865896f61933a9b8a03df58f4d881ae02d874935,UNKNOWN,NOT_EVALUATED,True,plastic,plastic,0.99609375,plastic,0.75,True,2026-08-11T12:45:48.078718Z,383106,tinycnn-v9-balanced-esp-contract,exact_train_file,0.0,0.99609375,0.0,128.174560546875,37.18399030140883,30.551350911458332,441.1620178222656,0.06388346354166667,0.009847005208333334,0.007161458333333333,train/plastic/augv9_plastic_train_original_018.jpg,plastic,5.960464477539063e-08,train/plastic/augv9_plastic_train_original_018.jpg,5.960464477539063e-08,False
data/images/9be5a8d8-61db-4ac1-bcdc-d8d146f806ed.jpg,405a56f45feeab72865884c7fa9baf495ac795b5b7f559da4bfac3827e892a30,UNKNOWN,NOT_EVALUATED,True,paper,paper,0.99609375,plastic,0.871094,False,2026-08-08T08:27:26.630025Z,383265,tinycnn-v9-balanced-esp-contract,exact_train_file,0.99609375,0.00390625,0.0,138.99137369791666,40.45209105075508,17.82421875,330.15185546875,0.046223958333333336,0.018636067708333332,0.042887369791666664,train/paper/augv9_paper_train_original_068.jpg,paper,5.960464477539063e-08,train/paper/augv9_paper_train_original_068.jpg,5.960464477539063e-08,False
data/images/9c43d53d-6e50-4f02-9c08-cf2342898dc0.jpg,f0433c536c21f609855af413d3e9074788d1e166bd28a7cbd99492c87fa9506d,UNKNOWN,NOT_EVALUATED,True,paper,paper,0.99609375,plastic,0.507812,False,2026-08-11T13:10:48.492641Z,383281,tinycnn-v9-balanced-esp-contract,exact_train_file,0.99609375,0.00390625,0.0,130.88671875,32.477241020220326,21.471435546875,124.45305633544922,0.031982421875,0.0030110677083333335,0.0,train/paper/augv9_paper_train_original_069.jpg,paper,-2.384185791015625e-07,train/paper/augv9_paper_train_original_069.jpg,-2.384185791015625e-07,False
data/images/9cb80350-e1f8-4d23-ba06-c67746404c9c.jpg,caea67389d7c21010494cada20405d12fa7356e2e1bd4df64c339a3d31eed81d,UNKNOWN,NOT_EVALUATED,True,organic,organic,0.99609375,organic,1.0,True,2026-08-11T13:39:44.846010Z,383036,tinycnn-v9-balanced-esp-contract,exact_train_file,0.0,0.0,0.99609375,135.981689453125,60.27353345080864,38.001627604166664,210.74180603027344,0.049072265625,0.0,0.20589192708333334,train/organic/augv9_organic_train_original_008.jpg,organic,0.0,train/organic/augv9_organic_train_original_008.jpg,0.0,False
data/images/9d205c38-ac1a-4fb1-8113-ae94ac91dccf.jpg,bdf2d1cb3f81ec39791e46eb3125ce2a9deb4b2852dcabd7b06e4f77802e5521,UNKNOWN,NOT_EVALUATED,True,paper,paper,0.9140625,plastic,0.886719,False,2026-08-11T13:46:55.007229Z,383134,tinycnn-v9-balanced-esp-contract,exact_train_file,0.9140625,0.08203125,0.00390625,97.87605794270833,24.366588820272444,27.204996744791668,104.49627685546875,0.0126953125,0.020670572916666668,0.0,train/paper/augv9_paper_train_original_070.jpg,paper,0.0,train/paper/augv9_paper_train_original_070.jpg,0.0,False
data/images/9d6edddc-aa69-4b1f-9067-1907c4966e1f.jpg,469655df943b7c215e38640726a6990c4e488cd00c58e653fbe5e91c850d7878,UNKNOWN,NOT_EVALUATED,False,organic,organic,0.9765625,organic,0.988235,True,2026-08-08T08:45:21.285211Z,382585,tinycnn-v9-balanced-esp-contract,unseen,0.0234375,0.0,0.9765625,128.19295247395834,41.62474144932316,29.900472005208332,286.0486145019531,0.0341796875,0.043131510416666664,0.015625,train/organic/augv9_organic_train_original_020.jpg,organic,0.02639615535736084,train/organic/augv9_organic_train_original_020.jpg,0.02639615535736084,False
data/images/9dd293f2-aa62-4ab7-a626-8e43249a4460.jpg,c0d5de876d39e790eb1d49a0a55fb299255018248e72966ba2c679c4a157547f,UNKNOWN,NOT_EVALUATED,False,plastic,plastic,0.88671875,paper,0.496094,False,2026-08-08T08:22:07.357075Z,383053,tinycnn-v9-balanced-esp-contract,unseen,0.1015625,0.88671875,0.01171875,128.28043619791666,36.631429435199244,20.670328776041668,671.48876953125,0.052897135416666664,0.019612630208333332,0.00439453125,train/plastic/augv9_plastic_train_original_014.jpg,plastic,0.05023837089538574,train/plastic/augv9_plastic_train_original_014.jpg,0.05023837089538574,True
data/images/a1259918-a359-49bd-851a-d3bfb821a634.jpg,55acfa2b24a8cb843ac613c36be8d46eb9d6c2d79788551a5cae1c2c2b3f588e,UNKNOWN,NOT_EVALUATED,True,paper,paper,0.9921875,plastic,0.582031,False,2026-08-11T13:33:47.850948Z,383169,tinycnn-v9-balanced-esp-contract,exact_train_file,0.9921875,0.0078125,0.00390625,126.95930989583333,43.036586277002996,21.839274088541668,157.51632690429688,0.028971354166666668,0.03125,0.0,train/paper/augv9_paper_train_original_071.jpg,paper,0.0,train/paper/augv9_paper_train_original_071.jpg,0.0,False
data/images/a21d2a52-81d7-4884-8534-7ae17ed4149f.jpg,9aafc679f1244c652f8bde050732a6240c486fa29dbd825e1347292078e2b1f7,UNKNOWN,NOT_EVALUATED,True,paper,paper,0.99609375,plastic,0.890625,False,2026-08-08T08:26:23.655951Z,383141,tinycnn-v9-balanced-esp-contract,exact_train_file,0.99609375,0.0,0.0,128.03352864583334,28.358154223894026,33.049723307291664,299.15802001953125,0.050862630208333336,0.0,8.138020833333333e-05,train/paper/augv9_paper_train_original_072.jpg,paper,0.0,train/paper/augv9_paper_train_original_072.jpg,0.0,False
data/images/a2689a4d-962d-42b5-9670-55d0ba320460.jpg,63e1cf2257d0b80a0e9d906a64706629dd6b6e1322257d9d853cbede36243a38,UNKNOWN,NOT_EVALUATED,False,plastic,paper,0.49609375,plastic,0.683594,False,2026-08-11T14:25:48.139631Z,383166,tinycnn-v9-balanced-esp-contract,unseen,0.49609375,0.453125,0.0546875,127.068115234375,39.96464500717129,25.812093098958332,148.0513458251953,0.020182291666666668,0.017578125,0.0,train/paper/augv9_paper_train_original_070.jpg,paper,0.12975621223449707,train/paper/augv9_paper_train_original_070.jpg,0.12975621223449707,True
data/images/a31abf1a-1ba2-4e7f-8df4-23564c4bf558.jpg,2dd50120fe67dd11a1cd2fdf775cf289d67be2f31f2715cce765841e712aa4a5,UNKNOWN,NOT_EVALUATED,True,paper,paper,0.99609375,plastic,0.875,False,2026-08-11T12:52:20.298604Z,382819,tinycnn-v9-balanced-esp-contract,exact_train_file,0.99609375,0.00390625,0.0,125.09464518229167,48.227937907020525,30.917236328125,133.30166625976562,0.023681640625,0.048665364583333336,0.027587890625,train/paper/augv9_paper_train_original_073.jpg,paper,5.960464477539063e-08,train/paper/augv9_paper_train_original_073.jpg,5.960464477539063e-08,False
data/images/a396b78c-dc8e-4ed1-a2af-1579291d8444.jpg,c0547757e7bc66272504c2ed44174bc7b38d1bbcdb92e22edc8b895f1e4b487c,UNKNOWN,NOT_EVALUATED,False,plastic,plastic,0.67578125,plastic,0.484375,True,2026-08-11T14:02:23.993037Z,383296,tinycnn-v9-balanced-esp-contract,unseen,0.30078125,0.67578125,0.0234375,125.12532552083333,40.97413576057862,23.364501953125,147.83914184570312,0.017415364583333332,0.035237630208333336,0.0,train/plastic/augv9_plastic_train_original_014.jpg,plastic,0.10054504871368408,train/plastic/augv9_plastic_train_original_014.jpg,0.10054504871368408,True
data/images/a4221828-f488-4c37-9bc1-174f092ebbc1.jpg,55447fae962ad5bdc16974741eff42264e959941a6932c9d1acca22842431ed0,UNKNOWN,NOT_EVALUATED,True,organic,organic,0.96875,organic,0.984375,True,2026-08-11T14:00:48.695837Z,382384,tinycnn-v9-balanced-esp-contract,heldout_test,0.0078125,0.0234375,0.96875,126.191162109375,45.81989797180803,33.329915364583336,287.8506164550781,0.037434895833333336,0.025797526041666668,0.02490234375,train/organic/organic_train_original_009.jpg,organic,0.04456436634063721,train/organic/organic_train_original_009.jpg,0.04456436634063721,True
data/images/a59c2028-effa-4308-8b86-5b38c8a2afa6.jpg,396b4581cba8e636daa403be7697c6e422c3666ac15ade84da5fbd1c8f59ba2f,UNKNOWN,NOT_EVALUATED,True,paper,paper,0.99609375,organic,0.623529,False,2026-08-11T13:45:07.534834Z,383087,tinycnn-v9-balanced-esp-contract,exact_train_file,0.99609375,0.00390625,0.00390625,146.72420247395834,47.556311127360765,22.141194661458332,199.4553985595703,0.044352213541666664,0.013916015625,0.07210286458333333,train/paper/augv9_paper_train_original_074.jpg,paper,0.0,train/paper/augv9_paper_train_original_074.jpg,0.0,False
data/images/a6b7fe8e-ee2b-47be-8b44-e13baed2adf6.jpg,2a53b937014289f37a66ec0f5ef6003650296ca47b7f4039956d525f04a60c85,UNKNOWN,NOT_EVALUATED,True,paper,paper,0.99609375,paper,0.503906,True,2026-08-11T13:49:25.530122Z,383136,tinycnn-v9-balanced-esp-contract,exact_train_file,0.99609375,0.0,0.0,120.744384765625,47.39981048378601,25.809326171875,343.4920959472656,0.0966796875,0.060628255208333336,0.0030924479166666665,train/paper/augv9_paper_train_original_075.jpg,paper,0.0,train/paper/augv9_paper_train_original_075.jpg,0.0,False
data/images/a6cbcabd-830a-4a57-aa0c-8e617d83193d.jpg,85ca5a64a18c53165d10ae568c79c008ccc5b2e73b2855616b6c0b416fd465d3,UNKNOWN,NOT_EVALUATED,True,plastic,plastic,0.96484375,plastic,0.691406,True,2026-08-11T13:54:28.312175Z,382014,tinycnn-v9-balanced-esp-contract,heldout_test,0.03125,0.96484375,0.0,127.813232421875,35.87100774508298,24.042317708333332,251.51463317871094,0.042805989583333336,0.01220703125,0.0035807291666666665,train/plastic/plastic_train_original_009.jpg,plastic,0.03137946128845215,train/plastic/plastic_train_original_009.jpg,0.03137946128845215,True
data/images/a84bccdb-ecc7-44de-9ab0-408d67f95c56.jpg,fc6ca3e3dc53135b05332b10ae43ea2f65984e9f5a53f9d84773a8d069882bc4,UNKNOWN,NOT_EVALUATED,False,plastic,plastic,0.921875,plastic,0.52549,True,2026-08-11T13:28:06.582369Z,383127,tinycnn-v9-balanced-esp-contract,unseen,0.07421875,0.921875,0.00390625,125.27229817708333,39.574442076697984,25.142578125,163.03074645996094,0.04052734375,0.04345703125,0.0,train/plastic/augv9_plastic_train_original_005.jpg,plastic,0.03969395160675049,train/plastic/augv9_plastic_train_original_005.jpg,0.03969395160675049,True
data/images/a994977d-08fa-456c-8c1d-dd0e232c1235.jpg,f95c7ccc8c899c19482779d520487eabff505b2dee57eea825d1cf91c508f1db,UNKNOWN,NOT_EVALUATED,False,plastic,plastic,0.7734375,paper,0.714844,False,2026-08-11T12:54:30.328768Z,382044,tinycnn-v9-balanced-esp-contract,unseen,0.22265625,0.7734375,0.00390625,128.17464192708334,44.83936645461743,27.245035807291668,209.76036071777344,0.07332356770833333,0.021158854166666668,0.027750651041666668,train/plastic/augv9_plastic_train_original_005.jpg,plastic,0.06429004669189453,train/plastic/augv9_plastic_train_original_005.jpg,0.06429004669189453,True
data/images/aae0dd72-374f-49e8-b09d-3edfa49f99df.jpg,878ab0c7cc9e46162924b0c553e184af059a325a44650ea3ad54ab7cada1670e,UNKNOWN,NOT_EVALUATED,False,paper,paper,0.99609375,plastic,0.789062,False,2026-08-11T12:55:39.262028Z,382456,tinycnn-v9-balanced-esp-contract,unseen,0.99609375,0.0,0.0,123.02473958333333,48.389840867179274,32.529052734375,215.0358123779297,0.04443359375,0.052001953125,0.041015625,train/paper/augv9_paper_train_original_094.jpg,paper,0.01127171516418457,train/paper/augv9_paper_train_original_094.jpg,0.01127171516418457,False
data/images/ab069714-7214-4253-b632-59afae5663ed.jpg,0796b457a4536fbbc5cd157b9434190379360165c5f02ddd19d41c439c4d4a9f,UNKNOWN,NOT_EVALUATED,True,organic,organic,0.99609375,organic,0.46875,True,2026-08-11T14:08:50.872229Z,382076,tinycnn-v9-balanced-esp-contract,exact_train_file,0.00390625,0.00390625,0.99609375,120.86702473958333,44.765070275817365,28.799641927083332,220.55657958984375,0.031005859375,0.061197916666666664,0.0,train/organic/augv9_organic_train_original_009.jpg,organic,5.960464477539063e-08,train/organic/augv9_organic_train_original_009.jpg,5.960464477539063e-08,False
data/images/ad8dbdbc-f95a-42dc-95ad-e567d1eca200.jpg,b0c0471fb819a2d5c0669e83685e775fefd0e8e1ed4050ca06c2d213cd5bea8c,UNKNOWN,NOT_EVALUATED,True,plastic,plastic,0.99609375,plastic,0.984375,True,2026-08-11T13:13:22.176189Z,383091,tinycnn-v9-balanced-esp-contract,exact_train_file,0.0,0.99609375,0.0,128.25431315104166,37.00422522965788,23.977457682291668,446.2001647949219,0.049397786458333336,0.021809895833333332,0.007893880208333334,train/plastic/augv9_plastic_train_original_019.jpg,plastic,0.0,train/plastic/augv9_plastic_train_original_019.jpg,0.0,False
data/images/ae41156a-aa81-46b1-97d7-fb8f22cfdad6.jpg,25d10179c0879b97415e1508b033bc8ab8da1ed515a7b5761d5aadc84614c568,UNKNOWN,NOT_EVALUATED,True,plastic,plastic,0.7265625,plastic,0.601562,True,2026-08-11T13:06:19.090781Z,382289,tinycnn-v9-balanced-esp-contract,unseen,0.26953125,0.7265625,0.00390625,128.29850260416666,41.45883756934769,28.6201171875,196.42555236816406,0.035807291666666664,0.016438802083333332,0.004557291666666667,train/plastic/augv9_plastic_train_original_005.jpg,plastic,0.05509263277053833,train/plastic/augv9_plastic_train_original_005.jpg,0.05509263277053833,True
data/images/af7d875b-c7cf-411c-bed7-8261a4d346e8.jpg,0cdf5d265d9c8e1ff6a593501c7e8173c9b1755ab71e4590a5552a4016da4f0c,UNKNOWN,NOT_EVALUATED,True,paper,paper,0.99609375,paper,0.851562,True,2026-08-11T13:43:13.357936Z,382781,tinycnn-v9-balanced-esp-contract,exact_train_file,0.99609375,0.0,0.0,124.35302734375,44.5313912345922,33.164143880208336,250.935546875,0.055419921875,0.052897135416666664,0.0,train/paper/augv9_paper_train_original_076.jpg,paper,0.0,train/paper/augv9_paper_train_original_076.jpg,0.0,False
data/images/afa1a907-bc43-4caf-8b03-16f253ade7f5.jpg,934504c4a65a6feb19151ad21a64fb9d91887da9697cb0468c3608a55900e1ff,UNKNOWN,NOT_EVALUATED,True,organic,organic,0.99609375,organic,0.738281,True,2026-08-11T14:32:26.226781Z,383132,tinycnn-v9-balanced-esp-contract,exact_train_file,0.0,0.0,0.99609375,133.7890625,40.103774940592274,22.768391927083332,292.1369934082031,0.034098307291666664,0.012451171875,0.0,train/organic/augv9_organic_train_original_010.jpg,organic,5.960464477539063e-08,train/organic/augv9_organic_train_original_010.jpg,5.960464477539063e-08,False
data/images/affa749d-003a-4497-b920-40e3917e6e59.jpg,ec91df9e7ed199841f6e945df92aa65a9cc9b07f9b9ab6e671abba64a623e328,UNKNOWN,NOT_EVALUATED,False,plastic,plastic,0.98046875,paper,0.660156,False,2026-08-08T08:45:42.418329Z,382872,tinycnn-v9-balanced-esp-contract,unseen,0.015625,0.98046875,0.0,136.8662109375,33.2314646836098,20.310872395833332,241.3134307861328,0.051432291666666664,0.004231770833333333,0.0185546875,train/plastic/augv9_plastic_train_original_016.jpg,plastic,0.03425312042236328,train/plastic/augv9_plastic_train_original_016.jpg,0.03425312042236328,True
data/images/b02c7af6-3c13-4a11-84db-a3bd2761ce08.jpg,68d6615d627a2f41de1fa8f87e7c510dab7d798cd04dc007474d3ee254145cda,UNKNOWN,NOT_EVALUATED,True,paper,paper,0.99609375,plastic,0.953125,False,2026-08-11T12:49:30.788576Z,383060,tinycnn-v9-balanced-esp-contract,exact_train_file,0.99609375,0.0,0.0,133.65861002604166,38.64607711596856,38.112141927083336,170.9912567138672,0.022216796875,0.0,0.009928385416666666,train/paper/augv9_paper_train_original_077.jpg,paper,0.0,train/paper/augv9_paper_train_original_077.jpg,0.0,False
data/images/b0fa030b-a9f0-4df8-b236-212c1e8dcaa5.jpg,7b762af51378f9613b70e59d831c8659ed21769bb7f90caafa957cd0a6913fdc,UNKNOWN,NOT_EVALUATED,True,paper,paper,0.99609375,organic,0.859375,False,2026-08-11T13:47:14.612535Z,382099,tinycnn-v9-balanced-esp-contract,exact_train_file,0.99609375,0.00390625,0.0,143.17024739583334,48.22752188726591,23.265055338541668,232.989013671875,0.05810546875,0.056233723958333336,0.061767578125,train/paper/augv9_paper_train_original_078.jpg,paper,0.0,train/paper/augv9_paper_train_original_078.jpg,0.0,False
data/images/b1b548fb-9f6a-4f35-a7ac-7ac3597feea1.jpg,e51b7a4f341239728774c8eb45f004d3d6dc4067d9f67086f47411634da141a6,UNKNOWN,NOT_EVALUATED,False,paper,paper,0.78515625,plastic,0.75,False,2026-08-08T09:00:31.834985Z,383300,tinycnn-v9-balanced-esp-contract,unseen,0.78515625,0.203125,0.01171875,137.20361328125,31.86753456230361,17.613688151041668,913.95263671875,0.057047526041666664,0.0004069010416666667,0.0026041666666666665,train/paper/augv9_paper_train_original_070.jpg,paper,0.06540530920028687,train/paper/augv9_paper_train_original_070.jpg,0.06540530920028687,True
data/images/b21344fb-0ebd-49f1-8e24-ee2e8e31d7eb.jpg,bdd1669fc54a4bd5d2dfab8337018e4734af51058cf85db34a56fb884063a50a,UNKNOWN,NOT_EVALUATED,False,paper,paper,0.92578125,plastic,0.470817,False,2026-08-11T14:25:35.003374Z,382786,tinycnn-v9-balanced-esp-contract,unseen,0.92578125,0.05859375,0.015625,148.31005859375,39.71367521503277,24.222900390625,97.86768341064453,0.014404296875,0.00016276041666666666,0.030029296875,train/paper/augv9_paper_train_original_044.jpg,paper,0.08593058586120605,train/paper/augv9_paper_train_original_044.jpg,0.08593058586120605,True
data/images/b22bb84d-1cf7-46ad-b4d0-22cdf10d932d.jpg,44043d8cb9c9a6ecbdad2f9a3ce94c2aad7d4076faa5f69eb449051cf682b54c,UNKNOWN,NOT_EVALUATED,True,paper,paper,0.99609375,plastic,0.988327,False,2026-08-11T12:40:50.157676Z,383195,tinycnn-v9-balanced-esp-contract,exact_train_file,0.99609375,0.0,0.0,127.81583658854167,35.08442227045248,63.906819661458336,278.7024230957031,0.08992513020833333,0.0,0.012858072916666666,train/paper/augv9_paper_train_original_079.jpg,paper,-1.1920928955078125e-07,train/paper/augv9_paper_train_original_079.jpg,-1.1920928955078125e-07,False
data/images/b2585b68-2a94-480d-b8bd-c1a7e3f3e997.jpg,2b82ef08b61cbf1f6803cd57c243609fddaf4e4d6e4ab1f4ef05545e17cf82bd,UNKNOWN,NOT_EVALUATED,True,organic,organic,0.99609375,organic,1.0,True,2026-08-11T13:59:43.373125Z,382157,tinycnn-v9-balanced-esp-contract,exact_train_file,0.0,0.0,0.99609375,134.03043619791666,48.883719697895735,29.902099609375,365.1263122558594,0.039143880208333336,0.024332682291666668,0.08699544270833333,train/organic/augv9_organic_train_original_011.jpg,organic,-1.1920928955078125e-07,train/organic/augv9_organic_train_original_011.jpg,-1.1920928955078125e-07,False
data/images/b2d6358d-5b99-4e7e-be98-5a3f92c8310d.jpg,1b3eca66eed90ee6764934c6d84fda1cfde0f11bd9756510dc44c08f595303da,UNKNOWN,NOT_EVALUATED,True,paper,paper,0.99609375,plastic,0.723735,False,2026-08-11T13:41:23.571493Z,383177,tinycnn-v9-balanced-esp-contract,exact_train_file,0.99609375,0.00390625,0.0,131.009765625,41.88741928331109,23.211588541666668,206.9590606689453,0.046549479166666664,0.019938151041666668,0.007242838541666667,train/paper/augv9_paper_train_original_080.jpg,paper,5.960464477539063e-08,train/paper/augv9_paper_train_original_080.jpg,5.960464477539063e-08,False
data/images/b2f6b1e9-ad59-4f41-8671-747ddac9b7c9.jpg,a8f12f3875cc51e4dd883c770e973ebff209e702051ab65631b17abea89ba509,UNKNOWN,NOT_EVALUATED,False,paper,paper,0.99609375,paper,0.824219,True,2026-08-11T13:32:20.953955Z,381938,tinycnn-v9-balanced-esp-contract,unseen,0.99609375,0.0,0.0,131.14583333333334,41.79059889276501,32.402587890625,187.91624450683594,0.07291666666666667,0.008951822916666666,0.019612630208333332,train/paper/augv9_paper_train_original_100.jpg,paper,0.03171062469482422,train/paper/augv9_paper_train_original_100.jpg,0.03171062469482422,False
data/images/b4ca0803-1367-4347-82fb-a029c4f08bc1.jpg,20d18bbce35df27809a12273348ed7457165e9be125cf0e4adcb0e9cb533f2a0,UNKNOWN,NOT_EVALUATED,True,plastic,plastic,0.99609375,paper,0.380392,False,2026-08-11T13:15:10.435141Z,383220,tinycnn-v9-balanced-esp-contract,exact_train_file,0.0,0.99609375,0.0,124.95564778645833,41.37350988241787,34.645914713541664,512.6651000976562,0.07967122395833333,0.031005859375,0.0126953125,train/plastic/augv9_plastic_train_original_020.jpg,plastic,1.7881393432617188e-07,train/plastic/augv9_plastic_train_original_020.jpg,1.7881393432617188e-07,False
data/images/b4fe11ce-1020-4f3c-a792-3853c122c0b8.jpg,7e9e46643dbf0a6c03b37a2557835bbe6b5d70877a2ef867d79668ff6e3b153d,UNKNOWN,NOT_EVALUATED,True,paper,paper,0.99609375,plastic,0.941406,False,2026-08-11T12:48:05.798322Z,382508,tinycnn-v9-balanced-esp-contract,exact_train_file,0.99609375,0.0,0.0,121.90486653645833,29.498700355625665,35.753743489583336,154.1797637939453,0.024820963541666668,0.00927734375,0.0,train/paper/augv9_paper_train_original_081.jpg,paper,0.0,train/paper/augv9_paper_train_original_081.jpg,0.0,False
data/images/b5ae2be5-a612-46c6-8863-e476ab2ed08f.jpg,ff899db228c163cda5398748b8f98e1a43818b375e66feef164206d0fb8e3970,UNKNOWN,NOT_EVALUATED,False,plastic,paper,0.49609375,plastic,0.770428,False,2026-08-11T14:18:14.979099Z,382454,tinycnn-v9-balanced-esp-contract,unseen,0.49609375,0.49609375,0.00390625,132.10896809895834,34.392761854941234,24.599609375,148.03787231445312,0.039632161458333336,0.0087890625,0.00634765625,train/paper/augv9_paper_train_original_064.jpg,paper,0.06663918495178223,train/paper/augv9_paper_train_original_064.jpg,0.06663918495178223,True
data/images/b7bcf8af-23dd-4ab6-bc66-3e33db394217.jpg,8f7abf502596db9b432349dd65599774d1aab5b5be1e3002e4f6a4e4d6cdde64,UNKNOWN,NOT_EVALUATED,True,paper,paper,0.99609375,paper,0.968872,True,2026-08-11T13:40:19.726021Z,383094,tinycnn-v9-balanced-esp-contract,exact_train_file,0.99609375,0.0,0.0,124.94921875,45.34947513723816,28.764322916666668,231.78424072265625,0.056803385416666664,0.048909505208333336,0.015706380208333332,train/paper/augv9_paper_train_original_082.jpg,paper,5.960464477539063e-08,train/paper/augv9_paper_train_original_082.jpg,5.960464477539063e-08,False
data/images/b80189b8-83b3-4f8b-9191-3abd9093a1b4.jpg,99a1e6b85e83d84373820a1588f557f30e630ba76c64b39c3854cc537921f5ef,UNKNOWN,NOT_EVALUATED,True,paper,paper,0.99609375,plastic,0.640625,False,2026-08-11T13:46:29.427746Z,383133,tinycnn-v9-balanced-esp-contract,exact_train_file,0.99609375,0.00390625,0.0,119.76595052083333,40.68939495085055,24.801188151041668,208.2096710205078,0.052815755208333336,0.048014322916666664,0.0008951822916666666,train/paper/augv9_paper_train_original_083.jpg,paper,0.0,train/paper/augv9_paper_train_original_083.jpg,0.0,False
data/images/b83e7b12-2e7f-4908-9152-236192a86184.jpg,500e6fd4fc4ec76bc3f43e8ad7dfe7bb461ff8a7784971bea36e2dc5e4eb6842,UNKNOWN,NOT_EVALUATED,True,paper,paper,0.99609375,plastic,0.664062,False,2026-08-11T13:00:19.020888Z,382841,tinycnn-v9-balanced-esp-contract,exact_train_file,0.99609375,0.0,0.0,119.59383138020833,52.92528930251985,35.489827473958336,178.5063934326172,0.037272135416666664,0.09798177083333333,0.020589192708333332,train/paper/augv9_paper_train_original_084.jpg,paper,0.0,train/paper/augv9_paper_train_original_084.jpg,0.0,False
data/images/b9a15ae2-5048-4680-a60a-c2eca7cd8a11.jpg,a5b00e4ac55599e1abb59771393882265fa72705fa5ccca42fa5fddc3753d520,UNKNOWN,NOT_EVALUATED,False,organic,organic,0.94140625,organic,0.984375,True,2026-08-11T13:08:48.227384Z,383370,tinycnn-v9-balanced-esp-contract,unseen,0.05859375,0.0,0.94140625,159.59415690104166,60.84316219412062,33.667317708333336,276.03717041015625,0.06502278645833333,0.0017903645833333333,0.307861328125,train/organic/organic_train_original_010.jpg,organic,0.0674511194229126,train/organic/organic_train_original_010.jpg,0.0674511194229126,True
data/images/baa362a3-05f3-4d6c-a1d3-6aac7e049b1f.jpg,356913cad7415a1560312ba93617e14af82f41ae4f5699320d706d67aad6c358,UNKNOWN,NOT_EVALUATED,True,paper,paper,0.99609375,plastic,0.501945,False,2026-08-11T13:34:41.349805Z,383113,tinycnn-v9-balanced-esp-contract,exact_train_file,0.99609375,0.0,0.0,137.04850260416666,50.37050154746548,23.3037109375,269.6944580078125,0.06673177083333333,0.03564453125,0.051676432291666664,train/paper/augv9_paper_train_original_085.jpg,paper,0.0,train/paper/augv9_paper_train_original_085.jpg,0.0,False
data/images/bbbbbe07-2e49-4753-a7b7-ace87482c456.jpg,bbce33c9ac93d0ed1731c519ef8d4c81aef4949194fc27fceccf8f236c453362,UNKNOWN,NOT_EVALUATED,True,paper,paper,0.99609375,paper,0.380392,True,2026-08-11T13:46:14.165483Z,383032,tinycnn-v9-balanced-esp-contract,exact_train_file,0.99609375,0.0,0.0,125.82666015625,47.81404782534524,24.410970052083332,202.9938201904297,0.052815755208333336,0.06730143229166667,0.025065104166666668,train/paper/augv9_paper_train_original_086.jpg,paper,0.0,train/paper/augv9_paper_train_original_086.jpg,0.0,False
data/images/bd213f5c-1bd0-4b81-9217-d54f0b51c050.jpg,7d2d9f835d0b78fb9af77a12f70861c253583439fa21d9ca2619996307c15985,UNKNOWN,NOT_EVALUATED,True,paper,paper,0.99609375,plastic,0.891051,False,2026-08-11T12:43:24.590191Z,383119,tinycnn-v9-balanced-esp-contract,exact_train_file,0.99609375,0.0,0.0,128.450439453125,44.32184666650609,34.974365234375,157.29249572753906,0.0263671875,0.02294921875,0.032307942708333336,train/paper/augv9_paper_train_original_087.jpg,paper,0.0,train/paper/augv9_paper_train_original_087.jpg,0.0,False
data/images/be1a672c-873b-4117-b7af-daa4599b8390.jpg,12518badcdb61e3cbe99e5522d43096715607a1a519b5ef82ac301a1e468a25d,UNKNOWN,NOT_EVALUATED,True,plastic,plastic,0.95703125,plastic,0.59375,True,2026-08-11T12:56:05.263110Z,381521,tinycnn-v9-balanced-esp-contract,heldout_validation,0.03515625,0.95703125,0.0078125,112.94718424479167,41.65580723322032,30.608072916666668,352.933837890625,0.060791015625,0.06868489583333333,0.0004069010416666667,train/plastic/augv9_plastic_train_original_002.jpg,plastic,0.052075207233428955,train/plastic/augv9_plastic_train_original_002.jpg,0.052075207233428955,True
data/images/be40c2d7-39ff-44d4-8621-7c5b01b2fee9.jpg,49a13de23e4962c13922123c6df06b7d476d58b9483ad2d81c05292c9bd2aa29,UNKNOWN,NOT_EVALUATED,True,paper,paper,0.99609375,paper,0.765625,True,2026-08-11T13:43:41.268849Z,382935,tinycnn-v9-balanced-esp-contract,exact_train_file,0.99609375,0.0,0.0,156.77018229166666,47.9613958419957,27.737874348958332,335.6388244628906,0.062418619791666664,0.0015462239583333333,0.20133463541666666,train/paper/augv9_paper_train_original_088.jpg,paper,0.0,train/paper/augv9_paper_train_original_088.jpg,0.0,False
data/images/bf41de0f-b3fc-4fde-95fe-ab1c416d2b9c.jpg,28e3a33d4c827c11963674c8543cf20ef46b0f27b6df25f3daf3007ab2480590,UNKNOWN,NOT_EVALUATED,False,plastic,plastic,0.99609375,paper,0.699219,False,2026-08-08T08:24:38.191424Z,382281,tinycnn-v9-balanced-esp-contract,exact_train_file,0.0,0.99609375,0.0,129.1416015625,31.40109256637547,17.653157552083332,457.0544738769531,0.033854166666666664,0.008707682291666666,0.0030110677083333335,train/plastic/augv9_plastic_train_original_012.jpg,plastic,0.014609694480895996,train/plastic/augv9_plastic_train_original_012.jpg,0.014609694480895996,False
data/images/bfaeed27-351f-416b-ba3d-7f60428e715b.jpg,744ee80cd813fa1b713bc0ff8025e08aec108189d0562d09e37fc34c704b4364,UNKNOWN,NOT_EVALUATED,False,organic,organic,0.99609375,organic,1.0,True,2026-08-11T12:56:20.942791Z,382266,tinycnn-v9-balanced-esp-contract,unseen,0.0,0.0,0.99609375,124.12939453125,42.21588769316535,43.047526041666664,254.8854522705078,0.039143880208333336,0.007405598958333333,0.01708984375,train/organic/augv9_organic_train_original_011.jpg,organic,0.022243201732635498,train/organic/augv9_organic_train_original_011.jpg,0.022243201732635498,False
data/images/c0166a90-0992-42ce-99bf-f543822607a0.jpg,85a88ed599cb0f327cbb338ac4b3942afaa27754b6b2f110b18dd61447124cfe,UNKNOWN,NOT_EVALUATED,False,paper,paper,0.99609375,paper,0.671875,True,2026-08-11T12:51:18.429468Z,383078,tinycnn-v9-balanced-esp-contract,unseen,0.99609375,0.0,0.0,119.814697265625,44.05911174331792,37.795654296875,274.8294372558594,0.0693359375,0.02978515625,0.01123046875,train/paper/augv9_paper_train_original_099.jpg,paper,0.02470219135284424,train/paper/augv9_paper_train_original_099.jpg,0.02470219135284424,False
data/images/c07ec094-d5b7-478c-9164-b04fe0897de0.jpg,c51758f3ded8cefe89ce87a6c0da6ffb93ec5f694394ed9d4d0956a4a7a11073,UNKNOWN,NOT_EVALUATED,True,paper,paper,0.99609375,plastic,0.496094,False,2026-08-11T13:40:32.953373Z,382263,tinycnn-v9-balanced-esp-contract,exact_train_file,0.99609375,0.0,0.0,123.22501627604167,44.500103169865135,22.020670572916668,173.9460906982422,0.027018229166666668,0.047444661458333336,8.138020833333333e-05,train/paper/augv9_paper_train_original_089.jpg,paper,0.0,train/paper/augv9_paper_train_original_089.jpg,0.0,False
data/images/c20f0c47-a206-428d-961b-134da2209a40.jpg,7d850183212c7992e265de4fa767a7fc409ce9b5aaca80972e60f09da5166d53,UNKNOWN,NOT_EVALUATED,False,organic,organic,0.40625,organic,0.992188,True,2026-08-11T13:13:51.149824Z,383148,tinycnn-v9-balanced-esp-contract,unseen,0.30859375,0.28515625,0.40625,97.7255859375,53.05447576543584,45.610188802083336,165.32034301757812,0.017415364583333332,0.20694986979166666,0.0013834635416666667,train/organic/organic_train_original_009.jpg,organic,0.18572068214416504,train/organic/organic_train_original_009.jpg,0.18572068214416504,True
data/images/c364827b-3a38-46d8-961b-fbe6e2b5ea59.jpg,8bb604bcee753ddfc857661349d3dd5bb72e4fa3677d9290abeb42e22025054b,UNKNOWN,NOT_EVALUATED,True,organic,organic,0.99609375,organic,0.992188,True,2026-08-11T13:37:31.789394Z,382421,tinycnn-v9-balanced-esp-contract,exact_train_file,0.0,0.0,0.99609375,140.59627278645834,45.95003204669453,29.095947265625,288.456787109375,0.031901041666666664,0.011555989583333334,0.07486979166666667,train/organic/augv9_organic_train_original_012.jpg,organic,1.1920928955078125e-07,train/organic/augv9_organic_train_original_012.jpg,1.1920928955078125e-07,False
data/images/c55e2c3b-5857-4090-b51b-a02080526a51.jpg,51187062312723acd4d00f63ea771144a7c4cf5138bac7d36272ac121fcc9e2b,UNKNOWN,NOT_EVALUATED,True,paper,paper,0.953125,plastic,0.828125,False,2026-08-11T12:52:02.921270Z,383083,tinycnn-v9-balanced-esp-contract,exact_train_file,0.953125,0.046875,0.0,126.79524739583333,43.90150556591904,28.954752604166668,148.4053497314453,0.02587890625,0.025634765625,0.0458984375,train/paper/augv9_paper_train_original_090.jpg,paper,0.0,train/paper/augv9_paper_train_original_090.jpg,0.0,False
data/images/c60c6917-d720-486f-b748-18e5173311e9.jpg,0c6802a55f5a3d0cd4754158767043e982b6795153cdd79e1454c69a26e42d9d,UNKNOWN,NOT_EVALUATED,False,plastic,plastic,0.984375,plastic,0.623529,True,2026-08-11T14:29:07.205889Z,383077,tinycnn-v9-balanced-esp-contract,unseen,0.0078125,0.984375,0.0078125,124.12849934895833,40.02383333292938,27.766438802083332,148.96533203125,0.021240234375,0.033121744791666664,0.0,train/plastic/plastic_train_original_017.jpg,plastic,0.022242724895477295,train/plastic/plastic_train_original_017.jpg,0.022242724895477295,False
data/images/c6a15a9a-bd2b-4cbb-bd8a-57640244d3b7.jpg,501c95bca3c9fd5f91200fbfa0b9121891acc2c54c4ec03bdce4b4b5acc0492b,UNKNOWN,NOT_EVALUATED,True,paper,paper,0.99609375,organic,0.964844,False,2026-08-11T13:40:01.440232Z,383620,tinycnn-v9-balanced-esp-contract,exact_train_file,0.99609375,0.0,0.0,120.81917317708333,51.12377924473385,36.694661458333336,303.8601379394531,0.068359375,0.11043294270833333,0.0029296875,train/paper/augv9_paper_train_original_091.jpg,paper,0.0,train/paper/augv9_paper_train_original_091.jpg,0.0,False
data/images/c8b51d2b-e3d3-449b-a924-6ffb71cea846.jpg,12a4845386f0d6ecc304c496fa8de91bee864e3ae04df68b79f31cd6f1cff9a0,UNKNOWN,NOT_EVALUATED,True,organic,organic,0.99609375,organic,0.996094,True,2026-08-11T14:00:23.389304Z,383128,tinycnn-v9-balanced-esp-contract,exact_train_file,0.0,0.0,0.99609375,127.95255533854167,48.78991533295387,31.21337890625,290.7259216308594,0.043050130208333336,0.028889973958333332,0.00634765625,train/organic/augv9_organic_train_original_013.jpg,organic,-2.384185791015625e-07,train/organic/augv9_organic_train_original_013.jpg,-2.384185791015625e-07,False
data/images/c97b6974-30d2-47d8-8bbe-4d88d894ee06.jpg,87efa6f140df11f67cfb665a5cb862c6accd8f583d5dacc2c09bee59ae462b50,UNKNOWN,NOT_EVALUATED,False,paper,paper,0.99609375,plastic,0.410156,False,2026-08-11T14:08:17.281637Z,383090,tinycnn-v9-balanced-esp-contract,unseen,0.99609375,0.0,0.0,128.06722005208334,42.07246515136134,42.388509114583336,324.3074035644531,0.06697591145833333,0.039794921875,0.017252604166666668,train/paper/augv9_paper_train_original_013.jpg,paper,0.013042926788330078,train/paper/augv9_paper_train_original_013.jpg,0.013042926788330078,False
data/images/caa69a0d-25ae-488b-9664-e7dee488add4.jpg,5dbd10660b39ee0732d0d31ce7960ea53ccd47b76de0797cb139e665302e5f37,UNKNOWN,NOT_EVALUATED,True,paper,paper,0.98046875,organic,0.832685,False,2026-08-11T13:17:07.564318Z,383386,tinycnn-v9-balanced-esp-contract,exact_train_file,0.98046875,0.01953125,0.0,134.20613606770834,50.744387948936925,36.607096354166664,251.8657989501953,0.06949869791666667,0.043375651041666664,0.061930338541666664,train/paper/augv9_paper_train_original_092.jpg,paper,0.0,train/paper/augv9_paper_train_original_092.jpg,0.0,False
data/images/cc4ab3bf-2d21-4d39-a432-5c15515bfb7f.jpg,ab8e898e85522b7111be65073d885c6ec2e1991465173398c00984d310c9d7d6,UNKNOWN,NOT_EVALUATED,True,paper,paper,0.99609375,plastic,0.51751,False,2026-08-08T08:27:42.407770Z,383188,tinycnn-v9-balanced-esp-contract,exact_train_file,0.99609375,0.0,0.0,148.97159830729166,46.112410671675214,17.700602213541668,215.70814514160156,0.032552083333333336,0.008626302083333334,0.11027018229166667,train/paper/augv9_paper_train_original_093.jpg,paper,0.0,train/paper/augv9_paper_train_original_093.jpg,0.0,False
data/images/cc77529b-271c-4ef7-a047-fb9e8ddb9eb1.jpg,2fead35444b7b2e11f87015070bc38634c7487c4ed0c889a8e1d1e65e096b0b3,UNKNOWN,NOT_EVALUATED,True,organic,organic,0.99609375,organic,1.0,True,2026-08-11T13:51:40.475776Z,383189,tinycnn-v9-balanced-esp-contract,heldout_test,0.0,0.0,0.99609375,127.75537109375,58.412482560988714,45.000081380208336,435.3525390625,0.06380208333333333,0.080078125,0.11800130208333333,train/organic/augv9_organic_train_original_007.jpg,organic,0.023388981819152832,train/organic/augv9_organic_train_original_007.jpg,0.023388981819152832,False
data/images/cef20bda-780e-4761-a590-2c1228924cf2.jpg,a7f01a421c5343855b7f1eb7fd77e24abfd762cb4e4ea9842da7ad24ce73bc2d,UNKNOWN,NOT_EVALUATED,False,paper,paper,0.77734375,paper,0.6875,True,2026-08-11T13:48:57.211702Z,392545,tinycnn-v9-balanced-esp-contract,unseen,0.77734375,0.22265625,0.0,132.033203125,50.2997609819784,26.287109375,176.8437042236328,0.054280598958333336,0.032796223958333336,0.06315104166666667,train/paper/augv9_paper_train_original_064.jpg,paper,0.05879366397857666,train/paper/augv9_paper_train_original_064.jpg,0.05879366397857666,True
data/images/cfa0bc8c-16da-40c7-9941-4edf0c62076b.jpg,7d3577d0939875bfa231a3dcf35dc3bb9c2801c02c8faa80cab02b7e8cdbb9fa,UNKNOWN,NOT_EVALUATED,True,paper,paper,0.99609375,paper,0.863281,True,2026-08-11T12:46:03.066633Z,382396,tinycnn-v9-balanced-esp-contract,exact_train_file,0.99609375,0.0,0.0,125.05086263020833,49.01803087787075,32.499674479166664,185.50096130371094,0.026448567708333332,0.1279296875,0.007486979166666667,train/paper/augv9_paper_train_original_094.jpg,paper,1.1920928955078125e-07,train/paper/augv9_paper_train_original_094.jpg,1.1920928955078125e-07,False
data/images/d055e3d9-50d9-4f16-a20b-17fd58a76003.jpg,a907d9d6ae5d1aebd5e43b14aa515a383f53feeb00e4caf982ae4456ce668250,UNKNOWN,NOT_EVALUATED,False,plastic,plastic,0.71875,paper,0.658824,False,2026-08-08T08:58:06.003166Z,382333,tinycnn-v9-balanced-esp-contract,unseen,0.109375,0.71875,0.171875,133.11808268229166,29.00422537637004,18.289632161458332,198.8167266845703,0.018880208333333332,0.0008138020833333334,0.0011393229166666667,train/plastic/plastic_train_original_011.jpg,plastic,0.09146416187286377,train/plastic/plastic_train_original_011.jpg,0.09146416187286377,True
data/images/d10642d0-42a7-49a2-a0e6-a356946b141a.jpg,00e0d63802b7887835f14e8bc6d1bcd394a97aed909e8c20db15329c39594528,UNKNOWN,NOT_EVALUATED,False,paper,paper,0.99609375,paper,0.669261,True,2026-08-11T13:49:37.251894Z,382989,tinycnn-v9-balanced-esp-contract,unseen,0.99609375,0.0,0.0,127.09342447916667,42.15260782069649,24.913736979166668,522.3370361328125,0.11669921875,0.027425130208333332,0.010579427083333334,train/paper/augv9_paper_train_original_015.jpg,paper,0.02094292640686035,train/paper/augv9_paper_train_original_015.jpg,0.02094292640686035,False
data/images/d11aafc7-3a59-45c8-a333-ad9b762f2a3f.jpg,d92ca08777646e1c5bcfe06a7b4ec85f4b9b740d9a83fb94a1a8ac8b7bf0bd19,UNKNOWN,NOT_EVALUATED,True,organic,organic,0.9921875,organic,0.96875,True,2026-08-11T14:05:12.025742Z,383107,tinycnn-v9-balanced-esp-contract,exact_train_file,0.00390625,0.00390625,0.9921875,143.26961263020834,53.43985570873351,27.256998697916668,193.0286102294922,0.027262369791666668,0.044514973958333336,0.11653645833333333,train/organic/augv9_organic_train_original_014.jpg,organic,-1.1920928955078125e-07,train/organic/augv9_organic_train_original_014.jpg,-1.1920928955078125e-07,False
data/images/d1e769cc-f9bc-4644-8af5-829dff6f9729.jpg,cf9da5f62433c74a216834366e01747cc414c84c3941373cef62fcd910310aba,UNKNOWN,NOT_EVALUATED,True,organic,organic,0.984375,organic,0.789062,True,2026-08-11T13:59:55.805910Z,382718,tinycnn-v9-balanced-esp-contract,exact_train_file,0.01171875,0.00390625,0.984375,160.21858723958334,48.87646929626455,21.936604817708332,120.81658935546875,0.033610026041666664,0.0013834635416666667,0.287353515625,train/organic/augv9_organic_train_original_015.jpg,organic,0.0,train/organic/augv9_organic_train_original_015.jpg,0.0,False
data/images/d4f5f8f8-8660-40a6-9a71-20afae2c17b5.jpg,0cc6bdec23ef20666fa7390af8c3d084336aa6da3a69010473101e4ed26820ee,UNKNOWN,NOT_EVALUATED,True,paper,paper,0.99609375,plastic,0.788235,False,2026-08-11T13:58:39.573090Z,382849,tinycnn-v9-balanced-esp-contract,exact_train_file,0.99609375,0.0,0.0,127.10611979166667,43.281484675010276,34.704752604166664,173.0229034423828,0.027669270833333332,0.040120442708333336,0.009440104166666666,train/paper/augv9_paper_train_original_095.jpg,paper,0.0,train/paper/augv9_paper_train_original_095.jpg,0.0,False
data/images/d4ffff31-b85c-4a2f-9684-8fb528456543.jpg,86b1d7a1000e482651d02fc118e9e390f58e3e3002c80d95e938f490b9af8af9,UNKNOWN,NOT_EVALUATED,True,plastic,plastic,0.98046875,plastic,0.960938,True,2026-08-11T12:45:24.698679Z,383167,tinycnn-v9-balanced-esp-contract,heldout_test,0.01953125,0.98046875,0.0,130.95987955729166,34.91479260376064,27.259114583333332,316.74169921875,0.07430013020833333,0.00537109375,0.014404296875,train/plastic/augv9_plastic_train_original_005.jpg,plastic,0.029635906219482422,train/plastic/augv9_plastic_train_original_005.jpg,0.029635906219482422,True
data/images/d5028c77-ee2a-4252-96c2-bd0cc5836bcb.jpg,40bdcdee5582a074f115d531e1e16fe83c0e429fa5be8a0b36f8b94184fcaaca,UNKNOWN,NOT_EVALUATED,False,organic,organic,0.99609375,organic,0.996094,True,2026-08-11T13:38:24.275405Z,383095,tinycnn-v9-balanced-esp-contract,unseen,0.00390625,0.0,0.99609375,127.031005859375,47.849591742382984,39.679036458333336,306.5655212402344,0.08935546875,0.003173828125,0.056640625,train/organic/augv9_organic_train_original_005.jpg,organic,0.033548176288604736,train/organic/augv9_organic_train_original_005.jpg,0.033548176288604736,False
data/images/d61ce994-23b3-4d1e-8c24-e90ef6aa15de.jpg,b4e40471c7bdcd1bbf17b677d744b0bdde3d58a0b978c64d20184c6c6ea747e3,UNKNOWN,NOT_EVALUATED,True,plastic,plastic,0.99609375,plastic,0.599222,True,2026-08-11T13:16:09.756927Z,383014,tinycnn-v9-balanced-esp-contract,exact_train_file,0.0,0.99609375,0.0,130.07291666666666,42.089632495763986,32.607991536458336,609.0889282226562,0.09586588541666667,0.014485677083333334,0.033610026041666664,train/plastic/augv9_plastic_train_original_021.jpg,plastic,0.0,train/plastic/augv9_plastic_train_original_021.jpg,0.0,False
data/images/d6c607ff-e54d-4b58-9170-290051e6d6cf.jpg,d9a7ee56dc377212ca95550ae3cb40244a96328e51af13a39c26606d75d6e01d,UNKNOWN,NOT_EVALUATED,True,paper,paper,0.984375,organic,1.0,False,2026-08-11T13:55:29.266189Z,382120,tinycnn-v9-balanced-esp-contract,heldout_test,0.984375,0.0,0.01171875,118.25773111979167,59.59868826601191,54.656412760416664,534.1466674804688,0.06689453125,0.11507161458333333,0.102783203125,train/paper/augv9_paper_train_original_098.jpg,paper,0.05541205406188965,train/paper/augv9_paper_train_original_098.jpg,0.05541205406188965,True
data/images/d8d52e53-ff83-4c2f-aa0b-3bc533433dd4.jpg,5f57b3d75edb42c2d8ae2770f33b08eb796a6cd8f6ef79744057d486605a2062,UNKNOWN,NOT_EVALUATED,False,paper,paper,0.8671875,plastic,0.574219,False,2026-08-11T14:01:57.368741Z,383347,tinycnn-v9-balanced-esp-contract,unseen,0.8671875,0.1015625,0.03125,130.192138671875,42.092809783443364,22.389485677083332,151.201416015625,0.015380859375,0.028564453125,0.0,train/paper/augv9_paper_train_original_019.jpg,paper,0.07483547925949097,train/paper/augv9_paper_train_original_019.jpg,0.07483547925949097,True
data/images/d9fe1bac-ae81-4dd3-94b1-b2779b5cfa67.jpg,8ea18cbb19ecbc4ac4a343f7a2b4767d122e76aff8c1aa3e5b64c0e9c8aefb20,UNKNOWN,NOT_EVALUATED,False,plastic,plastic,0.875,paper,0.566406,False,2026-08-08T08:48:29.778191Z,383131,tinycnn-v9-balanced-esp-contract,unseen,0.12109375,0.875,0.0,137.80517578125,24.782149112164152,16.953531901041668,391.6856689453125,0.041910807291666664,8.138020833333333e-05,0.003173828125,train/plastic/plastic_train_original_009.jpg,plastic,0.05562746524810791,train/plastic/plastic_train_original_009.jpg,0.05562746524810791,True
data/images/dad1b121-8cd0-4287-9842-d0304bb62253.jpg,19d7b05e365ac75aee4b3a6e83616ae8d075dc35a12f8ff950ebd80dbd314066,UNKNOWN,NOT_EVALUATED,True,organic,organic,0.99609375,organic,0.875,True,2026-08-11T13:50:41.880954Z,383824,tinycnn-v9-balanced-esp-contract,exact_train_file,0.00390625,0.0,0.99609375,136.316650390625,44.387561412868344,25.982503255208332,385.0458068847656,0.0380859375,0.011881510416666666,0.004557291666666667,train/organic/augv9_organic_train_original_016.jpg,organic,0.0,train/organic/augv9_organic_train_original_016.jpg,0.0,False
data/images/dbbb8d63-b989-4f0b-b66a-9cc42f278b7f.jpg,df6fd0ca71bcc35a83fe2941cc2173863f7426944de8089e0ac0967924ebca13,UNKNOWN,NOT_EVALUATED,True,plastic,plastic,0.99609375,paper,0.84375,False,2026-08-11T14:01:01.365188Z,383244,tinycnn-v9-balanced-esp-contract,exact_train_file,0.0,0.99609375,0.0,128.343505859375,35.943553681440804,22.410563151041668,162.5696258544922,0.024983723958333332,0.014973958333333334,0.0011393229166666667,train/plastic/augv9_plastic_train_original_022.jpg,plastic,0.0,train/plastic/augv9_plastic_train_original_022.jpg,0.0,False
data/images/dc34a99f-d23b-4725-b222-0b0bf853e536.jpg,e3b8ed7519d927454d6fa363379deac752a20420ec68b9062d0f685c4b933f77,UNKNOWN,NOT_EVALUATED,True,plastic,plastic,0.99609375,plastic,0.937255,True,2026-08-11T12:50:18.227998Z,383617,tinycnn-v9-balanced-esp-contract,exact_train_file,0.0,0.99609375,0.0,132.00227864583334,32.17957013993671,26.900309244791668,406.2388000488281,0.080322265625,0.0020345052083333335,0.0013834635416666667,train/plastic/augv9_plastic_train_original_023.jpg,plastic,5.960464477539063e-08,train/plastic/augv9_plastic_train_original_023.jpg,5.960464477539063e-08,False
data/images/dd279e87-5e91-4ed2-bb99-281b855da4c3.jpg,54d7affe38289cd0792ebb9b1eaae5cea9e9e5856dfe1274d0b1e88c4c615cc8,UNKNOWN,NOT_EVALUATED,True,plastic,plastic,0.99609375,plastic,0.820312,True,2026-08-11T12:38:11.991305Z,382156,tinycnn-v9-balanced-esp-contract,exact_train_file,0.0,0.99609375,0.0,133.07307942708334,41.70850214985953,27.533284505208332,185.7119140625,0.024007161458333332,0.004313151041666667,0.023030598958333332,train/plastic/augv9_plastic_train_original_024.jpg,plastic,0.0,train/plastic/augv9_plastic_train_original_024.jpg,0.0,False
data/images/de5ac588-8dc7-42f3-92df-ba5203d84191.jpg,9b4af0592163fbc74425f01492ad188d540b0d2d58c25dd754287f9c0571390d,UNKNOWN,NOT_EVALUATED,True,organic,organic,0.9921875,organic,0.992218,True,2026-08-11T13:37:57.700641Z,383086,tinycnn-v9-balanced-esp-contract,exact_train_file,0.0078125,0.0,0.9921875,118.305908203125,53.901220395694374,34.183919270833336,172.5084686279297,0.035074869791666664,0.17024739583333334,0.0,train/organic/augv9_organic_train_original_017.jpg,organic,-1.1920928955078125e-07,train/organic/augv9_organic_train_original_017.jpg,-1.1920928955078125e-07,False
data/images/dec328cf-2c34-4f85-8b98-7ce685f993b1.jpg,9a25650cd3889d53e5922b9cec8d06bed52c42cb5ad0c3e287fa976b1a65f0c7,UNKNOWN,NOT_EVALUATED,True,paper,paper,0.99609375,paper,0.820312,True,2026-08-11T14:07:59.332311Z,383097,tinycnn-v9-balanced-esp-contract,exact_train_file,0.99609375,0.0,0.0,160.21378580729166,45.15185548891809,35.257893880208336,733.802490234375,0.053955078125,0.004150390625,0.15413411458333334,train/paper/augv9_paper_train_original_096.jpg,paper,0.0,train/paper/augv9_paper_train_original_096.jpg,0.0,False
data/images/e0e3ac9f-1dac-46a9-8732-42aefebdc35d.jpg,4c5d3fdc2bf9f126231c2957e8fda9f9858acd2e641e064a81551f4bcdab2b9a,UNKNOWN,NOT_EVALUATED,True,paper,paper,0.99609375,paper,0.390625,True,2026-08-11T12:54:44.046447Z,383052,tinycnn-v9-balanced-esp-contract,exact_train_file,0.99609375,0.0,0.0,119.80387369791667,48.15169488887746,29.225341796875,139.1157684326172,0.018147786458333332,0.058268229166666664,0.0026041666666666665,train/paper/augv9_paper_train_original_097.jpg,paper,0.0,train/paper/augv9_paper_train_original_097.jpg,0.0,False
data/images/e10977ee-9ada-43cf-9ee8-b896085d36ac.jpg,e66439a1c96b7913a16a4df8a1d287f979cc1c3ba83dbb1b6c2a4ba3bcc16165,UNKNOWN,NOT_EVALUATED,True,paper,paper,0.99609375,organic,0.753906,False,2026-08-11T12:50:50.565714Z,382280,tinycnn-v9-balanced-esp-contract,exact_train_file,0.99609375,0.0,0.00390625,130.20524088541666,29.91868371592468,44.393391927083336,293.9022521972656,0.035970052083333336,0.0,0.01416015625,train/paper/augv9_paper_train_original_098.jpg,paper,-1.1920928955078125e-07,train/paper/augv9_paper_train_original_098.jpg,-1.1920928955078125e-07,False
data/images/e1ef3540-1c6b-4af3-a1d3-89f572f18483.jpg,52e0210426821ffbb4ae63797b8cc45ef6602402d067f8c4c40d4239416e9153,UNKNOWN,NOT_EVALUATED,False,plastic,plastic,0.7421875,paper,0.738281,False,2026-08-08T08:56:44.002185Z,383916,tinycnn-v9-balanced-esp-contract,unseen,0.2109375,0.7421875,0.046875,131.00309244791666,29.846471138060846,18.356852213541668,186.0576934814453,0.0185546875,0.0033365885416666665,0.00016276041666666666,train/plastic/plastic_train_original_011.jpg,plastic,0.07871353626251221,train/plastic/plastic_train_original_011.jpg,0.07871353626251221,True
data/images/e331e53e-b5e9-454c-983e-aeabb423a80d.jpg,c3619b9772d36b3094e96912ba0cf37c53b6433c07948cfc0bbc52e500b2eb93,UNKNOWN,NOT_EVALUATED,False,paper,paper,0.99609375,organic,0.914397,False,2026-08-11T13:34:54.263956Z,383081,tinycnn-v9-balanced-esp-contract,exact_train_file,0.99609375,0.0,0.0,122.186279296875,46.199284735259674,36.265706380208336,213.35472106933594,0.06315104166666667,0.08854166666666667,0.0,train/paper/augv9_paper_train_original_046.jpg,paper,0.022790908813476562,train/paper/augv9_paper_train_original_046.jpg,0.022790908813476562,False
data/images/e430b787-a041-4620-be64-a0acccccd227.jpg,44ff176590cec772e7e0346b2d24f05b15c02a5f5aa3ff032f8954b380e48326,UNKNOWN,NOT_EVALUATED,True,paper,paper,0.99609375,plastic,0.613281,False,2026-08-11T12:59:23.541483Z,383093,tinycnn-v9-balanced-esp-contract,exact_train_file,0.99609375,0.0,0.0,118.98396809895833,53.018862910839175,36.071126302083336,174.80848693847656,0.022786458333333332,0.10042317708333333,0.043294270833333336,train/paper/augv9_paper_train_original_099.jpg,paper,0.0,train/paper/augv9_paper_train_original_099.jpg,0.0,False
data/images/e49dbf71-1c4c-4432-8f77-620e2b66e873.jpg,c0d770c6129f05a747adee2c4f40da09d9e04bb1b8a659f33c9ebe494b510eb1,UNKNOWN,NOT_EVALUATED,True,paper,paper,0.99609375,paper,0.486381,True,2026-08-11T13:43:58.198825Z,382370,tinycnn-v9-balanced-esp-contract,exact_train_file,0.99609375,0.0,0.0,159.759033203125,41.021232252940415,24.043294270833332,238.27491760253906,0.048421223958333336,0.0,0.0,train/paper/augv9_paper_train_original_100.jpg,paper,5.960464477539063e-08,train/paper/augv9_paper_train_original_100.jpg,5.960464477539063e-08,False
data/images/e4a00d9e-e467-4f7b-b412-a141aa0ac4d5.jpg,575205570fa0418c86ff0cebd3b297d17ef740fa7d5251d32a348030f625f9a1,UNKNOWN,NOT_EVALUATED,False,paper,paper,0.84375,plastic,0.976654,False,2026-08-11T12:55:25.090247Z,383482,tinycnn-v9-balanced-esp-contract,unseen,0.84375,0.15234375,0.0,127.98876953125,37.63229750205031,32.158447265625,206.81761169433594,0.053873697916666664,0.0008138020833333334,0.0030110677083333335,train/paper/augv9_paper_train_original_064.jpg,paper,0.04560774564743042,train/paper/augv9_paper_train_original_064.jpg,0.04560774564743042,True
data/images/e4b8ade1-d26b-4669-8b65-e109d6354d6f.jpg,a90b4beeff178226ee90a1c77c367a79e3d0796e3e72db2d21078d1acb9b683e,UNKNOWN,NOT_EVALUATED,False,organic,organic,0.90625,organic,0.980469,True,2026-08-08T08:47:18.753555Z,382498,tinycnn-v9-balanced-esp-contract,unseen,0.0546875,0.03515625,0.90625,115.75211588541667,38.12456555527207,30.4306640625,263.3341369628906,0.03857421875,0.023681640625,0.0146484375,train/organic/augv9_organic_train_original_014.jpg,organic,0.09393739700317383,train/organic/augv9_organic_train_original_014.jpg,0.09393739700317383,True
data/images/e50f7aba-3d3f-4ead-8521-9b01bbceb8d9.jpg,671785e95598e414e7bbc44d3906466416ee77ff433a22d715304e2dc63167d1,UNKNOWN,NOT_EVALUATED,True,plastic,plastic,0.99609375,plastic,0.902344,True,2026-08-11T12:56:36.939459Z,382731,tinycnn-v9-balanced-esp-contract,exact_train_file,0.00390625,0.99609375,0.0,133.00447591145834,37.33109177226036,26.833170572916668,154.81463623046875,0.025716145833333332,0.007242838541666667,0.0,train/plastic/augv9_plastic_train_original_025.jpg,plastic,0.0,train/plastic/augv9_plastic_train_original_025.jpg,0.0,False
data/images/e6b75e5a-e089-421b-905b-5e0f3d0e512a.jpg,e5110884b7be7ad48a361087f8f40b13c91a60b14e55a83c9b615e943a1ab9bd,UNKNOWN,NOT_EVALUATED,True,plastic,plastic,0.99609375,paper,0.496094,False,2026-08-11T13:14:37.624262Z,383003,tinycnn-v9-balanced-esp-contract,exact_train_file,0.0,0.99609375,0.0,130.32356770833334,35.328968660213874,24.408528645833332,239.954833984375,0.027587890625,0.007975260416666666,0.00244140625,train/plastic/augv9_plastic_train_original_026.jpg,plastic,0.0,train/plastic/augv9_plastic_train_original_026.jpg,0.0,False
data/images/e7e5cb6d-bffd-4214-aa21-da05d6741d00.jpg,5b5e695af58d17117607bacd2949f46c7d3e348f59e9303597cce6e2dc574644,UNKNOWN,NOT_EVALUATED,True,organic,organic,0.99609375,organic,0.785156,True,2026-08-11T13:51:16.667835Z,382706,tinycnn-v9-balanced-esp-contract,exact_train_file,0.00390625,0.00390625,0.99609375,120.10831705729167,42.49016892842556,35.523193359375,272.8522644042969,0.052408854166666664,0.028157552083333332,0.000732421875,train/organic/augv9_organic_train_original_018.jpg,organic,1.1920928955078125e-07,train/organic/augv9_organic_train_original_018.jpg,1.1920928955078125e-07,False
data/images/e8c93367-7b40-42e5-926a-f8832a6589e5.jpg,256c0a18fcc7a7038ab46ed2ea26860bb2be5de08717135ffff7fce039c7fc4c,UNKNOWN,NOT_EVALUATED,True,paper,paper,0.99609375,organic,0.605469,False,2026-08-11T13:32:39.999498Z,382043,tinycnn-v9-balanced-esp-contract,exact_train_file,0.99609375,0.0,0.0,124.17277018229167,44.413081709068585,27.526041666666668,189.4886016845703,0.042317708333333336,0.095947265625,0.0,train/paper/augv9_paper_train_original_101.jpg,paper,0.0,train/paper/augv9_paper_train_original_101.jpg,0.0,False
data/images/e8cac581-2db8-498a-84dc-2ed19b828365.jpg,7f16b638ed7ecdeac1cc64436b25cbcf6e60dd2a217b7d7610f76354a5f70705,UNKNOWN,NOT_EVALUATED,True,organic,organic,0.99609375,organic,1.0,True,2026-08-11T13:52:46.719509Z,382274,tinycnn-v9-balanced-esp-contract,exact_train_file,0.0,0.0,0.99609375,124.96728515625,55.722331781486695,44.782633463541664,455.5120544433594,0.07584635416666667,0.052083333333333336,0.09676106770833333,train/organic/augv9_organic_train_original_019.jpg,organic,0.0,train/organic/augv9_organic_train_original_019.jpg,0.0,False
data/images/e91fd5f8-66e2-4abb-ae22-d909158c112f.jpg,dada3c4bb2800aada60e45f2145b8a3179faabeaf36bf81de2d7bada993c054d,UNKNOWN,NOT_EVALUATED,True,paper,paper,0.99609375,plastic,0.945312,False,2026-08-11T12:46:32.526332Z,383068,tinycnn-v9-balanced-esp-contract,exact_train_file,0.99609375,0.0,0.0,133.99568684895834,35.25685001433319,33.539713541666664,271.24346923828125,0.02880859375,0.0,0.011311848958333334,train/paper/augv9_paper_train_original_102.jpg,paper,0.0,train/paper/augv9_paper_train_original_102.jpg,0.0,False
data/images/e9dd6578-4b15-4a72-9c0a-32e66b6ba58e.jpg,93bc200bfeffef320f9ebe3a7bd70ecb1114c0ab999a3715b19a828a228573b6,UNKNOWN,NOT_EVALUATED,True,paper,paper,0.99609375,organic,0.910156,False,2026-08-11T13:07:24.644658Z,381700,tinycnn-v9-balanced-esp-contract,exact_train_file,0.99609375,0.0,0.0,122.97102864583333,55.986342216895224,39.460205078125,392.9676513671875,0.07666015625,0.09773763020833333,0.06892903645833333,train/paper/augv9_paper_train_original_103.jpg,paper,0.0,train/paper/augv9_paper_train_original_103.jpg,0.0,False
data/images/ea832acc-9f32-4d48-9ad1-a9ad25667819.jpg,af74740deaeeb17a8c9a7449fe163b400494405f25d4ae695843cfa78dfbe350,UNKNOWN,NOT_EVALUATED,True,plastic,plastic,0.984375,plastic,0.914062,True,2026-08-11T14:24:39.480040Z,382481,tinycnn-v9-balanced-esp-contract,heldout_test,0.015625,0.984375,0.0,128.67683919270834,38.73211924531442,24.434651692708332,351.741943359375,0.045817057291666664,0.017659505208333332,0.0029296875,train/plastic/plastic_train_original_009.jpg,plastic,0.018675029277801514,train/plastic/plastic_train_original_009.jpg,0.018675029277801514,False
data/images/eab0f090-735d-4db0-b430-99d673597039.jpg,ebab8a4bd412fb14911ec726c39fcaa22a547427c3ac4bc2a4158f3489dbe3b4,UNKNOWN,NOT_EVALUATED,True,plastic,plastic,0.99609375,plastic,0.773438,True,2026-08-11T13:05:12.624665Z,383524,tinycnn-v9-balanced-esp-contract,exact_train_file,0.0,0.99609375,0.0,126.373046875,40.97179300086995,29.37353515625,196.9862518310547,0.031168619791666668,0.024820963541666668,0.00439453125,train/plastic/augv9_plastic_train_original_027.jpg,plastic,-1.1920928955078125e-07,train/plastic/augv9_plastic_train_original_027.jpg,-1.1920928955078125e-07,False
data/images/eb5adf75-d0f9-4eb3-8f87-18c391eacfaa.jpg,6f8f0d3751f83f9bba32791c2b400f463bf949c82bfa4c1625f6627a3e536545,UNKNOWN,NOT_EVALUATED,True,organic,organic,0.99609375,organic,1.0,True,2026-08-11T13:52:02.467883Z,383052,tinycnn-v9-balanced-esp-contract,heldout_test,0.0,0.0,0.99609375,142.85465494791666,52.492373278601164,31.01953125,403.4644470214844,0.050130208333333336,0.014729817708333334,0.142578125,train/organic/augv9_organic_train_original_006.jpg,organic,0.016123950481414795,train/organic/augv9_organic_train_original_006.jpg,0.016123950481414795,False
data/images/eb675384-3315-40da-a4cb-a2f9332bba69.jpg,e09ac6ec5007f2609e5b2916ff503f1a438096b2cb6ba552b192aa3791120175,UNKNOWN,NOT_EVALUATED,True,paper,paper,0.9921875,plastic,0.789062,False,2026-08-11T13:01:11.337564Z,383133,tinycnn-v9-balanced-esp-contract,exact_train_file,0.9921875,0.00390625,0.0,123.18310546875,52.83419950895345,26.292724609375,124.06219482421875,0.012532552083333334,0.063232421875,0.057373046875,train/paper/augv9_paper_train_original_104.jpg,paper,0.0,train/paper/augv9_paper_train_original_104.jpg,0.0,False
data/images/ec2e8b64-1a01-4f0d-81ff-da51437b4b59.jpg,f41fadf573dd0d824f32cdaaaffeb26d72b060f764f02ea16b2c6d044ac33254,UNKNOWN,NOT_EVALUATED,False,plastic,plastic,0.76171875,plastic,0.417969,True,2026-08-11T14:24:16.271458Z,382987,tinycnn-v9-balanced-esp-contract,unseen,0.1640625,0.76171875,0.07421875,127.20808919270833,39.18504415227834,23.140950520833332,140.51950073242188,0.019205729166666668,0.019856770833333332,0.0,train/plastic/plastic_train_original_011.jpg,plastic,0.08404630422592163,train/plastic/plastic_train_original_011.jpg,0.08404630422592163,True
data/images/ecb21d6d-d87b-4bd3-867f-9e690dabc8c3.jpg,500c89420ad74568706f5d176f23d645a5e6c49ce7f1e49f35197e79cbee3f16,UNKNOWN,NOT_EVALUATED,True,paper,paper,0.99609375,plastic,0.507812,False,2026-08-11T13:10:18.170437Z,382074,tinycnn-v9-balanced-esp-contract,exact_train_file,0.99609375,0.0,0.0,126.05948893229167,44.048671287414855,32.510823567708336,175.78321838378906,0.034912109375,0.058837890625,0.0004069010416666667,train/paper/augv9_paper_train_original_105.jpg,paper,0.0,train/paper/augv9_paper_train_original_105.jpg,0.0,False
data/images/ed01d071-f456-4531-b89e-393ff9d48030.jpg,1ede2274f2c225b00236c8848a02fe6c88f0a6a88ffd906487cf21334a161a0f,UNKNOWN,NOT_EVALUATED,True,paper,paper,0.99609375,plastic,0.949219,False,2026-08-11T13:03:52.304142Z,383150,tinycnn-v9-balanced-esp-contract,exact_train_file,0.99609375,0.0,0.0,123.744140625,41.96121757971152,42.811360677083336,356.0340576171875,0.06681315104166667,0.014485677083333334,0.032389322916666664,train/paper/augv9_paper_train_original_106.jpg,paper,0.0,train/paper/augv9_paper_train_original_106.jpg,0.0,False
data/images/ed180c1a-cd62-43e2-b424-c6143bd24eb8.jpg,35b6626ab2d5f6d27733072a0ff69d73594d3ef251aecc61553694b83ee65806,UNKNOWN,NOT_EVALUATED,True,organic,organic,0.99609375,organic,0.976562,True,2026-08-11T14:04:51.928772Z,383154,tinycnn-v9-balanced-esp-contract,exact_train_file,0.00390625,0.0,0.99609375,120.05436197916667,50.658943808018456,34.028564453125,184.8048095703125,0.026123046875,0.09529622395833333,0.0,train/organic/augv9_organic_train_original_020.jpg,organic,-1.1920928955078125e-07,train/organic/augv9_organic_train_original_020.jpg,-1.1920928955078125e-07,False
data/images/edea9fa3-acb3-40d5-9eaf-6473bcdf41b2.jpg,e07d2fcf3df7a5ada243069d669b03bca09af2428aff313cfead324504cd9a93,UNKNOWN,NOT_EVALUATED,True,paper,paper,0.99609375,organic,0.945312,False,2026-08-11T13:06:50.606187Z,383211,tinycnn-v9-balanced-esp-contract,exact_train_file,0.99609375,0.0,0.0,129.7333984375,55.24433079570433,37.498779296875,176.54222106933594,0.029947916666666668,0.08317057291666667,0.082275390625,train/paper/augv9_paper_train_original_107.jpg,paper,0.0,train/paper/augv9_paper_train_original_107.jpg,0.0,False
data/images/eea9657a-b639-4c6b-afa4-d2e1ef21d3c1.jpg,9c19ac6ef576f725fa59ce3958da2944d8631b7762db0b92fc6e459947653f2e,UNKNOWN,NOT_EVALUATED,False,organic,organic,0.953125,organic,0.5625,True,2026-08-08T08:10:58.406190Z,382703,tinycnn-v9-balanced-esp-contract,unseen,0.046875,0.0,0.953125,108.28458658854167,76.36987663141521,41.57470703125,407.93212890625,0.034993489583333336,0.3868001302083333,0.03857421875,train/organic/augv9_organic_train_original_015.jpg,organic,0.0672370195388794,train/organic/augv9_organic_train_original_015.jpg,0.0672370195388794,True
data/images/eeb59ade-372f-428d-bf0f-a1a47c3180ae.jpg,1c7c05ddb965b97c78480bde56ac7a1cb31058643d96b67bc966681486ec71e5,UNKNOWN,NOT_EVALUATED,True,paper,paper,0.99609375,plastic,0.613281,False,2026-08-11T13:49:52.078197Z,383144,tinycnn-v9-balanced-esp-contract,exact_train_file,0.99609375,0.0,0.0,121.02628580729167,51.648397919238924,23.506184895833332,614.6793212890625,0.123779296875,0.09635416666666667,0.036051432291666664,train/paper/augv9_paper_train_original_108.jpg,paper,-1.1920928955078125e-07,train/paper/augv9_paper_train_original_108.jpg,-1.1920928955078125e-07,False
data/images/ef79d1dc-5abc-4f95-985c-83ad2f478fef.jpg,880b2031a953d883623b9ab6b152e3290c33acee9b8109106f907e4048a4c779,UNKNOWN,NOT_EVALUATED,False,plastic,plastic,0.4453125,paper,0.773438,False,2026-08-08T08:57:14.580851Z,383053,tinycnn-v9-balanced-esp-contract,unseen,0.33984375,0.4453125,0.21875,133.15576171875,30.543993459664954,17.809163411458332,184.5103759765625,0.018147786458333332,0.0021158854166666665,0.0003255208333333333,train/plastic/plastic_train_original_011.jpg,plastic,0.17168664932250977,train/plastic/plastic_train_original_011.jpg,0.17168664932250977,True
data/images/f027ccf5-ade4-49ef-8fc1-1ece900c0cd1.jpg,7f9805037d3b3ae5149fd550f49bb04c8ab38bd5baa70fedfc24e1085eaf8c28,UNKNOWN,NOT_EVALUATED,True,paper,paper,0.99609375,paper,0.824219,True,2026-08-11T13:33:17.433480Z,383118,tinycnn-v9-balanced-esp-contract,exact_train_file,0.99609375,0.0,0.0,127.96305338541667,43.55748307193902,24.479085286458332,161.6419219970703,0.031168619791666668,0.034993489583333336,0.00244140625,train/paper/augv9_paper_train_original_109.jpg,paper,0.0,train/paper/augv9_paper_train_original_109.jpg,0.0,False
data/images/f0fc7621-4861-4e0f-a6e5-78982f4e4d6c.jpg,f60969861f106de54626b4800bcf18a2434e6b2a5b54eb5d74b8e2e77cfceefb,UNKNOWN,NOT_EVALUATED,True,paper,paper,0.99609375,paper,0.503906,True,2026-08-11T13:50:19.027419Z,382043,tinycnn-v9-balanced-esp-contract,exact_train_file,0.99609375,0.00390625,0.0,119.99601236979167,49.681912032321655,26.819254557291668,363.0565490722656,0.116455078125,0.07560221354166667,0.025065104166666668,train/paper/augv9_paper_train_original_110.jpg,paper,0.0,train/paper/augv9_paper_train_original_110.jpg,0.0,False
data/images/f2513e44-5d15-42bb-aae5-5e19d866d0e5.jpg,ba1bf55b92646f80f2bab16b9a1d1a813872f1a18fd0216f20342f2507a319cf,UNKNOWN,NOT_EVALUATED,True,paper,paper,0.9921875,paper,0.47451,True,2026-08-11T13:17:34.377665Z,383172,tinycnn-v9-balanced-esp-contract,exact_train_file,0.9921875,0.0078125,0.0,126.00830078125,42.95221760867861,25.298177083333332,121.94158172607422,0.0205078125,0.033447265625,0.024088541666666668,train/paper/augv9_paper_train_original_111.jpg,paper,5.960464477539063e-08,train/paper/augv9_paper_train_original_111.jpg,5.960464477539063e-08,False
data/images/f3f964a3-065a-4b82-8a45-9eefc18b845e.jpg,f8b517e8c32cb26fca536feb677e1febb82972dee29829adb983b4452ac38ca5,UNKNOWN,NOT_EVALUATED,True,paper,paper,0.99609375,organic,0.589844,False,2026-08-11T12:49:46.752429Z,383185,tinycnn-v9-balanced-esp-contract,exact_train_file,0.99609375,0.00390625,0.0,126.679931640625,48.28319016727977,33.544026692708336,207.3265380859375,0.049886067708333336,0.016031901041666668,0.07161458333333333,train/paper/augv9_paper_train_original_112.jpg,paper,-1.1920928955078125e-07,train/paper/augv9_paper_train_original_112.jpg,-1.1920928955078125e-07,False
data/images/f6b07b56-00b3-4c43-b16d-6d35d7a759b5.jpg,4f2ea4ca08220b6647e9db79c6ecaf17008ac7c17c45809e4e5d63831a8901ce,UNKNOWN,NOT_EVALUATED,True,paper,paper,0.99609375,plastic,0.75,False,2026-08-11T13:30:57.278246Z,380993,tinycnn-v9-balanced-esp-contract,exact_train_file,0.99609375,0.0,0.0,125.130615234375,44.30685546970891,22.116861979166668,191.3318328857422,0.045166015625,0.038411458333333336,8.138020833333333e-05,train/paper/augv9_paper_train_original_113.jpg,paper,0.0,train/paper/augv9_paper_train_original_113.jpg,0.0,False
data/images/f80a1882-d4a1-4141-9d28-41c94cba8bc2.jpg,b59b04e00247f8065edc8a69b23e4c218ea77c49031b496e74a82339e49fa6d4,UNKNOWN,NOT_EVALUATED,True,paper,paper,0.99609375,organic,0.808594,False,2026-08-11T13:04:34.599250Z,383015,tinycnn-v9-balanced-esp-contract,exact_train_file,0.99609375,0.0,0.0,123.78328450520833,54.19437784247421,48.5595703125,455.27783203125,0.041341145833333336,0.08837890625,0.06583658854166667,train/paper/augv9_paper_train_original_114.jpg,paper,5.960464477539063e-08,train/paper/augv9_paper_train_original_114.jpg,5.960464477539063e-08,False
data/images/f879b907-4010-433a-bd63-27062b7ae7c6.jpg,acadde290c63a0390a2fc34396e017589599cc29e3c631d074f7c7886abd2be2,UNKNOWN,NOT_EVALUATED,True,plastic,plastic,0.99609375,plastic,0.675781,True,2026-08-08T08:32:25.016603Z,382132,tinycnn-v9-balanced-esp-contract,exact_train_file,0.0,0.99609375,0.0,128.06266276041666,30.523278862945308,18.160400390625,229.9735565185547,0.025065104166666668,0.007731119791666667,0.002197265625,train/plastic/augv9_plastic_train_original_028.jpg,plastic,0.0,train/plastic/augv9_plastic_train_original_028.jpg,0.0,False
data/images/f890c3ed-70be-433f-b8a8-249345c6fa72.jpg,9bedffe398377203e5a50a62bc445d44006d4f52cca53a5514d8e7187e75eced,UNKNOWN,NOT_EVALUATED,True,paper,paper,0.99609375,plastic,0.410156,False,2026-08-11T13:43:26.410754Z,383007,tinycnn-v9-balanced-esp-contract,exact_train_file,0.99609375,0.0,0.0,122.75056966145833,47.46623019701048,32.93603515625,153.0252685546875,0.039794921875,0.048258463541666664,0.005045572916666667,train/paper/augv9_paper_train_original_115.jpg,paper,0.0,train/paper/augv9_paper_train_original_115.jpg,0.0,False
data/images/fab8b5b9-4924-4feb-84e6-bd1a5f1b9ffc.jpg,5e1715fa7ae08011a4041fb5643b646bf41c2cd57596a398a2e7ae00611729ac,UNKNOWN,NOT_EVALUATED,False,paper,paper,0.66015625,plastic,0.443137,False,2026-08-11T14:26:52.493220Z,383077,tinycnn-v9-balanced-esp-contract,unseen,0.66015625,0.29296875,0.046875,143.926513671875,41.43025507170398,20.118896484375,155.80429077148438,0.01904296875,0.006754557291666667,0.0008138020833333334,train/paper/augv9_paper_train_original_092.jpg,paper,0.10600531101226807,train/paper/augv9_paper_train_original_092.jpg,0.10600531101226807,True
data/images/fbb75e58-a9e1-45ff-a86d-dbf9dbcb3cfb.jpg,4d0dc88bae8bc287cde40fb55e0ddcc7519d87c4adaac2918e225eff01a799f3,UNKNOWN,NOT_EVALUATED,False,paper,paper,0.97265625,paper,0.351562,True,2026-08-11T12:53:58.450280Z,382368,tinycnn-v9-balanced-esp-contract,unseen,0.97265625,0.02734375,0.0,160.29931640625,36.96991350735126,25.238850911458332,301.7189636230469,0.047119140625,0.00016276041666666666,0.12223307291666667,train/paper/augv9_paper_train_original_060.jpg,paper,0.02985161542892456,train/paper/augv9_paper_train_original_060.jpg,0.02985161542892456,False
data/images/fc87e31a-5aff-44b9-9d8c-453e19120835.jpg,eda45a2e9c1822a9cb0f53bab6770612fff273381e00c8e480bc41effc922dbb,UNKNOWN,NOT_EVALUATED,True,paper,paper,0.99609375,plastic,0.507812,False,2026-08-11T14:33:10.151826Z,382579,tinycnn-v9-balanced-esp-contract,exact_train_file,0.99609375,0.0,0.0,121.02840169270833,49.66820665766626,30.939615885416668,203.5030059814453,0.052978515625,0.044352213541666664,0.023600260416666668,train/paper/augv9_paper_train_original_116.jpg,paper,0.0,train/paper/augv9_paper_train_original_116.jpg,0.0,False
data/images/fcb840f7-bd50-486f-b397-703b44bb5441.jpg,5503a363fe91cc3081fe747cc03b3aee4cfb963ba160c2d3b5957008bcf9bc20,UNKNOWN,NOT_EVALUATED,True,paper,paper,0.9921875,plastic,0.585938,False,2026-08-11T13:41:54.843171Z,383130,tinycnn-v9-balanced-esp-contract,exact_train_file,0.9921875,0.0078125,0.0,125.14274088541667,44.198572428610525,25.089599609375,141.87425231933594,0.030436197916666668,0.105224609375,0.0,train/paper/augv9_paper_train_original_117.jpg,paper,-1.1920928955078125e-07,train/paper/augv9_paper_train_original_117.jpg,-1.1920928955078125e-07,False
data/images/fcd246df-8539-424d-b417-36c64d269d89.jpg,53d684bb643923a9218428d6882baf03575c15005b3f51a047379ddd27871e0a,UNKNOWN,NOT_EVALUATED,True,paper,paper,0.99609375,paper,0.566406,True,2026-08-08T08:26:46.908207Z,383014,tinycnn-v9-balanced-esp-contract,exact_train_file,0.99609375,0.0,0.0,150.26017252604166,34.72274067181192,30.117594401041668,293.1084289550781,0.050618489583333336,0.0,0.019938151041666668,train/paper/augv9_paper_train_original_118.jpg,paper,0.0,train/paper/augv9_paper_train_original_118.jpg,0.0,False
data/images/fd155bfa-f9cc-417a-b434-797e67826352.jpg,a074e87f9fa58a07f2322f0b9ea30fac6c6fc30ed2bd4678171df6268acdd7ad,UNKNOWN,NOT_EVALUATED,False,paper,paper,0.99609375,paper,0.964844,True,2026-08-11T13:27:53.186723Z,383022,tinycnn-v9-balanced-esp-contract,unseen,0.99609375,0.0,0.0,126.95068359375,52.035676202390135,24.055582682291668,157.84873962402344,0.050862630208333336,0.10359700520833333,0.019612630208333332,train/paper/paper_train_original_001.jpg,paper,0.014310717582702637,train/paper/paper_train_original_001.jpg,0.014310717582702637,False
data/images/fd19dcec-4d51-4732-8c57-0a45d5ec2905.jpg,2c5d1ee00bbb35d4fe1f0cad7c3190700852433368f18240ef5aa44bf2f6a25e,UNKNOWN,NOT_EVALUATED,False,plastic,plastic,0.5859375,plastic,0.582031,True,2026-08-11T12:51:31.248102Z,382371,tinycnn-v9-balanced-esp-contract,unseen,0.41015625,0.5859375,0.00390625,160.11979166666666,47.01933305786672,24.502115885416668,88.00384521484375,0.011149088541666666,0.0,0.24674479166666666,train/paper/augv9_paper_train_original_064.jpg,paper,0.08629405498504639,train/plastic/augv9_plastic_train_original_005.jpg,0.09951508045196533,True
data/images/fd4ef339-4664-448f-a422-25b9f11c3cc7.jpg,bb10af9f69c38e51f48ab98879307d6fe56e2595ac05b4bfae0006a7ffdfbe40,UNKNOWN,NOT_EVALUATED,True,paper,paper,0.99609375,plastic,0.84375,False,2026-08-11T12:53:14.104400Z,383168,tinycnn-v9-balanced-esp-contract,exact_train_file,0.99609375,0.0,0.0,132.25203450520834,42.71907237550705,26.777750651041668,172.09071350097656,0.012044270833333334,0.022216796875,0.009684244791666666,train/paper/augv9_paper_train_original_119.jpg,paper,-2.384185791015625e-07,train/paper/augv9_paper_train_original_119.jpg,-2.384185791015625e-07,False
data/images/fdc7606e-699d-4b1b-bda0-d468c1afabab.jpg,deb7607bf97d64235fbfad81853755fb381a19e799c295964ea699238e6daa5b,UNKNOWN,NOT_EVALUATED,True,paper,paper,0.99609375,plastic,0.51751,False,2026-08-11T12:51:50.012959Z,383139,tinycnn-v9-balanced-esp-contract,exact_train_file,0.99609375,0.0,0.0,126.99055989583333,45.14913159808854,29.095133463541668,850.9586791992188,0.13094075520833334,0.0302734375,0.029622395833333332,train/paper/augv9_paper_train_original_120.jpg,paper,-1.1920928955078125e-07,train/paper/augv9_paper_train_original_120.jpg,-1.1920928955078125e-07,False
data/images/fe292d4a-8a27-47e1-b617-11421758474e.jpg,c9b712a2b6c28af43b4fa9b0d35230d2454fb7befca049fbfd90da28beeefa49,UNKNOWN,NOT_EVALUATED,True,paper,paper,0.99609375,plastic,0.910156,False,2026-08-11T12:42:29.231584Z,382024,tinycnn-v9-balanced-esp-contract,exact_train_file,0.99609375,0.0,0.0,123.862548828125,48.192862431451495,29.841145833333332,162.61245727539062,0.03173828125,0.06453450520833333,0.017496744791666668,train/paper/augv9_paper_train_original_121.jpg,paper,-1.1920928955078125e-07,train/paper/augv9_paper_train_original_121.jpg,-1.1920928955078125e-07,False
data/images/fe45d128-a7df-47cf-96cc-fbe51ea6ccfe.jpg,0c5ca2ffe538b7ac7fe585c6122d83dec119b8a036562e7c269ec8b39bb5f125,UNKNOWN,NOT_EVALUATED,True,paper,paper,0.99609375,paper,0.585938,True,2026-08-11T13:02:22.767914Z,383217,tinycnn-v9-balanced-esp-contract,exact_train_file,0.99609375,0.0,0.0,126.14265950520833,54.091657989201835,33.94921875,218.64410400390625,0.037434895833333336,0.07804361979166667,0.03857421875,train/paper/augv9_paper_train_original_122.jpg,paper,0.0,train/paper/augv9_paper_train_original_122.jpg,0.0,False
data/images/fe8b5593-461d-4af0-8f64-651ee922c975.jpg,541140e8113a624703dd6dfe930e8263a6c3177a09df1a5c13b5b9a3a57cbd3f,UNKNOWN,NOT_EVALUATED,True,paper,paper,0.99609375,organic,0.65098,False,2026-08-11T12:55:51.681501Z,383236,tinycnn-v9-balanced-esp-contract,exact_train_file,0.99609375,0.0,0.0,136.99373372395834,44.28275377274234,25.814534505208332,409.2124328613281,0.13134765625,0.0029296875,0.072998046875,train/paper/augv9_paper_train_original_123.jpg,paper,5.960464477539063e-08,train/paper/augv9_paper_train_original_123.jpg,5.960464477539063e-08,False
data/images/ff7a19d6-c1f2-438f-b7d3-9b1990963d2d.jpg,9816649af476d9556908edcdf3f68b275fcc2c29952b0b0fbf8e6f0bf6db2398,UNKNOWN,NOT_EVALUATED,True,plastic,plastic,0.99609375,plastic,0.662745,True,2026-08-08T08:29:46.919921Z,383043,tinycnn-v9-balanced-esp-contract,exact_train_file,0.00390625,0.99609375,0.0,131.96875,33.71158597049141,16.400634765625,203.7729949951172,0.023193359375,0.01123046875,0.0005696614583333334,train/plastic/augv9_plastic_train_original_029.jpg,plastic,0.0,train/plastic/augv9_plastic_train_original_029.jpg,0.0,False
