relative_path,split,label,label_id,kind,visual_group,source_group,source_relative_path,source_name,augmentation,source_sha256,sha256,width,height
train/organic/organic_train_aug_001_v9_color_noise.jpg,train,organic,2,generated_augmentation,cucumber,organic/b2585b68-2a94-480d-b8bd-c1a7e3f3e997,organic/b2585b68-2a94-480d-b8bd-c1a7e3f3e997.jpg,b2585b68-2a94-480d-b8bd-c1a7e3f3e997,v9_color_noise,2b82ef08b61cbf1f6803cd57c243609fddaf4e4d6e4ab1f4ef05545e17cf82bd,4b4f1657bbf65a43ed00479b723c78d09a0a2280c79b3ebaea15d2b03bbbfd32,320,240
train/organic/organic_train_aug_002_rotate_zoom.jpg,train,organic,2,generated_augmentation,cucumber,organic/6fe2210f-9266-462c-84d7-1810e02d795e,organic/6fe2210f-9266-462c-84d7-1810e02d795e.jpg,6fe2210f-9266-462c-84d7-1810e02d795e,rotate_zoom,5184984424f4bbd57780a16b90b296a51d7b6e0780359c2b80102139dfeec322,91e5bae2b5173615deb8b35049f34adf86dc03fb4d23597f1c83b09288bf5c66,320,240
train/organic/organic_train_aug_003_low_light_blur.jpg,train,organic,2,generated_augmentation,cucumber,organic/2ce2ee73-d1b7-4e56-87c3-d2bcbad90c45,organic/2ce2ee73-d1b7-4e56-87c3-d2bcbad90c45.jpg,2ce2ee73-d1b7-4e56-87c3-d2bcbad90c45,low_light_blur,b2b03d9a9fe6c13fe7bb0ccd73e2a560b019019d8cc8a98b259f17ae55ab3269,e447295018254ab49794072366f5fb336f922bc914ef29f8c0e627692e0c86f2,320,240
train/organic/organic_train_aug_004_bright_warm.jpg,train,organic,2,generated_augmentation,small_fruit,organic/6da78c88-e719-4ce5-8884-af59627a06e5,organic/6da78c88-e719-4ce5-8884-af59627a06e5.jpg,6da78c88-e719-4ce5-8884-af59627a06e5,bright_warm,33c0326cb1824fa5350c14ace2c4f14225708442fbb5091abffa5a377a1415a0,e0c2efe688f4aefdc1a3f0ca41d08c438e508859ab4d363c299085f0ef5a0fee,320,240
train/organic/organic_train_aug_005_cool_cast.jpg,train,organic,2,generated_augmentation,lime,organic/e7e5cb6d-bffd-4214-aa21-da05d6741d00,organic/e7e5cb6d-bffd-4214-aa21-da05d6741d00.jpg,e7e5cb6d-bffd-4214-aa21-da05d6741d00,cool_cast,5b5e695af58d17117607bacd2949f46c7d3e348f59e9303597cce6e2dc574644,4bc9141977d4b4d3e71cfe99358b2c99f9ca0cba7c5ca98076fb3c222ff71858,320,240
train/organic/organic_train_aug_006_sensor_noise.jpg,train,organic,2,generated_augmentation,chili,organic/5b19b28c-d021-45ad-80a7-1609642dc69b,organic/5b19b28c-d021-45ad-80a7-1609642dc69b.jpg,5b19b28c-d021-45ad-80a7-1609642dc69b,sensor_noise,9e793bf0bdcfc4609a8b00a5458f0c1be2f4180f860e320aa6cf111fafca45e4,712c1cc47d263548ee160b531bdc7a11ccfc793ded6ba99a75035b2c58ad0925,320,240
train/organic/organic_train_aug_007_soft_focus_scale.jpg,train,organic,2,generated_augmentation,cucumber,organic/38901fe7-33a3-46e1-acd9-1e3113e395f0,organic/38901fe7-33a3-46e1-acd9-1e3113e395f0.jpg,38901fe7-33a3-46e1-acd9-1e3113e395f0,soft_focus_scale,621ade6e55376fd27261f110bfa2cc2b57b6f42299224c339816c42a73326fa9,229353b7d7c257178ec2419da801590e43f6b2fbd519abf27aeef963d36e93fe,320,240
train/organic/organic_train_aug_008_v9_color_noise.jpg,train,organic,2,generated_augmentation,chili,organic/afa1a907-bc43-4caf-8b03-16f253ade7f5,organic/afa1a907-bc43-4caf-8b03-16f253ade7f5.jpg,afa1a907-bc43-4caf-8b03-16f253ade7f5,v9_color_noise,934504c4a65a6feb19151ad21a64fb9d91887da9697cb0468c3608a55900e1ff,b2e86e31166b947907c21238e2c6317d3b68d889840cf6e74ae65815fa9b025f,320,240
train/organic/organic_train_aug_009_rotate_zoom.jpg,train,organic,2,generated_augmentation,lime,organic/c364827b-3a38-46d8-961b-fbe6e2b5ea59,organic/c364827b-3a38-46d8-961b-fbe6e2b5ea59.jpg,c364827b-3a38-46d8-961b-fbe6e2b5ea59,rotate_zoom,8bb604bcee753ddfc857661349d3dd5bb72e4fa3677d9290abeb42e22025054b,b2fdd7cb20f5b3945ad7a94b9b438c2c6a44b7eb05f8b7734af8eb85e4b68986,320,240
train/organic/organic_train_aug_010_low_light_blur.jpg,train,organic,2,generated_augmentation,cucumber,organic/c8b51d2b-e3d3-449b-a924-6ffb71cea846,organic/c8b51d2b-e3d3-449b-a924-6ffb71cea846.jpg,c8b51d2b-e3d3-449b-a924-6ffb71cea846,low_light_blur,12a4845386f0d6ecc304c496fa8de91bee864e3ae04df68b79f31cd6f1cff9a0,d6cdfffb5a3355101a191bd0ca37b7688822fe4a2af77ed00cb459284476b681,320,240
train/organic/organic_train_aug_011_bright_warm.jpg,train,organic,2,generated_augmentation,lime,organic/d1e769cc-f9bc-4644-8af5-829dff6f9729,organic/d1e769cc-f9bc-4644-8af5-829dff6f9729.jpg,d1e769cc-f9bc-4644-8af5-829dff6f9729,bright_warm,cf9da5f62433c74a216834366e01747cc414c84c3941373cef62fcd910310aba,74b25b9fef4e9ce8cd918ae4b6a86bbbae036558074f44f00d9c30e43776d25b,320,240
train/organic/organic_train_aug_012_cool_cast.jpg,train,organic,2,generated_augmentation,cucumber,organic/1bbe3524-aed4-4163-b2d9-8368fc54429f,organic/1bbe3524-aed4-4163-b2d9-8368fc54429f.jpg,1bbe3524-aed4-4163-b2d9-8368fc54429f,cool_cast,1cd209997e4e4859676cfe8623ef1dd6d96dbb27e630e462fe1956aa57d9befe,c5d730d151d18784a18d808f43865f83568ebe775e4a1cb436a4421260c81d90,320,240
train/organic/organic_train_aug_013_sensor_noise.jpg,train,organic,2,generated_augmentation,lime,organic/de5ac588-8dc7-42f3-92df-ba5203d84191,organic/de5ac588-8dc7-42f3-92df-ba5203d84191.jpg,de5ac588-8dc7-42f3-92df-ba5203d84191,sensor_noise,9b4af0592163fbc74425f01492ad188d540b0d2d58c25dd754287f9c0571390d,6e918709efbbb82ce28045733e9b781bd3e292a0c1c5017275220a20f13bc6a3,320,240
train/organic/organic_train_aug_014_soft_focus_scale.jpg,train,organic,2,generated_augmentation,lime,organic/9cb80350-e1f8-4d23-ba06-c67746404c9c,organic/9cb80350-e1f8-4d23-ba06-c67746404c9c.jpg,9cb80350-e1f8-4d23-ba06-c67746404c9c,soft_focus_scale,caea67389d7c21010494cada20405d12fa7356e2e1bd4df64c339a3d31eed81d,e729431b435cd6611b8ae39d8056ea8a23bc223d9ec54bdae312c1935d078ccc,320,240
train/organic/organic_train_aug_015_v9_color_noise.jpg,train,organic,2,generated_augmentation,cucumber,organic/ed180c1a-cd62-43e2-b424-c6143bd24eb8,organic/ed180c1a-cd62-43e2-b424-c6143bd24eb8.jpg,ed180c1a-cd62-43e2-b424-c6143bd24eb8,v9_color_noise,35b6626ab2d5f6d27733072a0ff69d73594d3ef251aecc61553694b83ee65806,19e8f52c556d62eab135a972d44e4e2cc06432f5fc7ecb78e50be881a327f9f2,320,240
train/organic/organic_train_aug_016_rotate_zoom.jpg,train,organic,2,generated_augmentation,cucumber,organic/37e8f933-178d-492c-b341-e40bb83dcc1e,organic/37e8f933-178d-492c-b341-e40bb83dcc1e.jpg,37e8f933-178d-492c-b341-e40bb83dcc1e,rotate_zoom,287e237fdf77ed28c1c86983e02282156c53fa5c165676e204d5ddc2244e5912,e90b976d7ee871addb1ee85fa96848db2640dc9614b70e4d2eb2f7d695a572ca,320,240
train/organic/organic_train_aug_017_low_light_blur.jpg,train,organic,2,generated_augmentation,cucumber,organic/e8cac581-2db8-498a-84dc-2ed19b828365,organic/e8cac581-2db8-498a-84dc-2ed19b828365.jpg,e8cac581-2db8-498a-84dc-2ed19b828365,low_light_blur,7f16b638ed7ecdeac1cc64436b25cbcf6e60dd2a217b7d7610f76354a5f70705,f00b600f4cae7bf114c026f425c172dc6fcff1a35de7e776205f63978ecfa743,320,240
train/organic/organic_train_aug_018_bright_warm.jpg,train,organic,2,generated_augmentation,lime,organic/ab069714-7214-4253-b632-59afae5663ed,organic/ab069714-7214-4253-b632-59afae5663ed.jpg,ab069714-7214-4253-b632-59afae5663ed,bright_warm,0796b457a4536fbbc5cd157b9434190379360165c5f02ddd19d41c439c4d4a9f,13ef8bb910a26071d7c55ecf8bf8000ce7e32483dfe191cb4657a35a25433ae7,320,240
train/organic/organic_train_aug_019_cool_cast.jpg,train,organic,2,generated_augmentation,lime,organic/d11aafc7-3a59-45c8-a333-ad9b762f2a3f,organic/d11aafc7-3a59-45c8-a333-ad9b762f2a3f.jpg,d11aafc7-3a59-45c8-a333-ad9b762f2a3f,cool_cast,d92ca08777646e1c5bcfe06a7b4ec85f4b9b740d9a83fb94a1a8ac8b7bf0bd19,e7b3b83732a6155f5c71a1cd084ce45de2d5545da51ea8280199cab236b381f4,320,240
train/organic/organic_train_aug_020_sensor_noise.jpg,train,organic,2,generated_augmentation,cucumber,organic/dad1b121-8cd0-4287-9842-d0304bb62253,organic/dad1b121-8cd0-4287-9842-d0304bb62253.jpg,dad1b121-8cd0-4287-9842-d0304bb62253,sensor_noise,19d7b05e365ac75aee4b3a6e83616ae8d075dc35a12f8ff950ebd80dbd314066,d278e7b98c1e8af0d57cae64d308f0fee996834d40a3dbcaea789b45e1a414b4,320,240
train/organic/organic_train_aug_021_soft_focus_scale.jpg,train,organic,2,generated_augmentation,cucumber,organic/b2585b68-2a94-480d-b8bd-c1a7e3f3e997,organic/b2585b68-2a94-480d-b8bd-c1a7e3f3e997.jpg,b2585b68-2a94-480d-b8bd-c1a7e3f3e997,soft_focus_scale,2b82ef08b61cbf1f6803cd57c243609fddaf4e4d6e4ab1f4ef05545e17cf82bd,aa9fb8328c0550ee7ff0b37e76c9cedafcdb1742ee1767b8f4852df317aa6ef1,320,240
train/organic/organic_train_aug_022_v9_color_noise.jpg,train,organic,2,generated_augmentation,cucumber,organic/6fe2210f-9266-462c-84d7-1810e02d795e,organic/6fe2210f-9266-462c-84d7-1810e02d795e.jpg,6fe2210f-9266-462c-84d7-1810e02d795e,v9_color_noise,5184984424f4bbd57780a16b90b296a51d7b6e0780359c2b80102139dfeec322,d984f1e0f8e09fae4f697cfcc44548977a64d87c6e6225f9a7bcb930a5ab3a5e,320,240
train/organic/organic_train_aug_023_rotate_zoom.jpg,train,organic,2,generated_augmentation,cucumber,organic/2ce2ee73-d1b7-4e56-87c3-d2bcbad90c45,organic/2ce2ee73-d1b7-4e56-87c3-d2bcbad90c45.jpg,2ce2ee73-d1b7-4e56-87c3-d2bcbad90c45,rotate_zoom,b2b03d9a9fe6c13fe7bb0ccd73e2a560b019019d8cc8a98b259f17ae55ab3269,c29b06225a4a5ce11aa0ff92b6f77ec814007851d217bc70b5f85b57d8d43f7c,320,240
train/organic/organic_train_aug_024_low_light_blur.jpg,train,organic,2,generated_augmentation,small_fruit,organic/6da78c88-e719-4ce5-8884-af59627a06e5,organic/6da78c88-e719-4ce5-8884-af59627a06e5.jpg,6da78c88-e719-4ce5-8884-af59627a06e5,low_light_blur,33c0326cb1824fa5350c14ace2c4f14225708442fbb5091abffa5a377a1415a0,5d87acab0ca2fdd879897c9954a0b91d38a8eddd7a4c8fcd8acb4eed5050189a,320,240
train/organic/organic_train_aug_025_bright_warm.jpg,train,organic,2,generated_augmentation,lime,organic/e7e5cb6d-bffd-4214-aa21-da05d6741d00,organic/e7e5cb6d-bffd-4214-aa21-da05d6741d00.jpg,e7e5cb6d-bffd-4214-aa21-da05d6741d00,bright_warm,5b5e695af58d17117607bacd2949f46c7d3e348f59e9303597cce6e2dc574644,56d5cc3947f0c5361d68ec13f7112b3125f8557ac0922782ee2e42679648bcca,320,240
train/organic/organic_train_aug_026_cool_cast.jpg,train,organic,2,generated_augmentation,chili,organic/5b19b28c-d021-45ad-80a7-1609642dc69b,organic/5b19b28c-d021-45ad-80a7-1609642dc69b.jpg,5b19b28c-d021-45ad-80a7-1609642dc69b,cool_cast,9e793bf0bdcfc4609a8b00a5458f0c1be2f4180f860e320aa6cf111fafca45e4,3a4df5a02709f5003391a7a1e56664f52a075208b0d6c01d7d530beed1edd34f,320,240
train/organic/organic_train_aug_027_sensor_noise.jpg,train,organic,2,generated_augmentation,cucumber,organic/38901fe7-33a3-46e1-acd9-1e3113e395f0,organic/38901fe7-33a3-46e1-acd9-1e3113e395f0.jpg,38901fe7-33a3-46e1-acd9-1e3113e395f0,sensor_noise,621ade6e55376fd27261f110bfa2cc2b57b6f42299224c339816c42a73326fa9,c322f519f9b087c8f0d0df4911a7639836974d44f0f7c6b6297e0421b733c89d,320,240
train/organic/organic_train_aug_028_soft_focus_scale.jpg,train,organic,2,generated_augmentation,chili,organic/afa1a907-bc43-4caf-8b03-16f253ade7f5,organic/afa1a907-bc43-4caf-8b03-16f253ade7f5.jpg,afa1a907-bc43-4caf-8b03-16f253ade7f5,soft_focus_scale,934504c4a65a6feb19151ad21a64fb9d91887da9697cb0468c3608a55900e1ff,b86658dfd294492f73ca1d6bd25302d8659d7ccac42c648e7f760360f0966e56,320,240
train/organic/organic_train_aug_029_v9_color_noise.jpg,train,organic,2,generated_augmentation,lime,organic/c364827b-3a38-46d8-961b-fbe6e2b5ea59,organic/c364827b-3a38-46d8-961b-fbe6e2b5ea59.jpg,c364827b-3a38-46d8-961b-fbe6e2b5ea59,v9_color_noise,8bb604bcee753ddfc857661349d3dd5bb72e4fa3677d9290abeb42e22025054b,16a216c051940cadbd44d798f1a41909e580f056279a08152dc9a282b49e810c,320,240
train/organic/organic_train_aug_030_rotate_zoom.jpg,train,organic,2,generated_augmentation,cucumber,organic/c8b51d2b-e3d3-449b-a924-6ffb71cea846,organic/c8b51d2b-e3d3-449b-a924-6ffb71cea846.jpg,c8b51d2b-e3d3-449b-a924-6ffb71cea846,rotate_zoom,12a4845386f0d6ecc304c496fa8de91bee864e3ae04df68b79f31cd6f1cff9a0,79f147a71a92596a4f38cb989898fb54fa7232a0f9de12a1758366307eec795d,320,240
train/organic/organic_train_aug_031_low_light_blur.jpg,train,organic,2,generated_augmentation,lime,organic/d1e769cc-f9bc-4644-8af5-829dff6f9729,organic/d1e769cc-f9bc-4644-8af5-829dff6f9729.jpg,d1e769cc-f9bc-4644-8af5-829dff6f9729,low_light_blur,cf9da5f62433c74a216834366e01747cc414c84c3941373cef62fcd910310aba,b161ae48b88c7a3d1dd436f9e892555a827f95d38a5731be24a0994e6579a59b,320,240
train/organic/organic_train_aug_032_bright_warm.jpg,train,organic,2,generated_augmentation,cucumber,organic/1bbe3524-aed4-4163-b2d9-8368fc54429f,organic/1bbe3524-aed4-4163-b2d9-8368fc54429f.jpg,1bbe3524-aed4-4163-b2d9-8368fc54429f,bright_warm,1cd209997e4e4859676cfe8623ef1dd6d96dbb27e630e462fe1956aa57d9befe,bf6f0e62acc6916b7626d32c747722be29f640adb8258e76a210aa21baa614ec,320,240
train/organic/organic_train_aug_033_cool_cast.jpg,train,organic,2,generated_augmentation,lime,organic/de5ac588-8dc7-42f3-92df-ba5203d84191,organic/de5ac588-8dc7-42f3-92df-ba5203d84191.jpg,de5ac588-8dc7-42f3-92df-ba5203d84191,cool_cast,9b4af0592163fbc74425f01492ad188d540b0d2d58c25dd754287f9c0571390d,b0bd498dca98d26cfa62d3c18d3fbfecb9d5c0baaafd098c35036680a0f43d82,320,240
train/organic/organic_train_aug_034_sensor_noise.jpg,train,organic,2,generated_augmentation,lime,organic/9cb80350-e1f8-4d23-ba06-c67746404c9c,organic/9cb80350-e1f8-4d23-ba06-c67746404c9c.jpg,9cb80350-e1f8-4d23-ba06-c67746404c9c,sensor_noise,caea67389d7c21010494cada20405d12fa7356e2e1bd4df64c339a3d31eed81d,02e743179936143fcc1fda9e471a62d5efcb1346e49c0780599effda7c794c33,320,240
train/organic/organic_train_aug_035_soft_focus_scale.jpg,train,organic,2,generated_augmentation,cucumber,organic/ed180c1a-cd62-43e2-b424-c6143bd24eb8,organic/ed180c1a-cd62-43e2-b424-c6143bd24eb8.jpg,ed180c1a-cd62-43e2-b424-c6143bd24eb8,soft_focus_scale,35b6626ab2d5f6d27733072a0ff69d73594d3ef251aecc61553694b83ee65806,a9f7c2c7422339a60dbb5af4a9775f501d64390bd92ef68682f3aa3de8575d7f,320,240
train/organic/organic_train_aug_036_v9_color_noise.jpg,train,organic,2,generated_augmentation,cucumber,organic/37e8f933-178d-492c-b341-e40bb83dcc1e,organic/37e8f933-178d-492c-b341-e40bb83dcc1e.jpg,37e8f933-178d-492c-b341-e40bb83dcc1e,v9_color_noise,287e237fdf77ed28c1c86983e02282156c53fa5c165676e204d5ddc2244e5912,fe6e184b8f26f67a2608b775cee4fc7d15f7588adbc9def350530baad9410675,320,240
train/organic/organic_train_aug_037_rotate_zoom.jpg,train,organic,2,generated_augmentation,cucumber,organic/e8cac581-2db8-498a-84dc-2ed19b828365,organic/e8cac581-2db8-498a-84dc-2ed19b828365.jpg,e8cac581-2db8-498a-84dc-2ed19b828365,rotate_zoom,7f16b638ed7ecdeac1cc64436b25cbcf6e60dd2a217b7d7610f76354a5f70705,ae4e770b399bdd0b6656ab54fc1fd3b57ce94663ffdf26e12c191cfcd984d78d,320,240
train/organic/organic_train_aug_038_low_light_blur.jpg,train,organic,2,generated_augmentation,lime,organic/ab069714-7214-4253-b632-59afae5663ed,organic/ab069714-7214-4253-b632-59afae5663ed.jpg,ab069714-7214-4253-b632-59afae5663ed,low_light_blur,0796b457a4536fbbc5cd157b9434190379360165c5f02ddd19d41c439c4d4a9f,9030b865fa1bed65c8aa160afebea6c5e10df8ea9952b1d0b2026bfd4bc73c5a,320,240
train/organic/organic_train_aug_039_bright_warm.jpg,train,organic,2,generated_augmentation,lime,organic/d11aafc7-3a59-45c8-a333-ad9b762f2a3f,organic/d11aafc7-3a59-45c8-a333-ad9b762f2a3f.jpg,d11aafc7-3a59-45c8-a333-ad9b762f2a3f,bright_warm,d92ca08777646e1c5bcfe06a7b4ec85f4b9b740d9a83fb94a1a8ac8b7bf0bd19,9e0a4e62e672dcbaeaa09d94c7519bcf44c9e65f906fd9cf2cb2fbbee4b8a084,320,240
train/organic/organic_train_aug_040_cool_cast.jpg,train,organic,2,generated_augmentation,cucumber,organic/dad1b121-8cd0-4287-9842-d0304bb62253,organic/dad1b121-8cd0-4287-9842-d0304bb62253.jpg,dad1b121-8cd0-4287-9842-d0304bb62253,cool_cast,19d7b05e365ac75aee4b3a6e83616ae8d075dc35a12f8ff950ebd80dbd314066,450fb4da552c946fd90a988e4212f1f6cf588f83b39e935ed571a9d544050659,320,240
train/organic/organic_train_aug_041_sensor_noise.jpg,train,organic,2,generated_augmentation,cucumber,organic/b2585b68-2a94-480d-b8bd-c1a7e3f3e997,organic/b2585b68-2a94-480d-b8bd-c1a7e3f3e997.jpg,b2585b68-2a94-480d-b8bd-c1a7e3f3e997,sensor_noise,2b82ef08b61cbf1f6803cd57c243609fddaf4e4d6e4ab1f4ef05545e17cf82bd,89eebcba523c944504417551997294c47f89505eeaab3b15c49a4f342b378ef8,320,240
train/organic/organic_train_aug_042_soft_focus_scale.jpg,train,organic,2,generated_augmentation,cucumber,organic/6fe2210f-9266-462c-84d7-1810e02d795e,organic/6fe2210f-9266-462c-84d7-1810e02d795e.jpg,6fe2210f-9266-462c-84d7-1810e02d795e,soft_focus_scale,5184984424f4bbd57780a16b90b296a51d7b6e0780359c2b80102139dfeec322,47e8ae7608b30b026d0733cb09d505c0786e20eecc640e1533f3a1bdc1bb347e,320,240
train/organic/organic_train_aug_043_v9_color_noise.jpg,train,organic,2,generated_augmentation,cucumber,organic/2ce2ee73-d1b7-4e56-87c3-d2bcbad90c45,organic/2ce2ee73-d1b7-4e56-87c3-d2bcbad90c45.jpg,2ce2ee73-d1b7-4e56-87c3-d2bcbad90c45,v9_color_noise,b2b03d9a9fe6c13fe7bb0ccd73e2a560b019019d8cc8a98b259f17ae55ab3269,477fb8ccc7fc5ff6e749b735b4ca5a0d00093c241efbbe96b553b5fdca209d6a,320,240
train/organic/organic_train_aug_044_rotate_zoom.jpg,train,organic,2,generated_augmentation,small_fruit,organic/6da78c88-e719-4ce5-8884-af59627a06e5,organic/6da78c88-e719-4ce5-8884-af59627a06e5.jpg,6da78c88-e719-4ce5-8884-af59627a06e5,rotate_zoom,33c0326cb1824fa5350c14ace2c4f14225708442fbb5091abffa5a377a1415a0,c543bace6bd01ae5601af515d794186074c3386ef84f6e35eac1226c0b4f7606,320,240
train/organic/organic_train_aug_045_low_light_blur.jpg,train,organic,2,generated_augmentation,lime,organic/e7e5cb6d-bffd-4214-aa21-da05d6741d00,organic/e7e5cb6d-bffd-4214-aa21-da05d6741d00.jpg,e7e5cb6d-bffd-4214-aa21-da05d6741d00,low_light_blur,5b5e695af58d17117607bacd2949f46c7d3e348f59e9303597cce6e2dc574644,a58c2f33aff5ad97d4d2315379fcf3e52f0fb32159933c087218337b53b8979e,320,240
train/organic/organic_train_aug_046_bright_warm.jpg,train,organic,2,generated_augmentation,chili,organic/5b19b28c-d021-45ad-80a7-1609642dc69b,organic/5b19b28c-d021-45ad-80a7-1609642dc69b.jpg,5b19b28c-d021-45ad-80a7-1609642dc69b,bright_warm,9e793bf0bdcfc4609a8b00a5458f0c1be2f4180f860e320aa6cf111fafca45e4,88884aaeabf192634cc5bcb8f8c6ccd26a45a5f3ceea9326391adfcb11574551,320,240
train/organic/organic_train_aug_047_cool_cast.jpg,train,organic,2,generated_augmentation,cucumber,organic/38901fe7-33a3-46e1-acd9-1e3113e395f0,organic/38901fe7-33a3-46e1-acd9-1e3113e395f0.jpg,38901fe7-33a3-46e1-acd9-1e3113e395f0,cool_cast,621ade6e55376fd27261f110bfa2cc2b57b6f42299224c339816c42a73326fa9,83f58a32538f274532a1715f5fbfbbd7a03b16c11baeae2e93932a25a2e8d315,320,240
train/organic/organic_train_aug_048_sensor_noise.jpg,train,organic,2,generated_augmentation,chili,organic/afa1a907-bc43-4caf-8b03-16f253ade7f5,organic/afa1a907-bc43-4caf-8b03-16f253ade7f5.jpg,afa1a907-bc43-4caf-8b03-16f253ade7f5,sensor_noise,934504c4a65a6feb19151ad21a64fb9d91887da9697cb0468c3608a55900e1ff,9a29903f74a9f2a757abb494d592f929829d0b75a847ef7e79006e47fc3dec86,320,240
train/organic/organic_train_aug_049_soft_focus_scale.jpg,train,organic,2,generated_augmentation,lime,organic/c364827b-3a38-46d8-961b-fbe6e2b5ea59,organic/c364827b-3a38-46d8-961b-fbe6e2b5ea59.jpg,c364827b-3a38-46d8-961b-fbe6e2b5ea59,soft_focus_scale,8bb604bcee753ddfc857661349d3dd5bb72e4fa3677d9290abeb42e22025054b,0bd260e396f83624362c153b1a7482308c282fd945398e66ec548a7335a7cd34,320,240
train/organic/organic_train_aug_050_v9_color_noise.jpg,train,organic,2,generated_augmentation,cucumber,organic/c8b51d2b-e3d3-449b-a924-6ffb71cea846,organic/c8b51d2b-e3d3-449b-a924-6ffb71cea846.jpg,c8b51d2b-e3d3-449b-a924-6ffb71cea846,v9_color_noise,12a4845386f0d6ecc304c496fa8de91bee864e3ae04df68b79f31cd6f1cff9a0,70fdaa599f40abf2cd5521d1978b209dc352798d2c43a61bd4c187a75b30ebed,320,240
train/organic/organic_train_aug_051_rotate_zoom.jpg,train,organic,2,generated_augmentation,lime,organic/d1e769cc-f9bc-4644-8af5-829dff6f9729,organic/d1e769cc-f9bc-4644-8af5-829dff6f9729.jpg,d1e769cc-f9bc-4644-8af5-829dff6f9729,rotate_zoom,cf9da5f62433c74a216834366e01747cc414c84c3941373cef62fcd910310aba,53bf84de0fe7cc3ebed93d30d158aae44199ceedae6834e63bf680a0eefb6c25,320,240
train/organic/organic_train_aug_052_low_light_blur.jpg,train,organic,2,generated_augmentation,cucumber,organic/1bbe3524-aed4-4163-b2d9-8368fc54429f,organic/1bbe3524-aed4-4163-b2d9-8368fc54429f.jpg,1bbe3524-aed4-4163-b2d9-8368fc54429f,low_light_blur,1cd209997e4e4859676cfe8623ef1dd6d96dbb27e630e462fe1956aa57d9befe,24391079a1c3a1f4abc09f0aebf1470ce684c34decad9bfae7252a5e25ced83d,320,240
train/organic/organic_train_aug_053_bright_warm.jpg,train,organic,2,generated_augmentation,lime,organic/de5ac588-8dc7-42f3-92df-ba5203d84191,organic/de5ac588-8dc7-42f3-92df-ba5203d84191.jpg,de5ac588-8dc7-42f3-92df-ba5203d84191,bright_warm,9b4af0592163fbc74425f01492ad188d540b0d2d58c25dd754287f9c0571390d,cab1fd73a5124617661d6c6ea32275f4905072af0b44d78a7cd74d0107daa7b0,320,240
train/organic/organic_train_aug_054_cool_cast.jpg,train,organic,2,generated_augmentation,lime,organic/9cb80350-e1f8-4d23-ba06-c67746404c9c,organic/9cb80350-e1f8-4d23-ba06-c67746404c9c.jpg,9cb80350-e1f8-4d23-ba06-c67746404c9c,cool_cast,caea67389d7c21010494cada20405d12fa7356e2e1bd4df64c339a3d31eed81d,1da948564f6913f31c3dd225cf5215eb3fe0c5953094b16660f9b8751605515b,320,240
train/organic/organic_train_aug_055_sensor_noise.jpg,train,organic,2,generated_augmentation,cucumber,organic/ed180c1a-cd62-43e2-b424-c6143bd24eb8,organic/ed180c1a-cd62-43e2-b424-c6143bd24eb8.jpg,ed180c1a-cd62-43e2-b424-c6143bd24eb8,sensor_noise,35b6626ab2d5f6d27733072a0ff69d73594d3ef251aecc61553694b83ee65806,16b86d2421f571ac8e86d2bcaf7daa4050d9c83345039d572fa6d7b28e5dd5f8,320,240
train/organic/organic_train_aug_056_soft_focus_scale.jpg,train,organic,2,generated_augmentation,cucumber,organic/37e8f933-178d-492c-b341-e40bb83dcc1e,organic/37e8f933-178d-492c-b341-e40bb83dcc1e.jpg,37e8f933-178d-492c-b341-e40bb83dcc1e,soft_focus_scale,287e237fdf77ed28c1c86983e02282156c53fa5c165676e204d5ddc2244e5912,c6fa33fb5a525d652041b1d80fed5d401a5477c1ec904161c683ffd1fdc48ada,320,240
train/organic/organic_train_aug_057_v9_color_noise.jpg,train,organic,2,generated_augmentation,cucumber,organic/e8cac581-2db8-498a-84dc-2ed19b828365,organic/e8cac581-2db8-498a-84dc-2ed19b828365.jpg,e8cac581-2db8-498a-84dc-2ed19b828365,v9_color_noise,7f16b638ed7ecdeac1cc64436b25cbcf6e60dd2a217b7d7610f76354a5f70705,7072fb55ba1ae5f7c37b2cec4c15ce528032d596c3bd77f4bdf02a3a52816879,320,240
train/organic/organic_train_aug_058_rotate_zoom.jpg,train,organic,2,generated_augmentation,lime,organic/ab069714-7214-4253-b632-59afae5663ed,organic/ab069714-7214-4253-b632-59afae5663ed.jpg,ab069714-7214-4253-b632-59afae5663ed,rotate_zoom,0796b457a4536fbbc5cd157b9434190379360165c5f02ddd19d41c439c4d4a9f,e0c60141ab306b511e36214bc8f5fb790d3b2d7b51c1444decf0a66baab1630c,320,240
train/organic/organic_train_aug_059_low_light_blur.jpg,train,organic,2,generated_augmentation,lime,organic/d11aafc7-3a59-45c8-a333-ad9b762f2a3f,organic/d11aafc7-3a59-45c8-a333-ad9b762f2a3f.jpg,d11aafc7-3a59-45c8-a333-ad9b762f2a3f,low_light_blur,d92ca08777646e1c5bcfe06a7b4ec85f4b9b740d9a83fb94a1a8ac8b7bf0bd19,0990d05d961956684a3dcf8d7d82ae9c1831dcf7d0739ea1e297ba233246962f,320,240
train/organic/organic_train_aug_060_bright_warm.jpg,train,organic,2,generated_augmentation,cucumber,organic/dad1b121-8cd0-4287-9842-d0304bb62253,organic/dad1b121-8cd0-4287-9842-d0304bb62253.jpg,dad1b121-8cd0-4287-9842-d0304bb62253,bright_warm,19d7b05e365ac75aee4b3a6e83616ae8d075dc35a12f8ff950ebd80dbd314066,ed0cdb6589807d79b091e31e66a1ce402fd03c4da3445afabb326e65a7745191,320,240
train/organic/organic_train_aug_061_cool_cast.jpg,train,organic,2,generated_augmentation,cucumber,organic/b2585b68-2a94-480d-b8bd-c1a7e3f3e997,organic/b2585b68-2a94-480d-b8bd-c1a7e3f3e997.jpg,b2585b68-2a94-480d-b8bd-c1a7e3f3e997,cool_cast,2b82ef08b61cbf1f6803cd57c243609fddaf4e4d6e4ab1f4ef05545e17cf82bd,18d9fba1c0a93186cb6685214d8e657643ab2799594f1406ed5d2a038c33f27a,320,240
train/organic/organic_train_aug_062_sensor_noise.jpg,train,organic,2,generated_augmentation,cucumber,organic/6fe2210f-9266-462c-84d7-1810e02d795e,organic/6fe2210f-9266-462c-84d7-1810e02d795e.jpg,6fe2210f-9266-462c-84d7-1810e02d795e,sensor_noise,5184984424f4bbd57780a16b90b296a51d7b6e0780359c2b80102139dfeec322,d960b195472dc6983d292fa4cd4d511d1a85d12fbc056b649a41a5ae53f095c7,320,240
train/organic/organic_train_aug_063_soft_focus_scale.jpg,train,organic,2,generated_augmentation,cucumber,organic/2ce2ee73-d1b7-4e56-87c3-d2bcbad90c45,organic/2ce2ee73-d1b7-4e56-87c3-d2bcbad90c45.jpg,2ce2ee73-d1b7-4e56-87c3-d2bcbad90c45,soft_focus_scale,b2b03d9a9fe6c13fe7bb0ccd73e2a560b019019d8cc8a98b259f17ae55ab3269,15f7b54dbd79e508a85f86ad579aa6fe12f214ce8446421b2ac6adf3222f6324,320,240
train/organic/organic_train_aug_064_v9_color_noise.jpg,train,organic,2,generated_augmentation,small_fruit,organic/6da78c88-e719-4ce5-8884-af59627a06e5,organic/6da78c88-e719-4ce5-8884-af59627a06e5.jpg,6da78c88-e719-4ce5-8884-af59627a06e5,v9_color_noise,33c0326cb1824fa5350c14ace2c4f14225708442fbb5091abffa5a377a1415a0,7847bca78c7829129ef392fec7dc9094450d4c6679a22d21fedb105a39ed2678,320,240
train/organic/organic_train_aug_065_rotate_zoom.jpg,train,organic,2,generated_augmentation,lime,organic/e7e5cb6d-bffd-4214-aa21-da05d6741d00,organic/e7e5cb6d-bffd-4214-aa21-da05d6741d00.jpg,e7e5cb6d-bffd-4214-aa21-da05d6741d00,rotate_zoom,5b5e695af58d17117607bacd2949f46c7d3e348f59e9303597cce6e2dc574644,10442511fa00ee026570bc74beda71377c3d895ce40a76b17f02cc2fffcaf649,320,240
train/organic/organic_train_aug_066_low_light_blur.jpg,train,organic,2,generated_augmentation,chili,organic/5b19b28c-d021-45ad-80a7-1609642dc69b,organic/5b19b28c-d021-45ad-80a7-1609642dc69b.jpg,5b19b28c-d021-45ad-80a7-1609642dc69b,low_light_blur,9e793bf0bdcfc4609a8b00a5458f0c1be2f4180f860e320aa6cf111fafca45e4,a8faf8b8546f79068e2ace4f091bc6b31c29738fef9d2a924bb91dfed5bfe2c2,320,240
train/organic/organic_train_aug_067_bright_warm.jpg,train,organic,2,generated_augmentation,cucumber,organic/38901fe7-33a3-46e1-acd9-1e3113e395f0,organic/38901fe7-33a3-46e1-acd9-1e3113e395f0.jpg,38901fe7-33a3-46e1-acd9-1e3113e395f0,bright_warm,621ade6e55376fd27261f110bfa2cc2b57b6f42299224c339816c42a73326fa9,a4c485157907cd06bb18d2be659a7d339c3502f7ece16cb138022e5b9ee247fd,320,240
train/organic/organic_train_aug_068_cool_cast.jpg,train,organic,2,generated_augmentation,chili,organic/afa1a907-bc43-4caf-8b03-16f253ade7f5,organic/afa1a907-bc43-4caf-8b03-16f253ade7f5.jpg,afa1a907-bc43-4caf-8b03-16f253ade7f5,cool_cast,934504c4a65a6feb19151ad21a64fb9d91887da9697cb0468c3608a55900e1ff,b464f93dbbc7ab481340017e9c558298e8c1fcc91434ed543c22252a6a5cf291,320,240
train/organic/organic_train_aug_069_sensor_noise.jpg,train,organic,2,generated_augmentation,lime,organic/c364827b-3a38-46d8-961b-fbe6e2b5ea59,organic/c364827b-3a38-46d8-961b-fbe6e2b5ea59.jpg,c364827b-3a38-46d8-961b-fbe6e2b5ea59,sensor_noise,8bb604bcee753ddfc857661349d3dd5bb72e4fa3677d9290abeb42e22025054b,781f52f0c00f3e26ffb7d9fbc6062f8e70810115934819d849d9d852d0443c6a,320,240
train/organic/organic_train_aug_070_soft_focus_scale.jpg,train,organic,2,generated_augmentation,cucumber,organic/c8b51d2b-e3d3-449b-a924-6ffb71cea846,organic/c8b51d2b-e3d3-449b-a924-6ffb71cea846.jpg,c8b51d2b-e3d3-449b-a924-6ffb71cea846,soft_focus_scale,12a4845386f0d6ecc304c496fa8de91bee864e3ae04df68b79f31cd6f1cff9a0,07ecb15ee1fb7a8c73fba9e37593f3a4d0994c03d5123dba21999936558f98f2,320,240
train/organic/organic_train_aug_071_v9_color_noise.jpg,train,organic,2,generated_augmentation,lime,organic/d1e769cc-f9bc-4644-8af5-829dff6f9729,organic/d1e769cc-f9bc-4644-8af5-829dff6f9729.jpg,d1e769cc-f9bc-4644-8af5-829dff6f9729,v9_color_noise,cf9da5f62433c74a216834366e01747cc414c84c3941373cef62fcd910310aba,2ebf7deb41dddeffcca99583891f1153b37c58fb038f030594ab674fa1aa297b,320,240
train/organic/organic_train_aug_072_rotate_zoom.jpg,train,organic,2,generated_augmentation,cucumber,organic/1bbe3524-aed4-4163-b2d9-8368fc54429f,organic/1bbe3524-aed4-4163-b2d9-8368fc54429f.jpg,1bbe3524-aed4-4163-b2d9-8368fc54429f,rotate_zoom,1cd209997e4e4859676cfe8623ef1dd6d96dbb27e630e462fe1956aa57d9befe,f7e6da53e8923bfa556d798fe02f76e497514ee713be6db1160d5b4ec3df2954,320,240
train/organic/organic_train_aug_073_low_light_blur.jpg,train,organic,2,generated_augmentation,lime,organic/de5ac588-8dc7-42f3-92df-ba5203d84191,organic/de5ac588-8dc7-42f3-92df-ba5203d84191.jpg,de5ac588-8dc7-42f3-92df-ba5203d84191,low_light_blur,9b4af0592163fbc74425f01492ad188d540b0d2d58c25dd754287f9c0571390d,5c54756f69e03cc1b4c9703caf9a40b4735a2df827d217c2d1da66426ce4a1ae,320,240
train/organic/organic_train_aug_074_bright_warm.jpg,train,organic,2,generated_augmentation,lime,organic/9cb80350-e1f8-4d23-ba06-c67746404c9c,organic/9cb80350-e1f8-4d23-ba06-c67746404c9c.jpg,9cb80350-e1f8-4d23-ba06-c67746404c9c,bright_warm,caea67389d7c21010494cada20405d12fa7356e2e1bd4df64c339a3d31eed81d,e4871dc1bdd5298c89d1b55768e4451523202f565dfef60a3b97ad59adb7db21,320,240
train/organic/organic_train_aug_075_cool_cast.jpg,train,organic,2,generated_augmentation,cucumber,organic/ed180c1a-cd62-43e2-b424-c6143bd24eb8,organic/ed180c1a-cd62-43e2-b424-c6143bd24eb8.jpg,ed180c1a-cd62-43e2-b424-c6143bd24eb8,cool_cast,35b6626ab2d5f6d27733072a0ff69d73594d3ef251aecc61553694b83ee65806,c04baf412af992a7a30fc3fc0f59526077a451cfa18e34c11cd2acea3e7b1e4c,320,240
train/organic/organic_train_aug_076_sensor_noise.jpg,train,organic,2,generated_augmentation,cucumber,organic/37e8f933-178d-492c-b341-e40bb83dcc1e,organic/37e8f933-178d-492c-b341-e40bb83dcc1e.jpg,37e8f933-178d-492c-b341-e40bb83dcc1e,sensor_noise,287e237fdf77ed28c1c86983e02282156c53fa5c165676e204d5ddc2244e5912,f1fd99ef680ad4dbe3d31096c58b0366c790920392da81214ffbdbb22239872b,320,240
train/organic/organic_train_aug_077_soft_focus_scale.jpg,train,organic,2,generated_augmentation,cucumber,organic/e8cac581-2db8-498a-84dc-2ed19b828365,organic/e8cac581-2db8-498a-84dc-2ed19b828365.jpg,e8cac581-2db8-498a-84dc-2ed19b828365,soft_focus_scale,7f16b638ed7ecdeac1cc64436b25cbcf6e60dd2a217b7d7610f76354a5f70705,ae0f457e2104a93368e4fc08b37c34f74b420e1355bc1c0f28982ebe936d61ab,320,240
train/organic/organic_train_aug_078_v9_color_noise.jpg,train,organic,2,generated_augmentation,lime,organic/ab069714-7214-4253-b632-59afae5663ed,organic/ab069714-7214-4253-b632-59afae5663ed.jpg,ab069714-7214-4253-b632-59afae5663ed,v9_color_noise,0796b457a4536fbbc5cd157b9434190379360165c5f02ddd19d41c439c4d4a9f,46d358101dac05d38e9f11e9bf8e1895849667e06b1f86e96cae3ee336861ae8,320,240
train/organic/organic_train_aug_079_rotate_zoom.jpg,train,organic,2,generated_augmentation,lime,organic/d11aafc7-3a59-45c8-a333-ad9b762f2a3f,organic/d11aafc7-3a59-45c8-a333-ad9b762f2a3f.jpg,d11aafc7-3a59-45c8-a333-ad9b762f2a3f,rotate_zoom,d92ca08777646e1c5bcfe06a7b4ec85f4b9b740d9a83fb94a1a8ac8b7bf0bd19,91a0aaa69aee757cf64612716f52f5aa8aadb1803f94c3628aacfe629af7c4f2,320,240
train/organic/organic_train_aug_080_low_light_blur.jpg,train,organic,2,generated_augmentation,cucumber,organic/dad1b121-8cd0-4287-9842-d0304bb62253,organic/dad1b121-8cd0-4287-9842-d0304bb62253.jpg,dad1b121-8cd0-4287-9842-d0304bb62253,low_light_blur,19d7b05e365ac75aee4b3a6e83616ae8d075dc35a12f8ff950ebd80dbd314066,c4d37f12b82c6f63e4c45763fabc4889e6aea67b95e8db95248e7b4ac13f3b75,320,240
train/organic/organic_train_aug_081_bright_warm.jpg,train,organic,2,generated_augmentation,cucumber,organic/b2585b68-2a94-480d-b8bd-c1a7e3f3e997,organic/b2585b68-2a94-480d-b8bd-c1a7e3f3e997.jpg,b2585b68-2a94-480d-b8bd-c1a7e3f3e997,bright_warm,2b82ef08b61cbf1f6803cd57c243609fddaf4e4d6e4ab1f4ef05545e17cf82bd,ca0fcfd2b1f5505549bdd8f2937ca71fcaab80591b985745a79d9d42d0eed49f,320,240
train/organic/organic_train_aug_082_cool_cast.jpg,train,organic,2,generated_augmentation,cucumber,organic/6fe2210f-9266-462c-84d7-1810e02d795e,organic/6fe2210f-9266-462c-84d7-1810e02d795e.jpg,6fe2210f-9266-462c-84d7-1810e02d795e,cool_cast,5184984424f4bbd57780a16b90b296a51d7b6e0780359c2b80102139dfeec322,d5faee4851fd0638baf87b2c5d465afec9c4889ed8ec058a58d04db025226f12,320,240
train/organic/organic_train_aug_083_sensor_noise.jpg,train,organic,2,generated_augmentation,cucumber,organic/2ce2ee73-d1b7-4e56-87c3-d2bcbad90c45,organic/2ce2ee73-d1b7-4e56-87c3-d2bcbad90c45.jpg,2ce2ee73-d1b7-4e56-87c3-d2bcbad90c45,sensor_noise,b2b03d9a9fe6c13fe7bb0ccd73e2a560b019019d8cc8a98b259f17ae55ab3269,5e9c16a2889af91f6c28a68ea1fe8f149d3cbcbf392b3188055bda233caf8565,320,240
train/organic/organic_train_aug_084_soft_focus_scale.jpg,train,organic,2,generated_augmentation,small_fruit,organic/6da78c88-e719-4ce5-8884-af59627a06e5,organic/6da78c88-e719-4ce5-8884-af59627a06e5.jpg,6da78c88-e719-4ce5-8884-af59627a06e5,soft_focus_scale,33c0326cb1824fa5350c14ace2c4f14225708442fbb5091abffa5a377a1415a0,239d9386b4772b7d84371317d35f1ec18ae42a0fa619ca891c3ad56ae28c3e8e,320,240
train/organic/organic_train_aug_085_v9_color_noise.jpg,train,organic,2,generated_augmentation,lime,organic/e7e5cb6d-bffd-4214-aa21-da05d6741d00,organic/e7e5cb6d-bffd-4214-aa21-da05d6741d00.jpg,e7e5cb6d-bffd-4214-aa21-da05d6741d00,v9_color_noise,5b5e695af58d17117607bacd2949f46c7d3e348f59e9303597cce6e2dc574644,44cdd846414e4b66ef362d05d95e98e59fc5e7831d211134c22b82cbc9079081,320,240
train/organic/organic_train_aug_086_rotate_zoom.jpg,train,organic,2,generated_augmentation,chili,organic/5b19b28c-d021-45ad-80a7-1609642dc69b,organic/5b19b28c-d021-45ad-80a7-1609642dc69b.jpg,5b19b28c-d021-45ad-80a7-1609642dc69b,rotate_zoom,9e793bf0bdcfc4609a8b00a5458f0c1be2f4180f860e320aa6cf111fafca45e4,f06c48cffd18ba603f23a80f491e3490eb45b20dbd81b650f147d5a7478bf45f,320,240
train/organic/organic_train_aug_087_low_light_blur.jpg,train,organic,2,generated_augmentation,cucumber,organic/38901fe7-33a3-46e1-acd9-1e3113e395f0,organic/38901fe7-33a3-46e1-acd9-1e3113e395f0.jpg,38901fe7-33a3-46e1-acd9-1e3113e395f0,low_light_blur,621ade6e55376fd27261f110bfa2cc2b57b6f42299224c339816c42a73326fa9,fc6f9541bff27a664048d5fdc762c5199f3a4ab8ff51c1f05c4ca214edc6c101,320,240
train/organic/organic_train_aug_088_bright_warm.jpg,train,organic,2,generated_augmentation,chili,organic/afa1a907-bc43-4caf-8b03-16f253ade7f5,organic/afa1a907-bc43-4caf-8b03-16f253ade7f5.jpg,afa1a907-bc43-4caf-8b03-16f253ade7f5,bright_warm,934504c4a65a6feb19151ad21a64fb9d91887da9697cb0468c3608a55900e1ff,2cab064a5043fc38f362cb9a69d2635c78c275857053d2b0e971d822761a2f7e,320,240
train/organic/organic_train_aug_089_cool_cast.jpg,train,organic,2,generated_augmentation,lime,organic/c364827b-3a38-46d8-961b-fbe6e2b5ea59,organic/c364827b-3a38-46d8-961b-fbe6e2b5ea59.jpg,c364827b-3a38-46d8-961b-fbe6e2b5ea59,cool_cast,8bb604bcee753ddfc857661349d3dd5bb72e4fa3677d9290abeb42e22025054b,187e3372e0211f8f3b673bbdcb08faaeaa6f18ad20e2db8601a722baaed0d940,320,240
train/organic/organic_train_aug_090_sensor_noise.jpg,train,organic,2,generated_augmentation,cucumber,organic/c8b51d2b-e3d3-449b-a924-6ffb71cea846,organic/c8b51d2b-e3d3-449b-a924-6ffb71cea846.jpg,c8b51d2b-e3d3-449b-a924-6ffb71cea846,sensor_noise,12a4845386f0d6ecc304c496fa8de91bee864e3ae04df68b79f31cd6f1cff9a0,a13c11faf83042dc8f31a95622304d9e0704ed016165709483464858a4671eac,320,240
train/organic/organic_train_aug_091_soft_focus_scale.jpg,train,organic,2,generated_augmentation,lime,organic/d1e769cc-f9bc-4644-8af5-829dff6f9729,organic/d1e769cc-f9bc-4644-8af5-829dff6f9729.jpg,d1e769cc-f9bc-4644-8af5-829dff6f9729,soft_focus_scale,cf9da5f62433c74a216834366e01747cc414c84c3941373cef62fcd910310aba,0147c7c1ab03285dd1849e5a048c84905fae7a522d93f8adc376756e39516b45,320,240
train/organic/organic_train_aug_092_v9_color_noise.jpg,train,organic,2,generated_augmentation,cucumber,organic/1bbe3524-aed4-4163-b2d9-8368fc54429f,organic/1bbe3524-aed4-4163-b2d9-8368fc54429f.jpg,1bbe3524-aed4-4163-b2d9-8368fc54429f,v9_color_noise,1cd209997e4e4859676cfe8623ef1dd6d96dbb27e630e462fe1956aa57d9befe,688205cba9a5578f4c1a77218e6491cd0ca2ee54d6ec8ec9c230e92301e3d30a,320,240
train/organic/organic_train_aug_093_rotate_zoom.jpg,train,organic,2,generated_augmentation,lime,organic/de5ac588-8dc7-42f3-92df-ba5203d84191,organic/de5ac588-8dc7-42f3-92df-ba5203d84191.jpg,de5ac588-8dc7-42f3-92df-ba5203d84191,rotate_zoom,9b4af0592163fbc74425f01492ad188d540b0d2d58c25dd754287f9c0571390d,414fe038ab20d9cecf4e59ad7ca2e3476a314c87a9bdad7b0d5b9d88837015ed,320,240
train/organic/organic_train_aug_094_low_light_blur.jpg,train,organic,2,generated_augmentation,lime,organic/9cb80350-e1f8-4d23-ba06-c67746404c9c,organic/9cb80350-e1f8-4d23-ba06-c67746404c9c.jpg,9cb80350-e1f8-4d23-ba06-c67746404c9c,low_light_blur,caea67389d7c21010494cada20405d12fa7356e2e1bd4df64c339a3d31eed81d,698153c5be479f9b66cafc5a2d2697fc7fde143160d9958080ca0c0ee624bdf9,320,240
train/organic/organic_train_aug_095_bright_warm.jpg,train,organic,2,generated_augmentation,cucumber,organic/ed180c1a-cd62-43e2-b424-c6143bd24eb8,organic/ed180c1a-cd62-43e2-b424-c6143bd24eb8.jpg,ed180c1a-cd62-43e2-b424-c6143bd24eb8,bright_warm,35b6626ab2d5f6d27733072a0ff69d73594d3ef251aecc61553694b83ee65806,a82df5b339a3d0e74fec2b9c86c3dce0c0125bdfd815b24d2d2459a3a3ea2e24,320,240
train/organic/organic_train_aug_096_cool_cast.jpg,train,organic,2,generated_augmentation,cucumber,organic/37e8f933-178d-492c-b341-e40bb83dcc1e,organic/37e8f933-178d-492c-b341-e40bb83dcc1e.jpg,37e8f933-178d-492c-b341-e40bb83dcc1e,cool_cast,287e237fdf77ed28c1c86983e02282156c53fa5c165676e204d5ddc2244e5912,907c53fa7c73fe696dd3b3a9e19d233970cbd48286cc868268c867a4750b40c0,320,240
train/organic/organic_train_aug_097_sensor_noise.jpg,train,organic,2,generated_augmentation,cucumber,organic/e8cac581-2db8-498a-84dc-2ed19b828365,organic/e8cac581-2db8-498a-84dc-2ed19b828365.jpg,e8cac581-2db8-498a-84dc-2ed19b828365,sensor_noise,7f16b638ed7ecdeac1cc64436b25cbcf6e60dd2a217b7d7610f76354a5f70705,9f3cd633b8de68a61f622bd6935bc696653d3c7d27def403fb6d571d5068e24f,320,240
train/organic/organic_train_aug_098_soft_focus_scale.jpg,train,organic,2,generated_augmentation,lime,organic/ab069714-7214-4253-b632-59afae5663ed,organic/ab069714-7214-4253-b632-59afae5663ed.jpg,ab069714-7214-4253-b632-59afae5663ed,soft_focus_scale,0796b457a4536fbbc5cd157b9434190379360165c5f02ddd19d41c439c4d4a9f,b4b898fc1a5bea024f8e8481bf19f6a7f5be22b45a99b0917259fc9a6c2082d4,320,240
train/organic/organic_train_aug_099_v9_color_noise.jpg,train,organic,2,generated_augmentation,lime,organic/d11aafc7-3a59-45c8-a333-ad9b762f2a3f,organic/d11aafc7-3a59-45c8-a333-ad9b762f2a3f.jpg,d11aafc7-3a59-45c8-a333-ad9b762f2a3f,v9_color_noise,d92ca08777646e1c5bcfe06a7b4ec85f4b9b740d9a83fb94a1a8ac8b7bf0bd19,5c15609d0e5b7965925605bd6ff14e1569c8928e6ffc2544e013b3f141f08e84,320,240
train/organic/organic_train_aug_100_rotate_zoom.jpg,train,organic,2,generated_augmentation,cucumber,organic/dad1b121-8cd0-4287-9842-d0304bb62253,organic/dad1b121-8cd0-4287-9842-d0304bb62253.jpg,dad1b121-8cd0-4287-9842-d0304bb62253,rotate_zoom,19d7b05e365ac75aee4b3a6e83616ae8d075dc35a12f8ff950ebd80dbd314066,a2ac541965e1cfb644a719dab8c8db85c3447039349f72c65e721858bf2147cb,320,240
train/organic/organic_train_aug_101_low_light_blur.jpg,train,organic,2,generated_augmentation,cucumber,organic/b2585b68-2a94-480d-b8bd-c1a7e3f3e997,organic/b2585b68-2a94-480d-b8bd-c1a7e3f3e997.jpg,b2585b68-2a94-480d-b8bd-c1a7e3f3e997,low_light_blur,2b82ef08b61cbf1f6803cd57c243609fddaf4e4d6e4ab1f4ef05545e17cf82bd,9be568f19b4b010ce9804c7c2d4a0bdfa710e696922c68054c063ecec792afa4,320,240
train/organic/organic_train_aug_102_bright_warm.jpg,train,organic,2,generated_augmentation,cucumber,organic/6fe2210f-9266-462c-84d7-1810e02d795e,organic/6fe2210f-9266-462c-84d7-1810e02d795e.jpg,6fe2210f-9266-462c-84d7-1810e02d795e,bright_warm,5184984424f4bbd57780a16b90b296a51d7b6e0780359c2b80102139dfeec322,bbc6e38aacf09b8735770a9d03e0a89af77d0f81cae74cce08e46697717e154a,320,240
train/organic/organic_train_aug_103_cool_cast.jpg,train,organic,2,generated_augmentation,cucumber,organic/2ce2ee73-d1b7-4e56-87c3-d2bcbad90c45,organic/2ce2ee73-d1b7-4e56-87c3-d2bcbad90c45.jpg,2ce2ee73-d1b7-4e56-87c3-d2bcbad90c45,cool_cast,b2b03d9a9fe6c13fe7bb0ccd73e2a560b019019d8cc8a98b259f17ae55ab3269,123610b8bcff3337aad3dfe6c372d9b85fac13cb08df7083d2b889cd5e6200b8,320,240
train/organic/organic_train_aug_104_sensor_noise.jpg,train,organic,2,generated_augmentation,small_fruit,organic/6da78c88-e719-4ce5-8884-af59627a06e5,organic/6da78c88-e719-4ce5-8884-af59627a06e5.jpg,6da78c88-e719-4ce5-8884-af59627a06e5,sensor_noise,33c0326cb1824fa5350c14ace2c4f14225708442fbb5091abffa5a377a1415a0,d87807ee73b33c54f997fce2477255d4677b9327689b05a0cb76a36edb6380f3,320,240
train/organic/organic_train_aug_105_soft_focus_scale.jpg,train,organic,2,generated_augmentation,lime,organic/e7e5cb6d-bffd-4214-aa21-da05d6741d00,organic/e7e5cb6d-bffd-4214-aa21-da05d6741d00.jpg,e7e5cb6d-bffd-4214-aa21-da05d6741d00,soft_focus_scale,5b5e695af58d17117607bacd2949f46c7d3e348f59e9303597cce6e2dc574644,239c44f8a1dd914c35cf5a4ef2b86009eeead1f97dd9f28c1caaea66564eb9e5,320,240
train/organic/organic_train_aug_106_v9_color_noise.jpg,train,organic,2,generated_augmentation,chili,organic/5b19b28c-d021-45ad-80a7-1609642dc69b,organic/5b19b28c-d021-45ad-80a7-1609642dc69b.jpg,5b19b28c-d021-45ad-80a7-1609642dc69b,v9_color_noise,9e793bf0bdcfc4609a8b00a5458f0c1be2f4180f860e320aa6cf111fafca45e4,5d1c7703d83e5a0f61d3eb1a2026906d3f9cf5eff31b1ef28819833cb71d0cdd,320,240
train/organic/organic_train_aug_107_rotate_zoom.jpg,train,organic,2,generated_augmentation,cucumber,organic/38901fe7-33a3-46e1-acd9-1e3113e395f0,organic/38901fe7-33a3-46e1-acd9-1e3113e395f0.jpg,38901fe7-33a3-46e1-acd9-1e3113e395f0,rotate_zoom,621ade6e55376fd27261f110bfa2cc2b57b6f42299224c339816c42a73326fa9,4887582913b13c714f88833635882aaaee4bf5c778748a1d568edaec2031c75c,320,240
train/organic/organic_train_aug_108_low_light_blur.jpg,train,organic,2,generated_augmentation,chili,organic/afa1a907-bc43-4caf-8b03-16f253ade7f5,organic/afa1a907-bc43-4caf-8b03-16f253ade7f5.jpg,afa1a907-bc43-4caf-8b03-16f253ade7f5,low_light_blur,934504c4a65a6feb19151ad21a64fb9d91887da9697cb0468c3608a55900e1ff,5403af2162de2d607098ddba00d2da59464937924bbe43ca8d3b240579488b14,320,240
train/organic/organic_train_aug_109_bright_warm.jpg,train,organic,2,generated_augmentation,lime,organic/c364827b-3a38-46d8-961b-fbe6e2b5ea59,organic/c364827b-3a38-46d8-961b-fbe6e2b5ea59.jpg,c364827b-3a38-46d8-961b-fbe6e2b5ea59,bright_warm,8bb604bcee753ddfc857661349d3dd5bb72e4fa3677d9290abeb42e22025054b,1ee56767b4c8a32e26402f5c0a7294924a8cc8cb9d5cb2fd6ae68c79c9e6a80e,320,240
train/organic/organic_train_aug_110_cool_cast.jpg,train,organic,2,generated_augmentation,cucumber,organic/c8b51d2b-e3d3-449b-a924-6ffb71cea846,organic/c8b51d2b-e3d3-449b-a924-6ffb71cea846.jpg,c8b51d2b-e3d3-449b-a924-6ffb71cea846,cool_cast,12a4845386f0d6ecc304c496fa8de91bee864e3ae04df68b79f31cd6f1cff9a0,49c3f1a160ebe3519c47a19643d2a77ca9c7e058dbb86b64b9d6f20a728e7501,320,240
train/organic/organic_train_aug_111_sensor_noise.jpg,train,organic,2,generated_augmentation,lime,organic/d1e769cc-f9bc-4644-8af5-829dff6f9729,organic/d1e769cc-f9bc-4644-8af5-829dff6f9729.jpg,d1e769cc-f9bc-4644-8af5-829dff6f9729,sensor_noise,cf9da5f62433c74a216834366e01747cc414c84c3941373cef62fcd910310aba,ee2b0e0b4dfe98a0659bb0324df48fe66e45465e3a34e21b7d172c18b4805941,320,240
train/organic/organic_train_aug_112_soft_focus_scale.jpg,train,organic,2,generated_augmentation,cucumber,organic/1bbe3524-aed4-4163-b2d9-8368fc54429f,organic/1bbe3524-aed4-4163-b2d9-8368fc54429f.jpg,1bbe3524-aed4-4163-b2d9-8368fc54429f,soft_focus_scale,1cd209997e4e4859676cfe8623ef1dd6d96dbb27e630e462fe1956aa57d9befe,3f36c43945ca07abe0e05cc836e9dbe380a454f8890ca4ed4fecc19323156cb6,320,240
train/organic/organic_train_aug_113_v9_color_noise.jpg,train,organic,2,generated_augmentation,lime,organic/de5ac588-8dc7-42f3-92df-ba5203d84191,organic/de5ac588-8dc7-42f3-92df-ba5203d84191.jpg,de5ac588-8dc7-42f3-92df-ba5203d84191,v9_color_noise,9b4af0592163fbc74425f01492ad188d540b0d2d58c25dd754287f9c0571390d,dfe1b986f0065da08b562604991c7cf8f4fb00b01b35f4a883f6789fc1a74fe9,320,240
train/organic/organic_train_aug_114_rotate_zoom.jpg,train,organic,2,generated_augmentation,lime,organic/9cb80350-e1f8-4d23-ba06-c67746404c9c,organic/9cb80350-e1f8-4d23-ba06-c67746404c9c.jpg,9cb80350-e1f8-4d23-ba06-c67746404c9c,rotate_zoom,caea67389d7c21010494cada20405d12fa7356e2e1bd4df64c339a3d31eed81d,951a2149a9370e78299793068a5af05f31258c03e0e345354e1d904b178467f7,320,240
train/organic/organic_train_aug_115_low_light_blur.jpg,train,organic,2,generated_augmentation,cucumber,organic/ed180c1a-cd62-43e2-b424-c6143bd24eb8,organic/ed180c1a-cd62-43e2-b424-c6143bd24eb8.jpg,ed180c1a-cd62-43e2-b424-c6143bd24eb8,low_light_blur,35b6626ab2d5f6d27733072a0ff69d73594d3ef251aecc61553694b83ee65806,25457a0c6687c3bd51dfd5cf4ab0f62747aa3cfc6ed46faae93eec3be81fe361,320,240
train/organic/organic_train_aug_116_bright_warm.jpg,train,organic,2,generated_augmentation,cucumber,organic/37e8f933-178d-492c-b341-e40bb83dcc1e,organic/37e8f933-178d-492c-b341-e40bb83dcc1e.jpg,37e8f933-178d-492c-b341-e40bb83dcc1e,bright_warm,287e237fdf77ed28c1c86983e02282156c53fa5c165676e204d5ddc2244e5912,0d6df0f9c56e1ff0a67904975a3c9d4c485b4e5cd8e91e37025a90ce6701c1b4,320,240
train/organic/organic_train_aug_117_cool_cast.jpg,train,organic,2,generated_augmentation,cucumber,organic/e8cac581-2db8-498a-84dc-2ed19b828365,organic/e8cac581-2db8-498a-84dc-2ed19b828365.jpg,e8cac581-2db8-498a-84dc-2ed19b828365,cool_cast,7f16b638ed7ecdeac1cc64436b25cbcf6e60dd2a217b7d7610f76354a5f70705,f49c8bc965a4a2c4fda188f761163ce4bf991cb94c630aac3d453af99f2003b0,320,240
train/organic/organic_train_aug_118_sensor_noise.jpg,train,organic,2,generated_augmentation,lime,organic/ab069714-7214-4253-b632-59afae5663ed,organic/ab069714-7214-4253-b632-59afae5663ed.jpg,ab069714-7214-4253-b632-59afae5663ed,sensor_noise,0796b457a4536fbbc5cd157b9434190379360165c5f02ddd19d41c439c4d4a9f,8845c80b190282a820d2be2208e1a34711efefe59606de68d1f90c98d4396fd9,320,240
train/organic/organic_train_aug_119_soft_focus_scale.jpg,train,organic,2,generated_augmentation,lime,organic/d11aafc7-3a59-45c8-a333-ad9b762f2a3f,organic/d11aafc7-3a59-45c8-a333-ad9b762f2a3f.jpg,d11aafc7-3a59-45c8-a333-ad9b762f2a3f,soft_focus_scale,d92ca08777646e1c5bcfe06a7b4ec85f4b9b740d9a83fb94a1a8ac8b7bf0bd19,2269f6bdfe66a2a7c14aae26e618fbe529062863864bb0733cb96f83a36eacbc,320,240
train/organic/organic_train_aug_120_v9_color_noise.jpg,train,organic,2,generated_augmentation,cucumber,organic/dad1b121-8cd0-4287-9842-d0304bb62253,organic/dad1b121-8cd0-4287-9842-d0304bb62253.jpg,dad1b121-8cd0-4287-9842-d0304bb62253,v9_color_noise,19d7b05e365ac75aee4b3a6e83616ae8d075dc35a12f8ff950ebd80dbd314066,e335ed09bc1690b8b3d2ff382acd0cd8931125120fcce440ebd291c88934302a,320,240
train/organic/organic_train_aug_121_rotate_zoom.jpg,train,organic,2,generated_augmentation,cucumber,organic/b2585b68-2a94-480d-b8bd-c1a7e3f3e997,organic/b2585b68-2a94-480d-b8bd-c1a7e3f3e997.jpg,b2585b68-2a94-480d-b8bd-c1a7e3f3e997,rotate_zoom,2b82ef08b61cbf1f6803cd57c243609fddaf4e4d6e4ab1f4ef05545e17cf82bd,2d72e68e117008de60df68eacb88bd898ed8956817d5dc8de96e3bacdf533737,320,240
train/organic/organic_train_aug_122_low_light_blur.jpg,train,organic,2,generated_augmentation,cucumber,organic/6fe2210f-9266-462c-84d7-1810e02d795e,organic/6fe2210f-9266-462c-84d7-1810e02d795e.jpg,6fe2210f-9266-462c-84d7-1810e02d795e,low_light_blur,5184984424f4bbd57780a16b90b296a51d7b6e0780359c2b80102139dfeec322,d1103901b0eea8d686536cc03bbc174e5255f86ee805701593958502e1cb0638,320,240
train/organic/organic_train_aug_123_bright_warm.jpg,train,organic,2,generated_augmentation,cucumber,organic/2ce2ee73-d1b7-4e56-87c3-d2bcbad90c45,organic/2ce2ee73-d1b7-4e56-87c3-d2bcbad90c45.jpg,2ce2ee73-d1b7-4e56-87c3-d2bcbad90c45,bright_warm,b2b03d9a9fe6c13fe7bb0ccd73e2a560b019019d8cc8a98b259f17ae55ab3269,e509bf9932f5bd79ae24b014065f0991e831fb4a4a9a1e68ccfb883c123cd19a,320,240
train/organic/organic_train_aug_124_cool_cast.jpg,train,organic,2,generated_augmentation,small_fruit,organic/6da78c88-e719-4ce5-8884-af59627a06e5,organic/6da78c88-e719-4ce5-8884-af59627a06e5.jpg,6da78c88-e719-4ce5-8884-af59627a06e5,cool_cast,33c0326cb1824fa5350c14ace2c4f14225708442fbb5091abffa5a377a1415a0,71396109793988f362aae9dca658f77186d39ccc49660118a3b06f5ec0c367e0,320,240
train/organic/organic_train_aug_125_sensor_noise.jpg,train,organic,2,generated_augmentation,lime,organic/e7e5cb6d-bffd-4214-aa21-da05d6741d00,organic/e7e5cb6d-bffd-4214-aa21-da05d6741d00.jpg,e7e5cb6d-bffd-4214-aa21-da05d6741d00,sensor_noise,5b5e695af58d17117607bacd2949f46c7d3e348f59e9303597cce6e2dc574644,0ce99c8ea36407182ca76c26610f81a399b359cabfa6fa66109f4801b81d1ece,320,240
train/organic/organic_train_aug_126_soft_focus_scale.jpg,train,organic,2,generated_augmentation,chili,organic/5b19b28c-d021-45ad-80a7-1609642dc69b,organic/5b19b28c-d021-45ad-80a7-1609642dc69b.jpg,5b19b28c-d021-45ad-80a7-1609642dc69b,soft_focus_scale,9e793bf0bdcfc4609a8b00a5458f0c1be2f4180f860e320aa6cf111fafca45e4,57a89f67815d4d1dd0455b02149016143bd3f5aa791c08e6c83836396328129f,320,240
train/organic/organic_train_aug_127_v9_color_noise.jpg,train,organic,2,generated_augmentation,cucumber,organic/38901fe7-33a3-46e1-acd9-1e3113e395f0,organic/38901fe7-33a3-46e1-acd9-1e3113e395f0.jpg,38901fe7-33a3-46e1-acd9-1e3113e395f0,v9_color_noise,621ade6e55376fd27261f110bfa2cc2b57b6f42299224c339816c42a73326fa9,c200cbc22b57126d95018ce62f83649a9510b83ad69f314847d2292a77f925a3,320,240
train/organic/organic_train_aug_128_rotate_zoom.jpg,train,organic,2,generated_augmentation,chili,organic/afa1a907-bc43-4caf-8b03-16f253ade7f5,organic/afa1a907-bc43-4caf-8b03-16f253ade7f5.jpg,afa1a907-bc43-4caf-8b03-16f253ade7f5,rotate_zoom,934504c4a65a6feb19151ad21a64fb9d91887da9697cb0468c3608a55900e1ff,66b4e2f34e47ac39e0c171d26dad15bb5ff818ab9fde9afc6cddb085694cf2e9,320,240
train/organic/organic_train_aug_129_low_light_blur.jpg,train,organic,2,generated_augmentation,lime,organic/c364827b-3a38-46d8-961b-fbe6e2b5ea59,organic/c364827b-3a38-46d8-961b-fbe6e2b5ea59.jpg,c364827b-3a38-46d8-961b-fbe6e2b5ea59,low_light_blur,8bb604bcee753ddfc857661349d3dd5bb72e4fa3677d9290abeb42e22025054b,91b5744f83dea72fd904793df07832545445c12351bfc5901b5ad4a98d83dcfa,320,240
train/organic/organic_train_aug_130_bright_warm.jpg,train,organic,2,generated_augmentation,cucumber,organic/c8b51d2b-e3d3-449b-a924-6ffb71cea846,organic/c8b51d2b-e3d3-449b-a924-6ffb71cea846.jpg,c8b51d2b-e3d3-449b-a924-6ffb71cea846,bright_warm,12a4845386f0d6ecc304c496fa8de91bee864e3ae04df68b79f31cd6f1cff9a0,028b0f42c9b6cbdeb3315e47739632f229806689664c8310fd55db4e2b44d38b,320,240
train/organic/organic_train_original_001.jpg,train,organic,2,original,cucumber,organic/1bbe3524-aed4-4163-b2d9-8368fc54429f,organic/1bbe3524-aed4-4163-b2d9-8368fc54429f.jpg,1bbe3524-aed4-4163-b2d9-8368fc54429f,none,1cd209997e4e4859676cfe8623ef1dd6d96dbb27e630e462fe1956aa57d9befe,1cd209997e4e4859676cfe8623ef1dd6d96dbb27e630e462fe1956aa57d9befe,320,240
train/organic/organic_train_original_002.jpg,train,organic,2,original,cucumber,organic/2ce2ee73-d1b7-4e56-87c3-d2bcbad90c45,organic/2ce2ee73-d1b7-4e56-87c3-d2bcbad90c45.jpg,2ce2ee73-d1b7-4e56-87c3-d2bcbad90c45,none,b2b03d9a9fe6c13fe7bb0ccd73e2a560b019019d8cc8a98b259f17ae55ab3269,b2b03d9a9fe6c13fe7bb0ccd73e2a560b019019d8cc8a98b259f17ae55ab3269,320,240
train/organic/organic_train_original_003.jpg,train,organic,2,original,cucumber,organic/37e8f933-178d-492c-b341-e40bb83dcc1e,organic/37e8f933-178d-492c-b341-e40bb83dcc1e.jpg,37e8f933-178d-492c-b341-e40bb83dcc1e,none,287e237fdf77ed28c1c86983e02282156c53fa5c165676e204d5ddc2244e5912,287e237fdf77ed28c1c86983e02282156c53fa5c165676e204d5ddc2244e5912,320,240
train/organic/organic_train_original_004.jpg,train,organic,2,original,cucumber,organic/38901fe7-33a3-46e1-acd9-1e3113e395f0,organic/38901fe7-33a3-46e1-acd9-1e3113e395f0.jpg,38901fe7-33a3-46e1-acd9-1e3113e395f0,none,621ade6e55376fd27261f110bfa2cc2b57b6f42299224c339816c42a73326fa9,621ade6e55376fd27261f110bfa2cc2b57b6f42299224c339816c42a73326fa9,320,240
train/organic/organic_train_original_005.jpg,train,organic,2,original,chili,organic/5b19b28c-d021-45ad-80a7-1609642dc69b,organic/5b19b28c-d021-45ad-80a7-1609642dc69b.jpg,5b19b28c-d021-45ad-80a7-1609642dc69b,none,9e793bf0bdcfc4609a8b00a5458f0c1be2f4180f860e320aa6cf111fafca45e4,9e793bf0bdcfc4609a8b00a5458f0c1be2f4180f860e320aa6cf111fafca45e4,320,240
train/organic/organic_train_original_006.jpg,train,organic,2,original,small_fruit,organic/6da78c88-e719-4ce5-8884-af59627a06e5,organic/6da78c88-e719-4ce5-8884-af59627a06e5.jpg,6da78c88-e719-4ce5-8884-af59627a06e5,none,33c0326cb1824fa5350c14ace2c4f14225708442fbb5091abffa5a377a1415a0,33c0326cb1824fa5350c14ace2c4f14225708442fbb5091abffa5a377a1415a0,320,240
train/organic/organic_train_original_007.jpg,train,organic,2,original,cucumber,organic/6fe2210f-9266-462c-84d7-1810e02d795e,organic/6fe2210f-9266-462c-84d7-1810e02d795e.jpg,6fe2210f-9266-462c-84d7-1810e02d795e,none,5184984424f4bbd57780a16b90b296a51d7b6e0780359c2b80102139dfeec322,5184984424f4bbd57780a16b90b296a51d7b6e0780359c2b80102139dfeec322,320,240
train/organic/organic_train_original_008.jpg,train,organic,2,original,lime,organic/9cb80350-e1f8-4d23-ba06-c67746404c9c,organic/9cb80350-e1f8-4d23-ba06-c67746404c9c.jpg,9cb80350-e1f8-4d23-ba06-c67746404c9c,none,caea67389d7c21010494cada20405d12fa7356e2e1bd4df64c339a3d31eed81d,caea67389d7c21010494cada20405d12fa7356e2e1bd4df64c339a3d31eed81d,320,240
train/organic/organic_train_original_009.jpg,train,organic,2,original,lime,organic/ab069714-7214-4253-b632-59afae5663ed,organic/ab069714-7214-4253-b632-59afae5663ed.jpg,ab069714-7214-4253-b632-59afae5663ed,none,0796b457a4536fbbc5cd157b9434190379360165c5f02ddd19d41c439c4d4a9f,0796b457a4536fbbc5cd157b9434190379360165c5f02ddd19d41c439c4d4a9f,320,240
train/organic/organic_train_original_010.jpg,train,organic,2,original,chili,organic/afa1a907-bc43-4caf-8b03-16f253ade7f5,organic/afa1a907-bc43-4caf-8b03-16f253ade7f5.jpg,afa1a907-bc43-4caf-8b03-16f253ade7f5,none,934504c4a65a6feb19151ad21a64fb9d91887da9697cb0468c3608a55900e1ff,934504c4a65a6feb19151ad21a64fb9d91887da9697cb0468c3608a55900e1ff,320,240
train/organic/organic_train_original_011.jpg,train,organic,2,original,cucumber,organic/b2585b68-2a94-480d-b8bd-c1a7e3f3e997,organic/b2585b68-2a94-480d-b8bd-c1a7e3f3e997.jpg,b2585b68-2a94-480d-b8bd-c1a7e3f3e997,none,2b82ef08b61cbf1f6803cd57c243609fddaf4e4d6e4ab1f4ef05545e17cf82bd,2b82ef08b61cbf1f6803cd57c243609fddaf4e4d6e4ab1f4ef05545e17cf82bd,320,240
train/organic/organic_train_original_012.jpg,train,organic,2,original,lime,organic/c364827b-3a38-46d8-961b-fbe6e2b5ea59,organic/c364827b-3a38-46d8-961b-fbe6e2b5ea59.jpg,c364827b-3a38-46d8-961b-fbe6e2b5ea59,none,8bb604bcee753ddfc857661349d3dd5bb72e4fa3677d9290abeb42e22025054b,8bb604bcee753ddfc857661349d3dd5bb72e4fa3677d9290abeb42e22025054b,320,240
train/organic/organic_train_original_013.jpg,train,organic,2,original,cucumber,organic/c8b51d2b-e3d3-449b-a924-6ffb71cea846,organic/c8b51d2b-e3d3-449b-a924-6ffb71cea846.jpg,c8b51d2b-e3d3-449b-a924-6ffb71cea846,none,12a4845386f0d6ecc304c496fa8de91bee864e3ae04df68b79f31cd6f1cff9a0,12a4845386f0d6ecc304c496fa8de91bee864e3ae04df68b79f31cd6f1cff9a0,320,240
train/organic/organic_train_original_014.jpg,train,organic,2,original,lime,organic/d11aafc7-3a59-45c8-a333-ad9b762f2a3f,organic/d11aafc7-3a59-45c8-a333-ad9b762f2a3f.jpg,d11aafc7-3a59-45c8-a333-ad9b762f2a3f,none,d92ca08777646e1c5bcfe06a7b4ec85f4b9b740d9a83fb94a1a8ac8b7bf0bd19,d92ca08777646e1c5bcfe06a7b4ec85f4b9b740d9a83fb94a1a8ac8b7bf0bd19,320,240
train/organic/organic_train_original_015.jpg,train,organic,2,original,lime,organic/d1e769cc-f9bc-4644-8af5-829dff6f9729,organic/d1e769cc-f9bc-4644-8af5-829dff6f9729.jpg,d1e769cc-f9bc-4644-8af5-829dff6f9729,none,cf9da5f62433c74a216834366e01747cc414c84c3941373cef62fcd910310aba,cf9da5f62433c74a216834366e01747cc414c84c3941373cef62fcd910310aba,320,240
train/organic/organic_train_original_016.jpg,train,organic,2,original,cucumber,organic/dad1b121-8cd0-4287-9842-d0304bb62253,organic/dad1b121-8cd0-4287-9842-d0304bb62253.jpg,dad1b121-8cd0-4287-9842-d0304bb62253,none,19d7b05e365ac75aee4b3a6e83616ae8d075dc35a12f8ff950ebd80dbd314066,19d7b05e365ac75aee4b3a6e83616ae8d075dc35a12f8ff950ebd80dbd314066,320,240
train/organic/organic_train_original_017.jpg,train,organic,2,original,lime,organic/de5ac588-8dc7-42f3-92df-ba5203d84191,organic/de5ac588-8dc7-42f3-92df-ba5203d84191.jpg,de5ac588-8dc7-42f3-92df-ba5203d84191,none,9b4af0592163fbc74425f01492ad188d540b0d2d58c25dd754287f9c0571390d,9b4af0592163fbc74425f01492ad188d540b0d2d58c25dd754287f9c0571390d,320,240
train/organic/organic_train_original_018.jpg,train,organic,2,original,lime,organic/e7e5cb6d-bffd-4214-aa21-da05d6741d00,organic/e7e5cb6d-bffd-4214-aa21-da05d6741d00.jpg,e7e5cb6d-bffd-4214-aa21-da05d6741d00,none,5b5e695af58d17117607bacd2949f46c7d3e348f59e9303597cce6e2dc574644,5b5e695af58d17117607bacd2949f46c7d3e348f59e9303597cce6e2dc574644,320,240
train/organic/organic_train_original_019.jpg,train,organic,2,original,cucumber,organic/e8cac581-2db8-498a-84dc-2ed19b828365,organic/e8cac581-2db8-498a-84dc-2ed19b828365.jpg,e8cac581-2db8-498a-84dc-2ed19b828365,none,7f16b638ed7ecdeac1cc64436b25cbcf6e60dd2a217b7d7610f76354a5f70705,7f16b638ed7ecdeac1cc64436b25cbcf6e60dd2a217b7d7610f76354a5f70705,320,240
train/organic/organic_train_original_020.jpg,train,organic,2,original,cucumber,organic/ed180c1a-cd62-43e2-b424-c6143bd24eb8,organic/ed180c1a-cd62-43e2-b424-c6143bd24eb8.jpg,ed180c1a-cd62-43e2-b424-c6143bd24eb8,none,35b6626ab2d5f6d27733072a0ff69d73594d3ef251aecc61553694b83ee65806,35b6626ab2d5f6d27733072a0ff69d73594d3ef251aecc61553694b83ee65806,320,240
train/paper/paper_train_aug_001_v9_color_noise.jpg,train,paper,0,generated_augmentation,paper_crumpled_or_sheet,paper/fcb840f7-bd50-486f-b397-703b44bb5441,paper/fcb840f7-bd50-486f-b397-703b44bb5441.jpg,fcb840f7-bd50-486f-b397-703b44bb5441,v9_color_noise,5503a363fe91cc3081fe747cc03b3aee4cfb963ba160c2d3b5957008bcf9bc20,7be33b56a16739d65e45b4b2ade42de95bb12124aaae3f52c5f9943356a0dc9f,320,240
train/paper/paper_train_aug_002_rotate_zoom.jpg,train,paper,0,generated_augmentation,paper_cardboard_or_box,paper/b02c7af6-3c13-4a11-84db-a3bd2761ce08,paper/b02c7af6-3c13-4a11-84db-a3bd2761ce08.jpg,b02c7af6-3c13-4a11-84db-a3bd2761ce08,rotate_zoom,68d6615d627a2f41de1fa8f87e7c510dab7d798cd04dc007474d3ee254145cda,09200f0a214ed0fcbd6eddbeffc38dc3333908275a27781785fcd6792163eb25,320,240
train/paper/paper_train_aug_003_low_light_blur.jpg,train,paper,0,generated_augmentation,paper_cardboard_or_box,paper/84deb629-fad4-4945-abe6-cac9dcf726cc,paper/84deb629-fad4-4945-abe6-cac9dcf726cc.jpg,84deb629-fad4-4945-abe6-cac9dcf726cc,low_light_blur,962725e09652614943d3ef976886e4823934a0a7b4d3e8ce232ea0cd5b0a34cf,c5a1a7d3e37f8e861be2571d79d681ac0d05081618651b314b16e7a9f75528d3,320,240
train/paper/paper_train_aug_004_bright_warm.jpg,train,paper,0,generated_augmentation,paper_crumpled_or_sheet,paper/f2513e44-5d15-42bb-aae5-5e19d866d0e5,paper/f2513e44-5d15-42bb-aae5-5e19d866d0e5.jpg,f2513e44-5d15-42bb-aae5-5e19d866d0e5,bright_warm,ba1bf55b92646f80f2bab16b9a1d1a813872f1a18fd0216f20342f2507a319cf,0efb9b534159beef7c197d58a6b44260da3ec10aa06ce0d357173d30d2cfc68f,320,240
train/paper/paper_train_aug_005_cool_cast.jpg,train,paper,0,generated_augmentation,paper_cardboard_or_box,paper/b4fe11ce-1020-4f3c-a792-3853c122c0b8,paper/b4fe11ce-1020-4f3c-a792-3853c122c0b8.jpg,b4fe11ce-1020-4f3c-a792-3853c122c0b8,cool_cast,7e9e46643dbf0a6c03b37a2557835bbe6b5d70877a2ef867d79668ff6e3b153d,c36c9316dbac9467621870e665e7945769a760d1065c2bcfc077bc74a3698ec9,320,240
train/paper/paper_train_aug_006_sensor_noise.jpg,train,paper,0,generated_augmentation,paper_cardboard_or_box,paper/e430b787-a041-4620-be64-a0acccccd227,paper/e430b787-a041-4620-be64-a0acccccd227.jpg,e430b787-a041-4620-be64-a0acccccd227,sensor_noise,44ff176590cec772e7e0346b2d24f05b15c02a5f5aa3ff032f8954b380e48326,629181b9db56076aa4e61e0dd740d5d758b076f44f9927364ccea913405c09a2,320,240
train/paper/paper_train_aug_007_soft_focus_scale.jpg,train,paper,0,generated_augmentation,paper_crumpled_or_sheet,paper/c07ec094-d5b7-478c-9164-b04fe0897de0,paper/c07ec094-d5b7-478c-9164-b04fe0897de0.jpg,c07ec094-d5b7-478c-9164-b04fe0897de0,soft_focus_scale,c51758f3ded8cefe89ce87a6c0da6ffb93ec5f694394ed9d4d0956a4a7a11073,3042fefd6b4699bb79a5f17174f4626d0b90940e897768b54ded5f22a8aa136f,320,240
train/paper/paper_train_aug_008_v9_color_noise.jpg,train,paper,0,generated_augmentation,paper_crumpled_or_sheet,paper/b2d6358d-5b99-4e7e-be98-5a3f92c8310d,paper/b2d6358d-5b99-4e7e-be98-5a3f92c8310d.jpg,b2d6358d-5b99-4e7e-be98-5a3f92c8310d,v9_color_noise,1b3eca66eed90ee6764934c6d84fda1cfde0f11bd9756510dc44c08f595303da,12147f78b38789021973ac860b82ad163d29b0df92f1d09e9357ccb8b3bbdf7d,320,240
train/paper/paper_train_aug_009_rotate_zoom.jpg,train,paper,0,generated_augmentation,paper_crumpled_or_sheet,paper/baa362a3-05f3-4d6c-a1d3-6aac7e049b1f,paper/baa362a3-05f3-4d6c-a1d3-6aac7e049b1f.jpg,baa362a3-05f3-4d6c-a1d3-6aac7e049b1f,rotate_zoom,356913cad7415a1560312ba93617e14af82f41ae4f5699320d706d67aad6c358,764d4e9a807b83c34ee2dcb415e2abc6e1eefea6e00b3fbde813f272d648e7d9,320,240
train/paper/paper_train_aug_010_low_light_blur.jpg,train,paper,0,generated_augmentation,paper_crumpled_or_sheet,paper/e49dbf71-1c4c-4432-8f77-620e2b66e873,paper/e49dbf71-1c4c-4432-8f77-620e2b66e873.jpg,e49dbf71-1c4c-4432-8f77-620e2b66e873,low_light_blur,c0d770c6129f05a747adee2c4f40da09d9e04bb1b8a659f33c9ebe494b510eb1,84a2c28277e69c319b23a01eeb43f880d94f2959b1f1260d45719943092f619a,320,240
train/paper/paper_train_aug_011_bright_warm.jpg,train,paper,0,generated_augmentation,paper_crumpled_or_sheet,paper/0dc78700-cae4-49d7-af86-780d18f797df,paper/0dc78700-cae4-49d7-af86-780d18f797df.jpg,0dc78700-cae4-49d7-af86-780d18f797df,bright_warm,f23a725723c8c9ef69c5e30c74746572782fa4d02f5ace4377f71279d2fa7296,0d5d63d9b27c911849c7be35aacba3891d2fd23aeada5f3ca53eb2fa24356b21,320,240
train/paper/paper_train_aug_012_cool_cast.jpg,train,paper,0,generated_augmentation,paper_cardboard_or_box,paper/cfa0bc8c-16da-40c7-9941-4edf0c62076b,paper/cfa0bc8c-16da-40c7-9941-4edf0c62076b.jpg,cfa0bc8c-16da-40c7-9941-4edf0c62076b,cool_cast,7d3577d0939875bfa231a3dcf35dc3bb9c2801c02c8faa80cab02b7e8cdbb9fa,c110cbfc91b8642c9ea77c198b3338b24f293191a72dc0b356da200f3657c123,320,240
train/paper/paper_train_aug_013_sensor_noise.jpg,train,paper,0,generated_augmentation,paper_cardboard_or_box,paper/2d0c8728-71b1-47c9-a8f9-5e11a8ad54a6,paper/2d0c8728-71b1-47c9-a8f9-5e11a8ad54a6.jpg,2d0c8728-71b1-47c9-a8f9-5e11a8ad54a6,sensor_noise,90a2f6f81ca912f7a9bf93ed79f8c9c546ee6e0021c018c2df3bb7d4af6fc963,8a20ea9bcbc98d40ade1888b65d25e756ae4233f5e7a17f73d599a0e96b0617e,320,240
train/paper/paper_train_aug_014_soft_focus_scale.jpg,train,paper,0,generated_augmentation,paper_crumpled_or_sheet,paper/a59c2028-effa-4308-8b86-5b38c8a2afa6,paper/a59c2028-effa-4308-8b86-5b38c8a2afa6.jpg,a59c2028-effa-4308-8b86-5b38c8a2afa6,soft_focus_scale,396b4581cba8e636daa403be7697c6e422c3666ac15ade84da5fbd1c8f59ba2f,e1136e5df4d2108de7234276724f4274a6a4c6434c3df90c6024ba8a40ced1fd,320,240
train/paper/paper_train_aug_015_v9_color_noise.jpg,train,paper,0,generated_augmentation,paper_crumpled_or_sheet,paper/3f379179-6410-4c78-a3c3-6f945e407d92,paper/3f379179-6410-4c78-a3c3-6f945e407d92.jpg,3f379179-6410-4c78-a3c3-6f945e407d92,v9_color_noise,79430feb013ad9e64c7ac58eed884ae409af0ab0cf67bbd897e7b2517edaff44,44623e32d645da01d47cdfdcc41799678227b81ebe375a4745eee7723f2f1421,320,240
train/paper/paper_train_aug_016_rotate_zoom.jpg,train,paper,0,generated_augmentation,paper_crumpled_or_sheet,paper/7426a024-1c6d-4dc8-98b1-27236d5aedb3,paper/7426a024-1c6d-4dc8-98b1-27236d5aedb3.jpg,7426a024-1c6d-4dc8-98b1-27236d5aedb3,rotate_zoom,9382a462f1abaf09f1655cf6c23089d08a568ef83060f8f1434fb363829b2b2b,a36d72028784c751e09975744cb4ff9bfc8fc85b1892a88fd983192fab58fca0,320,240
train/paper/paper_train_aug_017_low_light_blur.jpg,train,paper,0,generated_augmentation,paper_cardboard_or_box,paper/fcd246df-8539-424d-b417-36c64d269d89,paper/fcd246df-8539-424d-b417-36c64d269d89.jpg,fcd246df-8539-424d-b417-36c64d269d89,low_light_blur,53d684bb643923a9218428d6882baf03575c15005b3f51a047379ddd27871e0a,8445759392ab909d2657f4f5cb38237e4234afad1edc65c44d2f4d9ea36bd36c,320,240
train/paper/paper_train_aug_018_bright_warm.jpg,train,paper,0,generated_augmentation,paper_crumpled_or_sheet,paper/6eb401c5-ed18-4be3-91c1-b153fef1b4c6,paper/6eb401c5-ed18-4be3-91c1-b153fef1b4c6.jpg,6eb401c5-ed18-4be3-91c1-b153fef1b4c6,bright_warm,39e25fd1eb1109f60bbce6de8a8c195c3eb58debdaa8329531bd99939abbbe87,8e6e8324028bcc79f8e3abdd0dab94d27c0cbdbbbfd206f61baabae7530a9760,320,240
train/paper/paper_train_aug_019_cool_cast.jpg,train,paper,0,generated_augmentation,paper_crumpled_or_sheet,paper/a6b7fe8e-ee2b-47be-8b44-e13baed2adf6,paper/a6b7fe8e-ee2b-47be-8b44-e13baed2adf6.jpg,a6b7fe8e-ee2b-47be-8b44-e13baed2adf6,cool_cast,2a53b937014289f37a66ec0f5ef6003650296ca47b7f4039956d525f04a60c85,2aef19abae91b71e37a20fc282b2d7418aac18cee2550780630aac9b2d57f037,320,240
train/paper/paper_train_aug_020_sensor_noise.jpg,train,paper,0,generated_augmentation,paper_cardboard_or_box,paper/d4f5f8f8-8660-40a6-9a71-20afae2c17b5,paper/d4f5f8f8-8660-40a6-9a71-20afae2c17b5.jpg,d4f5f8f8-8660-40a6-9a71-20afae2c17b5,sensor_noise,0cc6bdec23ef20666fa7390af8c3d084336aa6da3a69010473101e4ed26820ee,350db98dddab62f5a626e7595d7a21a24adf0a3263fa702a5261f8f14d834fec,320,240
train/paper/paper_train_aug_021_soft_focus_scale.jpg,train,paper,0,generated_augmentation,paper_cardboard_or_box,paper/64f154cc-b457-4ca7-af72-3c8249011c4b,paper/64f154cc-b457-4ca7-af72-3c8249011c4b.jpg,64f154cc-b457-4ca7-af72-3c8249011c4b,soft_focus_scale,cca7ef240681ec3848f400a67102691febfa17f9b817d59ef0137a44ea902815,40768f36d708e15ac7dd68d3d90b4a6c77c67934de3bcf10069891d57f058119,320,240
train/paper/paper_train_aug_022_v9_color_noise.jpg,train,paper,0,generated_augmentation,paper_crumpled_or_sheet,paper/3ae52a7d-41a2-4619-ad53-7c332e35c7bb,paper/3ae52a7d-41a2-4619-ad53-7c332e35c7bb.jpg,3ae52a7d-41a2-4619-ad53-7c332e35c7bb,v9_color_noise,ec20e42d53cdb466f4f5ea99302bccaa8779dd5d82604a2ed1cababc2b5ea53f,7dfcaf114e2850cf8ce5f144e1e7593d5686a0d51746f817d78dade4c92e6deb,320,240
train/paper/paper_train_aug_023_rotate_zoom.jpg,train,paper,0,generated_augmentation,paper_crumpled_or_sheet,paper/c6a15a9a-bd2b-4cbb-bd8a-57640244d3b7,paper/c6a15a9a-bd2b-4cbb-bd8a-57640244d3b7.jpg,c6a15a9a-bd2b-4cbb-bd8a-57640244d3b7,rotate_zoom,501c95bca3c9fd5f91200fbfa0b9121891acc2c54c4ec03bdce4b4b5acc0492b,64f26e8007e58ff74cd83441ac235de4c06c233699526454b2853d3bc7c52dc4,320,240
train/paper/paper_train_aug_024_low_light_blur.jpg,train,paper,0,generated_augmentation,paper_crumpled_or_sheet,paper/f027ccf5-ade4-49ef-8fc1-1ece900c0cd1,paper/f027ccf5-ade4-49ef-8fc1-1ece900c0cd1.jpg,f027ccf5-ade4-49ef-8fc1-1ece900c0cd1,low_light_blur,7f9805037d3b3ae5149fd550f49bb04c8ab38bd5baa70fedfc24e1085eaf8c28,b037265693ccfeacb82faa058f0f535af7fbf6b6728b0d15b714f3f344c62d2c,320,240
train/paper/paper_train_aug_025_bright_warm.jpg,train,paper,0,generated_augmentation,paper_crumpled_or_sheet,paper/28bba1f0-ed43-4a0d-b5fd-0b66fd8fe928,paper/28bba1f0-ed43-4a0d-b5fd-0b66fd8fe928.jpg,28bba1f0-ed43-4a0d-b5fd-0b66fd8fe928,bright_warm,794d08281b77e5681b1f8741104c5e286fff55280a4092a1b9a5d803adcc4ddc,c5a8ae343cba552d0ccbf2ba4e134fc17f7c482e2bda819ea51367f946819fa8,320,240
train/paper/paper_train_aug_026_cool_cast.jpg,train,paper,0,generated_augmentation,paper_cardboard_or_box,paper/a31abf1a-1ba2-4e7f-8df4-23564c4bf558,paper/a31abf1a-1ba2-4e7f-8df4-23564c4bf558.jpg,a31abf1a-1ba2-4e7f-8df4-23564c4bf558,cool_cast,2dd50120fe67dd11a1cd2fdf775cf289d67be2f31f2715cce765841e712aa4a5,7c97a76cc134bc7f0cf525643a95060f74f1768b09b013b2ca84ff955043bcd6,320,240
train/paper/paper_train_aug_027_sensor_noise.jpg,train,paper,0,generated_augmentation,paper_crumpled_or_sheet,paper/f890c3ed-70be-433f-b8a8-249345c6fa72,paper/f890c3ed-70be-433f-b8a8-249345c6fa72.jpg,f890c3ed-70be-433f-b8a8-249345c6fa72,sensor_noise,9bedffe398377203e5a50a62bc445d44006d4f52cca53a5514d8e7187e75eced,e29fd9ea4f16cd397eb128621ff79610bd3ce2f3bb1cd1d083851c5e547f89b7,320,240
train/paper/paper_train_original_001.jpg,train,paper,0,original,paper_crumpled_or_sheet,paper/08957b4d-b996-4f82-a385-44b1c59b5c64,paper/08957b4d-b996-4f82-a385-44b1c59b5c64.jpg,08957b4d-b996-4f82-a385-44b1c59b5c64,none,4e44cf2afd8a40aa529c24b3ef82130179487a9c246d44362e6458182f5a3cae,4e44cf2afd8a40aa529c24b3ef82130179487a9c246d44362e6458182f5a3cae,320,240
train/paper/paper_train_original_002.jpg,train,paper,0,original,paper_crumpled_or_sheet,paper/095c0464-1e85-4cad-848c-711add2f536a,paper/095c0464-1e85-4cad-848c-711add2f536a.jpg,095c0464-1e85-4cad-848c-711add2f536a,none,8d94633fb502213c533fe9596a41d0abea66ba5b5be61d49498d6f9eee4a40f4,8d94633fb502213c533fe9596a41d0abea66ba5b5be61d49498d6f9eee4a40f4,320,240
train/paper/paper_train_original_003.jpg,train,paper,0,original,paper_crumpled_or_sheet,paper/0a9aa7c9-7b20-4e9c-809f-87dfff800195,paper/0a9aa7c9-7b20-4e9c-809f-87dfff800195.jpg,0a9aa7c9-7b20-4e9c-809f-87dfff800195,none,5cfc7f5b89362a918823a06c557d163e72e784e016782212db1c968db8b75729,5cfc7f5b89362a918823a06c557d163e72e784e016782212db1c968db8b75729,320,240
train/paper/paper_train_original_004.jpg,train,paper,0,original,paper_crumpled_or_sheet,paper/0dc78700-cae4-49d7-af86-780d18f797df,paper/0dc78700-cae4-49d7-af86-780d18f797df.jpg,0dc78700-cae4-49d7-af86-780d18f797df,none,f23a725723c8c9ef69c5e30c74746572782fa4d02f5ace4377f71279d2fa7296,f23a725723c8c9ef69c5e30c74746572782fa4d02f5ace4377f71279d2fa7296,320,240
train/paper/paper_train_original_005.jpg,train,paper,0,original,paper_crumpled_or_sheet,paper/0f77f478-f518-4d37-874b-d961485e3255,paper/0f77f478-f518-4d37-874b-d961485e3255.jpg,0f77f478-f518-4d37-874b-d961485e3255,none,db1cf6ed5b567602d606c11cd9fdf63ec713679b1e74317d3d93ba6ee0408398,db1cf6ed5b567602d606c11cd9fdf63ec713679b1e74317d3d93ba6ee0408398,320,240
train/paper/paper_train_original_006.jpg,train,paper,0,original,paper_crumpled_or_sheet,paper/12a0b7d0-7292-4b7d-bca0-ebefa53d7067,paper/12a0b7d0-7292-4b7d-bca0-ebefa53d7067.jpg,12a0b7d0-7292-4b7d-bca0-ebefa53d7067,none,48abd3160f71823749e14bbac425dadd2ef2112812b29b8f40cd06a5ee0498d7,48abd3160f71823749e14bbac425dadd2ef2112812b29b8f40cd06a5ee0498d7,320,240
train/paper/paper_train_original_007.jpg,train,paper,0,original,paper_cardboard_or_box,paper/1333e479-d829-4b34-9126-81d276a58278,paper/1333e479-d829-4b34-9126-81d276a58278.jpg,1333e479-d829-4b34-9126-81d276a58278,none,a3250bf1483fc1b51402bacd9089d17401b7915d4fe1e1cf4774936f6f1bc035,a3250bf1483fc1b51402bacd9089d17401b7915d4fe1e1cf4774936f6f1bc035,320,240
train/paper/paper_train_original_008.jpg,train,paper,0,original,paper_cardboard_or_box,paper/14645458-07eb-40f1-a49a-da76033c4dcb,paper/14645458-07eb-40f1-a49a-da76033c4dcb.jpg,14645458-07eb-40f1-a49a-da76033c4dcb,none,d952e54ef108460d4d6500fefb04ea0ff717baff28c856513a3c6e4ba7fb9057,d952e54ef108460d4d6500fefb04ea0ff717baff28c856513a3c6e4ba7fb9057,320,240
train/paper/paper_train_original_009.jpg,train,paper,0,original,paper_crumpled_or_sheet,paper/146b8896-93fd-40bf-8163-c9112058ded4,paper/146b8896-93fd-40bf-8163-c9112058ded4.jpg,146b8896-93fd-40bf-8163-c9112058ded4,none,bfdc5654a9e77c2605a9371899f619da7bf00cbcbe005b439589c641f736e024,bfdc5654a9e77c2605a9371899f619da7bf00cbcbe005b439589c641f736e024,320,240
train/paper/paper_train_original_010.jpg,train,paper,0,original,paper_cardboard_or_box,paper/193590c5-aa85-490c-8142-74db88c2a5c9,paper/193590c5-aa85-490c-8142-74db88c2a5c9.jpg,193590c5-aa85-490c-8142-74db88c2a5c9,none,5535d3fde0925fa3fd5d715d3541c754b3d6eca1626751d3b18678e0815273aa,5535d3fde0925fa3fd5d715d3541c754b3d6eca1626751d3b18678e0815273aa,320,240
train/paper/paper_train_original_011.jpg,train,paper,0,original,paper_cardboard_or_box,paper/1e1e58a4-8052-48c3-a688-7170ddad2e3b,paper/1e1e58a4-8052-48c3-a688-7170ddad2e3b.jpg,1e1e58a4-8052-48c3-a688-7170ddad2e3b,none,535a538a6017e111153b203fd62635f7a25383aa9b3d3a4eee0c1a977b0a3fd7,535a538a6017e111153b203fd62635f7a25383aa9b3d3a4eee0c1a977b0a3fd7,320,240
train/paper/paper_train_original_012.jpg,train,paper,0,original,paper_cardboard_or_box,paper/211fb8cf-5c52-4d08-b5eb-1d775a89d1c8,paper/211fb8cf-5c52-4d08-b5eb-1d775a89d1c8.jpg,211fb8cf-5c52-4d08-b5eb-1d775a89d1c8,none,48ee765f0f2d07fbe04f96b7917deb457c6bb3a4aa7782c2ff294d662fe5c05e,48ee765f0f2d07fbe04f96b7917deb457c6bb3a4aa7782c2ff294d662fe5c05e,320,240
train/paper/paper_train_original_013.jpg,train,paper,0,original,paper_crumpled_or_sheet,paper/22f1398d-3ac0-43db-a55f-03defe8b04ab,paper/22f1398d-3ac0-43db-a55f-03defe8b04ab.jpg,22f1398d-3ac0-43db-a55f-03defe8b04ab,none,dea8182a8c1e47468b60fcd175ae358ee45b75330575863dfb5bdbb7cdb7edbb,dea8182a8c1e47468b60fcd175ae358ee45b75330575863dfb5bdbb7cdb7edbb,320,240
train/paper/paper_train_original_014.jpg,train,paper,0,original,paper_cardboard_or_box,paper/25fd15f0-f9b1-405f-a2d4-ca23caccb2ed,paper/25fd15f0-f9b1-405f-a2d4-ca23caccb2ed.jpg,25fd15f0-f9b1-405f-a2d4-ca23caccb2ed,none,48a57a31927a921f89975c99ab6c18278e45789fc04d017644b21a7014ac635a,48a57a31927a921f89975c99ab6c18278e45789fc04d017644b21a7014ac635a,320,240
train/paper/paper_train_original_015.jpg,train,paper,0,original,paper_crumpled_or_sheet,paper/269464c7-a65a-46ca-b8e3-a97c1431b28a,paper/269464c7-a65a-46ca-b8e3-a97c1431b28a.jpg,269464c7-a65a-46ca-b8e3-a97c1431b28a,none,56fd48071da753ab74e4a6fea741e81c6a6ba727cb1315e5c21e398fdb40a143,56fd48071da753ab74e4a6fea741e81c6a6ba727cb1315e5c21e398fdb40a143,320,240
train/paper/paper_train_original_016.jpg,train,paper,0,original,paper_cardboard_or_box,paper/27e3daf1-04a7-47f0-a343-5a9c34e4c141,paper/27e3daf1-04a7-47f0-a343-5a9c34e4c141.jpg,27e3daf1-04a7-47f0-a343-5a9c34e4c141,none,811b833202cd5b6a97485fe86c9769e0459bf68729ff5265b407089227f78cfc,811b833202cd5b6a97485fe86c9769e0459bf68729ff5265b407089227f78cfc,320,240
train/paper/paper_train_original_017.jpg,train,paper,0,original,paper_crumpled_or_sheet,paper/28bba1f0-ed43-4a0d-b5fd-0b66fd8fe928,paper/28bba1f0-ed43-4a0d-b5fd-0b66fd8fe928.jpg,28bba1f0-ed43-4a0d-b5fd-0b66fd8fe928,none,794d08281b77e5681b1f8741104c5e286fff55280a4092a1b9a5d803adcc4ddc,794d08281b77e5681b1f8741104c5e286fff55280a4092a1b9a5d803adcc4ddc,320,240
train/paper/paper_train_original_018.jpg,train,paper,0,original,paper_cardboard_or_box,paper/2922f4ef-e8ef-4b23-8bc4-c4da6a4f7c7a,paper/2922f4ef-e8ef-4b23-8bc4-c4da6a4f7c7a.jpg,2922f4ef-e8ef-4b23-8bc4-c4da6a4f7c7a,none,e7525f52c0f74787497f0294a90dc44149bad56fcc1434b1fd9d6342175b76f8,e7525f52c0f74787497f0294a90dc44149bad56fcc1434b1fd9d6342175b76f8,320,240
train/paper/paper_train_original_019.jpg,train,paper,0,original,paper_crumpled_or_sheet,paper/2b8d6ef5-b12c-46e3-ab1e-5f0d5bcb3b01,paper/2b8d6ef5-b12c-46e3-ab1e-5f0d5bcb3b01.jpg,2b8d6ef5-b12c-46e3-ab1e-5f0d5bcb3b01,none,e65934f5e98c1aa30fecc877e8e4a462ef3b683f73a578b477c8cca5fcc79b2e,e65934f5e98c1aa30fecc877e8e4a462ef3b683f73a578b477c8cca5fcc79b2e,320,240
train/paper/paper_train_original_020.jpg,train,paper,0,original,paper_cardboard_or_box,paper/2d0c8728-71b1-47c9-a8f9-5e11a8ad54a6,paper/2d0c8728-71b1-47c9-a8f9-5e11a8ad54a6.jpg,2d0c8728-71b1-47c9-a8f9-5e11a8ad54a6,none,90a2f6f81ca912f7a9bf93ed79f8c9c546ee6e0021c018c2df3bb7d4af6fc963,90a2f6f81ca912f7a9bf93ed79f8c9c546ee6e0021c018c2df3bb7d4af6fc963,320,240
train/paper/paper_train_original_021.jpg,train,paper,0,original,paper_cardboard_or_box,paper/3084c9fd-bb4d-4e7f-86b0-a3b4b6c91616,paper/3084c9fd-bb4d-4e7f-86b0-a3b4b6c91616.jpg,3084c9fd-bb4d-4e7f-86b0-a3b4b6c91616,none,46f2536ca960930f5c4b02a66417f714dd5331a5ac0b5501607fe4d4bdb3be72,46f2536ca960930f5c4b02a66417f714dd5331a5ac0b5501607fe4d4bdb3be72,320,240
train/paper/paper_train_original_022.jpg,train,paper,0,original,paper_crumpled_or_sheet,paper/3192dd94-fba9-4109-b0f0-cf2ffe513e5f,paper/3192dd94-fba9-4109-b0f0-cf2ffe513e5f.jpg,3192dd94-fba9-4109-b0f0-cf2ffe513e5f,none,967e03f944b1d5062ceb86dad61050f76240aa43a6c6a7564bf6e7331d37a830,967e03f944b1d5062ceb86dad61050f76240aa43a6c6a7564bf6e7331d37a830,320,240
train/paper/paper_train_original_023.jpg,train,paper,0,original,paper_cardboard_or_box,paper/37035b7b-16f0-46b5-ace9-9c43e1ed4d71,paper/37035b7b-16f0-46b5-ace9-9c43e1ed4d71.jpg,37035b7b-16f0-46b5-ace9-9c43e1ed4d71,none,241b6e5d1451e57f2aa8723ea1b476c573d9295d1df240a3545f57a1dec6f3f4,241b6e5d1451e57f2aa8723ea1b476c573d9295d1df240a3545f57a1dec6f3f4,320,240
train/paper/paper_train_original_024.jpg,train,paper,0,original,paper_cardboard_or_box,paper/3a34ee2f-4cd6-4e18-af60-fbbab8355348,paper/3a34ee2f-4cd6-4e18-af60-fbbab8355348.jpg,3a34ee2f-4cd6-4e18-af60-fbbab8355348,none,10c620105be761407f581d32cae0178717865866d22d49798397c66060935159,10c620105be761407f581d32cae0178717865866d22d49798397c66060935159,320,240
train/paper/paper_train_original_025.jpg,train,paper,0,original,paper_crumpled_or_sheet,paper/3ae52a7d-41a2-4619-ad53-7c332e35c7bb,paper/3ae52a7d-41a2-4619-ad53-7c332e35c7bb.jpg,3ae52a7d-41a2-4619-ad53-7c332e35c7bb,none,ec20e42d53cdb466f4f5ea99302bccaa8779dd5d82604a2ed1cababc2b5ea53f,ec20e42d53cdb466f4f5ea99302bccaa8779dd5d82604a2ed1cababc2b5ea53f,320,240
train/paper/paper_train_original_026.jpg,train,paper,0,original,paper_crumpled_or_sheet,paper/3f379179-6410-4c78-a3c3-6f945e407d92,paper/3f379179-6410-4c78-a3c3-6f945e407d92.jpg,3f379179-6410-4c78-a3c3-6f945e407d92,none,79430feb013ad9e64c7ac58eed884ae409af0ab0cf67bbd897e7b2517edaff44,79430feb013ad9e64c7ac58eed884ae409af0ab0cf67bbd897e7b2517edaff44,320,240
train/paper/paper_train_original_027.jpg,train,paper,0,original,paper_crumpled_or_sheet,paper/3f6e0572-f9fc-4b17-a234-74b22244b9d3,paper/3f6e0572-f9fc-4b17-a234-74b22244b9d3.jpg,3f6e0572-f9fc-4b17-a234-74b22244b9d3,none,aa2ff4b5295f41dbf047413d4047eb8a3b7e3418d4357e418327b8f705568a2a,aa2ff4b5295f41dbf047413d4047eb8a3b7e3418d4357e418327b8f705568a2a,320,240
train/paper/paper_train_original_028.jpg,train,paper,0,original,paper_crumpled_or_sheet,paper/3fef7537-8d5b-47c2-bb1c-48e3fc4f4122,paper/3fef7537-8d5b-47c2-bb1c-48e3fc4f4122.jpg,3fef7537-8d5b-47c2-bb1c-48e3fc4f4122,none,4e608c16f955cfcb201f0315ea7391c4c7e2839661c5fe7daa27778d1c4008e1,4e608c16f955cfcb201f0315ea7391c4c7e2839661c5fe7daa27778d1c4008e1,320,240
train/paper/paper_train_original_029.jpg,train,paper,0,original,paper_crumpled_or_sheet,paper/40522739-479c-4ab5-9152-a43f4fd12987,paper/40522739-479c-4ab5-9152-a43f4fd12987.jpg,40522739-479c-4ab5-9152-a43f4fd12987,none,c9886e59bf617772cc3409a91a1eeeea49144cc721a3eb0714246ebd52056d9d,c9886e59bf617772cc3409a91a1eeeea49144cc721a3eb0714246ebd52056d9d,320,240
train/paper/paper_train_original_030.jpg,train,paper,0,original,paper_cardboard_or_box,paper/477026dc-2dee-4e4c-8b5a-848be3db40f3,paper/477026dc-2dee-4e4c-8b5a-848be3db40f3.jpg,477026dc-2dee-4e4c-8b5a-848be3db40f3,none,729b7c60504e1ce9a729f8d15539351b2b12754468af582bc0c06a0860ecbd62,729b7c60504e1ce9a729f8d15539351b2b12754468af582bc0c06a0860ecbd62,320,240
train/paper/paper_train_original_031.jpg,train,paper,0,original,paper_cardboard_or_box,paper/479328cb-ca6c-49d8-9d83-f1562a554366,paper/479328cb-ca6c-49d8-9d83-f1562a554366.jpg,479328cb-ca6c-49d8-9d83-f1562a554366,none,f093fa25d393d1b09a1aa7c99fb6b9a794d4be18773c1b69f49f1c73f2a53f87,f093fa25d393d1b09a1aa7c99fb6b9a794d4be18773c1b69f49f1c73f2a53f87,320,240
train/paper/paper_train_original_032.jpg,train,paper,0,original,paper_crumpled_or_sheet,paper/49e8e6bd-f15b-4ac9-91c7-a722994491a6,paper/49e8e6bd-f15b-4ac9-91c7-a722994491a6.jpg,49e8e6bd-f15b-4ac9-91c7-a722994491a6,none,6ba18ed7b1ce4beb47079314b7228885d64bac51a7e74d5e98b254fdeb7fa6d0,6ba18ed7b1ce4beb47079314b7228885d64bac51a7e74d5e98b254fdeb7fa6d0,320,240
train/paper/paper_train_original_033.jpg,train,paper,0,original,paper_cardboard_or_box,paper/4af49b0a-12ac-4966-8b08-b6b74194a8e6,paper/4af49b0a-12ac-4966-8b08-b6b74194a8e6.jpg,4af49b0a-12ac-4966-8b08-b6b74194a8e6,none,dc1c478d32ea0a44999805751383b9160b41bc5d18b5fd3478711d5875f6ed00,dc1c478d32ea0a44999805751383b9160b41bc5d18b5fd3478711d5875f6ed00,320,240
train/paper/paper_train_original_034.jpg,train,paper,0,original,paper_crumpled_or_sheet,paper/4bbba8c5-af2d-45b5-9969-dfd692b4ce3b,paper/4bbba8c5-af2d-45b5-9969-dfd692b4ce3b.jpg,4bbba8c5-af2d-45b5-9969-dfd692b4ce3b,none,b7bf9c70c01602ae79f1336ebcddce53f018b7fa3240b2a3f46c873e0fe18c5a,b7bf9c70c01602ae79f1336ebcddce53f018b7fa3240b2a3f46c873e0fe18c5a,320,240
train/paper/paper_train_original_035.jpg,train,paper,0,original,paper_crumpled_or_sheet,paper/4c11fec1-f14d-498d-9fbd-c48bebd39757,paper/4c11fec1-f14d-498d-9fbd-c48bebd39757.jpg,4c11fec1-f14d-498d-9fbd-c48bebd39757,none,ed55e5d89599321663e63f65f3cdec0ee6e5049c63e966728df422ef1b30f174,ed55e5d89599321663e63f65f3cdec0ee6e5049c63e966728df422ef1b30f174,320,240
train/paper/paper_train_original_036.jpg,train,paper,0,original,paper_crumpled_or_sheet,paper/50a368bf-5edc-49f0-88b4-eaed0317a404,paper/50a368bf-5edc-49f0-88b4-eaed0317a404.jpg,50a368bf-5edc-49f0-88b4-eaed0317a404,none,af7ec442c418a182793e5fb93a37500a8c26b6f60f25b45b604a66f57a9621da,af7ec442c418a182793e5fb93a37500a8c26b6f60f25b45b604a66f57a9621da,320,240
train/paper/paper_train_original_037.jpg,train,paper,0,original,paper_crumpled_or_sheet,paper/51d01d35-9910-443b-bfe3-df075fc920fc,paper/51d01d35-9910-443b-bfe3-df075fc920fc.jpg,51d01d35-9910-443b-bfe3-df075fc920fc,none,094a38190d41f4373d9b6f13b7aa2dc7fc1c672856235f042a6c5d33c3a08e37,094a38190d41f4373d9b6f13b7aa2dc7fc1c672856235f042a6c5d33c3a08e37,320,240
train/paper/paper_train_original_038.jpg,train,paper,0,original,paper_cardboard_or_box,paper/51f36e9d-13cf-478a-8c2f-8b9cef7cc40a,paper/51f36e9d-13cf-478a-8c2f-8b9cef7cc40a.jpg,51f36e9d-13cf-478a-8c2f-8b9cef7cc40a,none,a412d3dc546fa18a16b280cdd53926a19959db243889c5f29ea877c16cd917ce,a412d3dc546fa18a16b280cdd53926a19959db243889c5f29ea877c16cd917ce,320,240
train/paper/paper_train_original_039.jpg,train,paper,0,original,paper_cardboard_or_box,paper/54e9ee62-7455-48de-92c6-de933012614d,paper/54e9ee62-7455-48de-92c6-de933012614d.jpg,54e9ee62-7455-48de-92c6-de933012614d,none,0bda0f5277ce8afaff1b211868bc1e6355f770454158f02abc7bb95dec902dcc,0bda0f5277ce8afaff1b211868bc1e6355f770454158f02abc7bb95dec902dcc,320,240
train/paper/paper_train_original_040.jpg,train,paper,0,original,paper_cardboard_or_box,paper/55bd0adb-1968-4d13-91e8-96c6ba32047c,paper/55bd0adb-1968-4d13-91e8-96c6ba32047c.jpg,55bd0adb-1968-4d13-91e8-96c6ba32047c,none,d9372b70b98449e0ef5cede5b526cd85bd9078a339dc20170f89b3e384fe8df7,d9372b70b98449e0ef5cede5b526cd85bd9078a339dc20170f89b3e384fe8df7,320,240
train/paper/paper_train_original_041.jpg,train,paper,0,original,paper_cardboard_or_box,paper/5f96feed-cbbe-4406-b75c-f77f62db432a,paper/5f96feed-cbbe-4406-b75c-f77f62db432a.jpg,5f96feed-cbbe-4406-b75c-f77f62db432a,none,23add34f07a812a0005054b82514624b49e2bb2d3d20b7399b578d4e4a84158b,23add34f07a812a0005054b82514624b49e2bb2d3d20b7399b578d4e4a84158b,320,240
train/paper/paper_train_original_042.jpg,train,paper,0,original,paper_crumpled_or_sheet,paper/61ebaa35-9755-4adb-8d93-ee7376fa563f,paper/61ebaa35-9755-4adb-8d93-ee7376fa563f.jpg,61ebaa35-9755-4adb-8d93-ee7376fa563f,none,d2573d32a4ef633d0217d97047c58974d5c7c0c3321eb38f9864c8b78ade108c,d2573d32a4ef633d0217d97047c58974d5c7c0c3321eb38f9864c8b78ade108c,320,240
train/paper/paper_train_original_043.jpg,train,paper,0,original,paper_cardboard_or_box,paper/64f154cc-b457-4ca7-af72-3c8249011c4b,paper/64f154cc-b457-4ca7-af72-3c8249011c4b.jpg,64f154cc-b457-4ca7-af72-3c8249011c4b,none,cca7ef240681ec3848f400a67102691febfa17f9b817d59ef0137a44ea902815,cca7ef240681ec3848f400a67102691febfa17f9b817d59ef0137a44ea902815,320,240
train/paper/paper_train_original_044.jpg,train,paper,0,original,paper_crumpled_or_sheet,paper/6797fa38-6af4-49d7-a26d-7a0d0b1a7ada,paper/6797fa38-6af4-49d7-a26d-7a0d0b1a7ada.jpg,6797fa38-6af4-49d7-a26d-7a0d0b1a7ada,none,805704be80c896fb36dc3b4b4b9461ead7fe271808228152550774d73443817b,805704be80c896fb36dc3b4b4b9461ead7fe271808228152550774d73443817b,320,240
train/paper/paper_train_original_045.jpg,train,paper,0,original,paper_cardboard_or_box,paper/68579680-1a53-45da-9916-11bae6282076,paper/68579680-1a53-45da-9916-11bae6282076.jpg,68579680-1a53-45da-9916-11bae6282076,none,91a92ff90d2e45d439503487ce2f528a0b37bbbeb7785f904e605cdfde41b711,91a92ff90d2e45d439503487ce2f528a0b37bbbeb7785f904e605cdfde41b711,320,240
train/paper/paper_train_original_046.jpg,train,paper,0,original,paper_cardboard_or_box,paper/6952c088-edc5-43df-98fb-9e98768e3a94,paper/6952c088-edc5-43df-98fb-9e98768e3a94.jpg,6952c088-edc5-43df-98fb-9e98768e3a94,none,73db1e1476b7e710ad70c772862c8443349fedd3597ba9b34b837ec60a471c8e,73db1e1476b7e710ad70c772862c8443349fedd3597ba9b34b837ec60a471c8e,320,240
train/paper/paper_train_original_047.jpg,train,paper,0,original,paper_crumpled_or_sheet,paper/6b567f18-8076-4c0b-93ff-3cfb6df5e258,paper/6b567f18-8076-4c0b-93ff-3cfb6df5e258.jpg,6b567f18-8076-4c0b-93ff-3cfb6df5e258,none,9de96f62630d6026ed7635ffd7759039d5df69cd01eb99c98190d1921758054b,9de96f62630d6026ed7635ffd7759039d5df69cd01eb99c98190d1921758054b,320,240
train/paper/paper_train_original_048.jpg,train,paper,0,original,paper_crumpled_or_sheet,paper/6eb401c5-ed18-4be3-91c1-b153fef1b4c6,paper/6eb401c5-ed18-4be3-91c1-b153fef1b4c6.jpg,6eb401c5-ed18-4be3-91c1-b153fef1b4c6,none,39e25fd1eb1109f60bbce6de8a8c195c3eb58debdaa8329531bd99939abbbe87,39e25fd1eb1109f60bbce6de8a8c195c3eb58debdaa8329531bd99939abbbe87,320,240
train/paper/paper_train_original_049.jpg,train,paper,0,original,paper_crumpled_or_sheet,paper/7426a024-1c6d-4dc8-98b1-27236d5aedb3,paper/7426a024-1c6d-4dc8-98b1-27236d5aedb3.jpg,7426a024-1c6d-4dc8-98b1-27236d5aedb3,none,9382a462f1abaf09f1655cf6c23089d08a568ef83060f8f1434fb363829b2b2b,9382a462f1abaf09f1655cf6c23089d08a568ef83060f8f1434fb363829b2b2b,320,240
train/paper/paper_train_original_050.jpg,train,paper,0,original,paper_crumpled_or_sheet,paper/75083768-ebd8-472e-afb7-e0f42423a6ad,paper/75083768-ebd8-472e-afb7-e0f42423a6ad.jpg,75083768-ebd8-472e-afb7-e0f42423a6ad,none,3271fda3f1a762c8de9cd55aef77eda47c588e00917a95b6ac73c5b0a3da0912,3271fda3f1a762c8de9cd55aef77eda47c588e00917a95b6ac73c5b0a3da0912,320,240
train/paper/paper_train_original_051.jpg,train,paper,0,original,paper_crumpled_or_sheet,paper/759d3cbb-dfc3-470a-b9da-641f7c5b328a,paper/759d3cbb-dfc3-470a-b9da-641f7c5b328a.jpg,759d3cbb-dfc3-470a-b9da-641f7c5b328a,none,17e043c613f0f4c3d89ced8b3c3ac83ffb94c76e0b2bde8cfee5b7a9bc39beae,17e043c613f0f4c3d89ced8b3c3ac83ffb94c76e0b2bde8cfee5b7a9bc39beae,320,240
train/paper/paper_train_original_052.jpg,train,paper,0,original,paper_cardboard_or_box,paper/773e34c7-0ff2-4dba-affa-d26313a6250e,paper/773e34c7-0ff2-4dba-affa-d26313a6250e.jpg,773e34c7-0ff2-4dba-affa-d26313a6250e,none,354d39d92ee94a57a9ee7b630d2b3c4a4053e4020fda3c88334b82dba6d4da85,354d39d92ee94a57a9ee7b630d2b3c4a4053e4020fda3c88334b82dba6d4da85,320,240
train/paper/paper_train_original_053.jpg,train,paper,0,original,paper_cardboard_or_box,paper/78764399-aa01-4a12-97b0-1043e905548d,paper/78764399-aa01-4a12-97b0-1043e905548d.jpg,78764399-aa01-4a12-97b0-1043e905548d,none,1588063615b06fc135ae9f6d90a530a2895fcf6f7491545888a6d12c129afe19,1588063615b06fc135ae9f6d90a530a2895fcf6f7491545888a6d12c129afe19,320,240
train/paper/paper_train_original_054.jpg,train,paper,0,original,paper_cardboard_or_box,paper/7a3256cc-dde3-46c6-a975-88897ae6d98e,paper/7a3256cc-dde3-46c6-a975-88897ae6d98e.jpg,7a3256cc-dde3-46c6-a975-88897ae6d98e,none,96e11789903a2fa2b34a9873aea14040435ad01f1cfea83879b8eb9ad1bee7e5,96e11789903a2fa2b34a9873aea14040435ad01f1cfea83879b8eb9ad1bee7e5,320,240
train/paper/paper_train_original_055.jpg,train,paper,0,original,paper_cardboard_or_box,paper/7be06600-0fbb-4b17-8aeb-dcd034dc0868,paper/7be06600-0fbb-4b17-8aeb-dcd034dc0868.jpg,7be06600-0fbb-4b17-8aeb-dcd034dc0868,none,c8054641bce6620e45ad59b541c2dd8686ca6b0ebda2791e770939f77b08d4ba,c8054641bce6620e45ad59b541c2dd8686ca6b0ebda2791e770939f77b08d4ba,320,240
train/paper/paper_train_original_056.jpg,train,paper,0,original,paper_cardboard_or_box,paper/7d9f459b-aa7e-4ef5-a915-7623d4076be2,paper/7d9f459b-aa7e-4ef5-a915-7623d4076be2.jpg,7d9f459b-aa7e-4ef5-a915-7623d4076be2,none,0232a15cbb5ac3a07744dd0f85252d22c01d473c4aed5c44078ad79953df6421,0232a15cbb5ac3a07744dd0f85252d22c01d473c4aed5c44078ad79953df6421,320,240
train/paper/paper_train_original_057.jpg,train,paper,0,original,paper_crumpled_or_sheet,paper/7e6a3c04-9698-4b46-9900-ae538812c20f,paper/7e6a3c04-9698-4b46-9900-ae538812c20f.jpg,7e6a3c04-9698-4b46-9900-ae538812c20f,none,510a4d05479a9ac38df03e482877a3bca1cbdf1b0b3e0984aee6e4782e4a058c,510a4d05479a9ac38df03e482877a3bca1cbdf1b0b3e0984aee6e4782e4a058c,320,240
train/paper/paper_train_original_058.jpg,train,paper,0,original,paper_cardboard_or_box,paper/7fbb9fe7-63df-4ebc-a4b3-2426cf548899,paper/7fbb9fe7-63df-4ebc-a4b3-2426cf548899.jpg,7fbb9fe7-63df-4ebc-a4b3-2426cf548899,none,e4a3ee89ad8bcec7eadeac2cc76a2e43f83490601c8e454bb7ab8465e60a85eb,e4a3ee89ad8bcec7eadeac2cc76a2e43f83490601c8e454bb7ab8465e60a85eb,320,240
train/paper/paper_train_original_059.jpg,train,paper,0,original,paper_cardboard_or_box,paper/84deb629-fad4-4945-abe6-cac9dcf726cc,paper/84deb629-fad4-4945-abe6-cac9dcf726cc.jpg,84deb629-fad4-4945-abe6-cac9dcf726cc,none,962725e09652614943d3ef976886e4823934a0a7b4d3e8ce232ea0cd5b0a34cf,962725e09652614943d3ef976886e4823934a0a7b4d3e8ce232ea0cd5b0a34cf,320,240
train/paper/paper_train_original_060.jpg,train,paper,0,original,paper_crumpled_or_sheet,paper/8641afbf-7b01-4fff-8666-9efb81b55e13,paper/8641afbf-7b01-4fff-8666-9efb81b55e13.jpg,8641afbf-7b01-4fff-8666-9efb81b55e13,none,4cd1b50d515c28b1c0724454627aa03f1a7b1a7c637a1f697de1faf7862eb464,4cd1b50d515c28b1c0724454627aa03f1a7b1a7c637a1f697de1faf7862eb464,320,240
train/paper/paper_train_original_061.jpg,train,paper,0,original,paper_crumpled_or_sheet,paper/8686cc84-b144-470d-bf9c-672b674e9a20,paper/8686cc84-b144-470d-bf9c-672b674e9a20.jpg,8686cc84-b144-470d-bf9c-672b674e9a20,none,4895e9b68419e22e3e704a61277add470367b91d5e2ac958df2eecc3ab5dbdde,4895e9b68419e22e3e704a61277add470367b91d5e2ac958df2eecc3ab5dbdde,320,240
train/paper/paper_train_original_062.jpg,train,paper,0,original,paper_crumpled_or_sheet,paper/8efab3bb-3881-4cae-851d-65e14cfa0d47,paper/8efab3bb-3881-4cae-851d-65e14cfa0d47.jpg,8efab3bb-3881-4cae-851d-65e14cfa0d47,none,51272ab4e05be56f6b24e832285b426f7605dc5829f3b3b90095582a4b215d28,51272ab4e05be56f6b24e832285b426f7605dc5829f3b3b90095582a4b215d28,320,240
train/paper/paper_train_original_063.jpg,train,paper,0,original,paper_crumpled_or_sheet,paper/8f908485-4c7d-4a00-8ed8-c0b9dfa31430,paper/8f908485-4c7d-4a00-8ed8-c0b9dfa31430.jpg,8f908485-4c7d-4a00-8ed8-c0b9dfa31430,none,be6ced7e3be6505f0d516f42194918d519f5093c1efc9f2ec766da138b9c9855,be6ced7e3be6505f0d516f42194918d519f5093c1efc9f2ec766da138b9c9855,320,240
train/paper/paper_train_original_064.jpg,train,paper,0,original,paper_crumpled_or_sheet,paper/904f6d8a-b900-435d-8820-a9170cf3932f,paper/904f6d8a-b900-435d-8820-a9170cf3932f.jpg,904f6d8a-b900-435d-8820-a9170cf3932f,none,4c64de55b5b2e8f552b62b4b847093f3a2a831fbe59e3eb3f971ce52d65a5bab,4c64de55b5b2e8f552b62b4b847093f3a2a831fbe59e3eb3f971ce52d65a5bab,320,240
train/paper/paper_train_original_065.jpg,train,paper,0,original,paper_cardboard_or_box,paper/9367b7f0-bf66-4487-8fec-22ae681fb1d5,paper/9367b7f0-bf66-4487-8fec-22ae681fb1d5.jpg,9367b7f0-bf66-4487-8fec-22ae681fb1d5,none,fb332445f055cfeb395a3a31a3ad4a354f8df5c0d61abdff8e3cdd069f738bdc,fb332445f055cfeb395a3a31a3ad4a354f8df5c0d61abdff8e3cdd069f738bdc,320,240
train/paper/paper_train_original_066.jpg,train,paper,0,original,paper_crumpled_or_sheet,paper/98c24a84-9234-4e56-a602-f424b604edb3,paper/98c24a84-9234-4e56-a602-f424b604edb3.jpg,98c24a84-9234-4e56-a602-f424b604edb3,none,726cfd7452c8ede295b248b79ec48a998d69b806cc9edabfba00530017d60cc9,726cfd7452c8ede295b248b79ec48a998d69b806cc9edabfba00530017d60cc9,320,240
train/paper/paper_train_original_067.jpg,train,paper,0,original,paper_cardboard_or_box,paper/99be9226-a986-4a1b-a68c-4faa0d476a0e,paper/99be9226-a986-4a1b-a68c-4faa0d476a0e.jpg,99be9226-a986-4a1b-a68c-4faa0d476a0e,none,8150610c16975312b46c74ccc8262a16c5ce4bfd2f4705767ddeb73aefb59ad7,8150610c16975312b46c74ccc8262a16c5ce4bfd2f4705767ddeb73aefb59ad7,320,240
train/paper/paper_train_original_068.jpg,train,paper,0,original,paper_crumpled_or_sheet,paper/9be5a8d8-61db-4ac1-bcdc-d8d146f806ed,paper/9be5a8d8-61db-4ac1-bcdc-d8d146f806ed.jpg,9be5a8d8-61db-4ac1-bcdc-d8d146f806ed,none,405a56f45feeab72865884c7fa9baf495ac795b5b7f559da4bfac3827e892a30,405a56f45feeab72865884c7fa9baf495ac795b5b7f559da4bfac3827e892a30,320,240
train/paper/paper_train_original_069.jpg,train,paper,0,original,paper_cardboard_or_box,paper/9c43d53d-6e50-4f02-9c08-cf2342898dc0,paper/9c43d53d-6e50-4f02-9c08-cf2342898dc0.jpg,9c43d53d-6e50-4f02-9c08-cf2342898dc0,none,f0433c536c21f609855af413d3e9074788d1e166bd28a7cbd99492c87fa9506d,f0433c536c21f609855af413d3e9074788d1e166bd28a7cbd99492c87fa9506d,320,240
train/paper/paper_train_original_070.jpg,train,paper,0,original,paper_cardboard_or_box,paper/9d205c38-ac1a-4fb1-8113-ae94ac91dccf,paper/9d205c38-ac1a-4fb1-8113-ae94ac91dccf.jpg,9d205c38-ac1a-4fb1-8113-ae94ac91dccf,none,bdf2d1cb3f81ec39791e46eb3125ce2a9deb4b2852dcabd7b06e4f77802e5521,bdf2d1cb3f81ec39791e46eb3125ce2a9deb4b2852dcabd7b06e4f77802e5521,320,240
train/paper/paper_train_original_071.jpg,train,paper,0,original,paper_crumpled_or_sheet,paper/a1259918-a359-49bd-851a-d3bfb821a634,paper/a1259918-a359-49bd-851a-d3bfb821a634.jpg,a1259918-a359-49bd-851a-d3bfb821a634,none,55acfa2b24a8cb843ac613c36be8d46eb9d6c2d79788551a5cae1c2c2b3f588e,55acfa2b24a8cb843ac613c36be8d46eb9d6c2d79788551a5cae1c2c2b3f588e,320,240
train/paper/paper_train_original_072.jpg,train,paper,0,original,paper_cardboard_or_box,paper/a21d2a52-81d7-4884-8534-7ae17ed4149f,paper/a21d2a52-81d7-4884-8534-7ae17ed4149f.jpg,a21d2a52-81d7-4884-8534-7ae17ed4149f,none,9aafc679f1244c652f8bde050732a6240c486fa29dbd825e1347292078e2b1f7,9aafc679f1244c652f8bde050732a6240c486fa29dbd825e1347292078e2b1f7,320,240
train/paper/paper_train_original_073.jpg,train,paper,0,original,paper_cardboard_or_box,paper/a31abf1a-1ba2-4e7f-8df4-23564c4bf558,paper/a31abf1a-1ba2-4e7f-8df4-23564c4bf558.jpg,a31abf1a-1ba2-4e7f-8df4-23564c4bf558,none,2dd50120fe67dd11a1cd2fdf775cf289d67be2f31f2715cce765841e712aa4a5,2dd50120fe67dd11a1cd2fdf775cf289d67be2f31f2715cce765841e712aa4a5,320,240
train/paper/paper_train_original_074.jpg,train,paper,0,original,paper_crumpled_or_sheet,paper/a59c2028-effa-4308-8b86-5b38c8a2afa6,paper/a59c2028-effa-4308-8b86-5b38c8a2afa6.jpg,a59c2028-effa-4308-8b86-5b38c8a2afa6,none,396b4581cba8e636daa403be7697c6e422c3666ac15ade84da5fbd1c8f59ba2f,396b4581cba8e636daa403be7697c6e422c3666ac15ade84da5fbd1c8f59ba2f,320,240
train/paper/paper_train_original_075.jpg,train,paper,0,original,paper_crumpled_or_sheet,paper/a6b7fe8e-ee2b-47be-8b44-e13baed2adf6,paper/a6b7fe8e-ee2b-47be-8b44-e13baed2adf6.jpg,a6b7fe8e-ee2b-47be-8b44-e13baed2adf6,none,2a53b937014289f37a66ec0f5ef6003650296ca47b7f4039956d525f04a60c85,2a53b937014289f37a66ec0f5ef6003650296ca47b7f4039956d525f04a60c85,320,240
train/paper/paper_train_original_076.jpg,train,paper,0,original,paper_crumpled_or_sheet,paper/af7d875b-c7cf-411c-bed7-8261a4d346e8,paper/af7d875b-c7cf-411c-bed7-8261a4d346e8.jpg,af7d875b-c7cf-411c-bed7-8261a4d346e8,none,0cdf5d265d9c8e1ff6a593501c7e8173c9b1755ab71e4590a5552a4016da4f0c,0cdf5d265d9c8e1ff6a593501c7e8173c9b1755ab71e4590a5552a4016da4f0c,320,240
train/paper/paper_train_original_077.jpg,train,paper,0,original,paper_cardboard_or_box,paper/b02c7af6-3c13-4a11-84db-a3bd2761ce08,paper/b02c7af6-3c13-4a11-84db-a3bd2761ce08.jpg,b02c7af6-3c13-4a11-84db-a3bd2761ce08,none,68d6615d627a2f41de1fa8f87e7c510dab7d798cd04dc007474d3ee254145cda,68d6615d627a2f41de1fa8f87e7c510dab7d798cd04dc007474d3ee254145cda,320,240
train/paper/paper_train_original_078.jpg,train,paper,0,original,paper_crumpled_or_sheet,paper/b0fa030b-a9f0-4df8-b236-212c1e8dcaa5,paper/b0fa030b-a9f0-4df8-b236-212c1e8dcaa5.jpg,b0fa030b-a9f0-4df8-b236-212c1e8dcaa5,none,7b762af51378f9613b70e59d831c8659ed21769bb7f90caafa957cd0a6913fdc,7b762af51378f9613b70e59d831c8659ed21769bb7f90caafa957cd0a6913fdc,320,240
train/paper/paper_train_original_079.jpg,train,paper,0,original,paper_crumpled_or_sheet,paper/b22bb84d-1cf7-46ad-b4d0-22cdf10d932d,paper/b22bb84d-1cf7-46ad-b4d0-22cdf10d932d.jpg,b22bb84d-1cf7-46ad-b4d0-22cdf10d932d,none,44043d8cb9c9a6ecbdad2f9a3ce94c2aad7d4076faa5f69eb449051cf682b54c,44043d8cb9c9a6ecbdad2f9a3ce94c2aad7d4076faa5f69eb449051cf682b54c,320,240
train/paper/paper_train_original_080.jpg,train,paper,0,original,paper_crumpled_or_sheet,paper/b2d6358d-5b99-4e7e-be98-5a3f92c8310d,paper/b2d6358d-5b99-4e7e-be98-5a3f92c8310d.jpg,b2d6358d-5b99-4e7e-be98-5a3f92c8310d,none,1b3eca66eed90ee6764934c6d84fda1cfde0f11bd9756510dc44c08f595303da,1b3eca66eed90ee6764934c6d84fda1cfde0f11bd9756510dc44c08f595303da,320,240
train/paper/paper_train_original_081.jpg,train,paper,0,original,paper_cardboard_or_box,paper/b4fe11ce-1020-4f3c-a792-3853c122c0b8,paper/b4fe11ce-1020-4f3c-a792-3853c122c0b8.jpg,b4fe11ce-1020-4f3c-a792-3853c122c0b8,none,7e9e46643dbf0a6c03b37a2557835bbe6b5d70877a2ef867d79668ff6e3b153d,7e9e46643dbf0a6c03b37a2557835bbe6b5d70877a2ef867d79668ff6e3b153d,320,240
train/paper/paper_train_original_082.jpg,train,paper,0,original,paper_crumpled_or_sheet,paper/b7bcf8af-23dd-4ab6-bc66-3e33db394217,paper/b7bcf8af-23dd-4ab6-bc66-3e33db394217.jpg,b7bcf8af-23dd-4ab6-bc66-3e33db394217,none,8f7abf502596db9b432349dd65599774d1aab5b5be1e3002e4f6a4e4d6cdde64,8f7abf502596db9b432349dd65599774d1aab5b5be1e3002e4f6a4e4d6cdde64,320,240
train/paper/paper_train_original_083.jpg,train,paper,0,original,paper_crumpled_or_sheet,paper/b80189b8-83b3-4f8b-9191-3abd9093a1b4,paper/b80189b8-83b3-4f8b-9191-3abd9093a1b4.jpg,b80189b8-83b3-4f8b-9191-3abd9093a1b4,none,99a1e6b85e83d84373820a1588f557f30e630ba76c64b39c3854cc537921f5ef,99a1e6b85e83d84373820a1588f557f30e630ba76c64b39c3854cc537921f5ef,320,240
train/paper/paper_train_original_084.jpg,train,paper,0,original,paper_cardboard_or_box,paper/b83e7b12-2e7f-4908-9152-236192a86184,paper/b83e7b12-2e7f-4908-9152-236192a86184.jpg,b83e7b12-2e7f-4908-9152-236192a86184,none,500e6fd4fc4ec76bc3f43e8ad7dfe7bb461ff8a7784971bea36e2dc5e4eb6842,500e6fd4fc4ec76bc3f43e8ad7dfe7bb461ff8a7784971bea36e2dc5e4eb6842,320,240
train/paper/paper_train_original_085.jpg,train,paper,0,original,paper_crumpled_or_sheet,paper/baa362a3-05f3-4d6c-a1d3-6aac7e049b1f,paper/baa362a3-05f3-4d6c-a1d3-6aac7e049b1f.jpg,baa362a3-05f3-4d6c-a1d3-6aac7e049b1f,none,356913cad7415a1560312ba93617e14af82f41ae4f5699320d706d67aad6c358,356913cad7415a1560312ba93617e14af82f41ae4f5699320d706d67aad6c358,320,240
train/paper/paper_train_original_086.jpg,train,paper,0,original,paper_crumpled_or_sheet,paper/bbbbbe07-2e49-4753-a7b7-ace87482c456,paper/bbbbbe07-2e49-4753-a7b7-ace87482c456.jpg,bbbbbe07-2e49-4753-a7b7-ace87482c456,none,bbce33c9ac93d0ed1731c519ef8d4c81aef4949194fc27fceccf8f236c453362,bbce33c9ac93d0ed1731c519ef8d4c81aef4949194fc27fceccf8f236c453362,320,240
train/paper/paper_train_original_087.jpg,train,paper,0,original,paper_cardboard_or_box,paper/bd213f5c-1bd0-4b81-9217-d54f0b51c050,paper/bd213f5c-1bd0-4b81-9217-d54f0b51c050.jpg,bd213f5c-1bd0-4b81-9217-d54f0b51c050,none,7d2d9f835d0b78fb9af77a12f70861c253583439fa21d9ca2619996307c15985,7d2d9f835d0b78fb9af77a12f70861c253583439fa21d9ca2619996307c15985,320,240
train/paper/paper_train_original_088.jpg,train,paper,0,original,paper_crumpled_or_sheet,paper/be40c2d7-39ff-44d4-8621-7c5b01b2fee9,paper/be40c2d7-39ff-44d4-8621-7c5b01b2fee9.jpg,be40c2d7-39ff-44d4-8621-7c5b01b2fee9,none,49a13de23e4962c13922123c6df06b7d476d58b9483ad2d81c05292c9bd2aa29,49a13de23e4962c13922123c6df06b7d476d58b9483ad2d81c05292c9bd2aa29,320,240
train/paper/paper_train_original_089.jpg,train,paper,0,original,paper_crumpled_or_sheet,paper/c07ec094-d5b7-478c-9164-b04fe0897de0,paper/c07ec094-d5b7-478c-9164-b04fe0897de0.jpg,c07ec094-d5b7-478c-9164-b04fe0897de0,none,c51758f3ded8cefe89ce87a6c0da6ffb93ec5f694394ed9d4d0956a4a7a11073,c51758f3ded8cefe89ce87a6c0da6ffb93ec5f694394ed9d4d0956a4a7a11073,320,240
train/paper/paper_train_original_090.jpg,train,paper,0,original,paper_cardboard_or_box,paper/c55e2c3b-5857-4090-b51b-a02080526a51,paper/c55e2c3b-5857-4090-b51b-a02080526a51.jpg,c55e2c3b-5857-4090-b51b-a02080526a51,none,51187062312723acd4d00f63ea771144a7c4cf5138bac7d36272ac121fcc9e2b,51187062312723acd4d00f63ea771144a7c4cf5138bac7d36272ac121fcc9e2b,320,240
train/paper/paper_train_original_091.jpg,train,paper,0,original,paper_crumpled_or_sheet,paper/c6a15a9a-bd2b-4cbb-bd8a-57640244d3b7,paper/c6a15a9a-bd2b-4cbb-bd8a-57640244d3b7.jpg,c6a15a9a-bd2b-4cbb-bd8a-57640244d3b7,none,501c95bca3c9fd5f91200fbfa0b9121891acc2c54c4ec03bdce4b4b5acc0492b,501c95bca3c9fd5f91200fbfa0b9121891acc2c54c4ec03bdce4b4b5acc0492b,320,240
train/paper/paper_train_original_092.jpg,train,paper,0,original,paper_crumpled_or_sheet,paper/caa69a0d-25ae-488b-9664-e7dee488add4,paper/caa69a0d-25ae-488b-9664-e7dee488add4.jpg,caa69a0d-25ae-488b-9664-e7dee488add4,none,5dbd10660b39ee0732d0d31ce7960ea53ccd47b76de0797cb139e665302e5f37,5dbd10660b39ee0732d0d31ce7960ea53ccd47b76de0797cb139e665302e5f37,320,240
train/paper/paper_train_original_093.jpg,train,paper,0,original,paper_cardboard_or_box,paper/cc4ab3bf-2d21-4d39-a432-5c15515bfb7f,paper/cc4ab3bf-2d21-4d39-a432-5c15515bfb7f.jpg,cc4ab3bf-2d21-4d39-a432-5c15515bfb7f,none,ab8e898e85522b7111be65073d885c6ec2e1991465173398c00984d310c9d7d6,ab8e898e85522b7111be65073d885c6ec2e1991465173398c00984d310c9d7d6,320,240
train/paper/paper_train_original_094.jpg,train,paper,0,original,paper_cardboard_or_box,paper/cfa0bc8c-16da-40c7-9941-4edf0c62076b,paper/cfa0bc8c-16da-40c7-9941-4edf0c62076b.jpg,cfa0bc8c-16da-40c7-9941-4edf0c62076b,none,7d3577d0939875bfa231a3dcf35dc3bb9c2801c02c8faa80cab02b7e8cdbb9fa,7d3577d0939875bfa231a3dcf35dc3bb9c2801c02c8faa80cab02b7e8cdbb9fa,320,240
train/paper/paper_train_original_095.jpg,train,paper,0,original,paper_cardboard_or_box,paper/d4f5f8f8-8660-40a6-9a71-20afae2c17b5,paper/d4f5f8f8-8660-40a6-9a71-20afae2c17b5.jpg,d4f5f8f8-8660-40a6-9a71-20afae2c17b5,none,0cc6bdec23ef20666fa7390af8c3d084336aa6da3a69010473101e4ed26820ee,0cc6bdec23ef20666fa7390af8c3d084336aa6da3a69010473101e4ed26820ee,320,240
train/paper/paper_train_original_096.jpg,train,paper,0,original,paper_cardboard_or_box,paper/dec328cf-2c34-4f85-8b98-7ce685f993b1,paper/dec328cf-2c34-4f85-8b98-7ce685f993b1.jpg,dec328cf-2c34-4f85-8b98-7ce685f993b1,none,9a25650cd3889d53e5922b9cec8d06bed52c42cb5ad0c3e287fa976b1a65f0c7,9a25650cd3889d53e5922b9cec8d06bed52c42cb5ad0c3e287fa976b1a65f0c7,320,240
train/paper/paper_train_original_097.jpg,train,paper,0,original,paper_cardboard_or_box,paper/e0e3ac9f-1dac-46a9-8732-42aefebdc35d,paper/e0e3ac9f-1dac-46a9-8732-42aefebdc35d.jpg,e0e3ac9f-1dac-46a9-8732-42aefebdc35d,none,4c5d3fdc2bf9f126231c2957e8fda9f9858acd2e641e064a81551f4bcdab2b9a,4c5d3fdc2bf9f126231c2957e8fda9f9858acd2e641e064a81551f4bcdab2b9a,320,240
train/paper/paper_train_original_098.jpg,train,paper,0,original,paper_cardboard_or_box,paper/e10977ee-9ada-43cf-9ee8-b896085d36ac,paper/e10977ee-9ada-43cf-9ee8-b896085d36ac.jpg,e10977ee-9ada-43cf-9ee8-b896085d36ac,none,e66439a1c96b7913a16a4df8a1d287f979cc1c3ba83dbb1b6c2a4ba3bcc16165,e66439a1c96b7913a16a4df8a1d287f979cc1c3ba83dbb1b6c2a4ba3bcc16165,320,240
train/paper/paper_train_original_099.jpg,train,paper,0,original,paper_cardboard_or_box,paper/e430b787-a041-4620-be64-a0acccccd227,paper/e430b787-a041-4620-be64-a0acccccd227.jpg,e430b787-a041-4620-be64-a0acccccd227,none,44ff176590cec772e7e0346b2d24f05b15c02a5f5aa3ff032f8954b380e48326,44ff176590cec772e7e0346b2d24f05b15c02a5f5aa3ff032f8954b380e48326,320,240
train/paper/paper_train_original_100.jpg,train,paper,0,original,paper_crumpled_or_sheet,paper/e49dbf71-1c4c-4432-8f77-620e2b66e873,paper/e49dbf71-1c4c-4432-8f77-620e2b66e873.jpg,e49dbf71-1c4c-4432-8f77-620e2b66e873,none,c0d770c6129f05a747adee2c4f40da09d9e04bb1b8a659f33c9ebe494b510eb1,c0d770c6129f05a747adee2c4f40da09d9e04bb1b8a659f33c9ebe494b510eb1,320,240
train/paper/paper_train_original_101.jpg,train,paper,0,original,paper_crumpled_or_sheet,paper/e8c93367-7b40-42e5-926a-f8832a6589e5,paper/e8c93367-7b40-42e5-926a-f8832a6589e5.jpg,e8c93367-7b40-42e5-926a-f8832a6589e5,none,256c0a18fcc7a7038ab46ed2ea26860bb2be5de08717135ffff7fce039c7fc4c,256c0a18fcc7a7038ab46ed2ea26860bb2be5de08717135ffff7fce039c7fc4c,320,240
train/paper/paper_train_original_102.jpg,train,paper,0,original,paper_cardboard_or_box,paper/e91fd5f8-66e2-4abb-ae22-d909158c112f,paper/e91fd5f8-66e2-4abb-ae22-d909158c112f.jpg,e91fd5f8-66e2-4abb-ae22-d909158c112f,none,dada3c4bb2800aada60e45f2145b8a3179faabeaf36bf81de2d7bada993c054d,dada3c4bb2800aada60e45f2145b8a3179faabeaf36bf81de2d7bada993c054d,320,240
train/paper/paper_train_original_103.jpg,train,paper,0,original,paper_crumpled_or_sheet,paper/e9dd6578-4b15-4a72-9c0a-32e66b6ba58e,paper/e9dd6578-4b15-4a72-9c0a-32e66b6ba58e.jpg,e9dd6578-4b15-4a72-9c0a-32e66b6ba58e,none,93bc200bfeffef320f9ebe3a7bd70ecb1114c0ab999a3715b19a828a228573b6,93bc200bfeffef320f9ebe3a7bd70ecb1114c0ab999a3715b19a828a228573b6,320,240
train/paper/paper_train_original_104.jpg,train,paper,0,original,paper_cardboard_or_box,paper/eb675384-3315-40da-a4cb-a2f9332bba69,paper/eb675384-3315-40da-a4cb-a2f9332bba69.jpg,eb675384-3315-40da-a4cb-a2f9332bba69,none,e09ac6ec5007f2609e5b2916ff503f1a438096b2cb6ba552b192aa3791120175,e09ac6ec5007f2609e5b2916ff503f1a438096b2cb6ba552b192aa3791120175,320,240
train/paper/paper_train_original_105.jpg,train,paper,0,original,paper_cardboard_or_box,paper/ecb21d6d-d87b-4bd3-867f-9e690dabc8c3,paper/ecb21d6d-d87b-4bd3-867f-9e690dabc8c3.jpg,ecb21d6d-d87b-4bd3-867f-9e690dabc8c3,none,500c89420ad74568706f5d176f23d645a5e6c49ce7f1e49f35197e79cbee3f16,500c89420ad74568706f5d176f23d645a5e6c49ce7f1e49f35197e79cbee3f16,320,240
train/paper/paper_train_original_106.jpg,train,paper,0,original,paper_cardboard_or_box,paper/ed01d071-f456-4531-b89e-393ff9d48030,paper/ed01d071-f456-4531-b89e-393ff9d48030.jpg,ed01d071-f456-4531-b89e-393ff9d48030,none,1ede2274f2c225b00236c8848a02fe6c88f0a6a88ffd906487cf21334a161a0f,1ede2274f2c225b00236c8848a02fe6c88f0a6a88ffd906487cf21334a161a0f,320,240
train/paper/paper_train_original_107.jpg,train,paper,0,original,paper_crumpled_or_sheet,paper/edea9fa3-acb3-40d5-9eaf-6473bcdf41b2,paper/edea9fa3-acb3-40d5-9eaf-6473bcdf41b2.jpg,edea9fa3-acb3-40d5-9eaf-6473bcdf41b2,none,e07d2fcf3df7a5ada243069d669b03bca09af2428aff313cfead324504cd9a93,e07d2fcf3df7a5ada243069d669b03bca09af2428aff313cfead324504cd9a93,320,240
train/paper/paper_train_original_108.jpg,train,paper,0,original,paper_crumpled_or_sheet,paper/eeb59ade-372f-428d-bf0f-a1a47c3180ae,paper/eeb59ade-372f-428d-bf0f-a1a47c3180ae.jpg,eeb59ade-372f-428d-bf0f-a1a47c3180ae,none,1c7c05ddb965b97c78480bde56ac7a1cb31058643d96b67bc966681486ec71e5,1c7c05ddb965b97c78480bde56ac7a1cb31058643d96b67bc966681486ec71e5,320,240
train/paper/paper_train_original_109.jpg,train,paper,0,original,paper_crumpled_or_sheet,paper/f027ccf5-ade4-49ef-8fc1-1ece900c0cd1,paper/f027ccf5-ade4-49ef-8fc1-1ece900c0cd1.jpg,f027ccf5-ade4-49ef-8fc1-1ece900c0cd1,none,7f9805037d3b3ae5149fd550f49bb04c8ab38bd5baa70fedfc24e1085eaf8c28,7f9805037d3b3ae5149fd550f49bb04c8ab38bd5baa70fedfc24e1085eaf8c28,320,240
train/paper/paper_train_original_110.jpg,train,paper,0,original,paper_crumpled_or_sheet,paper/f0fc7621-4861-4e0f-a6e5-78982f4e4d6c,paper/f0fc7621-4861-4e0f-a6e5-78982f4e4d6c.jpg,f0fc7621-4861-4e0f-a6e5-78982f4e4d6c,none,f60969861f106de54626b4800bcf18a2434e6b2a5b54eb5d74b8e2e77cfceefb,f60969861f106de54626b4800bcf18a2434e6b2a5b54eb5d74b8e2e77cfceefb,320,240
train/paper/paper_train_original_111.jpg,train,paper,0,original,paper_crumpled_or_sheet,paper/f2513e44-5d15-42bb-aae5-5e19d866d0e5,paper/f2513e44-5d15-42bb-aae5-5e19d866d0e5.jpg,f2513e44-5d15-42bb-aae5-5e19d866d0e5,none,ba1bf55b92646f80f2bab16b9a1d1a813872f1a18fd0216f20342f2507a319cf,ba1bf55b92646f80f2bab16b9a1d1a813872f1a18fd0216f20342f2507a319cf,320,240
train/paper/paper_train_original_112.jpg,train,paper,0,original,paper_crumpled_or_sheet,paper/f3f964a3-065a-4b82-8a45-9eefc18b845e,paper/f3f964a3-065a-4b82-8a45-9eefc18b845e.jpg,f3f964a3-065a-4b82-8a45-9eefc18b845e,none,f8b517e8c32cb26fca536feb677e1febb82972dee29829adb983b4452ac38ca5,f8b517e8c32cb26fca536feb677e1febb82972dee29829adb983b4452ac38ca5,320,240
train/paper/paper_train_original_113.jpg,train,paper,0,original,paper_crumpled_or_sheet,paper/f6b07b56-00b3-4c43-b16d-6d35d7a759b5,paper/f6b07b56-00b3-4c43-b16d-6d35d7a759b5.jpg,f6b07b56-00b3-4c43-b16d-6d35d7a759b5,none,4f2ea4ca08220b6647e9db79c6ecaf17008ac7c17c45809e4e5d63831a8901ce,4f2ea4ca08220b6647e9db79c6ecaf17008ac7c17c45809e4e5d63831a8901ce,320,240
train/paper/paper_train_original_114.jpg,train,paper,0,original,paper_cardboard_or_box,paper/f80a1882-d4a1-4141-9d28-41c94cba8bc2,paper/f80a1882-d4a1-4141-9d28-41c94cba8bc2.jpg,f80a1882-d4a1-4141-9d28-41c94cba8bc2,none,b59b04e00247f8065edc8a69b23e4c218ea77c49031b496e74a82339e49fa6d4,b59b04e00247f8065edc8a69b23e4c218ea77c49031b496e74a82339e49fa6d4,320,240
train/paper/paper_train_original_115.jpg,train,paper,0,original,paper_crumpled_or_sheet,paper/f890c3ed-70be-433f-b8a8-249345c6fa72,paper/f890c3ed-70be-433f-b8a8-249345c6fa72.jpg,f890c3ed-70be-433f-b8a8-249345c6fa72,none,9bedffe398377203e5a50a62bc445d44006d4f52cca53a5514d8e7187e75eced,9bedffe398377203e5a50a62bc445d44006d4f52cca53a5514d8e7187e75eced,320,240
train/paper/paper_train_original_116.jpg,train,paper,0,original,paper_crumpled_or_sheet,paper/fc87e31a-5aff-44b9-9d8c-453e19120835,paper/fc87e31a-5aff-44b9-9d8c-453e19120835.jpg,fc87e31a-5aff-44b9-9d8c-453e19120835,none,eda45a2e9c1822a9cb0f53bab6770612fff273381e00c8e480bc41effc922dbb,eda45a2e9c1822a9cb0f53bab6770612fff273381e00c8e480bc41effc922dbb,320,240
train/paper/paper_train_original_117.jpg,train,paper,0,original,paper_crumpled_or_sheet,paper/fcb840f7-bd50-486f-b397-703b44bb5441,paper/fcb840f7-bd50-486f-b397-703b44bb5441.jpg,fcb840f7-bd50-486f-b397-703b44bb5441,none,5503a363fe91cc3081fe747cc03b3aee4cfb963ba160c2d3b5957008bcf9bc20,5503a363fe91cc3081fe747cc03b3aee4cfb963ba160c2d3b5957008bcf9bc20,320,240
train/paper/paper_train_original_118.jpg,train,paper,0,original,paper_cardboard_or_box,paper/fcd246df-8539-424d-b417-36c64d269d89,paper/fcd246df-8539-424d-b417-36c64d269d89.jpg,fcd246df-8539-424d-b417-36c64d269d89,none,53d684bb643923a9218428d6882baf03575c15005b3f51a047379ddd27871e0a,53d684bb643923a9218428d6882baf03575c15005b3f51a047379ddd27871e0a,320,240
train/paper/paper_train_original_119.jpg,train,paper,0,original,paper_cardboard_or_box,paper/fd4ef339-4664-448f-a422-25b9f11c3cc7,paper/fd4ef339-4664-448f-a422-25b9f11c3cc7.jpg,fd4ef339-4664-448f-a422-25b9f11c3cc7,none,bb10af9f69c38e51f48ab98879307d6fe56e2595ac05b4bfae0006a7ffdfbe40,bb10af9f69c38e51f48ab98879307d6fe56e2595ac05b4bfae0006a7ffdfbe40,320,240
train/paper/paper_train_original_120.jpg,train,paper,0,original,paper_cardboard_or_box,paper/fdc7606e-699d-4b1b-bda0-d468c1afabab,paper/fdc7606e-699d-4b1b-bda0-d468c1afabab.jpg,fdc7606e-699d-4b1b-bda0-d468c1afabab,none,deb7607bf97d64235fbfad81853755fb381a19e799c295964ea699238e6daa5b,deb7607bf97d64235fbfad81853755fb381a19e799c295964ea699238e6daa5b,320,240
train/paper/paper_train_original_121.jpg,train,paper,0,original,paper_crumpled_or_sheet,paper/fe292d4a-8a27-47e1-b617-11421758474e,paper/fe292d4a-8a27-47e1-b617-11421758474e.jpg,fe292d4a-8a27-47e1-b617-11421758474e,none,c9b712a2b6c28af43b4fa9b0d35230d2454fb7befca049fbfd90da28beeefa49,c9b712a2b6c28af43b4fa9b0d35230d2454fb7befca049fbfd90da28beeefa49,320,240
train/paper/paper_train_original_122.jpg,train,paper,0,original,paper_crumpled_or_sheet,paper/fe45d128-a7df-47cf-96cc-fbe51ea6ccfe,paper/fe45d128-a7df-47cf-96cc-fbe51ea6ccfe.jpg,fe45d128-a7df-47cf-96cc-fbe51ea6ccfe,none,0c5ca2ffe538b7ac7fe585c6122d83dec119b8a036562e7c269ec8b39bb5f125,0c5ca2ffe538b7ac7fe585c6122d83dec119b8a036562e7c269ec8b39bb5f125,320,240
train/paper/paper_train_original_123.jpg,train,paper,0,original,paper_cardboard_or_box,paper/fe8b5593-461d-4af0-8f64-651ee922c975,paper/fe8b5593-461d-4af0-8f64-651ee922c975.jpg,fe8b5593-461d-4af0-8f64-651ee922c975,none,541140e8113a624703dd6dfe930e8263a6c3177a09df1a5c13b5b9a3a57cbd3f,541140e8113a624703dd6dfe930e8263a6c3177a09df1a5c13b5b9a3a57cbd3f,320,240
train/plastic/plastic_train_aug_001_v9_color_noise.jpg,train,plastic,1,generated_augmentation,plastic_bottle,plastic/33828efa-4dba-4a74-8e35-91a16d6fcc9f,plastic/33828efa-4dba-4a74-8e35-91a16d6fcc9f.jpg,33828efa-4dba-4a74-8e35-91a16d6fcc9f,v9_color_noise,2a98ab798a1d135974a5bfb4080ce69ba1144e529cbea9b98a4fdff28f9d039b,6ac25d06224dd83270fc97fe3460607c3cf729089e334f969d188b959f008555,320,240
train/plastic/plastic_train_aug_002_rotate_zoom.jpg,train,plastic,1,generated_augmentation,plastic_bottle,plastic/452d2422-0142-41bd-9144-9f43ad82fcb2,plastic/452d2422-0142-41bd-9144-9f43ad82fcb2.jpg,452d2422-0142-41bd-9144-9f43ad82fcb2,rotate_zoom,48e6ac9ca992a37c137c883f643df37b80896df9c115a0706c7d8566fb7e77b0,0e2f750b7549197746972388a43864adfcf046f8f24082f26835333981a7a853,320,240
train/plastic/plastic_train_aug_003_low_light_blur.jpg,train,plastic,1,generated_augmentation,plastic_bottle,plastic/ff7a19d6-c1f2-438f-b7d3-9b1990963d2d,plastic/ff7a19d6-c1f2-438f-b7d3-9b1990963d2d.jpg,ff7a19d6-c1f2-438f-b7d3-9b1990963d2d,low_light_blur,9816649af476d9556908edcdf3f68b275fcc2c29952b0b0fbf8e6f0bf6db2398,8807f7a8c2cbfa587c3d6df82404575628f14ebb2e5fae977044608a6d5fad6b,320,240
train/plastic/plastic_train_aug_004_bright_warm.jpg,train,plastic,1,generated_augmentation,plastic_bottle,plastic/2118a584-485e-46d8-ae18-262b8b7cf11a,plastic/2118a584-485e-46d8-ae18-262b8b7cf11a.jpg,2118a584-485e-46d8-ae18-262b8b7cf11a,bright_warm,9b2686d8a88adeb7e0bb24a3df97db87f62652c91812a39d382fc7a6cca6d300,6dd40198a54e8a7ffe3cb99f838e39acf717e211fbcaa8009a520dc8472dcb73,320,240
train/plastic/plastic_train_aug_005_cool_cast.jpg,train,plastic,1,generated_augmentation,plastic_bottle,plastic/dbbb8d63-b989-4f0b-b66a-9cc42f278b7f,plastic/dbbb8d63-b989-4f0b-b66a-9cc42f278b7f.jpg,dbbb8d63-b989-4f0b-b66a-9cc42f278b7f,cool_cast,df6fd0ca71bcc35a83fe2941cc2173863f7426944de8089e0ac0967924ebca13,80e9f34917116bba3a8f54f9c89b6c953e1eeaf1434661d8343eb47b8b150f7d,320,240
train/plastic/plastic_train_aug_006_sensor_noise.jpg,train,plastic,1,generated_augmentation,plastic_bottle,plastic/eab0f090-735d-4db0-b430-99d673597039,plastic/eab0f090-735d-4db0-b430-99d673597039.jpg,eab0f090-735d-4db0-b430-99d673597039,sensor_noise,ebab8a4bd412fb14911ec726c39fcaa22a547427c3ac4bc2a4158f3489dbe3b4,7c6d4f7bdcaecfa73014f2d6374e3c8aad45993219feb9e24d50a516463b86c8,320,240
train/plastic/plastic_train_aug_007_soft_focus_scale.jpg,train,plastic,1,generated_augmentation,plastic_bottle,plastic/72591b70-ec20-4240-96dc-ce5ccb4387e3,plastic/72591b70-ec20-4240-96dc-ce5ccb4387e3.jpg,72591b70-ec20-4240-96dc-ce5ccb4387e3,soft_focus_scale,35e180cfc1b181c1a336aed2e147db7eb026007ac1a7ebd89f3df146d8b67f8a,0b5841380c51223ae5f28eb24950acd17e21a6807f6cb56e7539de880b1bb171,320,240
train/plastic/plastic_train_aug_008_v9_color_noise.jpg,train,plastic,1,generated_augmentation,plastic_bottle,plastic/6f1441cc-933b-4c05-821b-2edc26351c1e,plastic/6f1441cc-933b-4c05-821b-2edc26351c1e.jpg,6f1441cc-933b-4c05-821b-2edc26351c1e,v9_color_noise,1d52a22862bcd3c1190a8e58b61fd976c924ddeeefff1cb7ce0cf403d20eb1ea,93b0945ef118b5aad7bf0d1f92b84e6e49e930bfe3b1d2283a0a422a567bafa9,320,240
train/plastic/plastic_train_aug_009_rotate_zoom.jpg,train,plastic,1,generated_augmentation,plastic_bottle,plastic/72bb7b1c-11e0-4a75-bc48-f0d75a511015,plastic/72bb7b1c-11e0-4a75-bc48-f0d75a511015.jpg,72bb7b1c-11e0-4a75-bc48-f0d75a511015,rotate_zoom,575ccaa6ff78d78fed7a02735f80d642b049c49e80c2d30bcb0aba366adbdc0b,6c5714d59a8807c451e1aca041edd18f4715f5645d4a4f354d6ab29ee1bf9149,320,240
train/plastic/plastic_train_aug_010_low_light_blur.jpg,train,plastic,1,generated_augmentation,plastic_bottle,plastic/68a1c345-6540-4b93-a842-5a95aa252f91,plastic/68a1c345-6540-4b93-a842-5a95aa252f91.jpg,68a1c345-6540-4b93-a842-5a95aa252f91,low_light_blur,79340b20cdfc481256b498527f762161f6c93303c6f603c42bc8df12e4af2a81,f47d4b718f32953eb8f74e7eac587d9b4d8d5f6fc0aa8732ac08f28f78f95d59,320,240
train/plastic/plastic_train_aug_011_bright_warm.jpg,train,plastic,1,generated_augmentation,plastic_bottle,plastic/50d1fc10-d6bd-4b6b-a6a1-faff943e4a0a,plastic/50d1fc10-d6bd-4b6b-a6a1-faff943e4a0a.jpg,50d1fc10-d6bd-4b6b-a6a1-faff943e4a0a,bright_warm,00a98ac34aa442b73f32d20e27fca0ad366edeab891ee6e9fdea0fe58870e04f,a9a9e135f2063077256cbd6236816030a8e6440160dca2ff68c3aefcba7478a2,320,240
train/plastic/plastic_train_aug_012_cool_cast.jpg,train,plastic,1,generated_augmentation,plastic_bottle,plastic/96f7fb79-54b9-4269-9712-dcd543fb38dd,plastic/96f7fb79-54b9-4269-9712-dcd543fb38dd.jpg,96f7fb79-54b9-4269-9712-dcd543fb38dd,cool_cast,22c6749fcc98199cf21b7944367a0bf04a88be35dfa3673f3057ea64faa87017,fe429d666ed0d265c75cb2770e6287a8eb356ecf404b9dc2352630127a804cc0,320,240
train/plastic/plastic_train_aug_013_sensor_noise.jpg,train,plastic,1,generated_augmentation,plastic_bottle,plastic/f879b907-4010-433a-bd63-27062b7ae7c6,plastic/f879b907-4010-433a-bd63-27062b7ae7c6.jpg,f879b907-4010-433a-bd63-27062b7ae7c6,sensor_noise,acadde290c63a0390a2fc34396e017589599cc29e3c631d074f7c7886abd2be2,efc7882c9fa130843bfd10f47ed3c832d4f13d080c113220d60cfd0b75c3d97c,320,240
train/plastic/plastic_train_aug_014_soft_focus_scale.jpg,train,plastic,1,generated_augmentation,plastic_bottle,plastic/9b24a51d-8349-4eb8-883a-56670864fe25,plastic/9b24a51d-8349-4eb8-883a-56670864fe25.jpg,9b24a51d-8349-4eb8-883a-56670864fe25,soft_focus_scale,a57b3174eaff370737b4463c865896f61933a9b8a03df58f4d881ae02d874935,b0c2c07c0daf6f49c291171537130d0e9ec38bf3454f3f5c67ae04dd704a7aad,320,240
train/plastic/plastic_train_aug_015_v9_color_noise.jpg,train,plastic,1,generated_augmentation,plastic_bottle,plastic/e50f7aba-3d3f-4ead-8521-9b01bbceb8d9,plastic/e50f7aba-3d3f-4ead-8521-9b01bbceb8d9.jpg,e50f7aba-3d3f-4ead-8521-9b01bbceb8d9,v9_color_noise,671785e95598e414e7bbc44d3906466416ee77ff433a22d715304e2dc63167d1,50a8d190618fee6d137b3fcf24cba9025fdd730f61b6c32911ac9c1e143e5ab0,320,240
train/plastic/plastic_train_aug_016_rotate_zoom.jpg,train,plastic,1,generated_augmentation,plastic_bottle,plastic/40bd6de7-f23a-41c3-9a9f-2d96d3883649,plastic/40bd6de7-f23a-41c3-9a9f-2d96d3883649.jpg,40bd6de7-f23a-41c3-9a9f-2d96d3883649,rotate_zoom,bcfeb7e9e399615cd1ca0059b08337e20da12cb9215618a094a9a21cee39ecb9,aa2b4879f7ae992429287f5d264a5c56e0b7c69fee57cf894f5c15a1a7141121,320,240
train/plastic/plastic_train_aug_017_low_light_blur.jpg,train,plastic,1,generated_augmentation,plastic_bottle,plastic/e6b75e5a-e089-421b-905b-5e0f3d0e512a,plastic/e6b75e5a-e089-421b-905b-5e0f3d0e512a.jpg,e6b75e5a-e089-421b-905b-5e0f3d0e512a,low_light_blur,e5110884b7be7ad48a361087f8f40b13c91a60b14e55a83c9b615e943a1ab9bd,c70bcf575671ff4f02b56f9835e9813616629b84047e604ac454aace0e810c79,320,240
train/plastic/plastic_train_aug_018_bright_warm.jpg,train,plastic,1,generated_augmentation,plastic_bottle,plastic/6bb14734-8d8a-4f75-956e-97a8638b50b6,plastic/6bb14734-8d8a-4f75-956e-97a8638b50b6.jpg,6bb14734-8d8a-4f75-956e-97a8638b50b6,bright_warm,3f9bb35465ce2b88b8f60a33a01029a0c4e7f530d34f3fe0556deeae4c7a3b10,30622e6b9601915214c121562d3fd63ac18fc5e5488ceb958f560f165b7aa413,320,240
train/plastic/plastic_train_aug_019_cool_cast.jpg,train,plastic,1,generated_augmentation,plastic_bottle,plastic/7a629096-8f2d-414c-8ea7-1e18fcbeb59c,plastic/7a629096-8f2d-414c-8ea7-1e18fcbeb59c.jpg,7a629096-8f2d-414c-8ea7-1e18fcbeb59c,cool_cast,58d748350c7325680afe8e6a4db71f3fc51c10b6f92a05e639bf00dc76cb348e,12ed78dd4cf13f5265c6df7dfe8a8027e10df46e9cc37138d17157fcec0d9e6c,320,240
train/plastic/plastic_train_aug_020_sensor_noise.jpg,train,plastic,1,generated_augmentation,plastic_bottle,plastic/ad8dbdbc-f95a-42dc-95ad-e567d1eca200,plastic/ad8dbdbc-f95a-42dc-95ad-e567d1eca200.jpg,ad8dbdbc-f95a-42dc-95ad-e567d1eca200,sensor_noise,b0c0471fb819a2d5c0669e83685e775fefd0e8e1ed4050ca06c2d213cd5bea8c,0197efeb67a81f14ee8b29ea2a0c61846c1bf0d93176469feb8aa8f5115d07fa,320,240
train/plastic/plastic_train_aug_021_soft_focus_scale.jpg,train,plastic,1,generated_augmentation,plastic_bottle,plastic/dd279e87-5e91-4ed2-bb99-281b855da4c3,plastic/dd279e87-5e91-4ed2-bb99-281b855da4c3.jpg,dd279e87-5e91-4ed2-bb99-281b855da4c3,soft_focus_scale,54d7affe38289cd0792ebb9b1eaae5cea9e9e5856dfe1274d0b1e88c4c615cc8,85427c88e4e29d1f26ac074ffde919c9efe261dcf2fce7a302ca8c3d748e8ff0,320,240
train/plastic/plastic_train_aug_022_v9_color_noise.jpg,train,plastic,1,generated_augmentation,plastic_bottle,plastic/d61ce994-23b3-4d1e-8c24-e90ef6aa15de,plastic/d61ce994-23b3-4d1e-8c24-e90ef6aa15de.jpg,d61ce994-23b3-4d1e-8c24-e90ef6aa15de,v9_color_noise,b4e40471c7bdcd1bbf17b677d744b0bdde3d58a0b978c64d20184c6c6ea747e3,22aca927b47c2ea0c8b322032a5bf4a215d07e4ea11bc75dd9182b4488d288b1,320,240
train/plastic/plastic_train_aug_023_rotate_zoom.jpg,train,plastic,1,generated_augmentation,plastic_bottle,plastic/4c5909a4-a9e8-4c99-a1ac-73b8937f56d7,plastic/4c5909a4-a9e8-4c99-a1ac-73b8937f56d7.jpg,4c5909a4-a9e8-4c99-a1ac-73b8937f56d7,rotate_zoom,c3a8f5fde9ab0cd7dcd5b522a874897c466d1724076325e7686ca236a2b1b790,80fb4192dfb9395ed11952006568af99ab9e717364292c00c8859ecf1d36ea94,320,240
train/plastic/plastic_train_aug_024_low_light_blur.jpg,train,plastic,1,generated_augmentation,plastic_bottle,plastic/5d7b84e1-7787-4663-a9af-5ed3b576538a,plastic/5d7b84e1-7787-4663-a9af-5ed3b576538a.jpg,5d7b84e1-7787-4663-a9af-5ed3b576538a,low_light_blur,a34893fd693bee519c2c33106961d31fae2dbf754bd615116a404136109510f3,779e3390db05fcd6f99827f8b8087bc42a2a84a05090261043d6b3f9bc379138,320,240
train/plastic/plastic_train_aug_025_bright_warm.jpg,train,plastic,1,generated_augmentation,plastic_bottle,plastic/dc34a99f-d23b-4725-b222-0b0bf853e536,plastic/dc34a99f-d23b-4725-b222-0b0bf853e536.jpg,dc34a99f-d23b-4725-b222-0b0bf853e536,bright_warm,e3b8ed7519d927454d6fa363379deac752a20420ec68b9062d0f685c4b933f77,f008c9a8ff72fd7e8e14201c75452d8a45a91226a69afa35169c003c51e1e359,320,240
train/plastic/plastic_train_aug_026_cool_cast.jpg,train,plastic,1,generated_augmentation,plastic_bottle,plastic/b4ca0803-1367-4347-82fb-a029c4f08bc1,plastic/b4ca0803-1367-4347-82fb-a029c4f08bc1.jpg,b4ca0803-1367-4347-82fb-a029c4f08bc1,cool_cast,20d18bbce35df27809a12273348ed7457165e9be125cf0e4adcb0e9cb533f2a0,dad1966747f2459fb281bf48b7bdb91d68d7c79422f89caf74eec2f9eeb048e2,320,240
train/plastic/plastic_train_aug_027_sensor_noise.jpg,train,plastic,1,generated_augmentation,plastic_bottle,plastic/9184b7f9-df02-436d-ba3d-50cf44f369ac,plastic/9184b7f9-df02-436d-ba3d-50cf44f369ac.jpg,9184b7f9-df02-436d-ba3d-50cf44f369ac,sensor_noise,5962d1ff1172fa4ea379eb4a39b9b64a9a0ca9464fd0aeba2fdb447f02b619ed,441a62eb826f47b15927193d55c7a9c148fd719f1bcf5629dc0916e3d13deb97,320,240
train/plastic/plastic_train_aug_028_soft_focus_scale.jpg,train,plastic,1,generated_augmentation,plastic_bottle,plastic/24071e66-9fad-4962-9097-b99cd571913f,plastic/24071e66-9fad-4962-9097-b99cd571913f.jpg,24071e66-9fad-4962-9097-b99cd571913f,soft_focus_scale,b32bc46d68f9802229f2bb884509fd9de56ff182effb1eff884769d0cf53e82d,51bc62380944721d6012b2c449c1ee6d20668c7e806a6e2518711aa91493de9b,320,240
train/plastic/plastic_train_aug_029_v9_color_noise.jpg,train,plastic,1,generated_augmentation,plastic_bottle,plastic/6aa83614-a438-45fd-9ca8-ec4e346a6839,plastic/6aa83614-a438-45fd-9ca8-ec4e346a6839.jpg,6aa83614-a438-45fd-9ca8-ec4e346a6839,v9_color_noise,d783d6469d3876b1d032a4cf5e3d06e6bd020d7111bd733da09576fa4e13c58a,c58dd181b1666b00eb241f9fe18dc09a0aedf6f58ec7bdbc149f38e591ccca5d,320,240
train/plastic/plastic_train_aug_030_rotate_zoom.jpg,train,plastic,1,generated_augmentation,plastic_bottle,plastic/33828efa-4dba-4a74-8e35-91a16d6fcc9f,plastic/33828efa-4dba-4a74-8e35-91a16d6fcc9f.jpg,33828efa-4dba-4a74-8e35-91a16d6fcc9f,rotate_zoom,2a98ab798a1d135974a5bfb4080ce69ba1144e529cbea9b98a4fdff28f9d039b,216f5443d956f404ad452d4628a4f546b48e0e9392eb12f2bac2215d35dbab81,320,240
train/plastic/plastic_train_aug_031_low_light_blur.jpg,train,plastic,1,generated_augmentation,plastic_bottle,plastic/452d2422-0142-41bd-9144-9f43ad82fcb2,plastic/452d2422-0142-41bd-9144-9f43ad82fcb2.jpg,452d2422-0142-41bd-9144-9f43ad82fcb2,low_light_blur,48e6ac9ca992a37c137c883f643df37b80896df9c115a0706c7d8566fb7e77b0,5bee2134e24d6fe4ef694f897a1bda0ab4926b708eb2f35b636f8c01fde25d6e,320,240
train/plastic/plastic_train_aug_032_bright_warm.jpg,train,plastic,1,generated_augmentation,plastic_bottle,plastic/ff7a19d6-c1f2-438f-b7d3-9b1990963d2d,plastic/ff7a19d6-c1f2-438f-b7d3-9b1990963d2d.jpg,ff7a19d6-c1f2-438f-b7d3-9b1990963d2d,bright_warm,9816649af476d9556908edcdf3f68b275fcc2c29952b0b0fbf8e6f0bf6db2398,a75f7c9b7295ed2100d698e2159215166e961263feb6398992dbfbb83a4a27e0,320,240
train/plastic/plastic_train_aug_033_cool_cast.jpg,train,plastic,1,generated_augmentation,plastic_bottle,plastic/2118a584-485e-46d8-ae18-262b8b7cf11a,plastic/2118a584-485e-46d8-ae18-262b8b7cf11a.jpg,2118a584-485e-46d8-ae18-262b8b7cf11a,cool_cast,9b2686d8a88adeb7e0bb24a3df97db87f62652c91812a39d382fc7a6cca6d300,dcc15ee03709f790fb553da4a14a028d098f7b8970c92ff103fcb79dcef57b3d,320,240
train/plastic/plastic_train_aug_034_sensor_noise.jpg,train,plastic,1,generated_augmentation,plastic_bottle,plastic/dbbb8d63-b989-4f0b-b66a-9cc42f278b7f,plastic/dbbb8d63-b989-4f0b-b66a-9cc42f278b7f.jpg,dbbb8d63-b989-4f0b-b66a-9cc42f278b7f,sensor_noise,df6fd0ca71bcc35a83fe2941cc2173863f7426944de8089e0ac0967924ebca13,96b5049bb2624b907ad6b00557315c2fbd872507d777edf48a6a8b1c9d597d7c,320,240
train/plastic/plastic_train_aug_035_soft_focus_scale.jpg,train,plastic,1,generated_augmentation,plastic_bottle,plastic/eab0f090-735d-4db0-b430-99d673597039,plastic/eab0f090-735d-4db0-b430-99d673597039.jpg,eab0f090-735d-4db0-b430-99d673597039,soft_focus_scale,ebab8a4bd412fb14911ec726c39fcaa22a547427c3ac4bc2a4158f3489dbe3b4,89d7ab91c0e446f00effac94fb882185498bb082f8aea69b76cc0e26ee4b17f6,320,240
train/plastic/plastic_train_aug_036_v9_color_noise.jpg,train,plastic,1,generated_augmentation,plastic_bottle,plastic/72591b70-ec20-4240-96dc-ce5ccb4387e3,plastic/72591b70-ec20-4240-96dc-ce5ccb4387e3.jpg,72591b70-ec20-4240-96dc-ce5ccb4387e3,v9_color_noise,35e180cfc1b181c1a336aed2e147db7eb026007ac1a7ebd89f3df146d8b67f8a,033aa1eee848ce8bf36354e4c04377c0f4f3d666d4a61608c620af4778aad4d3,320,240
train/plastic/plastic_train_aug_037_rotate_zoom.jpg,train,plastic,1,generated_augmentation,plastic_bottle,plastic/6f1441cc-933b-4c05-821b-2edc26351c1e,plastic/6f1441cc-933b-4c05-821b-2edc26351c1e.jpg,6f1441cc-933b-4c05-821b-2edc26351c1e,rotate_zoom,1d52a22862bcd3c1190a8e58b61fd976c924ddeeefff1cb7ce0cf403d20eb1ea,128bb242ee9ed7ddfee889e9d504c70c2d1bede6504baaceff6d3b33145b5bd9,320,240
train/plastic/plastic_train_aug_038_low_light_blur.jpg,train,plastic,1,generated_augmentation,plastic_bottle,plastic/72bb7b1c-11e0-4a75-bc48-f0d75a511015,plastic/72bb7b1c-11e0-4a75-bc48-f0d75a511015.jpg,72bb7b1c-11e0-4a75-bc48-f0d75a511015,low_light_blur,575ccaa6ff78d78fed7a02735f80d642b049c49e80c2d30bcb0aba366adbdc0b,a1b8adf0b62c453cfbd030bce0e2d0770a50ee7b4d4b62bd43963163cd3bb2db,320,240
train/plastic/plastic_train_aug_039_bright_warm.jpg,train,plastic,1,generated_augmentation,plastic_bottle,plastic/68a1c345-6540-4b93-a842-5a95aa252f91,plastic/68a1c345-6540-4b93-a842-5a95aa252f91.jpg,68a1c345-6540-4b93-a842-5a95aa252f91,bright_warm,79340b20cdfc481256b498527f762161f6c93303c6f603c42bc8df12e4af2a81,804bd9df910985b2a071fe431e98854e40752449ac8bfd5966222c698c17ecee,320,240
train/plastic/plastic_train_aug_040_cool_cast.jpg,train,plastic,1,generated_augmentation,plastic_bottle,plastic/50d1fc10-d6bd-4b6b-a6a1-faff943e4a0a,plastic/50d1fc10-d6bd-4b6b-a6a1-faff943e4a0a.jpg,50d1fc10-d6bd-4b6b-a6a1-faff943e4a0a,cool_cast,00a98ac34aa442b73f32d20e27fca0ad366edeab891ee6e9fdea0fe58870e04f,9ea22d58cd8ce972dab65765af9f92002fd2bac79f46b024fa312d5873fae334,320,240
train/plastic/plastic_train_aug_041_sensor_noise.jpg,train,plastic,1,generated_augmentation,plastic_bottle,plastic/96f7fb79-54b9-4269-9712-dcd543fb38dd,plastic/96f7fb79-54b9-4269-9712-dcd543fb38dd.jpg,96f7fb79-54b9-4269-9712-dcd543fb38dd,sensor_noise,22c6749fcc98199cf21b7944367a0bf04a88be35dfa3673f3057ea64faa87017,0c665cdd459654bc46d962637ec44f621eaa49775c607a64636f127f62fc4242,320,240
train/plastic/plastic_train_aug_042_soft_focus_scale.jpg,train,plastic,1,generated_augmentation,plastic_bottle,plastic/f879b907-4010-433a-bd63-27062b7ae7c6,plastic/f879b907-4010-433a-bd63-27062b7ae7c6.jpg,f879b907-4010-433a-bd63-27062b7ae7c6,soft_focus_scale,acadde290c63a0390a2fc34396e017589599cc29e3c631d074f7c7886abd2be2,254ba4eab61a78c5bcc38dada96711f19d2f0f6e4e56dc6b0cd36e3efaabd8e2,320,240
train/plastic/plastic_train_aug_043_v9_color_noise.jpg,train,plastic,1,generated_augmentation,plastic_bottle,plastic/9b24a51d-8349-4eb8-883a-56670864fe25,plastic/9b24a51d-8349-4eb8-883a-56670864fe25.jpg,9b24a51d-8349-4eb8-883a-56670864fe25,v9_color_noise,a57b3174eaff370737b4463c865896f61933a9b8a03df58f4d881ae02d874935,b0855ab2423c44f166788bbe024bd099626304eaa887b4c38b99652b89109598,320,240
train/plastic/plastic_train_aug_044_rotate_zoom.jpg,train,plastic,1,generated_augmentation,plastic_bottle,plastic/e50f7aba-3d3f-4ead-8521-9b01bbceb8d9,plastic/e50f7aba-3d3f-4ead-8521-9b01bbceb8d9.jpg,e50f7aba-3d3f-4ead-8521-9b01bbceb8d9,rotate_zoom,671785e95598e414e7bbc44d3906466416ee77ff433a22d715304e2dc63167d1,f8e701d8081c5689fba76a720f8c6c712477609b9efa363c10eeca2711083794,320,240
train/plastic/plastic_train_aug_045_low_light_blur.jpg,train,plastic,1,generated_augmentation,plastic_bottle,plastic/40bd6de7-f23a-41c3-9a9f-2d96d3883649,plastic/40bd6de7-f23a-41c3-9a9f-2d96d3883649.jpg,40bd6de7-f23a-41c3-9a9f-2d96d3883649,low_light_blur,bcfeb7e9e399615cd1ca0059b08337e20da12cb9215618a094a9a21cee39ecb9,c50476035bb69c0ed52121513e7e3824046da6be45b5ae55c264ca79a41799ed,320,240
train/plastic/plastic_train_aug_046_bright_warm.jpg,train,plastic,1,generated_augmentation,plastic_bottle,plastic/e6b75e5a-e089-421b-905b-5e0f3d0e512a,plastic/e6b75e5a-e089-421b-905b-5e0f3d0e512a.jpg,e6b75e5a-e089-421b-905b-5e0f3d0e512a,bright_warm,e5110884b7be7ad48a361087f8f40b13c91a60b14e55a83c9b615e943a1ab9bd,6cd425cfd7c7881d0c01b4d339e0c9a72a698e7f8229c203c48cef0ce1b134e8,320,240
train/plastic/plastic_train_aug_047_cool_cast.jpg,train,plastic,1,generated_augmentation,plastic_bottle,plastic/6bb14734-8d8a-4f75-956e-97a8638b50b6,plastic/6bb14734-8d8a-4f75-956e-97a8638b50b6.jpg,6bb14734-8d8a-4f75-956e-97a8638b50b6,cool_cast,3f9bb35465ce2b88b8f60a33a01029a0c4e7f530d34f3fe0556deeae4c7a3b10,37ef8886253317028fc10060552b666715be99f10c5fd5700612cd59d236c1c3,320,240
train/plastic/plastic_train_aug_048_sensor_noise.jpg,train,plastic,1,generated_augmentation,plastic_bottle,plastic/7a629096-8f2d-414c-8ea7-1e18fcbeb59c,plastic/7a629096-8f2d-414c-8ea7-1e18fcbeb59c.jpg,7a629096-8f2d-414c-8ea7-1e18fcbeb59c,sensor_noise,58d748350c7325680afe8e6a4db71f3fc51c10b6f92a05e639bf00dc76cb348e,bd52369a7db15d5a46a8655270b01459a43cd2cc8db70a96afa2941379c81993,320,240
train/plastic/plastic_train_aug_049_soft_focus_scale.jpg,train,plastic,1,generated_augmentation,plastic_bottle,plastic/ad8dbdbc-f95a-42dc-95ad-e567d1eca200,plastic/ad8dbdbc-f95a-42dc-95ad-e567d1eca200.jpg,ad8dbdbc-f95a-42dc-95ad-e567d1eca200,soft_focus_scale,b0c0471fb819a2d5c0669e83685e775fefd0e8e1ed4050ca06c2d213cd5bea8c,ecab9c9d35a3d501cb928d5cefbdbf54ebcb53937c1f08331e73fb975c05b8b5,320,240
train/plastic/plastic_train_aug_050_v9_color_noise.jpg,train,plastic,1,generated_augmentation,plastic_bottle,plastic/dd279e87-5e91-4ed2-bb99-281b855da4c3,plastic/dd279e87-5e91-4ed2-bb99-281b855da4c3.jpg,dd279e87-5e91-4ed2-bb99-281b855da4c3,v9_color_noise,54d7affe38289cd0792ebb9b1eaae5cea9e9e5856dfe1274d0b1e88c4c615cc8,a4c6da63cedba5c1cbf04c659142288a2496c44895efda0f6a5fb9c55d767b5d,320,240
train/plastic/plastic_train_aug_051_rotate_zoom.jpg,train,plastic,1,generated_augmentation,plastic_bottle,plastic/d61ce994-23b3-4d1e-8c24-e90ef6aa15de,plastic/d61ce994-23b3-4d1e-8c24-e90ef6aa15de.jpg,d61ce994-23b3-4d1e-8c24-e90ef6aa15de,rotate_zoom,b4e40471c7bdcd1bbf17b677d744b0bdde3d58a0b978c64d20184c6c6ea747e3,2b821080ede27767e6c4a90c61a90c5c7b1be9f650304fe2bc169896b0579126,320,240
train/plastic/plastic_train_aug_052_low_light_blur.jpg,train,plastic,1,generated_augmentation,plastic_bottle,plastic/4c5909a4-a9e8-4c99-a1ac-73b8937f56d7,plastic/4c5909a4-a9e8-4c99-a1ac-73b8937f56d7.jpg,4c5909a4-a9e8-4c99-a1ac-73b8937f56d7,low_light_blur,c3a8f5fde9ab0cd7dcd5b522a874897c466d1724076325e7686ca236a2b1b790,0100fc3494326bace3e2b9553400d4e9c2faee7a7f4e3f6f763576949dad6a67,320,240
train/plastic/plastic_train_aug_053_bright_warm.jpg,train,plastic,1,generated_augmentation,plastic_bottle,plastic/5d7b84e1-7787-4663-a9af-5ed3b576538a,plastic/5d7b84e1-7787-4663-a9af-5ed3b576538a.jpg,5d7b84e1-7787-4663-a9af-5ed3b576538a,bright_warm,a34893fd693bee519c2c33106961d31fae2dbf754bd615116a404136109510f3,d3b95c4e220e96d7f09f62ed4c1beaf2557f79d41527dae55ab23237cfb6054f,320,240
train/plastic/plastic_train_aug_054_cool_cast.jpg,train,plastic,1,generated_augmentation,plastic_bottle,plastic/dc34a99f-d23b-4725-b222-0b0bf853e536,plastic/dc34a99f-d23b-4725-b222-0b0bf853e536.jpg,dc34a99f-d23b-4725-b222-0b0bf853e536,cool_cast,e3b8ed7519d927454d6fa363379deac752a20420ec68b9062d0f685c4b933f77,2cb8e66ff0522a67e2e6eec6bd19be70f585b922993a0e32c3b8fd1aadbc696b,320,240
train/plastic/plastic_train_aug_055_sensor_noise.jpg,train,plastic,1,generated_augmentation,plastic_bottle,plastic/b4ca0803-1367-4347-82fb-a029c4f08bc1,plastic/b4ca0803-1367-4347-82fb-a029c4f08bc1.jpg,b4ca0803-1367-4347-82fb-a029c4f08bc1,sensor_noise,20d18bbce35df27809a12273348ed7457165e9be125cf0e4adcb0e9cb533f2a0,7d8f62a0a05cc31ec3afe2aa0a0bb117ff7095cb25abd0a0b3ace48dcb1e117d,320,240
train/plastic/plastic_train_aug_056_soft_focus_scale.jpg,train,plastic,1,generated_augmentation,plastic_bottle,plastic/9184b7f9-df02-436d-ba3d-50cf44f369ac,plastic/9184b7f9-df02-436d-ba3d-50cf44f369ac.jpg,9184b7f9-df02-436d-ba3d-50cf44f369ac,soft_focus_scale,5962d1ff1172fa4ea379eb4a39b9b64a9a0ca9464fd0aeba2fdb447f02b619ed,d393023550c073c7fc06deec4d76491b89bdec15fc24c04c26fbeacfe676038f,320,240
train/plastic/plastic_train_aug_057_v9_color_noise.jpg,train,plastic,1,generated_augmentation,plastic_bottle,plastic/24071e66-9fad-4962-9097-b99cd571913f,plastic/24071e66-9fad-4962-9097-b99cd571913f.jpg,24071e66-9fad-4962-9097-b99cd571913f,v9_color_noise,b32bc46d68f9802229f2bb884509fd9de56ff182effb1eff884769d0cf53e82d,56530378608748ad520ada639974603e31b9f4222b167a65ffcab7363b3dacc1,320,240
train/plastic/plastic_train_aug_058_rotate_zoom.jpg,train,plastic,1,generated_augmentation,plastic_bottle,plastic/6aa83614-a438-45fd-9ca8-ec4e346a6839,plastic/6aa83614-a438-45fd-9ca8-ec4e346a6839.jpg,6aa83614-a438-45fd-9ca8-ec4e346a6839,rotate_zoom,d783d6469d3876b1d032a4cf5e3d06e6bd020d7111bd733da09576fa4e13c58a,b18cb082b2ce9efeb892dec11f9b9189a47a96cdf47ac1dcba00f699bab2b486,320,240
train/plastic/plastic_train_aug_059_low_light_blur.jpg,train,plastic,1,generated_augmentation,plastic_bottle,plastic/33828efa-4dba-4a74-8e35-91a16d6fcc9f,plastic/33828efa-4dba-4a74-8e35-91a16d6fcc9f.jpg,33828efa-4dba-4a74-8e35-91a16d6fcc9f,low_light_blur,2a98ab798a1d135974a5bfb4080ce69ba1144e529cbea9b98a4fdff28f9d039b,9253a3b9c8ce8103652adf455ba21709d6c5fc6556ef1051f592ac4fe6dd1878,320,240
train/plastic/plastic_train_aug_060_bright_warm.jpg,train,plastic,1,generated_augmentation,plastic_bottle,plastic/452d2422-0142-41bd-9144-9f43ad82fcb2,plastic/452d2422-0142-41bd-9144-9f43ad82fcb2.jpg,452d2422-0142-41bd-9144-9f43ad82fcb2,bright_warm,48e6ac9ca992a37c137c883f643df37b80896df9c115a0706c7d8566fb7e77b0,8e8a771970eba292b1f4657f05df10f71e9270fc23c38d4ee6f9d11b8af648bc,320,240
train/plastic/plastic_train_aug_061_cool_cast.jpg,train,plastic,1,generated_augmentation,plastic_bottle,plastic/ff7a19d6-c1f2-438f-b7d3-9b1990963d2d,plastic/ff7a19d6-c1f2-438f-b7d3-9b1990963d2d.jpg,ff7a19d6-c1f2-438f-b7d3-9b1990963d2d,cool_cast,9816649af476d9556908edcdf3f68b275fcc2c29952b0b0fbf8e6f0bf6db2398,74e0cebbf7769c98f9fdee68f8af85c4d8d76aaa89b75d9c4c777c74e0f8056b,320,240
train/plastic/plastic_train_aug_062_sensor_noise.jpg,train,plastic,1,generated_augmentation,plastic_bottle,plastic/2118a584-485e-46d8-ae18-262b8b7cf11a,plastic/2118a584-485e-46d8-ae18-262b8b7cf11a.jpg,2118a584-485e-46d8-ae18-262b8b7cf11a,sensor_noise,9b2686d8a88adeb7e0bb24a3df97db87f62652c91812a39d382fc7a6cca6d300,e911ab479454daf153bdd112498138b7034ec67648e41a9586e0104dab1f90c1,320,240
train/plastic/plastic_train_aug_063_soft_focus_scale.jpg,train,plastic,1,generated_augmentation,plastic_bottle,plastic/dbbb8d63-b989-4f0b-b66a-9cc42f278b7f,plastic/dbbb8d63-b989-4f0b-b66a-9cc42f278b7f.jpg,dbbb8d63-b989-4f0b-b66a-9cc42f278b7f,soft_focus_scale,df6fd0ca71bcc35a83fe2941cc2173863f7426944de8089e0ac0967924ebca13,49cae257c33212ee9a43fa5aaf8aca6de2e2c1eb032dcbbdf9b988922106de21,320,240
train/plastic/plastic_train_aug_064_v9_color_noise.jpg,train,plastic,1,generated_augmentation,plastic_bottle,plastic/eab0f090-735d-4db0-b430-99d673597039,plastic/eab0f090-735d-4db0-b430-99d673597039.jpg,eab0f090-735d-4db0-b430-99d673597039,v9_color_noise,ebab8a4bd412fb14911ec726c39fcaa22a547427c3ac4bc2a4158f3489dbe3b4,28d90b526b754f5514c9ad189fdfb7344ce2e01bcdc7672b46970a20b410974f,320,240
train/plastic/plastic_train_aug_065_rotate_zoom.jpg,train,plastic,1,generated_augmentation,plastic_bottle,plastic/72591b70-ec20-4240-96dc-ce5ccb4387e3,plastic/72591b70-ec20-4240-96dc-ce5ccb4387e3.jpg,72591b70-ec20-4240-96dc-ce5ccb4387e3,rotate_zoom,35e180cfc1b181c1a336aed2e147db7eb026007ac1a7ebd89f3df146d8b67f8a,ce8a2b8095df8cc12ceda90af691675544d779269e2d498c33b77d4124ec0901,320,240
train/plastic/plastic_train_aug_066_low_light_blur.jpg,train,plastic,1,generated_augmentation,plastic_bottle,plastic/6f1441cc-933b-4c05-821b-2edc26351c1e,plastic/6f1441cc-933b-4c05-821b-2edc26351c1e.jpg,6f1441cc-933b-4c05-821b-2edc26351c1e,low_light_blur,1d52a22862bcd3c1190a8e58b61fd976c924ddeeefff1cb7ce0cf403d20eb1ea,cf06d13c0f417f862a9f505a2fccfa3c4b5b7580a5f3d3a1faca1a6f99d37a40,320,240
train/plastic/plastic_train_aug_067_bright_warm.jpg,train,plastic,1,generated_augmentation,plastic_bottle,plastic/72bb7b1c-11e0-4a75-bc48-f0d75a511015,plastic/72bb7b1c-11e0-4a75-bc48-f0d75a511015.jpg,72bb7b1c-11e0-4a75-bc48-f0d75a511015,bright_warm,575ccaa6ff78d78fed7a02735f80d642b049c49e80c2d30bcb0aba366adbdc0b,14ba9c6b79543508e35431f86a7d7fe9206a2becd5913686faec1d59dbf7e1ab,320,240
train/plastic/plastic_train_aug_068_cool_cast.jpg,train,plastic,1,generated_augmentation,plastic_bottle,plastic/68a1c345-6540-4b93-a842-5a95aa252f91,plastic/68a1c345-6540-4b93-a842-5a95aa252f91.jpg,68a1c345-6540-4b93-a842-5a95aa252f91,cool_cast,79340b20cdfc481256b498527f762161f6c93303c6f603c42bc8df12e4af2a81,7314299f31035eceb739b92868f944e1f574d15219acacdd325faac7c7f79db9,320,240
train/plastic/plastic_train_aug_069_sensor_noise.jpg,train,plastic,1,generated_augmentation,plastic_bottle,plastic/50d1fc10-d6bd-4b6b-a6a1-faff943e4a0a,plastic/50d1fc10-d6bd-4b6b-a6a1-faff943e4a0a.jpg,50d1fc10-d6bd-4b6b-a6a1-faff943e4a0a,sensor_noise,00a98ac34aa442b73f32d20e27fca0ad366edeab891ee6e9fdea0fe58870e04f,b854bec656c10ae2036600abd37858327406441ec419f4b35f2b47033ba46ca6,320,240
train/plastic/plastic_train_aug_070_soft_focus_scale.jpg,train,plastic,1,generated_augmentation,plastic_bottle,plastic/96f7fb79-54b9-4269-9712-dcd543fb38dd,plastic/96f7fb79-54b9-4269-9712-dcd543fb38dd.jpg,96f7fb79-54b9-4269-9712-dcd543fb38dd,soft_focus_scale,22c6749fcc98199cf21b7944367a0bf04a88be35dfa3673f3057ea64faa87017,5a7d2ba1a95f1c6423f82275a4e034161fbb17adba077da9f86f98ed73cb41a6,320,240
train/plastic/plastic_train_aug_071_v9_color_noise.jpg,train,plastic,1,generated_augmentation,plastic_bottle,plastic/f879b907-4010-433a-bd63-27062b7ae7c6,plastic/f879b907-4010-433a-bd63-27062b7ae7c6.jpg,f879b907-4010-433a-bd63-27062b7ae7c6,v9_color_noise,acadde290c63a0390a2fc34396e017589599cc29e3c631d074f7c7886abd2be2,367a00173d1ecceebcb07a4bd1ffce29d46990b98a7bc1111f5572e16409c136,320,240
train/plastic/plastic_train_existing_aug_001.jpg,train,plastic,1,existing_augmentation,plastic_film_or_bag,plastic/plastic_016,plastic/plastic_016__aug_v2_01.jpg,plastic_016,none,8fff348274e3fd6dd6eec3787c37c76c19c581c8fd4e78fd50176baeb7db974c,8fff348274e3fd6dd6eec3787c37c76c19c581c8fd4e78fd50176baeb7db974c,320,240
train/plastic/plastic_train_existing_aug_002.jpg,train,plastic,1,existing_augmentation,plastic_film_or_bag,plastic/plastic_016,plastic/plastic_016__aug_v2_02.jpg,plastic_016,none,2c4589e09f73cde5da2476b6a2311eff412cb66d2dd7101b00c104d5bb547633,2c4589e09f73cde5da2476b6a2311eff412cb66d2dd7101b00c104d5bb547633,320,240
train/plastic/plastic_train_existing_aug_003.jpg,train,plastic,1,existing_augmentation,plastic_film_or_bag,plastic/plastic_016,plastic/plastic_016__aug_v2_03.jpg,plastic_016,none,0405a766e3dc127a52c3007adcc1a148e84d68db8a20f14722332697afd31b54,0405a766e3dc127a52c3007adcc1a148e84d68db8a20f14722332697afd31b54,320,240
train/plastic/plastic_train_existing_aug_004.jpg,train,plastic,1,existing_augmentation,plastic_film_or_bag,plastic/plastic_016,plastic/plastic_016__aug_v2_04.jpg,plastic_016,none,4e2211135bdb53bcc105f1344e5a7520450b97b54c0a125db744e329f32ee6ef,4e2211135bdb53bcc105f1344e5a7520450b97b54c0a125db744e329f32ee6ef,320,240
train/plastic/plastic_train_existing_aug_005.jpg,train,plastic,1,existing_augmentation,plastic_film_or_bag,plastic/plastic_016,plastic/plastic_016__aug_v2_05.jpg,plastic_016,none,3542d1936501b1c34104fc74e0e45bebfc30f902872929588a26eb1bb9920d1a,3542d1936501b1c34104fc74e0e45bebfc30f902872929588a26eb1bb9920d1a,320,240
train/plastic/plastic_train_existing_aug_006.jpg,train,plastic,1,existing_augmentation,plastic_film_or_bag,plastic/plastic_016,plastic/plastic_016__aug_v2_06.jpg,plastic_016,none,13087ead3a1777a5dac1ce9078146b8bb33e8eb535e59fdde20f70d0b2742625,13087ead3a1777a5dac1ce9078146b8bb33e8eb535e59fdde20f70d0b2742625,320,240
train/plastic/plastic_train_existing_aug_007.jpg,train,plastic,1,existing_augmentation,plastic_film_or_bag,plastic/plastic_016,plastic/plastic_016__aug_v2_07.jpg,plastic_016,none,66e4687cf8d277ecbc495a5c315d9c8f063c779768bc4faeb24a53fdf4595155,66e4687cf8d277ecbc495a5c315d9c8f063c779768bc4faeb24a53fdf4595155,320,240
train/plastic/plastic_train_existing_aug_008.jpg,train,plastic,1,existing_augmentation,plastic_film_or_bag,plastic/plastic_016,plastic/plastic_016__aug_v2_08.jpg,plastic_016,none,bcbc2c083e065849b0fd04b98a0338138844dcca79cebdb7326917147a67dc7f,bcbc2c083e065849b0fd04b98a0338138844dcca79cebdb7326917147a67dc7f,320,240
train/plastic/plastic_train_existing_aug_009.jpg,train,plastic,1,existing_augmentation,plastic_film_or_bag,plastic/plastic_016,plastic/plastic_016__aug_v2_09.jpg,plastic_016,none,be2fd487669cba87c1e08462b930a5bcc6a3bd25e85bd6a9005b9603aa16bc1a,be2fd487669cba87c1e08462b930a5bcc6a3bd25e85bd6a9005b9603aa16bc1a,320,240
train/plastic/plastic_train_existing_aug_010.jpg,train,plastic,1,existing_augmentation,plastic_film_or_bag,plastic/plastic_017,plastic/plastic_017__aug_v2_01.jpg,plastic_017,none,093009c539a3aff2de0c6a96ea3d799e81c9c4886e31a0755750a3a7d77dd7ea,093009c539a3aff2de0c6a96ea3d799e81c9c4886e31a0755750a3a7d77dd7ea,320,240
train/plastic/plastic_train_existing_aug_011.jpg,train,plastic,1,existing_augmentation,plastic_film_or_bag,plastic/plastic_017,plastic/plastic_017__aug_v2_02.jpg,plastic_017,none,e0eb5e9892c0f218d86ab55a449a0dae21b959bd6a0e9a2dd2f44818548cc938,e0eb5e9892c0f218d86ab55a449a0dae21b959bd6a0e9a2dd2f44818548cc938,320,240
train/plastic/plastic_train_existing_aug_012.jpg,train,plastic,1,existing_augmentation,plastic_film_or_bag,plastic/plastic_017,plastic/plastic_017__aug_v2_03.jpg,plastic_017,none,14a2bb9460bbcfc27f7da369361b3d7a3530e77f90434f4e8f3097335d13a723,14a2bb9460bbcfc27f7da369361b3d7a3530e77f90434f4e8f3097335d13a723,320,240
train/plastic/plastic_train_existing_aug_013.jpg,train,plastic,1,existing_augmentation,plastic_film_or_bag,plastic/plastic_017,plastic/plastic_017__aug_v2_04.jpg,plastic_017,none,586f253305810df2a3dfd6318b9a41c2ba76e2b53d6963d1245509b16a6d84f5,586f253305810df2a3dfd6318b9a41c2ba76e2b53d6963d1245509b16a6d84f5,320,240
train/plastic/plastic_train_existing_aug_014.jpg,train,plastic,1,existing_augmentation,plastic_film_or_bag,plastic/plastic_017,plastic/plastic_017__aug_v2_05.jpg,plastic_017,none,1c3a8d072f32de915356b729d7eca7ab24ce0f1a12e197fbd7e140b989e6460f,1c3a8d072f32de915356b729d7eca7ab24ce0f1a12e197fbd7e140b989e6460f,320,240
train/plastic/plastic_train_existing_aug_015.jpg,train,plastic,1,existing_augmentation,plastic_film_or_bag,plastic/plastic_017,plastic/plastic_017__aug_v2_06.jpg,plastic_017,none,4d4faada90e0487aa5c1d52f0056629739deed8d70e498104952ca5cf19142bd,4d4faada90e0487aa5c1d52f0056629739deed8d70e498104952ca5cf19142bd,320,240
train/plastic/plastic_train_existing_aug_016.jpg,train,plastic,1,existing_augmentation,plastic_film_or_bag,plastic/plastic_017,plastic/plastic_017__aug_v2_07.jpg,plastic_017,none,8378208d202070d88ef72784eb569dfd815ca89dd036ee1af1172e69beb056f8,8378208d202070d88ef72784eb569dfd815ca89dd036ee1af1172e69beb056f8,320,240
train/plastic/plastic_train_existing_aug_017.jpg,train,plastic,1,existing_augmentation,plastic_film_or_bag,plastic/plastic_017,plastic/plastic_017__aug_v2_08.jpg,plastic_017,none,b1d4591b417fbc56acd70c30712f78c74932d6a11d3ba89893958e4cba8c460a,b1d4591b417fbc56acd70c30712f78c74932d6a11d3ba89893958e4cba8c460a,320,240
train/plastic/plastic_train_existing_aug_018.jpg,train,plastic,1,existing_augmentation,plastic_film_or_bag,plastic/plastic_017,plastic/plastic_017__aug_v2_09.jpg,plastic_017,none,e926ada5730108460afbc6e7fa4f4df63d777d2563855a3986d3c38c6e099fa7,e926ada5730108460afbc6e7fa4f4df63d777d2563855a3986d3c38c6e099fa7,320,240
train/plastic/plastic_train_existing_aug_019.jpg,train,plastic,1,existing_augmentation,plastic_film_or_bag,plastic/plastic_018,plastic/plastic_018__aug_v2_01.jpg,plastic_018,none,7cf6640f3e8aa538efb77c6c2e04ae30696d93d177ad43acd714c79e47842dfa,7cf6640f3e8aa538efb77c6c2e04ae30696d93d177ad43acd714c79e47842dfa,320,240
train/plastic/plastic_train_existing_aug_020.jpg,train,plastic,1,existing_augmentation,plastic_film_or_bag,plastic/plastic_018,plastic/plastic_018__aug_v2_02.jpg,plastic_018,none,2c7413f76e8c7a0215005fad529c363899dff3f0a2fa6cdf7894734edb22d364,2c7413f76e8c7a0215005fad529c363899dff3f0a2fa6cdf7894734edb22d364,320,240
train/plastic/plastic_train_existing_aug_021.jpg,train,plastic,1,existing_augmentation,plastic_film_or_bag,plastic/plastic_018,plastic/plastic_018__aug_v2_03.jpg,plastic_018,none,c1603d5ed78ff087d280c15dd03741719dfc5ef4cbeca6e4e4a47d7f835cdbec,c1603d5ed78ff087d280c15dd03741719dfc5ef4cbeca6e4e4a47d7f835cdbec,320,240
train/plastic/plastic_train_existing_aug_022.jpg,train,plastic,1,existing_augmentation,plastic_film_or_bag,plastic/plastic_018,plastic/plastic_018__aug_v2_04.jpg,plastic_018,none,1270b65f2a19c1cacb0f192c88bf76f80977fca5bfd080eb9a1dd7e045634dfe,1270b65f2a19c1cacb0f192c88bf76f80977fca5bfd080eb9a1dd7e045634dfe,320,240
train/plastic/plastic_train_existing_aug_023.jpg,train,plastic,1,existing_augmentation,plastic_film_or_bag,plastic/plastic_018,plastic/plastic_018__aug_v2_05.jpg,plastic_018,none,b7670a44bade5e63881d44c315ed92c0b7cf38df3eedf81e84b4a01c932bff62,b7670a44bade5e63881d44c315ed92c0b7cf38df3eedf81e84b4a01c932bff62,320,240
train/plastic/plastic_train_existing_aug_024.jpg,train,plastic,1,existing_augmentation,plastic_film_or_bag,plastic/plastic_018,plastic/plastic_018__aug_v2_06.jpg,plastic_018,none,19dfb5535108824a40e3f2e62226c873301f300c1d73b84fde53f92df703598e,19dfb5535108824a40e3f2e62226c873301f300c1d73b84fde53f92df703598e,320,240
train/plastic/plastic_train_existing_aug_025.jpg,train,plastic,1,existing_augmentation,plastic_film_or_bag,plastic/plastic_018,plastic/plastic_018__aug_v2_07.jpg,plastic_018,none,6d441087919ee78c268135acf66f1b360efa4fdcfaca25d48f76a4bc033293e8,6d441087919ee78c268135acf66f1b360efa4fdcfaca25d48f76a4bc033293e8,320,240
train/plastic/plastic_train_existing_aug_026.jpg,train,plastic,1,existing_augmentation,plastic_film_or_bag,plastic/plastic_018,plastic/plastic_018__aug_v2_08.jpg,plastic_018,none,431047835f20c15b0293c4da4ac1ff9e088670cc7f06e60d8fb866e1279af163,431047835f20c15b0293c4da4ac1ff9e088670cc7f06e60d8fb866e1279af163,320,240
train/plastic/plastic_train_existing_aug_027.jpg,train,plastic,1,existing_augmentation,plastic_film_or_bag,plastic/plastic_018,plastic/plastic_018__aug_v2_09.jpg,plastic_018,none,778353e28e6ccd36040fe90031bceb893f3bdb7cc9787806fcf0eefb77e5bb09,778353e28e6ccd36040fe90031bceb893f3bdb7cc9787806fcf0eefb77e5bb09,320,240
train/plastic/plastic_train_existing_aug_028.jpg,train,plastic,1,existing_augmentation,plastic_film_or_bag,plastic/plastic_019,plastic/plastic_019__aug_v2_01.jpg,plastic_019,none,97c71a60aa116da6275db4d537e02a51990e88e51d1e2fabfb99595589b4b125,97c71a60aa116da6275db4d537e02a51990e88e51d1e2fabfb99595589b4b125,320,240
train/plastic/plastic_train_existing_aug_029.jpg,train,plastic,1,existing_augmentation,plastic_film_or_bag,plastic/plastic_019,plastic/plastic_019__aug_v2_02.jpg,plastic_019,none,a0a38fc1ab89bb0de218891493fbde72d2e72b0ce39d4408518f746a2cea0685,a0a38fc1ab89bb0de218891493fbde72d2e72b0ce39d4408518f746a2cea0685,320,240
train/plastic/plastic_train_existing_aug_030.jpg,train,plastic,1,existing_augmentation,plastic_film_or_bag,plastic/plastic_019,plastic/plastic_019__aug_v2_03.jpg,plastic_019,none,cb2b8f2976f6fa77c47250a1cc152bb4e218599445db0bb4a382e79a19fe801a,cb2b8f2976f6fa77c47250a1cc152bb4e218599445db0bb4a382e79a19fe801a,320,240
train/plastic/plastic_train_existing_aug_031.jpg,train,plastic,1,existing_augmentation,plastic_film_or_bag,plastic/plastic_019,plastic/plastic_019__aug_v2_04.jpg,plastic_019,none,7f3e8a427d2f58e1c27553ff6b971e13406e00c995145a0c48cce89350eef61c,7f3e8a427d2f58e1c27553ff6b971e13406e00c995145a0c48cce89350eef61c,320,240
train/plastic/plastic_train_existing_aug_032.jpg,train,plastic,1,existing_augmentation,plastic_film_or_bag,plastic/plastic_019,plastic/plastic_019__aug_v2_05.jpg,plastic_019,none,903f7187bf4e7bff8c46ad1bd212fcba39c33b7e8e2366637e6479182245661c,903f7187bf4e7bff8c46ad1bd212fcba39c33b7e8e2366637e6479182245661c,320,240
train/plastic/plastic_train_existing_aug_033.jpg,train,plastic,1,existing_augmentation,plastic_film_or_bag,plastic/plastic_019,plastic/plastic_019__aug_v2_06.jpg,plastic_019,none,c65cb48ecab00b5690b7d94d3f4a55995d6b4644a36f84b0cf7adc646e7b1ce3,c65cb48ecab00b5690b7d94d3f4a55995d6b4644a36f84b0cf7adc646e7b1ce3,320,240
train/plastic/plastic_train_existing_aug_034.jpg,train,plastic,1,existing_augmentation,plastic_film_or_bag,plastic/plastic_019,plastic/plastic_019__aug_v2_07.jpg,plastic_019,none,b05feed4af54795e2261b5177a9c9bea42b793bb2625a780c1c7e19d527a3e89,b05feed4af54795e2261b5177a9c9bea42b793bb2625a780c1c7e19d527a3e89,320,240
train/plastic/plastic_train_existing_aug_035.jpg,train,plastic,1,existing_augmentation,plastic_film_or_bag,plastic/plastic_019,plastic/plastic_019__aug_v2_08.jpg,plastic_019,none,f60ff584e5520fdcba486d856a6944468590195c5b717cabdac27f7ffb42ee4b,f60ff584e5520fdcba486d856a6944468590195c5b717cabdac27f7ffb42ee4b,320,240
train/plastic/plastic_train_existing_aug_036.jpg,train,plastic,1,existing_augmentation,plastic_film_or_bag,plastic/plastic_019,plastic/plastic_019__aug_v2_09.jpg,plastic_019,none,61868be3dd0a5790926214babec2d531ae4001c6e414ed63ef536a72e211b161,61868be3dd0a5790926214babec2d531ae4001c6e414ed63ef536a72e211b161,320,240
train/plastic/plastic_train_existing_aug_037.jpg,train,plastic,1,existing_augmentation,plastic_film_or_bag,plastic/plastic_020,plastic/plastic_020__aug_v2_01.jpg,plastic_020,none,f2a430214d8278135c5bc3444fc265344ce290014de8f5d8713cca5b91beaac7,f2a430214d8278135c5bc3444fc265344ce290014de8f5d8713cca5b91beaac7,320,240
train/plastic/plastic_train_existing_aug_038.jpg,train,plastic,1,existing_augmentation,plastic_film_or_bag,plastic/plastic_020,plastic/plastic_020__aug_v2_02.jpg,plastic_020,none,933a2768d6c375cafeb066cb6c2d8292956be3ee629d0d142d23bece1212518e,933a2768d6c375cafeb066cb6c2d8292956be3ee629d0d142d23bece1212518e,320,240
train/plastic/plastic_train_existing_aug_039.jpg,train,plastic,1,existing_augmentation,plastic_film_or_bag,plastic/plastic_020,plastic/plastic_020__aug_v2_03.jpg,plastic_020,none,47a395dacd6e534feafeef5b417c5f12a195a3452a98400f01748a6376e97491,47a395dacd6e534feafeef5b417c5f12a195a3452a98400f01748a6376e97491,320,240
train/plastic/plastic_train_existing_aug_040.jpg,train,plastic,1,existing_augmentation,plastic_film_or_bag,plastic/plastic_020,plastic/plastic_020__aug_v2_04.jpg,plastic_020,none,16349326f07679fdaf0f78859da76acfa840d307c6ea565dfde90696654afe8d,16349326f07679fdaf0f78859da76acfa840d307c6ea565dfde90696654afe8d,320,240
train/plastic/plastic_train_existing_aug_041.jpg,train,plastic,1,existing_augmentation,plastic_film_or_bag,plastic/plastic_020,plastic/plastic_020__aug_v2_05.jpg,plastic_020,none,313b888bac5b061b2ce3399a36d144d69b896ba8960d264a065b3d5931d9547e,313b888bac5b061b2ce3399a36d144d69b896ba8960d264a065b3d5931d9547e,320,240
train/plastic/plastic_train_existing_aug_042.jpg,train,plastic,1,existing_augmentation,plastic_film_or_bag,plastic/plastic_020,plastic/plastic_020__aug_v2_06.jpg,plastic_020,none,7531092ca254499807028cbff26b52261016ad2a2fc182002ee1cc11f5a6a19d,7531092ca254499807028cbff26b52261016ad2a2fc182002ee1cc11f5a6a19d,320,240
train/plastic/plastic_train_existing_aug_043.jpg,train,plastic,1,existing_augmentation,plastic_film_or_bag,plastic/plastic_020,plastic/plastic_020__aug_v2_07.jpg,plastic_020,none,24d49dfdf1a901117fa66a90c102a6bd4d89162700e91ebfec2a2130c7821aec,24d49dfdf1a901117fa66a90c102a6bd4d89162700e91ebfec2a2130c7821aec,320,240
train/plastic/plastic_train_existing_aug_044.jpg,train,plastic,1,existing_augmentation,plastic_film_or_bag,plastic/plastic_020,plastic/plastic_020__aug_v2_08.jpg,plastic_020,none,defb9f5252b1f555e6b56f3a6a468e6cd5b79ee9b2ad79bd98977c2163900957,defb9f5252b1f555e6b56f3a6a468e6cd5b79ee9b2ad79bd98977c2163900957,320,240
train/plastic/plastic_train_existing_aug_045.jpg,train,plastic,1,existing_augmentation,plastic_film_or_bag,plastic/plastic_020,plastic/plastic_020__aug_v2_09.jpg,plastic_020,none,c4bb950bcf5351344daedfd08da4514296399665ce1aba05ef887e252fe7c8cb,c4bb950bcf5351344daedfd08da4514296399665ce1aba05ef887e252fe7c8cb,320,240
train/plastic/plastic_train_original_001.jpg,train,plastic,1,original,plastic_bottle,plastic/2118a584-485e-46d8-ae18-262b8b7cf11a,plastic/2118a584-485e-46d8-ae18-262b8b7cf11a.jpg,2118a584-485e-46d8-ae18-262b8b7cf11a,none,9b2686d8a88adeb7e0bb24a3df97db87f62652c91812a39d382fc7a6cca6d300,9b2686d8a88adeb7e0bb24a3df97db87f62652c91812a39d382fc7a6cca6d300,320,240
train/plastic/plastic_train_original_002.jpg,train,plastic,1,original,plastic_bottle,plastic/24071e66-9fad-4962-9097-b99cd571913f,plastic/24071e66-9fad-4962-9097-b99cd571913f.jpg,24071e66-9fad-4962-9097-b99cd571913f,none,b32bc46d68f9802229f2bb884509fd9de56ff182effb1eff884769d0cf53e82d,b32bc46d68f9802229f2bb884509fd9de56ff182effb1eff884769d0cf53e82d,320,240
train/plastic/plastic_train_original_003.jpg,train,plastic,1,original,plastic_bottle,plastic/33828efa-4dba-4a74-8e35-91a16d6fcc9f,plastic/33828efa-4dba-4a74-8e35-91a16d6fcc9f.jpg,33828efa-4dba-4a74-8e35-91a16d6fcc9f,none,2a98ab798a1d135974a5bfb4080ce69ba1144e529cbea9b98a4fdff28f9d039b,2a98ab798a1d135974a5bfb4080ce69ba1144e529cbea9b98a4fdff28f9d039b,320,240
train/plastic/plastic_train_original_004.jpg,train,plastic,1,original,plastic_bottle,plastic/40bd6de7-f23a-41c3-9a9f-2d96d3883649,plastic/40bd6de7-f23a-41c3-9a9f-2d96d3883649.jpg,40bd6de7-f23a-41c3-9a9f-2d96d3883649,none,bcfeb7e9e399615cd1ca0059b08337e20da12cb9215618a094a9a21cee39ecb9,bcfeb7e9e399615cd1ca0059b08337e20da12cb9215618a094a9a21cee39ecb9,320,240
train/plastic/plastic_train_original_005.jpg,train,plastic,1,original,plastic_bottle,plastic/452d2422-0142-41bd-9144-9f43ad82fcb2,plastic/452d2422-0142-41bd-9144-9f43ad82fcb2.jpg,452d2422-0142-41bd-9144-9f43ad82fcb2,none,48e6ac9ca992a37c137c883f643df37b80896df9c115a0706c7d8566fb7e77b0,48e6ac9ca992a37c137c883f643df37b80896df9c115a0706c7d8566fb7e77b0,320,240
train/plastic/plastic_train_original_006.jpg,train,plastic,1,original,plastic_bottle,plastic/4c5909a4-a9e8-4c99-a1ac-73b8937f56d7,plastic/4c5909a4-a9e8-4c99-a1ac-73b8937f56d7.jpg,4c5909a4-a9e8-4c99-a1ac-73b8937f56d7,none,c3a8f5fde9ab0cd7dcd5b522a874897c466d1724076325e7686ca236a2b1b790,c3a8f5fde9ab0cd7dcd5b522a874897c466d1724076325e7686ca236a2b1b790,320,240
train/plastic/plastic_train_original_007.jpg,train,plastic,1,original,plastic_bottle,plastic/50d1fc10-d6bd-4b6b-a6a1-faff943e4a0a,plastic/50d1fc10-d6bd-4b6b-a6a1-faff943e4a0a.jpg,50d1fc10-d6bd-4b6b-a6a1-faff943e4a0a,none,00a98ac34aa442b73f32d20e27fca0ad366edeab891ee6e9fdea0fe58870e04f,00a98ac34aa442b73f32d20e27fca0ad366edeab891ee6e9fdea0fe58870e04f,320,240
train/plastic/plastic_train_original_008.jpg,train,plastic,1,original,plastic_bottle,plastic/5d7b84e1-7787-4663-a9af-5ed3b576538a,plastic/5d7b84e1-7787-4663-a9af-5ed3b576538a.jpg,5d7b84e1-7787-4663-a9af-5ed3b576538a,none,a34893fd693bee519c2c33106961d31fae2dbf754bd615116a404136109510f3,a34893fd693bee519c2c33106961d31fae2dbf754bd615116a404136109510f3,320,240
train/plastic/plastic_train_original_009.jpg,train,plastic,1,original,plastic_bottle,plastic/68a1c345-6540-4b93-a842-5a95aa252f91,plastic/68a1c345-6540-4b93-a842-5a95aa252f91.jpg,68a1c345-6540-4b93-a842-5a95aa252f91,none,79340b20cdfc481256b498527f762161f6c93303c6f603c42bc8df12e4af2a81,79340b20cdfc481256b498527f762161f6c93303c6f603c42bc8df12e4af2a81,320,240
train/plastic/plastic_train_original_010.jpg,train,plastic,1,original,plastic_bottle,plastic/6aa83614-a438-45fd-9ca8-ec4e346a6839,plastic/6aa83614-a438-45fd-9ca8-ec4e346a6839.jpg,6aa83614-a438-45fd-9ca8-ec4e346a6839,none,d783d6469d3876b1d032a4cf5e3d06e6bd020d7111bd733da09576fa4e13c58a,d783d6469d3876b1d032a4cf5e3d06e6bd020d7111bd733da09576fa4e13c58a,320,240
train/plastic/plastic_train_original_011.jpg,train,plastic,1,original,plastic_bottle,plastic/6bb14734-8d8a-4f75-956e-97a8638b50b6,plastic/6bb14734-8d8a-4f75-956e-97a8638b50b6.jpg,6bb14734-8d8a-4f75-956e-97a8638b50b6,none,3f9bb35465ce2b88b8f60a33a01029a0c4e7f530d34f3fe0556deeae4c7a3b10,3f9bb35465ce2b88b8f60a33a01029a0c4e7f530d34f3fe0556deeae4c7a3b10,320,240
train/plastic/plastic_train_original_012.jpg,train,plastic,1,original,plastic_bottle,plastic/6f1441cc-933b-4c05-821b-2edc26351c1e,plastic/6f1441cc-933b-4c05-821b-2edc26351c1e.jpg,6f1441cc-933b-4c05-821b-2edc26351c1e,none,1d52a22862bcd3c1190a8e58b61fd976c924ddeeefff1cb7ce0cf403d20eb1ea,1d52a22862bcd3c1190a8e58b61fd976c924ddeeefff1cb7ce0cf403d20eb1ea,320,240
train/plastic/plastic_train_original_013.jpg,train,plastic,1,original,plastic_bottle,plastic/72591b70-ec20-4240-96dc-ce5ccb4387e3,plastic/72591b70-ec20-4240-96dc-ce5ccb4387e3.jpg,72591b70-ec20-4240-96dc-ce5ccb4387e3,none,35e180cfc1b181c1a336aed2e147db7eb026007ac1a7ebd89f3df146d8b67f8a,35e180cfc1b181c1a336aed2e147db7eb026007ac1a7ebd89f3df146d8b67f8a,320,240
train/plastic/plastic_train_original_014.jpg,train,plastic,1,original,plastic_bottle,plastic/72bb7b1c-11e0-4a75-bc48-f0d75a511015,plastic/72bb7b1c-11e0-4a75-bc48-f0d75a511015.jpg,72bb7b1c-11e0-4a75-bc48-f0d75a511015,none,575ccaa6ff78d78fed7a02735f80d642b049c49e80c2d30bcb0aba366adbdc0b,575ccaa6ff78d78fed7a02735f80d642b049c49e80c2d30bcb0aba366adbdc0b,320,240
train/plastic/plastic_train_original_015.jpg,train,plastic,1,original,plastic_bottle,plastic/7a629096-8f2d-414c-8ea7-1e18fcbeb59c,plastic/7a629096-8f2d-414c-8ea7-1e18fcbeb59c.jpg,7a629096-8f2d-414c-8ea7-1e18fcbeb59c,none,58d748350c7325680afe8e6a4db71f3fc51c10b6f92a05e639bf00dc76cb348e,58d748350c7325680afe8e6a4db71f3fc51c10b6f92a05e639bf00dc76cb348e,320,240
train/plastic/plastic_train_original_016.jpg,train,plastic,1,original,plastic_bottle,plastic/9184b7f9-df02-436d-ba3d-50cf44f369ac,plastic/9184b7f9-df02-436d-ba3d-50cf44f369ac.jpg,9184b7f9-df02-436d-ba3d-50cf44f369ac,none,5962d1ff1172fa4ea379eb4a39b9b64a9a0ca9464fd0aeba2fdb447f02b619ed,5962d1ff1172fa4ea379eb4a39b9b64a9a0ca9464fd0aeba2fdb447f02b619ed,320,240
train/plastic/plastic_train_original_017.jpg,train,plastic,1,original,plastic_bottle,plastic/96f7fb79-54b9-4269-9712-dcd543fb38dd,plastic/96f7fb79-54b9-4269-9712-dcd543fb38dd.jpg,96f7fb79-54b9-4269-9712-dcd543fb38dd,none,22c6749fcc98199cf21b7944367a0bf04a88be35dfa3673f3057ea64faa87017,22c6749fcc98199cf21b7944367a0bf04a88be35dfa3673f3057ea64faa87017,320,240
train/plastic/plastic_train_original_018.jpg,train,plastic,1,original,plastic_bottle,plastic/9b24a51d-8349-4eb8-883a-56670864fe25,plastic/9b24a51d-8349-4eb8-883a-56670864fe25.jpg,9b24a51d-8349-4eb8-883a-56670864fe25,none,a57b3174eaff370737b4463c865896f61933a9b8a03df58f4d881ae02d874935,a57b3174eaff370737b4463c865896f61933a9b8a03df58f4d881ae02d874935,320,240
train/plastic/plastic_train_original_019.jpg,train,plastic,1,original,plastic_bottle,plastic/ad8dbdbc-f95a-42dc-95ad-e567d1eca200,plastic/ad8dbdbc-f95a-42dc-95ad-e567d1eca200.jpg,ad8dbdbc-f95a-42dc-95ad-e567d1eca200,none,b0c0471fb819a2d5c0669e83685e775fefd0e8e1ed4050ca06c2d213cd5bea8c,b0c0471fb819a2d5c0669e83685e775fefd0e8e1ed4050ca06c2d213cd5bea8c,320,240
train/plastic/plastic_train_original_020.jpg,train,plastic,1,original,plastic_bottle,plastic/b4ca0803-1367-4347-82fb-a029c4f08bc1,plastic/b4ca0803-1367-4347-82fb-a029c4f08bc1.jpg,b4ca0803-1367-4347-82fb-a029c4f08bc1,none,20d18bbce35df27809a12273348ed7457165e9be125cf0e4adcb0e9cb533f2a0,20d18bbce35df27809a12273348ed7457165e9be125cf0e4adcb0e9cb533f2a0,320,240
train/plastic/plastic_train_original_021.jpg,train,plastic,1,original,plastic_bottle,plastic/d61ce994-23b3-4d1e-8c24-e90ef6aa15de,plastic/d61ce994-23b3-4d1e-8c24-e90ef6aa15de.jpg,d61ce994-23b3-4d1e-8c24-e90ef6aa15de,none,b4e40471c7bdcd1bbf17b677d744b0bdde3d58a0b978c64d20184c6c6ea747e3,b4e40471c7bdcd1bbf17b677d744b0bdde3d58a0b978c64d20184c6c6ea747e3,320,240
train/plastic/plastic_train_original_022.jpg,train,plastic,1,original,plastic_bottle,plastic/dbbb8d63-b989-4f0b-b66a-9cc42f278b7f,plastic/dbbb8d63-b989-4f0b-b66a-9cc42f278b7f.jpg,dbbb8d63-b989-4f0b-b66a-9cc42f278b7f,none,df6fd0ca71bcc35a83fe2941cc2173863f7426944de8089e0ac0967924ebca13,df6fd0ca71bcc35a83fe2941cc2173863f7426944de8089e0ac0967924ebca13,320,240
train/plastic/plastic_train_original_023.jpg,train,plastic,1,original,plastic_bottle,plastic/dc34a99f-d23b-4725-b222-0b0bf853e536,plastic/dc34a99f-d23b-4725-b222-0b0bf853e536.jpg,dc34a99f-d23b-4725-b222-0b0bf853e536,none,e3b8ed7519d927454d6fa363379deac752a20420ec68b9062d0f685c4b933f77,e3b8ed7519d927454d6fa363379deac752a20420ec68b9062d0f685c4b933f77,320,240
train/plastic/plastic_train_original_024.jpg,train,plastic,1,original,plastic_bottle,plastic/dd279e87-5e91-4ed2-bb99-281b855da4c3,plastic/dd279e87-5e91-4ed2-bb99-281b855da4c3.jpg,dd279e87-5e91-4ed2-bb99-281b855da4c3,none,54d7affe38289cd0792ebb9b1eaae5cea9e9e5856dfe1274d0b1e88c4c615cc8,54d7affe38289cd0792ebb9b1eaae5cea9e9e5856dfe1274d0b1e88c4c615cc8,320,240
train/plastic/plastic_train_original_025.jpg,train,plastic,1,original,plastic_bottle,plastic/e50f7aba-3d3f-4ead-8521-9b01bbceb8d9,plastic/e50f7aba-3d3f-4ead-8521-9b01bbceb8d9.jpg,e50f7aba-3d3f-4ead-8521-9b01bbceb8d9,none,671785e95598e414e7bbc44d3906466416ee77ff433a22d715304e2dc63167d1,671785e95598e414e7bbc44d3906466416ee77ff433a22d715304e2dc63167d1,320,240
train/plastic/plastic_train_original_026.jpg,train,plastic,1,original,plastic_bottle,plastic/e6b75e5a-e089-421b-905b-5e0f3d0e512a,plastic/e6b75e5a-e089-421b-905b-5e0f3d0e512a.jpg,e6b75e5a-e089-421b-905b-5e0f3d0e512a,none,e5110884b7be7ad48a361087f8f40b13c91a60b14e55a83c9b615e943a1ab9bd,e5110884b7be7ad48a361087f8f40b13c91a60b14e55a83c9b615e943a1ab9bd,320,240
train/plastic/plastic_train_original_027.jpg,train,plastic,1,original,plastic_bottle,plastic/eab0f090-735d-4db0-b430-99d673597039,plastic/eab0f090-735d-4db0-b430-99d673597039.jpg,eab0f090-735d-4db0-b430-99d673597039,none,ebab8a4bd412fb14911ec726c39fcaa22a547427c3ac4bc2a4158f3489dbe3b4,ebab8a4bd412fb14911ec726c39fcaa22a547427c3ac4bc2a4158f3489dbe3b4,320,240
train/plastic/plastic_train_original_028.jpg,train,plastic,1,original,plastic_bottle,plastic/f879b907-4010-433a-bd63-27062b7ae7c6,plastic/f879b907-4010-433a-bd63-27062b7ae7c6.jpg,f879b907-4010-433a-bd63-27062b7ae7c6,none,acadde290c63a0390a2fc34396e017589599cc29e3c631d074f7c7886abd2be2,acadde290c63a0390a2fc34396e017589599cc29e3c631d074f7c7886abd2be2,320,240
train/plastic/plastic_train_original_029.jpg,train,plastic,1,original,plastic_bottle,plastic/ff7a19d6-c1f2-438f-b7d3-9b1990963d2d,plastic/ff7a19d6-c1f2-438f-b7d3-9b1990963d2d.jpg,ff7a19d6-c1f2-438f-b7d3-9b1990963d2d,none,9816649af476d9556908edcdf3f68b275fcc2c29952b0b0fbf8e6f0bf6db2398,9816649af476d9556908edcdf3f68b275fcc2c29952b0b0fbf8e6f0bf6db2398,320,240
train/plastic/plastic_train_original_030.jpg,train,plastic,1,original,plastic_film_or_bag,plastic/plastic_016,plastic/plastic_016.jpg,plastic_016,none,0448f2e96e05114e872218d42dafc0a357cbdc1e61f15fac1f0f9ed760667eeb,0448f2e96e05114e872218d42dafc0a357cbdc1e61f15fac1f0f9ed760667eeb,320,240
train/plastic/plastic_train_original_031.jpg,train,plastic,1,original,plastic_film_or_bag,plastic/plastic_017,plastic/plastic_017.jpg,plastic_017,none,0de66f0e59a872cb1da878ea706b800e7fb66ac2d11b372d1c9621d7282891f8,0de66f0e59a872cb1da878ea706b800e7fb66ac2d11b372d1c9621d7282891f8,320,240
train/plastic/plastic_train_original_032.jpg,train,plastic,1,original,plastic_film_or_bag,plastic/plastic_018,plastic/plastic_018.jpg,plastic_018,none,ec18ec84c93afde36d70cb559b13648fe558215bbbd484880253d227b910f034,ec18ec84c93afde36d70cb559b13648fe558215bbbd484880253d227b910f034,320,240
train/plastic/plastic_train_original_033.jpg,train,plastic,1,original,plastic_film_or_bag,plastic/plastic_019,plastic/plastic_019.jpg,plastic_019,none,08ca09140859d8878a54e757ef27554eb7eb803c6efb41ea8e4f48cff67913f6,08ca09140859d8878a54e757ef27554eb7eb803c6efb41ea8e4f48cff67913f6,320,240
train/plastic/plastic_train_original_034.jpg,train,plastic,1,original,plastic_film_or_bag,plastic/plastic_020,plastic/plastic_020.jpg,plastic_020,none,c6f34ff06842eea0c5ba63a03ff1ba2659f272398359659671ba5cbc09200259,c6f34ff06842eea0c5ba63a03ff1ba2659f272398359659671ba5cbc09200259,320,240
validation/organic/organic_validation_original_001.jpg,validation,organic,2,original,lime,organic/029cbe89-92f1-4d66-a857-5dbc8be06200,organic/029cbe89-92f1-4d66-a857-5dbc8be06200.jpg,029cbe89-92f1-4d66-a857-5dbc8be06200,none,e565ca3707879767263d5c2f7bf4729e1b968fc956f192b80533c9a1cd41f9e2,e565ca3707879767263d5c2f7bf4729e1b968fc956f192b80533c9a1cd41f9e2,320,240
validation/organic/organic_validation_original_002.jpg,validation,organic,2,original,cucumber,organic/0fbc4754-ce81-4c56-94b7-bf4205ba1dfa,organic/0fbc4754-ce81-4c56-94b7-bf4205ba1dfa.jpg,0fbc4754-ce81-4c56-94b7-bf4205ba1dfa,none,d6b1c54c5560d6fe70445ccf89b0b3c5d715a957ccc4e954b67727901d0f8777,d6b1c54c5560d6fe70445ccf89b0b3c5d715a957ccc4e954b67727901d0f8777,320,240
validation/organic/organic_validation_original_003.jpg,validation,organic,2,original,lime,organic/174eb404-de45-41c8-926f-a0a3d817782b,organic/174eb404-de45-41c8-926f-a0a3d817782b.jpg,174eb404-de45-41c8-926f-a0a3d817782b,none,da664ebfd9b306fae3ca3de53487741c52fde8f0d61e4644c5a0e3a0698d5c77,da664ebfd9b306fae3ca3de53487741c52fde8f0d61e4644c5a0e3a0698d5c77,320,240
validation/organic/organic_validation_original_004.jpg,validation,organic,2,original,cucumber,organic/31bf9d4a-5c8e-4780-a75e-cf05090b8a6b,organic/31bf9d4a-5c8e-4780-a75e-cf05090b8a6b.jpg,31bf9d4a-5c8e-4780-a75e-cf05090b8a6b,none,c97463d8f9be8ef2415472216c8871d65595fe98bd6c6ae53ba2777c9d3aad5c,c97463d8f9be8ef2415472216c8871d65595fe98bd6c6ae53ba2777c9d3aad5c,320,240
validation/organic/organic_validation_original_005.jpg,validation,organic,2,original,lime,organic/58705416-20d3-4458-aa50-16977a209e9e,organic/58705416-20d3-4458-aa50-16977a209e9e.jpg,58705416-20d3-4458-aa50-16977a209e9e,none,3ac8da31f4752b6251c9fbd36c567a224862a6a9a859a8bf375a8ad58d0ec6e1,3ac8da31f4752b6251c9fbd36c567a224862a6a9a859a8bf375a8ad58d0ec6e1,320,240
validation/organic/organic_validation_original_006.jpg,validation,organic,2,original,cucumber,organic/8e258721-91b6-47c6-99ba-365d2224cdfd,organic/8e258721-91b6-47c6-99ba-365d2224cdfd.jpg,8e258721-91b6-47c6-99ba-365d2224cdfd,none,94ac975ad0c8def0a646712469924f4bfb864975dc0156b32688e44826a6c16d,94ac975ad0c8def0a646712469924f4bfb864975dc0156b32688e44826a6c16d,320,240
validation/paper/paper_validation_original_001.jpg,validation,paper,0,original,paper_crumpled_or_sheet,paper/01c454eb-99b9-4341-99cb-2bcb6ef2fdfc,paper/01c454eb-99b9-4341-99cb-2bcb6ef2fdfc.jpg,01c454eb-99b9-4341-99cb-2bcb6ef2fdfc,none,4b6b67bd4ec41ab3756352d506adece42201ab225fe0365ac7e26017c2dc4115,4b6b67bd4ec41ab3756352d506adece42201ab225fe0365ac7e26017c2dc4115,320,240
validation/paper/paper_validation_original_002.jpg,validation,paper,0,original,paper_cardboard_or_box,paper/0e5b3bdc-d170-48fc-b51b-e98eaa5a2948,paper/0e5b3bdc-d170-48fc-b51b-e98eaa5a2948.jpg,0e5b3bdc-d170-48fc-b51b-e98eaa5a2948,none,199378120e02281f20a3df9ad8edd7a481dbc5faafcbc6ec83895a9509b95aae,199378120e02281f20a3df9ad8edd7a481dbc5faafcbc6ec83895a9509b95aae,320,240
validation/paper/paper_validation_original_003.jpg,validation,paper,0,original,paper_cardboard_or_box,paper/1a9c1cdc-beaf-4a6a-b8bc-bc005188d77d,paper/1a9c1cdc-beaf-4a6a-b8bc-bc005188d77d.jpg,1a9c1cdc-beaf-4a6a-b8bc-bc005188d77d,none,d58a2f3a6e605500a353fc5bf1802d0251d8f8261303d3592851c2fd78c87322,d58a2f3a6e605500a353fc5bf1802d0251d8f8261303d3592851c2fd78c87322,320,240
validation/paper/paper_validation_original_004.jpg,validation,paper,0,original,paper_crumpled_or_sheet,paper/32d970c8-9856-4e05-b143-4b746724ec76,paper/32d970c8-9856-4e05-b143-4b746724ec76.jpg,32d970c8-9856-4e05-b143-4b746724ec76,none,9aaf5d9d24add6e3d06cc02f4c410333d995a09c4be661df5aa91b821ff73624,9aaf5d9d24add6e3d06cc02f4c410333d995a09c4be661df5aa91b821ff73624,320,240
validation/paper/paper_validation_original_005.jpg,validation,paper,0,original,paper_cardboard_or_box,paper/701719a3-bf67-44ce-a9a5-8bea9179ea36,paper/701719a3-bf67-44ce-a9a5-8bea9179ea36.jpg,701719a3-bf67-44ce-a9a5-8bea9179ea36,none,5360220e8ae5ec888cafc0085efb892001642523d0b02aaa35bf0bde02c3b3d3,5360220e8ae5ec888cafc0085efb892001642523d0b02aaa35bf0bde02c3b3d3,320,240
validation/paper/paper_validation_original_006.jpg,validation,paper,0,original,paper_crumpled_or_sheet,paper/83d1d81b-af4e-4edd-873c-899e3ff3a910,paper/83d1d81b-af4e-4edd-873c-899e3ff3a910.jpg,83d1d81b-af4e-4edd-873c-899e3ff3a910,none,9fe1f5214ca8af80b71ccfc4717a4f9b7554d0fb924d95fdb034cd011feab5fb,9fe1f5214ca8af80b71ccfc4717a4f9b7554d0fb924d95fdb034cd011feab5fb,320,240
validation/plastic/plastic_validation_original_001.jpg,validation,plastic,1,original,plastic_bottle,plastic/0e2388bc-635a-4704-aebf-ee34fe70a5d8,plastic/0e2388bc-635a-4704-aebf-ee34fe70a5d8.jpg,0e2388bc-635a-4704-aebf-ee34fe70a5d8,none,4906b4568d617faa7d97d79004d50c3e038f58e492b8c1b0f8836b2f860776f7,4906b4568d617faa7d97d79004d50c3e038f58e492b8c1b0f8836b2f860776f7,320,240
validation/plastic/plastic_validation_original_002.jpg,validation,plastic,1,original,plastic_bottle,plastic/2e185fae-4482-41ee-b8ea-d6a090dd32f7,plastic/2e185fae-4482-41ee-b8ea-d6a090dd32f7.jpg,2e185fae-4482-41ee-b8ea-d6a090dd32f7,none,edcd64d47d69f68d2718f934f93d3c0a859489855bc77c3aacfcda425a9f1051,edcd64d47d69f68d2718f934f93d3c0a859489855bc77c3aacfcda425a9f1051,320,240
validation/plastic/plastic_validation_original_003.jpg,validation,plastic,1,original,plastic_bottle,plastic/6a300772-f7c2-4905-a435-fbda86b5e7df,plastic/6a300772-f7c2-4905-a435-fbda86b5e7df.jpg,6a300772-f7c2-4905-a435-fbda86b5e7df,none,dbec3f1965b404ebc8760d35051051f9444269f00a3026b99f9f9849a11e3c68,dbec3f1965b404ebc8760d35051051f9444269f00a3026b99f9f9849a11e3c68,320,240
validation/plastic/plastic_validation_original_004.jpg,validation,plastic,1,original,plastic_film_or_bag,plastic/7f459649-2df5-4551-b2e5-8010e3e69531,plastic/7f459649-2df5-4551-b2e5-8010e3e69531.jpg,7f459649-2df5-4551-b2e5-8010e3e69531,none,926a2e61397ee622ff97cbf8c78591353626ee95ef6ac74900f0286764755757,926a2e61397ee622ff97cbf8c78591353626ee95ef6ac74900f0286764755757,320,240
validation/plastic/plastic_validation_original_005.jpg,validation,plastic,1,original,plastic_film_or_bag,plastic/9aacf7c8-789a-4f9e-ae6c-d60aaccc9f60,plastic/9aacf7c8-789a-4f9e-ae6c-d60aaccc9f60.jpg,9aacf7c8-789a-4f9e-ae6c-d60aaccc9f60,none,dda76e7c996631e1381d7d936d436a9b375bba2972ab651b97f08ad54c2b35dd,dda76e7c996631e1381d7d936d436a9b375bba2972ab651b97f08ad54c2b35dd,320,240
validation/plastic/plastic_validation_original_006.jpg,validation,plastic,1,original,plastic_bottle,plastic/be1a672c-873b-4117-b7af-daa4599b8390,plastic/be1a672c-873b-4117-b7af-daa4599b8390.jpg,be1a672c-873b-4117-b7af-daa4599b8390,none,12518badcdb61e3cbe99e5522d43096715607a1a519b5ef82ac301a1e468a25d,12518badcdb61e3cbe99e5522d43096715607a1a519b5ef82ac301a1e468a25d,320,240
test/organic/organic_test_original_001.jpg,test,organic,2,original,cucumber,organic/3de8f373-6b8e-4d8d-a302-543850723399,organic/3de8f373-6b8e-4d8d-a302-543850723399.jpg,3de8f373-6b8e-4d8d-a302-543850723399,none,b7bce763e64d510a37b524c8599e9d4faa185ff9c319b6fb38bea4bd6994d642,b7bce763e64d510a37b524c8599e9d4faa185ff9c319b6fb38bea4bd6994d642,320,240
test/organic/organic_test_original_002.jpg,test,organic,2,original,lime,organic/4afd3248-c9b2-4404-b523-f770c2598710,organic/4afd3248-c9b2-4404-b523-f770c2598710.jpg,4afd3248-c9b2-4404-b523-f770c2598710,none,003b48185cd763b1929b200a5831e6d4104dbc8db1934be1c01094c77c52d14d,003b48185cd763b1929b200a5831e6d4104dbc8db1934be1c01094c77c52d14d,320,240
test/organic/organic_test_original_003.jpg,test,organic,2,original,cucumber,organic/96fb9347-0c45-43b9-a6fd-cb017402a3fb,organic/96fb9347-0c45-43b9-a6fd-cb017402a3fb.jpg,96fb9347-0c45-43b9-a6fd-cb017402a3fb,none,0a68777b4fc1ab15198be26237efa3d1c419fc319acac79286238a0a0448d380,0a68777b4fc1ab15198be26237efa3d1c419fc319acac79286238a0a0448d380,320,240
test/organic/organic_test_original_004.jpg,test,organic,2,original,lime,organic/a4221828-f488-4c37-9bc1-174f092ebbc1,organic/a4221828-f488-4c37-9bc1-174f092ebbc1.jpg,a4221828-f488-4c37-9bc1-174f092ebbc1,none,55447fae962ad5bdc16974741eff42264e959941a6932c9d1acca22842431ed0,55447fae962ad5bdc16974741eff42264e959941a6932c9d1acca22842431ed0,320,240
test/organic/organic_test_original_005.jpg,test,organic,2,original,cucumber,organic/cc77529b-271c-4ef7-a047-fb9e8ddb9eb1,organic/cc77529b-271c-4ef7-a047-fb9e8ddb9eb1.jpg,cc77529b-271c-4ef7-a047-fb9e8ddb9eb1,none,2fead35444b7b2e11f87015070bc38634c7487c4ed0c889a8e1d1e65e096b0b3,2fead35444b7b2e11f87015070bc38634c7487c4ed0c889a8e1d1e65e096b0b3,320,240
test/organic/organic_test_original_006.jpg,test,organic,2,original,lime,organic/eb5adf75-d0f9-4eb3-8f87-18c391eacfaa,organic/eb5adf75-d0f9-4eb3-8f87-18c391eacfaa.jpg,eb5adf75-d0f9-4eb3-8f87-18c391eacfaa,none,6f8f0d3751f83f9bba32791c2b400f463bf949c82bfa4c1625f6627a3e536545,6f8f0d3751f83f9bba32791c2b400f463bf949c82bfa4c1625f6627a3e536545,320,240
test/paper/paper_test_original_001.jpg,test,paper,0,original,paper_crumpled_or_sheet,paper/073c6bbb-b467-4b12-b3c0-917e903ab36e,paper/073c6bbb-b467-4b12-b3c0-917e903ab36e.jpg,073c6bbb-b467-4b12-b3c0-917e903ab36e,none,a4da80d7ec6c6eb629add4b248339642da565c1dda863e5c349d3ee8ce8813e7,a4da80d7ec6c6eb629add4b248339642da565c1dda863e5c349d3ee8ce8813e7,320,240
test/paper/paper_test_original_002.jpg,test,paper,0,original,paper_cardboard_or_box,paper/0f733a16-8745-4c19-9904-f0b5c31b91fa,paper/0f733a16-8745-4c19-9904-f0b5c31b91fa.jpg,0f733a16-8745-4c19-9904-f0b5c31b91fa,none,faadbe8d3b8a4d27b839d47b9041bc080818add823964fbc61f0e2d03bb09a04,faadbe8d3b8a4d27b839d47b9041bc080818add823964fbc61f0e2d03bb09a04,320,240
test/paper/paper_test_original_003.jpg,test,paper,0,original,paper_crumpled_or_sheet,paper/1bec95d6-6a89-46a5-9314-b77b1f4575c5,paper/1bec95d6-6a89-46a5-9314-b77b1f4575c5.jpg,1bec95d6-6a89-46a5-9314-b77b1f4575c5,none,2b26f3ad9bff37dda53c664b9b50b693ff6929acfda491487d1106303f88ec65,2b26f3ad9bff37dda53c664b9b50b693ff6929acfda491487d1106303f88ec65,320,240
test/paper/paper_test_original_004.jpg,test,paper,0,original,paper_crumpled_or_sheet,paper/34707b0a-0f5d-4e02-b499-b5e28cfa7c29,paper/34707b0a-0f5d-4e02-b499-b5e28cfa7c29.jpg,34707b0a-0f5d-4e02-b499-b5e28cfa7c29,none,7591a63ceae4f274686de51eedd648b3e262dc642fc095a72f78eccbb658a66f,7591a63ceae4f274686de51eedd648b3e262dc642fc095a72f78eccbb658a66f,320,240
test/paper/paper_test_original_005.jpg,test,paper,0,original,paper_cardboard_or_box,paper/85dd1ad5-d54d-4ebf-95f1-bcb893d92e2d,paper/85dd1ad5-d54d-4ebf-95f1-bcb893d92e2d.jpg,85dd1ad5-d54d-4ebf-95f1-bcb893d92e2d,none,3e6325ba85d924945e04614d276e1ec2b5021874b86ac01952992a83268908af,3e6325ba85d924945e04614d276e1ec2b5021874b86ac01952992a83268908af,320,240
test/paper/paper_test_original_006.jpg,test,paper,0,original,paper_cardboard_or_box,paper/d6c607ff-e54d-4b58-9170-290051e6d6cf,paper/d6c607ff-e54d-4b58-9170-290051e6d6cf.jpg,d6c607ff-e54d-4b58-9170-290051e6d6cf,none,d9a7ee56dc377212ca95550ae3cb40244a96328e51af13a39c26606d75d6e01d,d9a7ee56dc377212ca95550ae3cb40244a96328e51af13a39c26606d75d6e01d,320,240
test/plastic/plastic_test_original_001.jpg,test,plastic,1,original,plastic_bottle,plastic/2d923f14-4cc7-4855-b05d-712c80001af2,plastic/2d923f14-4cc7-4855-b05d-712c80001af2.jpg,2d923f14-4cc7-4855-b05d-712c80001af2,none,7426a82f023ca0a70a589503c5eac1ce32b49938ac4b26f9e3fa447b18937b85,7426a82f023ca0a70a589503c5eac1ce32b49938ac4b26f9e3fa447b18937b85,320,240
test/plastic/plastic_test_original_002.jpg,test,plastic,1,original,plastic_bottle,plastic/5136d6c4-9577-4d3e-974a-5fe044dcc39b,plastic/5136d6c4-9577-4d3e-974a-5fe044dcc39b.jpg,5136d6c4-9577-4d3e-974a-5fe044dcc39b,none,353ee90cb66aa7b97de0135bbae303226e7574f6a359de2c7c38a48e39f8b33b,353ee90cb66aa7b97de0135bbae303226e7574f6a359de2c7c38a48e39f8b33b,320,240
test/plastic/plastic_test_original_003.jpg,test,plastic,1,original,plastic_bottle,plastic/940300ac-7bef-4874-9565-9ed7d0fdd807,plastic/940300ac-7bef-4874-9565-9ed7d0fdd807.jpg,940300ac-7bef-4874-9565-9ed7d0fdd807,none,040e13854b7a31804f22b0c71c9a522daf7095958b9b23563ba1878bc854c148,040e13854b7a31804f22b0c71c9a522daf7095958b9b23563ba1878bc854c148,320,240
test/plastic/plastic_test_original_004.jpg,test,plastic,1,original,plastic_film_or_bag,plastic/a6cbcabd-830a-4a57-aa0c-8e617d83193d,plastic/a6cbcabd-830a-4a57-aa0c-8e617d83193d.jpg,a6cbcabd-830a-4a57-aa0c-8e617d83193d,none,85ca5a64a18c53165d10ae568c79c008ccc5b2e73b2855616b6c0b416fd465d3,85ca5a64a18c53165d10ae568c79c008ccc5b2e73b2855616b6c0b416fd465d3,320,240
test/plastic/plastic_test_original_005.jpg,test,plastic,1,original,plastic_bottle,plastic/d4ffff31-b85c-4a2f-9684-8fb528456543,plastic/d4ffff31-b85c-4a2f-9684-8fb528456543.jpg,d4ffff31-b85c-4a2f-9684-8fb528456543,none,86b1d7a1000e482651d02fc118e9e390f58e3e3002c80d95e938f490b9af8af9,86b1d7a1000e482651d02fc118e9e390f58e3e3002c80d95e938f490b9af8af9,320,240
test/plastic/plastic_test_original_006.jpg,test,plastic,1,original,plastic_film_or_bag,plastic/ea832acc-9f32-4d48-9ad1-a9ad25667819,plastic/ea832acc-9f32-4d48-9ad1-a9ad25667819.jpg,ea832acc-9f32-4d48-9ad1-a9ad25667819,none,af74740deaeeb17a8c9a7449fe163b400494405f25d4ae695843cfa78dfbe350,af74740deaeeb17a8c9a7449fe163b400494405f25d4ae695843cfa78dfbe350,320,240
