prepared_relative_path,prepared_split,label,kind,source_relative_path,original_relative_path
train/paper/paper_003.jpg,train,paper,original,train/paper/paper_003.jpg,train/paper/paper_003.jpg
train/paper/paper_003__aug_v2_01.jpg,train,paper,augmentation,train/paper/paper_003__aug_v2_01.jpg,train/paper/paper_003.jpg
train/paper/paper_003__aug_v2_02.jpg,train,paper,augmentation,train/paper/paper_003__aug_v2_02.jpg,train/paper/paper_003.jpg
train/paper/paper_003__aug_v2_03.jpg,train,paper,augmentation,train/paper/paper_003__aug_v2_03.jpg,train/paper/paper_003.jpg
train/paper/paper_003__aug_v2_04.jpg,train,paper,augmentation,train/paper/paper_003__aug_v2_04.jpg,train/paper/paper_003.jpg
train/paper/paper_003__aug_v2_05.jpg,train,paper,augmentation,train/paper/paper_003__aug_v2_05.jpg,train/paper/paper_003.jpg
train/paper/paper_003__aug_v2_06.jpg,train,paper,augmentation,train/paper/paper_003__aug_v2_06.jpg,train/paper/paper_003.jpg
train/paper/paper_003__aug_v2_07.jpg,train,paper,augmentation,train/paper/paper_003__aug_v2_07.jpg,train/paper/paper_003.jpg
train/paper/paper_003__aug_v2_08.jpg,train,paper,augmentation,train/paper/paper_003__aug_v2_08.jpg,train/paper/paper_003.jpg
train/paper/paper_003__aug_v2_09.jpg,train,paper,augmentation,train/paper/paper_003__aug_v2_09.jpg,train/paper/paper_003.jpg
train/paper/paper_005.jpg,train,paper,original,train/paper/paper_005.jpg,train/paper/paper_005.jpg
train/paper/paper_005__aug_v2_01.jpg,train,paper,augmentation,train/paper/paper_005__aug_v2_01.jpg,train/paper/paper_005.jpg
train/paper/paper_005__aug_v2_02.jpg,train,paper,augmentation,train/paper/paper_005__aug_v2_02.jpg,train/paper/paper_005.jpg
train/paper/paper_005__aug_v2_03.jpg,train,paper,augmentation,train/paper/paper_005__aug_v2_03.jpg,train/paper/paper_005.jpg
train/paper/paper_005__aug_v2_04.jpg,train,paper,augmentation,train/paper/paper_005__aug_v2_04.jpg,train/paper/paper_005.jpg
train/paper/paper_005__aug_v2_05.jpg,train,paper,augmentation,train/paper/paper_005__aug_v2_05.jpg,train/paper/paper_005.jpg
train/paper/paper_005__aug_v2_06.jpg,train,paper,augmentation,train/paper/paper_005__aug_v2_06.jpg,train/paper/paper_005.jpg
train/paper/paper_005__aug_v2_07.jpg,train,paper,augmentation,train/paper/paper_005__aug_v2_07.jpg,train/paper/paper_005.jpg
train/paper/paper_005__aug_v2_08.jpg,train,paper,augmentation,train/paper/paper_005__aug_v2_08.jpg,train/paper/paper_005.jpg
train/paper/paper_005__aug_v2_09.jpg,train,paper,augmentation,train/paper/paper_005__aug_v2_09.jpg,train/paper/paper_005.jpg
train/paper/paper_006.jpg,train,paper,original,train/paper/paper_006.jpg,train/paper/paper_006.jpg
train/paper/paper_006__aug_v2_01.jpg,train,paper,augmentation,train/paper/paper_006__aug_v2_01.jpg,train/paper/paper_006.jpg
train/paper/paper_006__aug_v2_02.jpg,train,paper,augmentation,train/paper/paper_006__aug_v2_02.jpg,train/paper/paper_006.jpg
train/paper/paper_006__aug_v2_03.jpg,train,paper,augmentation,train/paper/paper_006__aug_v2_03.jpg,train/paper/paper_006.jpg
train/paper/paper_006__aug_v2_04.jpg,train,paper,augmentation,train/paper/paper_006__aug_v2_04.jpg,train/paper/paper_006.jpg
train/paper/paper_006__aug_v2_05.jpg,train,paper,augmentation,train/paper/paper_006__aug_v2_05.jpg,train/paper/paper_006.jpg
train/paper/paper_006__aug_v2_06.jpg,train,paper,augmentation,train/paper/paper_006__aug_v2_06.jpg,train/paper/paper_006.jpg
train/paper/paper_006__aug_v2_07.jpg,train,paper,augmentation,train/paper/paper_006__aug_v2_07.jpg,train/paper/paper_006.jpg
train/paper/paper_006__aug_v2_08.jpg,train,paper,augmentation,train/paper/paper_006__aug_v2_08.jpg,train/paper/paper_006.jpg
train/paper/paper_006__aug_v2_09.jpg,train,paper,augmentation,train/paper/paper_006__aug_v2_09.jpg,train/paper/paper_006.jpg
train/paper/paper_007.jpg,train,paper,original,train/paper/paper_007.jpg,train/paper/paper_007.jpg
train/paper/paper_007__aug_v2_01.jpg,train,paper,augmentation,train/paper/paper_007__aug_v2_01.jpg,train/paper/paper_007.jpg
train/paper/paper_007__aug_v2_02.jpg,train,paper,augmentation,train/paper/paper_007__aug_v2_02.jpg,train/paper/paper_007.jpg
train/paper/paper_007__aug_v2_03.jpg,train,paper,augmentation,train/paper/paper_007__aug_v2_03.jpg,train/paper/paper_007.jpg
train/paper/paper_007__aug_v2_04.jpg,train,paper,augmentation,train/paper/paper_007__aug_v2_04.jpg,train/paper/paper_007.jpg
train/paper/paper_007__aug_v2_05.jpg,train,paper,augmentation,train/paper/paper_007__aug_v2_05.jpg,train/paper/paper_007.jpg
train/paper/paper_007__aug_v2_06.jpg,train,paper,augmentation,train/paper/paper_007__aug_v2_06.jpg,train/paper/paper_007.jpg
train/paper/paper_007__aug_v2_07.jpg,train,paper,augmentation,train/paper/paper_007__aug_v2_07.jpg,train/paper/paper_007.jpg
train/paper/paper_007__aug_v2_08.jpg,train,paper,augmentation,train/paper/paper_007__aug_v2_08.jpg,train/paper/paper_007.jpg
train/paper/paper_007__aug_v2_09.jpg,train,paper,augmentation,train/paper/paper_007__aug_v2_09.jpg,train/paper/paper_007.jpg
train/paper/paper_008.jpg,train,paper,original,train/paper/paper_008.jpg,train/paper/paper_008.jpg
train/paper/paper_008__aug_v2_01.jpg,train,paper,augmentation,train/paper/paper_008__aug_v2_01.jpg,train/paper/paper_008.jpg
train/paper/paper_008__aug_v2_02.jpg,train,paper,augmentation,train/paper/paper_008__aug_v2_02.jpg,train/paper/paper_008.jpg
train/paper/paper_008__aug_v2_03.jpg,train,paper,augmentation,train/paper/paper_008__aug_v2_03.jpg,train/paper/paper_008.jpg
train/paper/paper_008__aug_v2_04.jpg,train,paper,augmentation,train/paper/paper_008__aug_v2_04.jpg,train/paper/paper_008.jpg
train/paper/paper_008__aug_v2_05.jpg,train,paper,augmentation,train/paper/paper_008__aug_v2_05.jpg,train/paper/paper_008.jpg
train/paper/paper_008__aug_v2_06.jpg,train,paper,augmentation,train/paper/paper_008__aug_v2_06.jpg,train/paper/paper_008.jpg
train/paper/paper_008__aug_v2_07.jpg,train,paper,augmentation,train/paper/paper_008__aug_v2_07.jpg,train/paper/paper_008.jpg
train/paper/paper_008__aug_v2_08.jpg,train,paper,augmentation,train/paper/paper_008__aug_v2_08.jpg,train/paper/paper_008.jpg
train/paper/paper_008__aug_v2_09.jpg,train,paper,augmentation,train/paper/paper_008__aug_v2_09.jpg,train/paper/paper_008.jpg
train/paper/paper_009.jpg,train,paper,original,train/paper/paper_009.jpg,train/paper/paper_009.jpg
train/paper/paper_009__aug_v2_01.jpg,train,paper,augmentation,train/paper/paper_009__aug_v2_01.jpg,train/paper/paper_009.jpg
train/paper/paper_009__aug_v2_02.jpg,train,paper,augmentation,train/paper/paper_009__aug_v2_02.jpg,train/paper/paper_009.jpg
train/paper/paper_009__aug_v2_03.jpg,train,paper,augmentation,train/paper/paper_009__aug_v2_03.jpg,train/paper/paper_009.jpg
train/paper/paper_009__aug_v2_04.jpg,train,paper,augmentation,train/paper/paper_009__aug_v2_04.jpg,train/paper/paper_009.jpg
train/paper/paper_009__aug_v2_05.jpg,train,paper,augmentation,train/paper/paper_009__aug_v2_05.jpg,train/paper/paper_009.jpg
train/paper/paper_009__aug_v2_06.jpg,train,paper,augmentation,train/paper/paper_009__aug_v2_06.jpg,train/paper/paper_009.jpg
train/paper/paper_009__aug_v2_07.jpg,train,paper,augmentation,train/paper/paper_009__aug_v2_07.jpg,train/paper/paper_009.jpg
train/paper/paper_009__aug_v2_08.jpg,train,paper,augmentation,train/paper/paper_009__aug_v2_08.jpg,train/paper/paper_009.jpg
train/paper/paper_009__aug_v2_09.jpg,train,paper,augmentation,train/paper/paper_009__aug_v2_09.jpg,train/paper/paper_009.jpg
train/paper/paper_010.jpg,train,paper,original,train/paper/paper_010.jpg,train/paper/paper_010.jpg
train/paper/paper_010__aug_v2_01.jpg,train,paper,augmentation,train/paper/paper_010__aug_v2_01.jpg,train/paper/paper_010.jpg
train/paper/paper_010__aug_v2_02.jpg,train,paper,augmentation,train/paper/paper_010__aug_v2_02.jpg,train/paper/paper_010.jpg
train/paper/paper_010__aug_v2_03.jpg,train,paper,augmentation,train/paper/paper_010__aug_v2_03.jpg,train/paper/paper_010.jpg
train/paper/paper_010__aug_v2_04.jpg,train,paper,augmentation,train/paper/paper_010__aug_v2_04.jpg,train/paper/paper_010.jpg
train/paper/paper_010__aug_v2_05.jpg,train,paper,augmentation,train/paper/paper_010__aug_v2_05.jpg,train/paper/paper_010.jpg
train/paper/paper_010__aug_v2_06.jpg,train,paper,augmentation,train/paper/paper_010__aug_v2_06.jpg,train/paper/paper_010.jpg
train/paper/paper_010__aug_v2_07.jpg,train,paper,augmentation,train/paper/paper_010__aug_v2_07.jpg,train/paper/paper_010.jpg
train/paper/paper_010__aug_v2_08.jpg,train,paper,augmentation,train/paper/paper_010__aug_v2_08.jpg,train/paper/paper_010.jpg
train/paper/paper_010__aug_v2_09.jpg,train,paper,augmentation,train/paper/paper_010__aug_v2_09.jpg,train/paper/paper_010.jpg
train/paper/paper_011.jpg,train,paper,original,train/paper/paper_011.jpg,train/paper/paper_011.jpg
train/paper/paper_011__aug_v2_01.jpg,train,paper,augmentation,train/paper/paper_011__aug_v2_01.jpg,train/paper/paper_011.jpg
train/paper/paper_011__aug_v2_02.jpg,train,paper,augmentation,train/paper/paper_011__aug_v2_02.jpg,train/paper/paper_011.jpg
train/paper/paper_011__aug_v2_03.jpg,train,paper,augmentation,train/paper/paper_011__aug_v2_03.jpg,train/paper/paper_011.jpg
train/paper/paper_011__aug_v2_04.jpg,train,paper,augmentation,train/paper/paper_011__aug_v2_04.jpg,train/paper/paper_011.jpg
train/paper/paper_011__aug_v2_05.jpg,train,paper,augmentation,train/paper/paper_011__aug_v2_05.jpg,train/paper/paper_011.jpg
train/paper/paper_011__aug_v2_06.jpg,train,paper,augmentation,train/paper/paper_011__aug_v2_06.jpg,train/paper/paper_011.jpg
train/paper/paper_011__aug_v2_07.jpg,train,paper,augmentation,train/paper/paper_011__aug_v2_07.jpg,train/paper/paper_011.jpg
train/paper/paper_011__aug_v2_08.jpg,train,paper,augmentation,train/paper/paper_011__aug_v2_08.jpg,train/paper/paper_011.jpg
train/paper/paper_011__aug_v2_09.jpg,train,paper,augmentation,train/paper/paper_011__aug_v2_09.jpg,train/paper/paper_011.jpg
train/paper/paper_012.jpg,train,paper,original,train/paper/paper_012.jpg,train/paper/paper_012.jpg
train/paper/paper_012__aug_v2_01.jpg,train,paper,augmentation,train/paper/paper_012__aug_v2_01.jpg,train/paper/paper_012.jpg
train/paper/paper_012__aug_v2_02.jpg,train,paper,augmentation,train/paper/paper_012__aug_v2_02.jpg,train/paper/paper_012.jpg
train/paper/paper_012__aug_v2_03.jpg,train,paper,augmentation,train/paper/paper_012__aug_v2_03.jpg,train/paper/paper_012.jpg
train/paper/paper_012__aug_v2_04.jpg,train,paper,augmentation,train/paper/paper_012__aug_v2_04.jpg,train/paper/paper_012.jpg
train/paper/paper_012__aug_v2_05.jpg,train,paper,augmentation,train/paper/paper_012__aug_v2_05.jpg,train/paper/paper_012.jpg
train/paper/paper_012__aug_v2_06.jpg,train,paper,augmentation,train/paper/paper_012__aug_v2_06.jpg,train/paper/paper_012.jpg
train/paper/paper_012__aug_v2_07.jpg,train,paper,augmentation,train/paper/paper_012__aug_v2_07.jpg,train/paper/paper_012.jpg
train/paper/paper_012__aug_v2_08.jpg,train,paper,augmentation,train/paper/paper_012__aug_v2_08.jpg,train/paper/paper_012.jpg
train/paper/paper_012__aug_v2_09.jpg,train,paper,augmentation,train/paper/paper_012__aug_v2_09.jpg,train/paper/paper_012.jpg
train/paper/paper_015.jpg,train,paper,original,train/paper/paper_015.jpg,train/paper/paper_015.jpg
train/paper/paper_015__aug_v2_01.jpg,train,paper,augmentation,train/paper/paper_015__aug_v2_01.jpg,train/paper/paper_015.jpg
train/paper/paper_015__aug_v2_02.jpg,train,paper,augmentation,train/paper/paper_015__aug_v2_02.jpg,train/paper/paper_015.jpg
train/paper/paper_015__aug_v2_03.jpg,train,paper,augmentation,train/paper/paper_015__aug_v2_03.jpg,train/paper/paper_015.jpg
train/paper/paper_015__aug_v2_04.jpg,train,paper,augmentation,train/paper/paper_015__aug_v2_04.jpg,train/paper/paper_015.jpg
train/paper/paper_015__aug_v2_05.jpg,train,paper,augmentation,train/paper/paper_015__aug_v2_05.jpg,train/paper/paper_015.jpg
train/paper/paper_015__aug_v2_06.jpg,train,paper,augmentation,train/paper/paper_015__aug_v2_06.jpg,train/paper/paper_015.jpg
train/paper/paper_015__aug_v2_07.jpg,train,paper,augmentation,train/paper/paper_015__aug_v2_07.jpg,train/paper/paper_015.jpg
train/paper/paper_015__aug_v2_08.jpg,train,paper,augmentation,train/paper/paper_015__aug_v2_08.jpg,train/paper/paper_015.jpg
train/paper/paper_015__aug_v2_09.jpg,train,paper,augmentation,train/paper/paper_015__aug_v2_09.jpg,train/paper/paper_015.jpg
train/paper/paper_017.jpg,train,paper,original,train/paper/paper_017.jpg,train/paper/paper_017.jpg
train/paper/paper_017__aug_v2_01.jpg,train,paper,augmentation,train/paper/paper_017__aug_v2_01.jpg,train/paper/paper_017.jpg
train/paper/paper_017__aug_v2_02.jpg,train,paper,augmentation,train/paper/paper_017__aug_v2_02.jpg,train/paper/paper_017.jpg
train/paper/paper_017__aug_v2_03.jpg,train,paper,augmentation,train/paper/paper_017__aug_v2_03.jpg,train/paper/paper_017.jpg
train/paper/paper_017__aug_v2_04.jpg,train,paper,augmentation,train/paper/paper_017__aug_v2_04.jpg,train/paper/paper_017.jpg
train/paper/paper_017__aug_v2_05.jpg,train,paper,augmentation,train/paper/paper_017__aug_v2_05.jpg,train/paper/paper_017.jpg
train/paper/paper_017__aug_v2_06.jpg,train,paper,augmentation,train/paper/paper_017__aug_v2_06.jpg,train/paper/paper_017.jpg
train/paper/paper_017__aug_v2_07.jpg,train,paper,augmentation,train/paper/paper_017__aug_v2_07.jpg,train/paper/paper_017.jpg
train/paper/paper_017__aug_v2_08.jpg,train,paper,augmentation,train/paper/paper_017__aug_v2_08.jpg,train/paper/paper_017.jpg
train/paper/paper_017__aug_v2_09.jpg,train,paper,augmentation,train/paper/paper_017__aug_v2_09.jpg,train/paper/paper_017.jpg
train/paper/paper_018.jpg,train,paper,original,train/paper/paper_018.jpg,train/paper/paper_018.jpg
train/paper/paper_018__aug_v2_01.jpg,train,paper,augmentation,train/paper/paper_018__aug_v2_01.jpg,train/paper/paper_018.jpg
train/paper/paper_018__aug_v2_02.jpg,train,paper,augmentation,train/paper/paper_018__aug_v2_02.jpg,train/paper/paper_018.jpg
train/paper/paper_018__aug_v2_03.jpg,train,paper,augmentation,train/paper/paper_018__aug_v2_03.jpg,train/paper/paper_018.jpg
train/paper/paper_018__aug_v2_04.jpg,train,paper,augmentation,train/paper/paper_018__aug_v2_04.jpg,train/paper/paper_018.jpg
train/paper/paper_018__aug_v2_05.jpg,train,paper,augmentation,train/paper/paper_018__aug_v2_05.jpg,train/paper/paper_018.jpg
train/paper/paper_018__aug_v2_06.jpg,train,paper,augmentation,train/paper/paper_018__aug_v2_06.jpg,train/paper/paper_018.jpg
train/paper/paper_018__aug_v2_07.jpg,train,paper,augmentation,train/paper/paper_018__aug_v2_07.jpg,train/paper/paper_018.jpg
train/paper/paper_018__aug_v2_08.jpg,train,paper,augmentation,train/paper/paper_018__aug_v2_08.jpg,train/paper/paper_018.jpg
train/paper/paper_018__aug_v2_09.jpg,train,paper,augmentation,train/paper/paper_018__aug_v2_09.jpg,train/paper/paper_018.jpg
train/paper/paper_019.jpg,train,paper,original,train/paper/paper_019.jpg,train/paper/paper_019.jpg
train/paper/paper_019__aug_v2_01.jpg,train,paper,augmentation,train/paper/paper_019__aug_v2_01.jpg,train/paper/paper_019.jpg
train/paper/paper_019__aug_v2_02.jpg,train,paper,augmentation,train/paper/paper_019__aug_v2_02.jpg,train/paper/paper_019.jpg
train/paper/paper_019__aug_v2_03.jpg,train,paper,augmentation,train/paper/paper_019__aug_v2_03.jpg,train/paper/paper_019.jpg
train/paper/paper_019__aug_v2_04.jpg,train,paper,augmentation,train/paper/paper_019__aug_v2_04.jpg,train/paper/paper_019.jpg
train/paper/paper_019__aug_v2_05.jpg,train,paper,augmentation,train/paper/paper_019__aug_v2_05.jpg,train/paper/paper_019.jpg
train/paper/paper_019__aug_v2_06.jpg,train,paper,augmentation,train/paper/paper_019__aug_v2_06.jpg,train/paper/paper_019.jpg
train/paper/paper_019__aug_v2_07.jpg,train,paper,augmentation,train/paper/paper_019__aug_v2_07.jpg,train/paper/paper_019.jpg
train/paper/paper_019__aug_v2_08.jpg,train,paper,augmentation,train/paper/paper_019__aug_v2_08.jpg,train/paper/paper_019.jpg
train/paper/paper_019__aug_v2_09.jpg,train,paper,augmentation,train/paper/paper_019__aug_v2_09.jpg,train/paper/paper_019.jpg
train/paper/paper_021.jpg,train,paper,original,train/paper/paper_021.jpg,train/paper/paper_021.jpg
train/paper/paper_021__aug_v2_01.jpg,train,paper,augmentation,train/paper/paper_021__aug_v2_01.jpg,train/paper/paper_021.jpg
train/paper/paper_021__aug_v2_02.jpg,train,paper,augmentation,train/paper/paper_021__aug_v2_02.jpg,train/paper/paper_021.jpg
train/paper/paper_021__aug_v2_03.jpg,train,paper,augmentation,train/paper/paper_021__aug_v2_03.jpg,train/paper/paper_021.jpg
train/paper/paper_021__aug_v2_04.jpg,train,paper,augmentation,train/paper/paper_021__aug_v2_04.jpg,train/paper/paper_021.jpg
train/paper/paper_021__aug_v2_05.jpg,train,paper,augmentation,train/paper/paper_021__aug_v2_05.jpg,train/paper/paper_021.jpg
train/paper/paper_021__aug_v2_06.jpg,train,paper,augmentation,train/paper/paper_021__aug_v2_06.jpg,train/paper/paper_021.jpg
train/paper/paper_021__aug_v2_07.jpg,train,paper,augmentation,train/paper/paper_021__aug_v2_07.jpg,train/paper/paper_021.jpg
train/paper/paper_021__aug_v2_08.jpg,train,paper,augmentation,train/paper/paper_021__aug_v2_08.jpg,train/paper/paper_021.jpg
train/paper/paper_021__aug_v2_09.jpg,train,paper,augmentation,train/paper/paper_021__aug_v2_09.jpg,train/paper/paper_021.jpg
train/paper/paper_023.jpg,train,paper,original,train/paper/paper_023.jpg,train/paper/paper_023.jpg
train/paper/paper_023__aug_v2_01.jpg,train,paper,augmentation,train/paper/paper_023__aug_v2_01.jpg,train/paper/paper_023.jpg
train/paper/paper_023__aug_v2_02.jpg,train,paper,augmentation,train/paper/paper_023__aug_v2_02.jpg,train/paper/paper_023.jpg
train/paper/paper_023__aug_v2_03.jpg,train,paper,augmentation,train/paper/paper_023__aug_v2_03.jpg,train/paper/paper_023.jpg
train/paper/paper_023__aug_v2_04.jpg,train,paper,augmentation,train/paper/paper_023__aug_v2_04.jpg,train/paper/paper_023.jpg
train/paper/paper_023__aug_v2_05.jpg,train,paper,augmentation,train/paper/paper_023__aug_v2_05.jpg,train/paper/paper_023.jpg
train/paper/paper_023__aug_v2_06.jpg,train,paper,augmentation,train/paper/paper_023__aug_v2_06.jpg,train/paper/paper_023.jpg
train/paper/paper_023__aug_v2_07.jpg,train,paper,augmentation,train/paper/paper_023__aug_v2_07.jpg,train/paper/paper_023.jpg
train/paper/paper_023__aug_v2_08.jpg,train,paper,augmentation,train/paper/paper_023__aug_v2_08.jpg,train/paper/paper_023.jpg
train/paper/paper_023__aug_v2_09.jpg,train,paper,augmentation,train/paper/paper_023__aug_v2_09.jpg,train/paper/paper_023.jpg
train/paper/paper_024.jpg,train,paper,original,train/paper/paper_024.jpg,train/paper/paper_024.jpg
train/paper/paper_024__aug_v2_01.jpg,train,paper,augmentation,train/paper/paper_024__aug_v2_01.jpg,train/paper/paper_024.jpg
train/paper/paper_024__aug_v2_02.jpg,train,paper,augmentation,train/paper/paper_024__aug_v2_02.jpg,train/paper/paper_024.jpg
train/paper/paper_024__aug_v2_03.jpg,train,paper,augmentation,train/paper/paper_024__aug_v2_03.jpg,train/paper/paper_024.jpg
train/paper/paper_024__aug_v2_04.jpg,train,paper,augmentation,train/paper/paper_024__aug_v2_04.jpg,train/paper/paper_024.jpg
train/paper/paper_024__aug_v2_05.jpg,train,paper,augmentation,train/paper/paper_024__aug_v2_05.jpg,train/paper/paper_024.jpg
train/paper/paper_024__aug_v2_06.jpg,train,paper,augmentation,train/paper/paper_024__aug_v2_06.jpg,train/paper/paper_024.jpg
train/paper/paper_024__aug_v2_07.jpg,train,paper,augmentation,train/paper/paper_024__aug_v2_07.jpg,train/paper/paper_024.jpg
train/paper/paper_024__aug_v2_08.jpg,train,paper,augmentation,train/paper/paper_024__aug_v2_08.jpg,train/paper/paper_024.jpg
train/paper/paper_024__aug_v2_09.jpg,train,paper,augmentation,train/paper/paper_024__aug_v2_09.jpg,train/paper/paper_024.jpg
train/paper/paper_027.jpg,train,paper,original,train/paper/paper_027.jpg,train/paper/paper_027.jpg
train/paper/paper_027__aug_v2_01.jpg,train,paper,augmentation,train/paper/paper_027__aug_v2_01.jpg,train/paper/paper_027.jpg
train/paper/paper_027__aug_v2_02.jpg,train,paper,augmentation,train/paper/paper_027__aug_v2_02.jpg,train/paper/paper_027.jpg
train/paper/paper_027__aug_v2_03.jpg,train,paper,augmentation,train/paper/paper_027__aug_v2_03.jpg,train/paper/paper_027.jpg
train/paper/paper_027__aug_v2_04.jpg,train,paper,augmentation,train/paper/paper_027__aug_v2_04.jpg,train/paper/paper_027.jpg
train/paper/paper_027__aug_v2_05.jpg,train,paper,augmentation,train/paper/paper_027__aug_v2_05.jpg,train/paper/paper_027.jpg
train/paper/paper_027__aug_v2_06.jpg,train,paper,augmentation,train/paper/paper_027__aug_v2_06.jpg,train/paper/paper_027.jpg
train/paper/paper_027__aug_v2_07.jpg,train,paper,augmentation,train/paper/paper_027__aug_v2_07.jpg,train/paper/paper_027.jpg
train/paper/paper_027__aug_v2_08.jpg,train,paper,augmentation,train/paper/paper_027__aug_v2_08.jpg,train/paper/paper_027.jpg
train/paper/paper_027__aug_v2_09.jpg,train,paper,augmentation,train/paper/paper_027__aug_v2_09.jpg,train/paper/paper_027.jpg
train/paper/paper_028.jpg,train,paper,original,train/paper/paper_028.jpg,train/paper/paper_028.jpg
train/paper/paper_028__aug_v2_01.jpg,train,paper,augmentation,train/paper/paper_028__aug_v2_01.jpg,train/paper/paper_028.jpg
train/paper/paper_028__aug_v2_02.jpg,train,paper,augmentation,train/paper/paper_028__aug_v2_02.jpg,train/paper/paper_028.jpg
train/paper/paper_028__aug_v2_03.jpg,train,paper,augmentation,train/paper/paper_028__aug_v2_03.jpg,train/paper/paper_028.jpg
train/paper/paper_028__aug_v2_04.jpg,train,paper,augmentation,train/paper/paper_028__aug_v2_04.jpg,train/paper/paper_028.jpg
train/paper/paper_028__aug_v2_05.jpg,train,paper,augmentation,train/paper/paper_028__aug_v2_05.jpg,train/paper/paper_028.jpg
train/paper/paper_028__aug_v2_06.jpg,train,paper,augmentation,train/paper/paper_028__aug_v2_06.jpg,train/paper/paper_028.jpg
train/paper/paper_028__aug_v2_07.jpg,train,paper,augmentation,train/paper/paper_028__aug_v2_07.jpg,train/paper/paper_028.jpg
train/paper/paper_028__aug_v2_08.jpg,train,paper,augmentation,train/paper/paper_028__aug_v2_08.jpg,train/paper/paper_028.jpg
train/paper/paper_028__aug_v2_09.jpg,train,paper,augmentation,train/paper/paper_028__aug_v2_09.jpg,train/paper/paper_028.jpg
train/paper/paper_030.jpg,train,paper,original,train/paper/paper_030.jpg,train/paper/paper_030.jpg
train/paper/paper_030__aug_v2_01.jpg,train,paper,augmentation,train/paper/paper_030__aug_v2_01.jpg,train/paper/paper_030.jpg
train/paper/paper_030__aug_v2_02.jpg,train,paper,augmentation,train/paper/paper_030__aug_v2_02.jpg,train/paper/paper_030.jpg
train/paper/paper_030__aug_v2_03.jpg,train,paper,augmentation,train/paper/paper_030__aug_v2_03.jpg,train/paper/paper_030.jpg
train/paper/paper_030__aug_v2_04.jpg,train,paper,augmentation,train/paper/paper_030__aug_v2_04.jpg,train/paper/paper_030.jpg
train/paper/paper_030__aug_v2_05.jpg,train,paper,augmentation,train/paper/paper_030__aug_v2_05.jpg,train/paper/paper_030.jpg
train/paper/paper_030__aug_v2_06.jpg,train,paper,augmentation,train/paper/paper_030__aug_v2_06.jpg,train/paper/paper_030.jpg
train/paper/paper_030__aug_v2_07.jpg,train,paper,augmentation,train/paper/paper_030__aug_v2_07.jpg,train/paper/paper_030.jpg
train/paper/paper_030__aug_v2_08.jpg,train,paper,augmentation,train/paper/paper_030__aug_v2_08.jpg,train/paper/paper_030.jpg
train/paper/paper_030__aug_v2_09.jpg,train,paper,augmentation,train/paper/paper_030__aug_v2_09.jpg,train/paper/paper_030.jpg
train/paper/paper_031.jpg,train,paper,original,train/paper/paper_031.jpg,train/paper/paper_031.jpg
train/paper/paper_031__aug_v2_01.jpg,train,paper,augmentation,train/paper/paper_031__aug_v2_01.jpg,train/paper/paper_031.jpg
train/paper/paper_031__aug_v2_02.jpg,train,paper,augmentation,train/paper/paper_031__aug_v2_02.jpg,train/paper/paper_031.jpg
train/paper/paper_031__aug_v2_03.jpg,train,paper,augmentation,train/paper/paper_031__aug_v2_03.jpg,train/paper/paper_031.jpg
train/paper/paper_031__aug_v2_04.jpg,train,paper,augmentation,train/paper/paper_031__aug_v2_04.jpg,train/paper/paper_031.jpg
train/paper/paper_031__aug_v2_05.jpg,train,paper,augmentation,train/paper/paper_031__aug_v2_05.jpg,train/paper/paper_031.jpg
train/paper/paper_031__aug_v2_06.jpg,train,paper,augmentation,train/paper/paper_031__aug_v2_06.jpg,train/paper/paper_031.jpg
train/paper/paper_031__aug_v2_07.jpg,train,paper,augmentation,train/paper/paper_031__aug_v2_07.jpg,train/paper/paper_031.jpg
train/paper/paper_031__aug_v2_08.jpg,train,paper,augmentation,train/paper/paper_031__aug_v2_08.jpg,train/paper/paper_031.jpg
train/paper/paper_031__aug_v2_09.jpg,train,paper,augmentation,train/paper/paper_031__aug_v2_09.jpg,train/paper/paper_031.jpg
train/paper/paper_032.jpg,train,paper,original,train/paper/paper_032.jpg,train/paper/paper_032.jpg
train/paper/paper_032__aug_v2_01.jpg,train,paper,augmentation,train/paper/paper_032__aug_v2_01.jpg,train/paper/paper_032.jpg
train/paper/paper_032__aug_v2_02.jpg,train,paper,augmentation,train/paper/paper_032__aug_v2_02.jpg,train/paper/paper_032.jpg
train/paper/paper_032__aug_v2_03.jpg,train,paper,augmentation,train/paper/paper_032__aug_v2_03.jpg,train/paper/paper_032.jpg
train/paper/paper_032__aug_v2_04.jpg,train,paper,augmentation,train/paper/paper_032__aug_v2_04.jpg,train/paper/paper_032.jpg
train/paper/paper_032__aug_v2_05.jpg,train,paper,augmentation,train/paper/paper_032__aug_v2_05.jpg,train/paper/paper_032.jpg
train/paper/paper_032__aug_v2_06.jpg,train,paper,augmentation,train/paper/paper_032__aug_v2_06.jpg,train/paper/paper_032.jpg
train/paper/paper_032__aug_v2_07.jpg,train,paper,augmentation,train/paper/paper_032__aug_v2_07.jpg,train/paper/paper_032.jpg
train/paper/paper_032__aug_v2_08.jpg,train,paper,augmentation,train/paper/paper_032__aug_v2_08.jpg,train/paper/paper_032.jpg
train/paper/paper_032__aug_v2_09.jpg,train,paper,augmentation,train/paper/paper_032__aug_v2_09.jpg,train/paper/paper_032.jpg
train/paper/paper_033.jpg,train,paper,original,train/paper/paper_033.jpg,train/paper/paper_033.jpg
train/paper/paper_033__aug_v2_01.jpg,train,paper,augmentation,train/paper/paper_033__aug_v2_01.jpg,train/paper/paper_033.jpg
train/paper/paper_033__aug_v2_02.jpg,train,paper,augmentation,train/paper/paper_033__aug_v2_02.jpg,train/paper/paper_033.jpg
train/paper/paper_033__aug_v2_03.jpg,train,paper,augmentation,train/paper/paper_033__aug_v2_03.jpg,train/paper/paper_033.jpg
train/paper/paper_033__aug_v2_04.jpg,train,paper,augmentation,train/paper/paper_033__aug_v2_04.jpg,train/paper/paper_033.jpg
train/paper/paper_033__aug_v2_05.jpg,train,paper,augmentation,train/paper/paper_033__aug_v2_05.jpg,train/paper/paper_033.jpg
train/paper/paper_033__aug_v2_06.jpg,train,paper,augmentation,train/paper/paper_033__aug_v2_06.jpg,train/paper/paper_033.jpg
train/paper/paper_033__aug_v2_07.jpg,train,paper,augmentation,train/paper/paper_033__aug_v2_07.jpg,train/paper/paper_033.jpg
train/paper/paper_033__aug_v2_08.jpg,train,paper,augmentation,train/paper/paper_033__aug_v2_08.jpg,train/paper/paper_033.jpg
train/paper/paper_033__aug_v2_09.jpg,train,paper,augmentation,train/paper/paper_033__aug_v2_09.jpg,train/paper/paper_033.jpg
train/paper/paper_034.jpg,train,paper,original,train/paper/paper_034.jpg,train/paper/paper_034.jpg
train/paper/paper_034__aug_v2_01.jpg,train,paper,augmentation,train/paper/paper_034__aug_v2_01.jpg,train/paper/paper_034.jpg
train/paper/paper_034__aug_v2_02.jpg,train,paper,augmentation,train/paper/paper_034__aug_v2_02.jpg,train/paper/paper_034.jpg
train/paper/paper_034__aug_v2_03.jpg,train,paper,augmentation,train/paper/paper_034__aug_v2_03.jpg,train/paper/paper_034.jpg
train/paper/paper_034__aug_v2_04.jpg,train,paper,augmentation,train/paper/paper_034__aug_v2_04.jpg,train/paper/paper_034.jpg
train/paper/paper_034__aug_v2_05.jpg,train,paper,augmentation,train/paper/paper_034__aug_v2_05.jpg,train/paper/paper_034.jpg
train/paper/paper_034__aug_v2_06.jpg,train,paper,augmentation,train/paper/paper_034__aug_v2_06.jpg,train/paper/paper_034.jpg
train/paper/paper_034__aug_v2_07.jpg,train,paper,augmentation,train/paper/paper_034__aug_v2_07.jpg,train/paper/paper_034.jpg
train/paper/paper_034__aug_v2_08.jpg,train,paper,augmentation,train/paper/paper_034__aug_v2_08.jpg,train/paper/paper_034.jpg
train/paper/paper_034__aug_v2_09.jpg,train,paper,augmentation,train/paper/paper_034__aug_v2_09.jpg,train/paper/paper_034.jpg
train/paper/paper_035.jpg,train,paper,original,train/paper/paper_035.jpg,train/paper/paper_035.jpg
train/paper/paper_035__aug_v2_01.jpg,train,paper,augmentation,train/paper/paper_035__aug_v2_01.jpg,train/paper/paper_035.jpg
train/paper/paper_035__aug_v2_02.jpg,train,paper,augmentation,train/paper/paper_035__aug_v2_02.jpg,train/paper/paper_035.jpg
train/paper/paper_035__aug_v2_03.jpg,train,paper,augmentation,train/paper/paper_035__aug_v2_03.jpg,train/paper/paper_035.jpg
train/paper/paper_035__aug_v2_04.jpg,train,paper,augmentation,train/paper/paper_035__aug_v2_04.jpg,train/paper/paper_035.jpg
train/paper/paper_035__aug_v2_05.jpg,train,paper,augmentation,train/paper/paper_035__aug_v2_05.jpg,train/paper/paper_035.jpg
train/paper/paper_035__aug_v2_06.jpg,train,paper,augmentation,train/paper/paper_035__aug_v2_06.jpg,train/paper/paper_035.jpg
train/paper/paper_035__aug_v2_07.jpg,train,paper,augmentation,train/paper/paper_035__aug_v2_07.jpg,train/paper/paper_035.jpg
train/paper/paper_035__aug_v2_08.jpg,train,paper,augmentation,train/paper/paper_035__aug_v2_08.jpg,train/paper/paper_035.jpg
train/paper/paper_035__aug_v2_09.jpg,train,paper,augmentation,train/paper/paper_035__aug_v2_09.jpg,train/paper/paper_035.jpg
train/paper/paper_037.jpg,train,paper,original,train/paper/paper_037.jpg,train/paper/paper_037.jpg
train/paper/paper_037__aug_v2_01.jpg,train,paper,augmentation,train/paper/paper_037__aug_v2_01.jpg,train/paper/paper_037.jpg
train/paper/paper_037__aug_v2_02.jpg,train,paper,augmentation,train/paper/paper_037__aug_v2_02.jpg,train/paper/paper_037.jpg
train/paper/paper_037__aug_v2_03.jpg,train,paper,augmentation,train/paper/paper_037__aug_v2_03.jpg,train/paper/paper_037.jpg
train/paper/paper_037__aug_v2_04.jpg,train,paper,augmentation,train/paper/paper_037__aug_v2_04.jpg,train/paper/paper_037.jpg
train/paper/paper_037__aug_v2_05.jpg,train,paper,augmentation,train/paper/paper_037__aug_v2_05.jpg,train/paper/paper_037.jpg
train/paper/paper_037__aug_v2_06.jpg,train,paper,augmentation,train/paper/paper_037__aug_v2_06.jpg,train/paper/paper_037.jpg
train/paper/paper_037__aug_v2_07.jpg,train,paper,augmentation,train/paper/paper_037__aug_v2_07.jpg,train/paper/paper_037.jpg
train/paper/paper_037__aug_v2_08.jpg,train,paper,augmentation,train/paper/paper_037__aug_v2_08.jpg,train/paper/paper_037.jpg
train/paper/paper_037__aug_v2_09.jpg,train,paper,augmentation,train/paper/paper_037__aug_v2_09.jpg,train/paper/paper_037.jpg
train/paper/paper_038.jpg,train,paper,original,train/paper/paper_038.jpg,train/paper/paper_038.jpg
train/paper/paper_038__aug_v2_01.jpg,train,paper,augmentation,train/paper/paper_038__aug_v2_01.jpg,train/paper/paper_038.jpg
train/paper/paper_038__aug_v2_02.jpg,train,paper,augmentation,train/paper/paper_038__aug_v2_02.jpg,train/paper/paper_038.jpg
train/paper/paper_038__aug_v2_03.jpg,train,paper,augmentation,train/paper/paper_038__aug_v2_03.jpg,train/paper/paper_038.jpg
train/paper/paper_038__aug_v2_04.jpg,train,paper,augmentation,train/paper/paper_038__aug_v2_04.jpg,train/paper/paper_038.jpg
train/paper/paper_038__aug_v2_05.jpg,train,paper,augmentation,train/paper/paper_038__aug_v2_05.jpg,train/paper/paper_038.jpg
train/paper/paper_038__aug_v2_06.jpg,train,paper,augmentation,train/paper/paper_038__aug_v2_06.jpg,train/paper/paper_038.jpg
train/paper/paper_038__aug_v2_07.jpg,train,paper,augmentation,train/paper/paper_038__aug_v2_07.jpg,train/paper/paper_038.jpg
train/paper/paper_038__aug_v2_08.jpg,train,paper,augmentation,train/paper/paper_038__aug_v2_08.jpg,train/paper/paper_038.jpg
train/paper/paper_038__aug_v2_09.jpg,train,paper,augmentation,train/paper/paper_038__aug_v2_09.jpg,train/paper/paper_038.jpg
train/paper/paper_039.jpg,train,paper,original,train/paper/paper_039.jpg,train/paper/paper_039.jpg
train/paper/paper_039__aug_v2_01.jpg,train,paper,augmentation,train/paper/paper_039__aug_v2_01.jpg,train/paper/paper_039.jpg
train/paper/paper_039__aug_v2_02.jpg,train,paper,augmentation,train/paper/paper_039__aug_v2_02.jpg,train/paper/paper_039.jpg
train/paper/paper_039__aug_v2_03.jpg,train,paper,augmentation,train/paper/paper_039__aug_v2_03.jpg,train/paper/paper_039.jpg
train/paper/paper_039__aug_v2_04.jpg,train,paper,augmentation,train/paper/paper_039__aug_v2_04.jpg,train/paper/paper_039.jpg
train/paper/paper_039__aug_v2_05.jpg,train,paper,augmentation,train/paper/paper_039__aug_v2_05.jpg,train/paper/paper_039.jpg
train/paper/paper_039__aug_v2_06.jpg,train,paper,augmentation,train/paper/paper_039__aug_v2_06.jpg,train/paper/paper_039.jpg
train/paper/paper_039__aug_v2_07.jpg,train,paper,augmentation,train/paper/paper_039__aug_v2_07.jpg,train/paper/paper_039.jpg
train/paper/paper_039__aug_v2_08.jpg,train,paper,augmentation,train/paper/paper_039__aug_v2_08.jpg,train/paper/paper_039.jpg
train/paper/paper_039__aug_v2_09.jpg,train,paper,augmentation,train/paper/paper_039__aug_v2_09.jpg,train/paper/paper_039.jpg
train/paper/paper_040.jpg,train,paper,original,train/paper/paper_040.jpg,train/paper/paper_040.jpg
train/paper/paper_040__aug_v2_01.jpg,train,paper,augmentation,train/paper/paper_040__aug_v2_01.jpg,train/paper/paper_040.jpg
train/paper/paper_040__aug_v2_02.jpg,train,paper,augmentation,train/paper/paper_040__aug_v2_02.jpg,train/paper/paper_040.jpg
train/paper/paper_040__aug_v2_03.jpg,train,paper,augmentation,train/paper/paper_040__aug_v2_03.jpg,train/paper/paper_040.jpg
train/paper/paper_040__aug_v2_04.jpg,train,paper,augmentation,train/paper/paper_040__aug_v2_04.jpg,train/paper/paper_040.jpg
train/paper/paper_040__aug_v2_05.jpg,train,paper,augmentation,train/paper/paper_040__aug_v2_05.jpg,train/paper/paper_040.jpg
train/paper/paper_040__aug_v2_06.jpg,train,paper,augmentation,train/paper/paper_040__aug_v2_06.jpg,train/paper/paper_040.jpg
train/paper/paper_040__aug_v2_07.jpg,train,paper,augmentation,train/paper/paper_040__aug_v2_07.jpg,train/paper/paper_040.jpg
train/paper/paper_040__aug_v2_08.jpg,train,paper,augmentation,train/paper/paper_040__aug_v2_08.jpg,train/paper/paper_040.jpg
train/paper/paper_040__aug_v2_09.jpg,train,paper,augmentation,train/paper/paper_040__aug_v2_09.jpg,train/paper/paper_040.jpg
train/paper/paper_042.jpg,train,paper,original,train/paper/paper_042.jpg,train/paper/paper_042.jpg
train/paper/paper_042__aug_v2_01.jpg,train,paper,augmentation,train/paper/paper_042__aug_v2_01.jpg,train/paper/paper_042.jpg
train/paper/paper_042__aug_v2_02.jpg,train,paper,augmentation,train/paper/paper_042__aug_v2_02.jpg,train/paper/paper_042.jpg
train/paper/paper_042__aug_v2_03.jpg,train,paper,augmentation,train/paper/paper_042__aug_v2_03.jpg,train/paper/paper_042.jpg
train/paper/paper_042__aug_v2_04.jpg,train,paper,augmentation,train/paper/paper_042__aug_v2_04.jpg,train/paper/paper_042.jpg
train/paper/paper_042__aug_v2_05.jpg,train,paper,augmentation,train/paper/paper_042__aug_v2_05.jpg,train/paper/paper_042.jpg
train/paper/paper_042__aug_v2_06.jpg,train,paper,augmentation,train/paper/paper_042__aug_v2_06.jpg,train/paper/paper_042.jpg
train/paper/paper_042__aug_v2_07.jpg,train,paper,augmentation,train/paper/paper_042__aug_v2_07.jpg,train/paper/paper_042.jpg
train/paper/paper_042__aug_v2_08.jpg,train,paper,augmentation,train/paper/paper_042__aug_v2_08.jpg,train/paper/paper_042.jpg
train/paper/paper_042__aug_v2_09.jpg,train,paper,augmentation,train/paper/paper_042__aug_v2_09.jpg,train/paper/paper_042.jpg
train/paper/paper_043.jpg,train,paper,original,train/paper/paper_043.jpg,train/paper/paper_043.jpg
train/paper/paper_043__aug_v2_01.jpg,train,paper,augmentation,train/paper/paper_043__aug_v2_01.jpg,train/paper/paper_043.jpg
train/paper/paper_043__aug_v2_02.jpg,train,paper,augmentation,train/paper/paper_043__aug_v2_02.jpg,train/paper/paper_043.jpg
train/paper/paper_043__aug_v2_03.jpg,train,paper,augmentation,train/paper/paper_043__aug_v2_03.jpg,train/paper/paper_043.jpg
train/paper/paper_043__aug_v2_04.jpg,train,paper,augmentation,train/paper/paper_043__aug_v2_04.jpg,train/paper/paper_043.jpg
train/paper/paper_043__aug_v2_05.jpg,train,paper,augmentation,train/paper/paper_043__aug_v2_05.jpg,train/paper/paper_043.jpg
train/paper/paper_043__aug_v2_06.jpg,train,paper,augmentation,train/paper/paper_043__aug_v2_06.jpg,train/paper/paper_043.jpg
train/paper/paper_043__aug_v2_07.jpg,train,paper,augmentation,train/paper/paper_043__aug_v2_07.jpg,train/paper/paper_043.jpg
train/paper/paper_043__aug_v2_08.jpg,train,paper,augmentation,train/paper/paper_043__aug_v2_08.jpg,train/paper/paper_043.jpg
train/paper/paper_043__aug_v2_09.jpg,train,paper,augmentation,train/paper/paper_043__aug_v2_09.jpg,train/paper/paper_043.jpg
train/paper/paper_044.jpg,train,paper,original,train/paper/paper_044.jpg,train/paper/paper_044.jpg
train/paper/paper_044__aug_v2_01.jpg,train,paper,augmentation,train/paper/paper_044__aug_v2_01.jpg,train/paper/paper_044.jpg
train/paper/paper_044__aug_v2_02.jpg,train,paper,augmentation,train/paper/paper_044__aug_v2_02.jpg,train/paper/paper_044.jpg
train/paper/paper_044__aug_v2_03.jpg,train,paper,augmentation,train/paper/paper_044__aug_v2_03.jpg,train/paper/paper_044.jpg
train/paper/paper_044__aug_v2_04.jpg,train,paper,augmentation,train/paper/paper_044__aug_v2_04.jpg,train/paper/paper_044.jpg
train/paper/paper_044__aug_v2_05.jpg,train,paper,augmentation,train/paper/paper_044__aug_v2_05.jpg,train/paper/paper_044.jpg
train/paper/paper_044__aug_v2_06.jpg,train,paper,augmentation,train/paper/paper_044__aug_v2_06.jpg,train/paper/paper_044.jpg
train/paper/paper_044__aug_v2_07.jpg,train,paper,augmentation,train/paper/paper_044__aug_v2_07.jpg,train/paper/paper_044.jpg
train/paper/paper_044__aug_v2_08.jpg,train,paper,augmentation,train/paper/paper_044__aug_v2_08.jpg,train/paper/paper_044.jpg
train/paper/paper_044__aug_v2_09.jpg,train,paper,augmentation,train/paper/paper_044__aug_v2_09.jpg,train/paper/paper_044.jpg
train/paper/paper_045.jpg,train,paper,original,train/paper/paper_045.jpg,train/paper/paper_045.jpg
train/paper/paper_045__aug_v2_01.jpg,train,paper,augmentation,train/paper/paper_045__aug_v2_01.jpg,train/paper/paper_045.jpg
train/paper/paper_045__aug_v2_02.jpg,train,paper,augmentation,train/paper/paper_045__aug_v2_02.jpg,train/paper/paper_045.jpg
train/paper/paper_045__aug_v2_03.jpg,train,paper,augmentation,train/paper/paper_045__aug_v2_03.jpg,train/paper/paper_045.jpg
train/paper/paper_045__aug_v2_04.jpg,train,paper,augmentation,train/paper/paper_045__aug_v2_04.jpg,train/paper/paper_045.jpg
train/paper/paper_045__aug_v2_05.jpg,train,paper,augmentation,train/paper/paper_045__aug_v2_05.jpg,train/paper/paper_045.jpg
train/paper/paper_045__aug_v2_06.jpg,train,paper,augmentation,train/paper/paper_045__aug_v2_06.jpg,train/paper/paper_045.jpg
train/paper/paper_045__aug_v2_07.jpg,train,paper,augmentation,train/paper/paper_045__aug_v2_07.jpg,train/paper/paper_045.jpg
train/paper/paper_045__aug_v2_08.jpg,train,paper,augmentation,train/paper/paper_045__aug_v2_08.jpg,train/paper/paper_045.jpg
train/paper/paper_045__aug_v2_09.jpg,train,paper,augmentation,train/paper/paper_045__aug_v2_09.jpg,train/paper/paper_045.jpg
train/paper/paper_046.jpg,train,paper,original,train/paper/paper_046.jpg,train/paper/paper_046.jpg
train/paper/paper_046__aug_v2_01.jpg,train,paper,augmentation,train/paper/paper_046__aug_v2_01.jpg,train/paper/paper_046.jpg
train/paper/paper_046__aug_v2_02.jpg,train,paper,augmentation,train/paper/paper_046__aug_v2_02.jpg,train/paper/paper_046.jpg
train/paper/paper_046__aug_v2_03.jpg,train,paper,augmentation,train/paper/paper_046__aug_v2_03.jpg,train/paper/paper_046.jpg
train/paper/paper_046__aug_v2_04.jpg,train,paper,augmentation,train/paper/paper_046__aug_v2_04.jpg,train/paper/paper_046.jpg
train/paper/paper_046__aug_v2_05.jpg,train,paper,augmentation,train/paper/paper_046__aug_v2_05.jpg,train/paper/paper_046.jpg
train/paper/paper_046__aug_v2_06.jpg,train,paper,augmentation,train/paper/paper_046__aug_v2_06.jpg,train/paper/paper_046.jpg
train/paper/paper_046__aug_v2_07.jpg,train,paper,augmentation,train/paper/paper_046__aug_v2_07.jpg,train/paper/paper_046.jpg
train/paper/paper_046__aug_v2_08.jpg,train,paper,augmentation,train/paper/paper_046__aug_v2_08.jpg,train/paper/paper_046.jpg
train/paper/paper_046__aug_v2_09.jpg,train,paper,augmentation,train/paper/paper_046__aug_v2_09.jpg,train/paper/paper_046.jpg
train/paper/paper_047.jpg,train,paper,original,train/paper/paper_047.jpg,train/paper/paper_047.jpg
train/paper/paper_047__aug_v2_01.jpg,train,paper,augmentation,train/paper/paper_047__aug_v2_01.jpg,train/paper/paper_047.jpg
train/paper/paper_047__aug_v2_02.jpg,train,paper,augmentation,train/paper/paper_047__aug_v2_02.jpg,train/paper/paper_047.jpg
train/paper/paper_047__aug_v2_03.jpg,train,paper,augmentation,train/paper/paper_047__aug_v2_03.jpg,train/paper/paper_047.jpg
train/paper/paper_047__aug_v2_04.jpg,train,paper,augmentation,train/paper/paper_047__aug_v2_04.jpg,train/paper/paper_047.jpg
train/paper/paper_047__aug_v2_05.jpg,train,paper,augmentation,train/paper/paper_047__aug_v2_05.jpg,train/paper/paper_047.jpg
train/paper/paper_047__aug_v2_06.jpg,train,paper,augmentation,train/paper/paper_047__aug_v2_06.jpg,train/paper/paper_047.jpg
train/paper/paper_047__aug_v2_07.jpg,train,paper,augmentation,train/paper/paper_047__aug_v2_07.jpg,train/paper/paper_047.jpg
train/paper/paper_047__aug_v2_08.jpg,train,paper,augmentation,train/paper/paper_047__aug_v2_08.jpg,train/paper/paper_047.jpg
train/paper/paper_047__aug_v2_09.jpg,train,paper,augmentation,train/paper/paper_047__aug_v2_09.jpg,train/paper/paper_047.jpg
train/paper/paper_048.jpg,train,paper,original,train/paper/paper_048.jpg,train/paper/paper_048.jpg
train/paper/paper_048__aug_v2_01.jpg,train,paper,augmentation,train/paper/paper_048__aug_v2_01.jpg,train/paper/paper_048.jpg
train/paper/paper_048__aug_v2_02.jpg,train,paper,augmentation,train/paper/paper_048__aug_v2_02.jpg,train/paper/paper_048.jpg
train/paper/paper_048__aug_v2_03.jpg,train,paper,augmentation,train/paper/paper_048__aug_v2_03.jpg,train/paper/paper_048.jpg
train/paper/paper_048__aug_v2_04.jpg,train,paper,augmentation,train/paper/paper_048__aug_v2_04.jpg,train/paper/paper_048.jpg
train/paper/paper_048__aug_v2_05.jpg,train,paper,augmentation,train/paper/paper_048__aug_v2_05.jpg,train/paper/paper_048.jpg
train/paper/paper_048__aug_v2_06.jpg,train,paper,augmentation,train/paper/paper_048__aug_v2_06.jpg,train/paper/paper_048.jpg
train/paper/paper_048__aug_v2_07.jpg,train,paper,augmentation,train/paper/paper_048__aug_v2_07.jpg,train/paper/paper_048.jpg
train/paper/paper_048__aug_v2_08.jpg,train,paper,augmentation,train/paper/paper_048__aug_v2_08.jpg,train/paper/paper_048.jpg
train/paper/paper_048__aug_v2_09.jpg,train,paper,augmentation,train/paper/paper_048__aug_v2_09.jpg,train/paper/paper_048.jpg
train/paper/paper_049.jpg,train,paper,original,train/paper/paper_049.jpg,train/paper/paper_049.jpg
train/paper/paper_049__aug_v2_01.jpg,train,paper,augmentation,train/paper/paper_049__aug_v2_01.jpg,train/paper/paper_049.jpg
train/paper/paper_049__aug_v2_02.jpg,train,paper,augmentation,train/paper/paper_049__aug_v2_02.jpg,train/paper/paper_049.jpg
train/paper/paper_049__aug_v2_03.jpg,train,paper,augmentation,train/paper/paper_049__aug_v2_03.jpg,train/paper/paper_049.jpg
train/paper/paper_049__aug_v2_04.jpg,train,paper,augmentation,train/paper/paper_049__aug_v2_04.jpg,train/paper/paper_049.jpg
train/paper/paper_049__aug_v2_05.jpg,train,paper,augmentation,train/paper/paper_049__aug_v2_05.jpg,train/paper/paper_049.jpg
train/paper/paper_049__aug_v2_06.jpg,train,paper,augmentation,train/paper/paper_049__aug_v2_06.jpg,train/paper/paper_049.jpg
train/paper/paper_049__aug_v2_07.jpg,train,paper,augmentation,train/paper/paper_049__aug_v2_07.jpg,train/paper/paper_049.jpg
train/paper/paper_049__aug_v2_08.jpg,train,paper,augmentation,train/paper/paper_049__aug_v2_08.jpg,train/paper/paper_049.jpg
train/paper/paper_049__aug_v2_09.jpg,train,paper,augmentation,train/paper/paper_049__aug_v2_09.jpg,train/paper/paper_049.jpg
train/paper/paper_050.jpg,train,paper,original,train/paper/paper_050.jpg,train/paper/paper_050.jpg
train/paper/paper_050__aug_v2_01.jpg,train,paper,augmentation,train/paper/paper_050__aug_v2_01.jpg,train/paper/paper_050.jpg
train/paper/paper_050__aug_v2_02.jpg,train,paper,augmentation,train/paper/paper_050__aug_v2_02.jpg,train/paper/paper_050.jpg
train/paper/paper_050__aug_v2_03.jpg,train,paper,augmentation,train/paper/paper_050__aug_v2_03.jpg,train/paper/paper_050.jpg
train/paper/paper_050__aug_v2_04.jpg,train,paper,augmentation,train/paper/paper_050__aug_v2_04.jpg,train/paper/paper_050.jpg
train/paper/paper_050__aug_v2_05.jpg,train,paper,augmentation,train/paper/paper_050__aug_v2_05.jpg,train/paper/paper_050.jpg
train/paper/paper_050__aug_v2_06.jpg,train,paper,augmentation,train/paper/paper_050__aug_v2_06.jpg,train/paper/paper_050.jpg
train/paper/paper_050__aug_v2_07.jpg,train,paper,augmentation,train/paper/paper_050__aug_v2_07.jpg,train/paper/paper_050.jpg
train/paper/paper_050__aug_v2_08.jpg,train,paper,augmentation,train/paper/paper_050__aug_v2_08.jpg,train/paper/paper_050.jpg
train/paper/paper_050__aug_v2_09.jpg,train,paper,augmentation,train/paper/paper_050__aug_v2_09.jpg,train/paper/paper_050.jpg
train/paper/paper_051.jpg,train,paper,original,train/paper/paper_051.jpg,train/paper/paper_051.jpg
train/paper/paper_051__aug_v2_01.jpg,train,paper,augmentation,train/paper/paper_051__aug_v2_01.jpg,train/paper/paper_051.jpg
train/paper/paper_051__aug_v2_02.jpg,train,paper,augmentation,train/paper/paper_051__aug_v2_02.jpg,train/paper/paper_051.jpg
train/paper/paper_051__aug_v2_03.jpg,train,paper,augmentation,train/paper/paper_051__aug_v2_03.jpg,train/paper/paper_051.jpg
train/paper/paper_051__aug_v2_04.jpg,train,paper,augmentation,train/paper/paper_051__aug_v2_04.jpg,train/paper/paper_051.jpg
train/paper/paper_051__aug_v2_05.jpg,train,paper,augmentation,train/paper/paper_051__aug_v2_05.jpg,train/paper/paper_051.jpg
train/paper/paper_051__aug_v2_06.jpg,train,paper,augmentation,train/paper/paper_051__aug_v2_06.jpg,train/paper/paper_051.jpg
train/paper/paper_051__aug_v2_07.jpg,train,paper,augmentation,train/paper/paper_051__aug_v2_07.jpg,train/paper/paper_051.jpg
train/paper/paper_051__aug_v2_08.jpg,train,paper,augmentation,train/paper/paper_051__aug_v2_08.jpg,train/paper/paper_051.jpg
train/paper/paper_051__aug_v2_09.jpg,train,paper,augmentation,train/paper/paper_051__aug_v2_09.jpg,train/paper/paper_051.jpg
train/paper/paper_052.jpg,train,paper,original,train/paper/paper_052.jpg,train/paper/paper_052.jpg
train/paper/paper_052__aug_v2_01.jpg,train,paper,augmentation,train/paper/paper_052__aug_v2_01.jpg,train/paper/paper_052.jpg
train/paper/paper_052__aug_v2_02.jpg,train,paper,augmentation,train/paper/paper_052__aug_v2_02.jpg,train/paper/paper_052.jpg
train/paper/paper_052__aug_v2_03.jpg,train,paper,augmentation,train/paper/paper_052__aug_v2_03.jpg,train/paper/paper_052.jpg
train/paper/paper_052__aug_v2_04.jpg,train,paper,augmentation,train/paper/paper_052__aug_v2_04.jpg,train/paper/paper_052.jpg
train/paper/paper_052__aug_v2_05.jpg,train,paper,augmentation,train/paper/paper_052__aug_v2_05.jpg,train/paper/paper_052.jpg
train/paper/paper_052__aug_v2_06.jpg,train,paper,augmentation,train/paper/paper_052__aug_v2_06.jpg,train/paper/paper_052.jpg
train/paper/paper_052__aug_v2_07.jpg,train,paper,augmentation,train/paper/paper_052__aug_v2_07.jpg,train/paper/paper_052.jpg
train/paper/paper_052__aug_v2_08.jpg,train,paper,augmentation,train/paper/paper_052__aug_v2_08.jpg,train/paper/paper_052.jpg
train/paper/paper_052__aug_v2_09.jpg,train,paper,augmentation,train/paper/paper_052__aug_v2_09.jpg,train/paper/paper_052.jpg
train/paper/paper_053.jpg,train,paper,original,train/paper/paper_053.jpg,train/paper/paper_053.jpg
train/paper/paper_053__aug_v2_01.jpg,train,paper,augmentation,train/paper/paper_053__aug_v2_01.jpg,train/paper/paper_053.jpg
train/paper/paper_053__aug_v2_02.jpg,train,paper,augmentation,train/paper/paper_053__aug_v2_02.jpg,train/paper/paper_053.jpg
train/paper/paper_053__aug_v2_03.jpg,train,paper,augmentation,train/paper/paper_053__aug_v2_03.jpg,train/paper/paper_053.jpg
train/paper/paper_053__aug_v2_04.jpg,train,paper,augmentation,train/paper/paper_053__aug_v2_04.jpg,train/paper/paper_053.jpg
train/paper/paper_053__aug_v2_05.jpg,train,paper,augmentation,train/paper/paper_053__aug_v2_05.jpg,train/paper/paper_053.jpg
train/paper/paper_053__aug_v2_06.jpg,train,paper,augmentation,train/paper/paper_053__aug_v2_06.jpg,train/paper/paper_053.jpg
train/paper/paper_053__aug_v2_07.jpg,train,paper,augmentation,train/paper/paper_053__aug_v2_07.jpg,train/paper/paper_053.jpg
train/paper/paper_053__aug_v2_08.jpg,train,paper,augmentation,train/paper/paper_053__aug_v2_08.jpg,train/paper/paper_053.jpg
train/paper/paper_053__aug_v2_09.jpg,train,paper,augmentation,train/paper/paper_053__aug_v2_09.jpg,train/paper/paper_053.jpg
train/paper/paper_054.jpg,train,paper,original,train/paper/paper_054.jpg,train/paper/paper_054.jpg
train/paper/paper_054__aug_v2_01.jpg,train,paper,augmentation,train/paper/paper_054__aug_v2_01.jpg,train/paper/paper_054.jpg
train/paper/paper_054__aug_v2_02.jpg,train,paper,augmentation,train/paper/paper_054__aug_v2_02.jpg,train/paper/paper_054.jpg
train/paper/paper_054__aug_v2_03.jpg,train,paper,augmentation,train/paper/paper_054__aug_v2_03.jpg,train/paper/paper_054.jpg
train/paper/paper_054__aug_v2_04.jpg,train,paper,augmentation,train/paper/paper_054__aug_v2_04.jpg,train/paper/paper_054.jpg
train/paper/paper_054__aug_v2_05.jpg,train,paper,augmentation,train/paper/paper_054__aug_v2_05.jpg,train/paper/paper_054.jpg
train/paper/paper_054__aug_v2_06.jpg,train,paper,augmentation,train/paper/paper_054__aug_v2_06.jpg,train/paper/paper_054.jpg
train/paper/paper_054__aug_v2_07.jpg,train,paper,augmentation,train/paper/paper_054__aug_v2_07.jpg,train/paper/paper_054.jpg
train/paper/paper_054__aug_v2_08.jpg,train,paper,augmentation,train/paper/paper_054__aug_v2_08.jpg,train/paper/paper_054.jpg
train/paper/paper_054__aug_v2_09.jpg,train,paper,augmentation,train/paper/paper_054__aug_v2_09.jpg,train/paper/paper_054.jpg
train/paper/paper_057.jpg,train,paper,original,train/paper/paper_057.jpg,train/paper/paper_057.jpg
train/paper/paper_057__aug_v2_01.jpg,train,paper,augmentation,train/paper/paper_057__aug_v2_01.jpg,train/paper/paper_057.jpg
train/paper/paper_057__aug_v2_02.jpg,train,paper,augmentation,train/paper/paper_057__aug_v2_02.jpg,train/paper/paper_057.jpg
train/paper/paper_057__aug_v2_03.jpg,train,paper,augmentation,train/paper/paper_057__aug_v2_03.jpg,train/paper/paper_057.jpg
train/paper/paper_057__aug_v2_04.jpg,train,paper,augmentation,train/paper/paper_057__aug_v2_04.jpg,train/paper/paper_057.jpg
train/paper/paper_057__aug_v2_05.jpg,train,paper,augmentation,train/paper/paper_057__aug_v2_05.jpg,train/paper/paper_057.jpg
train/paper/paper_057__aug_v2_06.jpg,train,paper,augmentation,train/paper/paper_057__aug_v2_06.jpg,train/paper/paper_057.jpg
train/paper/paper_057__aug_v2_07.jpg,train,paper,augmentation,train/paper/paper_057__aug_v2_07.jpg,train/paper/paper_057.jpg
train/paper/paper_057__aug_v2_08.jpg,train,paper,augmentation,train/paper/paper_057__aug_v2_08.jpg,train/paper/paper_057.jpg
train/paper/paper_057__aug_v2_09.jpg,train,paper,augmentation,train/paper/paper_057__aug_v2_09.jpg,train/paper/paper_057.jpg
train/paper/paper_058.jpg,train,paper,original,train/paper/paper_058.jpg,train/paper/paper_058.jpg
train/paper/paper_058__aug_v2_01.jpg,train,paper,augmentation,train/paper/paper_058__aug_v2_01.jpg,train/paper/paper_058.jpg
train/paper/paper_058__aug_v2_02.jpg,train,paper,augmentation,train/paper/paper_058__aug_v2_02.jpg,train/paper/paper_058.jpg
train/paper/paper_058__aug_v2_03.jpg,train,paper,augmentation,train/paper/paper_058__aug_v2_03.jpg,train/paper/paper_058.jpg
train/paper/paper_058__aug_v2_04.jpg,train,paper,augmentation,train/paper/paper_058__aug_v2_04.jpg,train/paper/paper_058.jpg
train/paper/paper_058__aug_v2_05.jpg,train,paper,augmentation,train/paper/paper_058__aug_v2_05.jpg,train/paper/paper_058.jpg
train/paper/paper_058__aug_v2_06.jpg,train,paper,augmentation,train/paper/paper_058__aug_v2_06.jpg,train/paper/paper_058.jpg
train/paper/paper_058__aug_v2_07.jpg,train,paper,augmentation,train/paper/paper_058__aug_v2_07.jpg,train/paper/paper_058.jpg
train/paper/paper_058__aug_v2_08.jpg,train,paper,augmentation,train/paper/paper_058__aug_v2_08.jpg,train/paper/paper_058.jpg
train/paper/paper_058__aug_v2_09.jpg,train,paper,augmentation,train/paper/paper_058__aug_v2_09.jpg,train/paper/paper_058.jpg
train/paper/paper_060.jpg,train,paper,original,train/paper/paper_060.jpg,train/paper/paper_060.jpg
train/paper/paper_060__aug_v2_01.jpg,train,paper,augmentation,train/paper/paper_060__aug_v2_01.jpg,train/paper/paper_060.jpg
train/paper/paper_060__aug_v2_02.jpg,train,paper,augmentation,train/paper/paper_060__aug_v2_02.jpg,train/paper/paper_060.jpg
train/paper/paper_060__aug_v2_03.jpg,train,paper,augmentation,train/paper/paper_060__aug_v2_03.jpg,train/paper/paper_060.jpg
train/paper/paper_060__aug_v2_04.jpg,train,paper,augmentation,train/paper/paper_060__aug_v2_04.jpg,train/paper/paper_060.jpg
train/paper/paper_060__aug_v2_05.jpg,train,paper,augmentation,train/paper/paper_060__aug_v2_05.jpg,train/paper/paper_060.jpg
train/paper/paper_060__aug_v2_06.jpg,train,paper,augmentation,train/paper/paper_060__aug_v2_06.jpg,train/paper/paper_060.jpg
train/paper/paper_060__aug_v2_07.jpg,train,paper,augmentation,train/paper/paper_060__aug_v2_07.jpg,train/paper/paper_060.jpg
train/paper/paper_060__aug_v2_08.jpg,train,paper,augmentation,train/paper/paper_060__aug_v2_08.jpg,train/paper/paper_060.jpg
train/paper/paper_060__aug_v2_09.jpg,train,paper,augmentation,train/paper/paper_060__aug_v2_09.jpg,train/paper/paper_060.jpg
test/paper/paper_013.jpg,test,paper,original,train/paper/paper_013.jpg,train/paper/paper_013.jpg
test/paper/paper_016.jpg,test,paper,original,train/paper/paper_016.jpg,train/paper/paper_016.jpg
test/paper/paper_022.jpg,test,paper,original,train/paper/paper_022.jpg,train/paper/paper_022.jpg
test/paper/paper_025.jpg,test,paper,original,train/paper/paper_025.jpg,train/paper/paper_025.jpg
test/paper/paper_026.jpg,test,paper,original,train/paper/paper_026.jpg,train/paper/paper_026.jpg
test/paper/paper_029.jpg,test,paper,original,train/paper/paper_029.jpg,train/paper/paper_029.jpg
test/paper/paper_036.jpg,test,paper,original,train/paper/paper_036.jpg,train/paper/paper_036.jpg
test/paper/paper_041.jpg,test,paper,original,train/paper/paper_041.jpg,train/paper/paper_041.jpg
test/paper/paper_055.jpg,test,paper,original,train/paper/paper_055.jpg,train/paper/paper_055.jpg
test/paper/paper_056.jpg,test,paper,original,train/paper/paper_056.jpg,train/paper/paper_056.jpg
test/paper/paper_059.jpg,test,paper,original,train/paper/paper_059.jpg,train/paper/paper_059.jpg
validation/paper/paper_001.jpg,validation,paper,original,validation/paper/paper_001.jpg,validation/paper/paper_001.jpg
validation/paper/paper_002.jpg,validation,paper,original,validation/paper/paper_002.jpg,validation/paper/paper_002.jpg
validation/paper/paper_003.jpg,validation,paper,original,validation/paper/paper_003.jpg,validation/paper/paper_003.jpg
validation/paper/paper_004.jpg,validation,paper,original,validation/paper/paper_004.jpg,validation/paper/paper_004.jpg
validation/paper/paper_005.jpg,validation,paper,original,validation/paper/paper_005.jpg,validation/paper/paper_005.jpg
validation/paper/paper_006.jpg,validation,paper,original,validation/paper/paper_006.jpg,validation/paper/paper_006.jpg
validation/paper/paper_061.jpg,validation,paper,original,validation/paper/paper_061.jpg,validation/paper/paper_061.jpg
validation/paper/paper_062.jpg,validation,paper,original,validation/paper/paper_062.jpg,validation/paper/paper_062.jpg
validation/paper/paper_063.jpg,validation,paper,original,validation/paper/paper_063.jpg,validation/paper/paper_063.jpg
validation/paper/paper_064.jpg,validation,paper,original,validation/paper/paper_064.jpg,validation/paper/paper_064.jpg
validation/paper/paper_065.jpg,validation,paper,original,validation/paper/paper_065.jpg,validation/paper/paper_065.jpg
validation/paper/paper_066.jpg,validation,paper,original,validation/paper/paper_066.jpg,validation/paper/paper_066.jpg
validation/paper/paper_067.jpg,validation,paper,original,validation/paper/paper_067.jpg,validation/paper/paper_067.jpg
validation/paper/paper_068.jpg,validation,paper,original,validation/paper/paper_068.jpg,validation/paper/paper_068.jpg
validation/paper/paper_069.jpg,validation,paper,original,validation/paper/paper_069.jpg,validation/paper/paper_069.jpg
train/plastic/plastic_001.jpg,train,plastic,original,train/plastic/plastic_001.jpg,train/plastic/plastic_001.jpg
train/plastic/plastic_001__aug_v2_01.jpg,train,plastic,augmentation,train/plastic/plastic_001__aug_v2_01.jpg,train/plastic/plastic_001.jpg
train/plastic/plastic_001__aug_v2_02.jpg,train,plastic,augmentation,train/plastic/plastic_001__aug_v2_02.jpg,train/plastic/plastic_001.jpg
train/plastic/plastic_001__aug_v2_03.jpg,train,plastic,augmentation,train/plastic/plastic_001__aug_v2_03.jpg,train/plastic/plastic_001.jpg
train/plastic/plastic_001__aug_v2_04.jpg,train,plastic,augmentation,train/plastic/plastic_001__aug_v2_04.jpg,train/plastic/plastic_001.jpg
train/plastic/plastic_001__aug_v2_05.jpg,train,plastic,augmentation,train/plastic/plastic_001__aug_v2_05.jpg,train/plastic/plastic_001.jpg
train/plastic/plastic_001__aug_v2_06.jpg,train,plastic,augmentation,train/plastic/plastic_001__aug_v2_06.jpg,train/plastic/plastic_001.jpg
train/plastic/plastic_001__aug_v2_07.jpg,train,plastic,augmentation,train/plastic/plastic_001__aug_v2_07.jpg,train/plastic/plastic_001.jpg
train/plastic/plastic_001__aug_v2_08.jpg,train,plastic,augmentation,train/plastic/plastic_001__aug_v2_08.jpg,train/plastic/plastic_001.jpg
train/plastic/plastic_001__aug_v2_09.jpg,train,plastic,augmentation,train/plastic/plastic_001__aug_v2_09.jpg,train/plastic/plastic_001.jpg
train/plastic/plastic_002.jpg,train,plastic,original,train/plastic/plastic_002.jpg,train/plastic/plastic_002.jpg
train/plastic/plastic_002__aug_v2_01.jpg,train,plastic,augmentation,train/plastic/plastic_002__aug_v2_01.jpg,train/plastic/plastic_002.jpg
train/plastic/plastic_002__aug_v2_02.jpg,train,plastic,augmentation,train/plastic/plastic_002__aug_v2_02.jpg,train/plastic/plastic_002.jpg
train/plastic/plastic_002__aug_v2_03.jpg,train,plastic,augmentation,train/plastic/plastic_002__aug_v2_03.jpg,train/plastic/plastic_002.jpg
train/plastic/plastic_002__aug_v2_04.jpg,train,plastic,augmentation,train/plastic/plastic_002__aug_v2_04.jpg,train/plastic/plastic_002.jpg
train/plastic/plastic_002__aug_v2_05.jpg,train,plastic,augmentation,train/plastic/plastic_002__aug_v2_05.jpg,train/plastic/plastic_002.jpg
train/plastic/plastic_002__aug_v2_06.jpg,train,plastic,augmentation,train/plastic/plastic_002__aug_v2_06.jpg,train/plastic/plastic_002.jpg
train/plastic/plastic_002__aug_v2_07.jpg,train,plastic,augmentation,train/plastic/plastic_002__aug_v2_07.jpg,train/plastic/plastic_002.jpg
train/plastic/plastic_002__aug_v2_08.jpg,train,plastic,augmentation,train/plastic/plastic_002__aug_v2_08.jpg,train/plastic/plastic_002.jpg
train/plastic/plastic_002__aug_v2_09.jpg,train,plastic,augmentation,train/plastic/plastic_002__aug_v2_09.jpg,train/plastic/plastic_002.jpg
train/plastic/plastic_003.jpg,train,plastic,original,train/plastic/plastic_003.jpg,train/plastic/plastic_003.jpg
train/plastic/plastic_003__aug_v2_01.jpg,train,plastic,augmentation,train/plastic/plastic_003__aug_v2_01.jpg,train/plastic/plastic_003.jpg
train/plastic/plastic_003__aug_v2_02.jpg,train,plastic,augmentation,train/plastic/plastic_003__aug_v2_02.jpg,train/plastic/plastic_003.jpg
train/plastic/plastic_003__aug_v2_03.jpg,train,plastic,augmentation,train/plastic/plastic_003__aug_v2_03.jpg,train/plastic/plastic_003.jpg
train/plastic/plastic_003__aug_v2_04.jpg,train,plastic,augmentation,train/plastic/plastic_003__aug_v2_04.jpg,train/plastic/plastic_003.jpg
train/plastic/plastic_003__aug_v2_05.jpg,train,plastic,augmentation,train/plastic/plastic_003__aug_v2_05.jpg,train/plastic/plastic_003.jpg
train/plastic/plastic_003__aug_v2_06.jpg,train,plastic,augmentation,train/plastic/plastic_003__aug_v2_06.jpg,train/plastic/plastic_003.jpg
train/plastic/plastic_003__aug_v2_07.jpg,train,plastic,augmentation,train/plastic/plastic_003__aug_v2_07.jpg,train/plastic/plastic_003.jpg
train/plastic/plastic_003__aug_v2_08.jpg,train,plastic,augmentation,train/plastic/plastic_003__aug_v2_08.jpg,train/plastic/plastic_003.jpg
train/plastic/plastic_003__aug_v2_09.jpg,train,plastic,augmentation,train/plastic/plastic_003__aug_v2_09.jpg,train/plastic/plastic_003.jpg
train/plastic/plastic_004.jpg,train,plastic,original,train/plastic/plastic_004.jpg,train/plastic/plastic_004.jpg
train/plastic/plastic_004__aug_v2_01.jpg,train,plastic,augmentation,train/plastic/plastic_004__aug_v2_01.jpg,train/plastic/plastic_004.jpg
train/plastic/plastic_004__aug_v2_02.jpg,train,plastic,augmentation,train/plastic/plastic_004__aug_v2_02.jpg,train/plastic/plastic_004.jpg
train/plastic/plastic_004__aug_v2_03.jpg,train,plastic,augmentation,train/plastic/plastic_004__aug_v2_03.jpg,train/plastic/plastic_004.jpg
train/plastic/plastic_004__aug_v2_04.jpg,train,plastic,augmentation,train/plastic/plastic_004__aug_v2_04.jpg,train/plastic/plastic_004.jpg
train/plastic/plastic_004__aug_v2_05.jpg,train,plastic,augmentation,train/plastic/plastic_004__aug_v2_05.jpg,train/plastic/plastic_004.jpg
train/plastic/plastic_004__aug_v2_06.jpg,train,plastic,augmentation,train/plastic/plastic_004__aug_v2_06.jpg,train/plastic/plastic_004.jpg
train/plastic/plastic_004__aug_v2_07.jpg,train,plastic,augmentation,train/plastic/plastic_004__aug_v2_07.jpg,train/plastic/plastic_004.jpg
train/plastic/plastic_004__aug_v2_08.jpg,train,plastic,augmentation,train/plastic/plastic_004__aug_v2_08.jpg,train/plastic/plastic_004.jpg
train/plastic/plastic_004__aug_v2_09.jpg,train,plastic,augmentation,train/plastic/plastic_004__aug_v2_09.jpg,train/plastic/plastic_004.jpg
train/plastic/plastic_005.jpg,train,plastic,original,train/plastic/plastic_005.jpg,train/plastic/plastic_005.jpg
train/plastic/plastic_005__aug_v2_01.jpg,train,plastic,augmentation,train/plastic/plastic_005__aug_v2_01.jpg,train/plastic/plastic_005.jpg
train/plastic/plastic_005__aug_v2_02.jpg,train,plastic,augmentation,train/plastic/plastic_005__aug_v2_02.jpg,train/plastic/plastic_005.jpg
train/plastic/plastic_005__aug_v2_03.jpg,train,plastic,augmentation,train/plastic/plastic_005__aug_v2_03.jpg,train/plastic/plastic_005.jpg
train/plastic/plastic_005__aug_v2_04.jpg,train,plastic,augmentation,train/plastic/plastic_005__aug_v2_04.jpg,train/plastic/plastic_005.jpg
train/plastic/plastic_005__aug_v2_05.jpg,train,plastic,augmentation,train/plastic/plastic_005__aug_v2_05.jpg,train/plastic/plastic_005.jpg
train/plastic/plastic_005__aug_v2_06.jpg,train,plastic,augmentation,train/plastic/plastic_005__aug_v2_06.jpg,train/plastic/plastic_005.jpg
train/plastic/plastic_005__aug_v2_07.jpg,train,plastic,augmentation,train/plastic/plastic_005__aug_v2_07.jpg,train/plastic/plastic_005.jpg
train/plastic/plastic_005__aug_v2_08.jpg,train,plastic,augmentation,train/plastic/plastic_005__aug_v2_08.jpg,train/plastic/plastic_005.jpg
train/plastic/plastic_005__aug_v2_09.jpg,train,plastic,augmentation,train/plastic/plastic_005__aug_v2_09.jpg,train/plastic/plastic_005.jpg
train/plastic/plastic_006.jpg,train,plastic,original,train/plastic/plastic_006.jpg,train/plastic/plastic_006.jpg
train/plastic/plastic_006__aug_v2_01.jpg,train,plastic,augmentation,train/plastic/plastic_006__aug_v2_01.jpg,train/plastic/plastic_006.jpg
train/plastic/plastic_006__aug_v2_02.jpg,train,plastic,augmentation,train/plastic/plastic_006__aug_v2_02.jpg,train/plastic/plastic_006.jpg
train/plastic/plastic_006__aug_v2_03.jpg,train,plastic,augmentation,train/plastic/plastic_006__aug_v2_03.jpg,train/plastic/plastic_006.jpg
train/plastic/plastic_006__aug_v2_04.jpg,train,plastic,augmentation,train/plastic/plastic_006__aug_v2_04.jpg,train/plastic/plastic_006.jpg
train/plastic/plastic_006__aug_v2_05.jpg,train,plastic,augmentation,train/plastic/plastic_006__aug_v2_05.jpg,train/plastic/plastic_006.jpg
train/plastic/plastic_006__aug_v2_06.jpg,train,plastic,augmentation,train/plastic/plastic_006__aug_v2_06.jpg,train/plastic/plastic_006.jpg
train/plastic/plastic_006__aug_v2_07.jpg,train,plastic,augmentation,train/plastic/plastic_006__aug_v2_07.jpg,train/plastic/plastic_006.jpg
train/plastic/plastic_006__aug_v2_08.jpg,train,plastic,augmentation,train/plastic/plastic_006__aug_v2_08.jpg,train/plastic/plastic_006.jpg
train/plastic/plastic_006__aug_v2_09.jpg,train,plastic,augmentation,train/plastic/plastic_006__aug_v2_09.jpg,train/plastic/plastic_006.jpg
train/plastic/plastic_007.jpg,train,plastic,original,train/plastic/plastic_007.jpg,train/plastic/plastic_007.jpg
train/plastic/plastic_007__aug_v2_01.jpg,train,plastic,augmentation,train/plastic/plastic_007__aug_v2_01.jpg,train/plastic/plastic_007.jpg
train/plastic/plastic_007__aug_v2_02.jpg,train,plastic,augmentation,train/plastic/plastic_007__aug_v2_02.jpg,train/plastic/plastic_007.jpg
train/plastic/plastic_007__aug_v2_03.jpg,train,plastic,augmentation,train/plastic/plastic_007__aug_v2_03.jpg,train/plastic/plastic_007.jpg
train/plastic/plastic_007__aug_v2_04.jpg,train,plastic,augmentation,train/plastic/plastic_007__aug_v2_04.jpg,train/plastic/plastic_007.jpg
train/plastic/plastic_007__aug_v2_05.jpg,train,plastic,augmentation,train/plastic/plastic_007__aug_v2_05.jpg,train/plastic/plastic_007.jpg
train/plastic/plastic_007__aug_v2_06.jpg,train,plastic,augmentation,train/plastic/plastic_007__aug_v2_06.jpg,train/plastic/plastic_007.jpg
train/plastic/plastic_007__aug_v2_07.jpg,train,plastic,augmentation,train/plastic/plastic_007__aug_v2_07.jpg,train/plastic/plastic_007.jpg
train/plastic/plastic_007__aug_v2_08.jpg,train,plastic,augmentation,train/plastic/plastic_007__aug_v2_08.jpg,train/plastic/plastic_007.jpg
train/plastic/plastic_007__aug_v2_09.jpg,train,plastic,augmentation,train/plastic/plastic_007__aug_v2_09.jpg,train/plastic/plastic_007.jpg
train/plastic/plastic_008.jpg,train,plastic,original,train/plastic/plastic_008.jpg,train/plastic/plastic_008.jpg
train/plastic/plastic_008__aug_v2_01.jpg,train,plastic,augmentation,train/plastic/plastic_008__aug_v2_01.jpg,train/plastic/plastic_008.jpg
train/plastic/plastic_008__aug_v2_02.jpg,train,plastic,augmentation,train/plastic/plastic_008__aug_v2_02.jpg,train/plastic/plastic_008.jpg
train/plastic/plastic_008__aug_v2_03.jpg,train,plastic,augmentation,train/plastic/plastic_008__aug_v2_03.jpg,train/plastic/plastic_008.jpg
train/plastic/plastic_008__aug_v2_04.jpg,train,plastic,augmentation,train/plastic/plastic_008__aug_v2_04.jpg,train/plastic/plastic_008.jpg
train/plastic/plastic_008__aug_v2_05.jpg,train,plastic,augmentation,train/plastic/plastic_008__aug_v2_05.jpg,train/plastic/plastic_008.jpg
train/plastic/plastic_008__aug_v2_06.jpg,train,plastic,augmentation,train/plastic/plastic_008__aug_v2_06.jpg,train/plastic/plastic_008.jpg
train/plastic/plastic_008__aug_v2_07.jpg,train,plastic,augmentation,train/plastic/plastic_008__aug_v2_07.jpg,train/plastic/plastic_008.jpg
train/plastic/plastic_008__aug_v2_08.jpg,train,plastic,augmentation,train/plastic/plastic_008__aug_v2_08.jpg,train/plastic/plastic_008.jpg
train/plastic/plastic_008__aug_v2_09.jpg,train,plastic,augmentation,train/plastic/plastic_008__aug_v2_09.jpg,train/plastic/plastic_008.jpg
train/plastic/plastic_009.jpg,train,plastic,original,train/plastic/plastic_009.jpg,train/plastic/plastic_009.jpg
train/plastic/plastic_009__aug_v2_01.jpg,train,plastic,augmentation,train/plastic/plastic_009__aug_v2_01.jpg,train/plastic/plastic_009.jpg
train/plastic/plastic_009__aug_v2_02.jpg,train,plastic,augmentation,train/plastic/plastic_009__aug_v2_02.jpg,train/plastic/plastic_009.jpg
train/plastic/plastic_009__aug_v2_03.jpg,train,plastic,augmentation,train/plastic/plastic_009__aug_v2_03.jpg,train/plastic/plastic_009.jpg
train/plastic/plastic_009__aug_v2_04.jpg,train,plastic,augmentation,train/plastic/plastic_009__aug_v2_04.jpg,train/plastic/plastic_009.jpg
train/plastic/plastic_009__aug_v2_05.jpg,train,plastic,augmentation,train/plastic/plastic_009__aug_v2_05.jpg,train/plastic/plastic_009.jpg
train/plastic/plastic_009__aug_v2_06.jpg,train,plastic,augmentation,train/plastic/plastic_009__aug_v2_06.jpg,train/plastic/plastic_009.jpg
train/plastic/plastic_009__aug_v2_07.jpg,train,plastic,augmentation,train/plastic/plastic_009__aug_v2_07.jpg,train/plastic/plastic_009.jpg
train/plastic/plastic_009__aug_v2_08.jpg,train,plastic,augmentation,train/plastic/plastic_009__aug_v2_08.jpg,train/plastic/plastic_009.jpg
train/plastic/plastic_009__aug_v2_09.jpg,train,plastic,augmentation,train/plastic/plastic_009__aug_v2_09.jpg,train/plastic/plastic_009.jpg
train/plastic/plastic_013.jpg,train,plastic,original,train/plastic/plastic_013.jpg,train/plastic/plastic_013.jpg
train/plastic/plastic_013__aug_v2_01.jpg,train,plastic,augmentation,train/plastic/plastic_013__aug_v2_01.jpg,train/plastic/plastic_013.jpg
train/plastic/plastic_013__aug_v2_02.jpg,train,plastic,augmentation,train/plastic/plastic_013__aug_v2_02.jpg,train/plastic/plastic_013.jpg
train/plastic/plastic_013__aug_v2_03.jpg,train,plastic,augmentation,train/plastic/plastic_013__aug_v2_03.jpg,train/plastic/plastic_013.jpg
train/plastic/plastic_013__aug_v2_04.jpg,train,plastic,augmentation,train/plastic/plastic_013__aug_v2_04.jpg,train/plastic/plastic_013.jpg
train/plastic/plastic_013__aug_v2_05.jpg,train,plastic,augmentation,train/plastic/plastic_013__aug_v2_05.jpg,train/plastic/plastic_013.jpg
train/plastic/plastic_013__aug_v2_06.jpg,train,plastic,augmentation,train/plastic/plastic_013__aug_v2_06.jpg,train/plastic/plastic_013.jpg
train/plastic/plastic_013__aug_v2_07.jpg,train,plastic,augmentation,train/plastic/plastic_013__aug_v2_07.jpg,train/plastic/plastic_013.jpg
train/plastic/plastic_013__aug_v2_08.jpg,train,plastic,augmentation,train/plastic/plastic_013__aug_v2_08.jpg,train/plastic/plastic_013.jpg
train/plastic/plastic_013__aug_v2_09.jpg,train,plastic,augmentation,train/plastic/plastic_013__aug_v2_09.jpg,train/plastic/plastic_013.jpg
train/plastic/plastic_014.jpg,train,plastic,original,train/plastic/plastic_014.jpg,train/plastic/plastic_014.jpg
train/plastic/plastic_014__aug_v2_01.jpg,train,plastic,augmentation,train/plastic/plastic_014__aug_v2_01.jpg,train/plastic/plastic_014.jpg
train/plastic/plastic_014__aug_v2_02.jpg,train,plastic,augmentation,train/plastic/plastic_014__aug_v2_02.jpg,train/plastic/plastic_014.jpg
train/plastic/plastic_014__aug_v2_03.jpg,train,plastic,augmentation,train/plastic/plastic_014__aug_v2_03.jpg,train/plastic/plastic_014.jpg
train/plastic/plastic_014__aug_v2_04.jpg,train,plastic,augmentation,train/plastic/plastic_014__aug_v2_04.jpg,train/plastic/plastic_014.jpg
train/plastic/plastic_014__aug_v2_05.jpg,train,plastic,augmentation,train/plastic/plastic_014__aug_v2_05.jpg,train/plastic/plastic_014.jpg
train/plastic/plastic_014__aug_v2_06.jpg,train,plastic,augmentation,train/plastic/plastic_014__aug_v2_06.jpg,train/plastic/plastic_014.jpg
train/plastic/plastic_014__aug_v2_07.jpg,train,plastic,augmentation,train/plastic/plastic_014__aug_v2_07.jpg,train/plastic/plastic_014.jpg
train/plastic/plastic_014__aug_v2_08.jpg,train,plastic,augmentation,train/plastic/plastic_014__aug_v2_08.jpg,train/plastic/plastic_014.jpg
train/plastic/plastic_014__aug_v2_09.jpg,train,plastic,augmentation,train/plastic/plastic_014__aug_v2_09.jpg,train/plastic/plastic_014.jpg
train/plastic/plastic_016.jpg,train,plastic,original,train/plastic/plastic_016.jpg,train/plastic/plastic_016.jpg
train/plastic/plastic_016__aug_v2_01.jpg,train,plastic,augmentation,train/plastic/plastic_016__aug_v2_01.jpg,train/plastic/plastic_016.jpg
train/plastic/plastic_016__aug_v2_02.jpg,train,plastic,augmentation,train/plastic/plastic_016__aug_v2_02.jpg,train/plastic/plastic_016.jpg
train/plastic/plastic_016__aug_v2_03.jpg,train,plastic,augmentation,train/plastic/plastic_016__aug_v2_03.jpg,train/plastic/plastic_016.jpg
train/plastic/plastic_016__aug_v2_04.jpg,train,plastic,augmentation,train/plastic/plastic_016__aug_v2_04.jpg,train/plastic/plastic_016.jpg
train/plastic/plastic_016__aug_v2_05.jpg,train,plastic,augmentation,train/plastic/plastic_016__aug_v2_05.jpg,train/plastic/plastic_016.jpg
train/plastic/plastic_016__aug_v2_06.jpg,train,plastic,augmentation,train/plastic/plastic_016__aug_v2_06.jpg,train/plastic/plastic_016.jpg
train/plastic/plastic_016__aug_v2_07.jpg,train,plastic,augmentation,train/plastic/plastic_016__aug_v2_07.jpg,train/plastic/plastic_016.jpg
train/plastic/plastic_016__aug_v2_08.jpg,train,plastic,augmentation,train/plastic/plastic_016__aug_v2_08.jpg,train/plastic/plastic_016.jpg
train/plastic/plastic_016__aug_v2_09.jpg,train,plastic,augmentation,train/plastic/plastic_016__aug_v2_09.jpg,train/plastic/plastic_016.jpg
train/plastic/plastic_017.jpg,train,plastic,original,train/plastic/plastic_017.jpg,train/plastic/plastic_017.jpg
train/plastic/plastic_017__aug_v2_01.jpg,train,plastic,augmentation,train/plastic/plastic_017__aug_v2_01.jpg,train/plastic/plastic_017.jpg
train/plastic/plastic_017__aug_v2_02.jpg,train,plastic,augmentation,train/plastic/plastic_017__aug_v2_02.jpg,train/plastic/plastic_017.jpg
train/plastic/plastic_017__aug_v2_03.jpg,train,plastic,augmentation,train/plastic/plastic_017__aug_v2_03.jpg,train/plastic/plastic_017.jpg
train/plastic/plastic_017__aug_v2_04.jpg,train,plastic,augmentation,train/plastic/plastic_017__aug_v2_04.jpg,train/plastic/plastic_017.jpg
train/plastic/plastic_017__aug_v2_05.jpg,train,plastic,augmentation,train/plastic/plastic_017__aug_v2_05.jpg,train/plastic/plastic_017.jpg
train/plastic/plastic_017__aug_v2_06.jpg,train,plastic,augmentation,train/plastic/plastic_017__aug_v2_06.jpg,train/plastic/plastic_017.jpg
train/plastic/plastic_017__aug_v2_07.jpg,train,plastic,augmentation,train/plastic/plastic_017__aug_v2_07.jpg,train/plastic/plastic_017.jpg
train/plastic/plastic_017__aug_v2_08.jpg,train,plastic,augmentation,train/plastic/plastic_017__aug_v2_08.jpg,train/plastic/plastic_017.jpg
train/plastic/plastic_017__aug_v2_09.jpg,train,plastic,augmentation,train/plastic/plastic_017__aug_v2_09.jpg,train/plastic/plastic_017.jpg
train/plastic/plastic_018.jpg,train,plastic,original,train/plastic/plastic_018.jpg,train/plastic/plastic_018.jpg
train/plastic/plastic_018__aug_v2_01.jpg,train,plastic,augmentation,train/plastic/plastic_018__aug_v2_01.jpg,train/plastic/plastic_018.jpg
train/plastic/plastic_018__aug_v2_02.jpg,train,plastic,augmentation,train/plastic/plastic_018__aug_v2_02.jpg,train/plastic/plastic_018.jpg
train/plastic/plastic_018__aug_v2_03.jpg,train,plastic,augmentation,train/plastic/plastic_018__aug_v2_03.jpg,train/plastic/plastic_018.jpg
train/plastic/plastic_018__aug_v2_04.jpg,train,plastic,augmentation,train/plastic/plastic_018__aug_v2_04.jpg,train/plastic/plastic_018.jpg
train/plastic/plastic_018__aug_v2_05.jpg,train,plastic,augmentation,train/plastic/plastic_018__aug_v2_05.jpg,train/plastic/plastic_018.jpg
train/plastic/plastic_018__aug_v2_06.jpg,train,plastic,augmentation,train/plastic/plastic_018__aug_v2_06.jpg,train/plastic/plastic_018.jpg
train/plastic/plastic_018__aug_v2_07.jpg,train,plastic,augmentation,train/plastic/plastic_018__aug_v2_07.jpg,train/plastic/plastic_018.jpg
train/plastic/plastic_018__aug_v2_08.jpg,train,plastic,augmentation,train/plastic/plastic_018__aug_v2_08.jpg,train/plastic/plastic_018.jpg
train/plastic/plastic_018__aug_v2_09.jpg,train,plastic,augmentation,train/plastic/plastic_018__aug_v2_09.jpg,train/plastic/plastic_018.jpg
train/plastic/plastic_019.jpg,train,plastic,original,train/plastic/plastic_019.jpg,train/plastic/plastic_019.jpg
train/plastic/plastic_019__aug_v2_01.jpg,train,plastic,augmentation,train/plastic/plastic_019__aug_v2_01.jpg,train/plastic/plastic_019.jpg
train/plastic/plastic_019__aug_v2_02.jpg,train,plastic,augmentation,train/plastic/plastic_019__aug_v2_02.jpg,train/plastic/plastic_019.jpg
train/plastic/plastic_019__aug_v2_03.jpg,train,plastic,augmentation,train/plastic/plastic_019__aug_v2_03.jpg,train/plastic/plastic_019.jpg
train/plastic/plastic_019__aug_v2_04.jpg,train,plastic,augmentation,train/plastic/plastic_019__aug_v2_04.jpg,train/plastic/plastic_019.jpg
train/plastic/plastic_019__aug_v2_05.jpg,train,plastic,augmentation,train/plastic/plastic_019__aug_v2_05.jpg,train/plastic/plastic_019.jpg
train/plastic/plastic_019__aug_v2_06.jpg,train,plastic,augmentation,train/plastic/plastic_019__aug_v2_06.jpg,train/plastic/plastic_019.jpg
train/plastic/plastic_019__aug_v2_07.jpg,train,plastic,augmentation,train/plastic/plastic_019__aug_v2_07.jpg,train/plastic/plastic_019.jpg
train/plastic/plastic_019__aug_v2_08.jpg,train,plastic,augmentation,train/plastic/plastic_019__aug_v2_08.jpg,train/plastic/plastic_019.jpg
train/plastic/plastic_019__aug_v2_09.jpg,train,plastic,augmentation,train/plastic/plastic_019__aug_v2_09.jpg,train/plastic/plastic_019.jpg
train/plastic/plastic_020.jpg,train,plastic,original,train/plastic/plastic_020.jpg,train/plastic/plastic_020.jpg
train/plastic/plastic_020__aug_v2_01.jpg,train,plastic,augmentation,train/plastic/plastic_020__aug_v2_01.jpg,train/plastic/plastic_020.jpg
train/plastic/plastic_020__aug_v2_02.jpg,train,plastic,augmentation,train/plastic/plastic_020__aug_v2_02.jpg,train/plastic/plastic_020.jpg
train/plastic/plastic_020__aug_v2_03.jpg,train,plastic,augmentation,train/plastic/plastic_020__aug_v2_03.jpg,train/plastic/plastic_020.jpg
train/plastic/plastic_020__aug_v2_04.jpg,train,plastic,augmentation,train/plastic/plastic_020__aug_v2_04.jpg,train/plastic/plastic_020.jpg
train/plastic/plastic_020__aug_v2_05.jpg,train,plastic,augmentation,train/plastic/plastic_020__aug_v2_05.jpg,train/plastic/plastic_020.jpg
train/plastic/plastic_020__aug_v2_06.jpg,train,plastic,augmentation,train/plastic/plastic_020__aug_v2_06.jpg,train/plastic/plastic_020.jpg
train/plastic/plastic_020__aug_v2_07.jpg,train,plastic,augmentation,train/plastic/plastic_020__aug_v2_07.jpg,train/plastic/plastic_020.jpg
train/plastic/plastic_020__aug_v2_08.jpg,train,plastic,augmentation,train/plastic/plastic_020__aug_v2_08.jpg,train/plastic/plastic_020.jpg
train/plastic/plastic_020__aug_v2_09.jpg,train,plastic,augmentation,train/plastic/plastic_020__aug_v2_09.jpg,train/plastic/plastic_020.jpg
test/plastic/plastic_010.jpg,test,plastic,original,train/plastic/plastic_010.jpg,train/plastic/plastic_010.jpg
test/plastic/plastic_011.jpg,test,plastic,original,train/plastic/plastic_011.jpg,train/plastic/plastic_011.jpg
test/plastic/plastic_012.jpg,test,plastic,original,train/plastic/plastic_012.jpg,train/plastic/plastic_012.jpg
test/plastic/plastic_015.jpg,test,plastic,original,train/plastic/plastic_015.jpg,train/plastic/plastic_015.jpg
validation/plastic/plastic_001.jpg,validation,plastic,original,validation/plastic/plastic_001.jpg,validation/plastic/plastic_001.jpg
validation/plastic/plastic_002.jpg,validation,plastic,original,validation/plastic/plastic_002.jpg,validation/plastic/plastic_002.jpg
validation/plastic/plastic_003.jpg,validation,plastic,original,validation/plastic/plastic_003.jpg,validation/plastic/plastic_003.jpg
validation/plastic/plastic_004.jpg,validation,plastic,original,validation/plastic/plastic_004.jpg,validation/plastic/plastic_004.jpg
validation/plastic/plastic_005.jpg,validation,plastic,original,validation/plastic/plastic_005.jpg,validation/plastic/plastic_005.jpg
train/organic/organic_001.jpg,train,organic,original,train/organic/organic_001.jpg,train/organic/organic_001.jpg
train/organic/organic_001__aug_v2_01.jpg,train,organic,augmentation,train/organic/organic_001__aug_v2_01.jpg,train/organic/organic_001.jpg
train/organic/organic_001__aug_v2_02.jpg,train,organic,augmentation,train/organic/organic_001__aug_v2_02.jpg,train/organic/organic_001.jpg
train/organic/organic_001__aug_v2_03.jpg,train,organic,augmentation,train/organic/organic_001__aug_v2_03.jpg,train/organic/organic_001.jpg
train/organic/organic_001__aug_v2_04.jpg,train,organic,augmentation,train/organic/organic_001__aug_v2_04.jpg,train/organic/organic_001.jpg
train/organic/organic_001__aug_v2_05.jpg,train,organic,augmentation,train/organic/organic_001__aug_v2_05.jpg,train/organic/organic_001.jpg
train/organic/organic_001__aug_v2_06.jpg,train,organic,augmentation,train/organic/organic_001__aug_v2_06.jpg,train/organic/organic_001.jpg
train/organic/organic_001__aug_v2_07.jpg,train,organic,augmentation,train/organic/organic_001__aug_v2_07.jpg,train/organic/organic_001.jpg
train/organic/organic_001__aug_v2_08.jpg,train,organic,augmentation,train/organic/organic_001__aug_v2_08.jpg,train/organic/organic_001.jpg
train/organic/organic_001__aug_v2_09.jpg,train,organic,augmentation,train/organic/organic_001__aug_v2_09.jpg,train/organic/organic_001.jpg
train/organic/organic_002.jpg,train,organic,original,train/organic/organic_002.jpg,train/organic/organic_002.jpg
train/organic/organic_002__aug_v2_01.jpg,train,organic,augmentation,train/organic/organic_002__aug_v2_01.jpg,train/organic/organic_002.jpg
train/organic/organic_002__aug_v2_02.jpg,train,organic,augmentation,train/organic/organic_002__aug_v2_02.jpg,train/organic/organic_002.jpg
train/organic/organic_002__aug_v2_03.jpg,train,organic,augmentation,train/organic/organic_002__aug_v2_03.jpg,train/organic/organic_002.jpg
train/organic/organic_002__aug_v2_04.jpg,train,organic,augmentation,train/organic/organic_002__aug_v2_04.jpg,train/organic/organic_002.jpg
train/organic/organic_002__aug_v2_05.jpg,train,organic,augmentation,train/organic/organic_002__aug_v2_05.jpg,train/organic/organic_002.jpg
train/organic/organic_002__aug_v2_06.jpg,train,organic,augmentation,train/organic/organic_002__aug_v2_06.jpg,train/organic/organic_002.jpg
train/organic/organic_002__aug_v2_07.jpg,train,organic,augmentation,train/organic/organic_002__aug_v2_07.jpg,train/organic/organic_002.jpg
train/organic/organic_002__aug_v2_08.jpg,train,organic,augmentation,train/organic/organic_002__aug_v2_08.jpg,train/organic/organic_002.jpg
train/organic/organic_002__aug_v2_09.jpg,train,organic,augmentation,train/organic/organic_002__aug_v2_09.jpg,train/organic/organic_002.jpg
train/organic/organic_003.jpg,train,organic,original,train/organic/organic_003.jpg,train/organic/organic_003.jpg
train/organic/organic_003__aug_v2_01.jpg,train,organic,augmentation,train/organic/organic_003__aug_v2_01.jpg,train/organic/organic_003.jpg
train/organic/organic_003__aug_v2_02.jpg,train,organic,augmentation,train/organic/organic_003__aug_v2_02.jpg,train/organic/organic_003.jpg
train/organic/organic_003__aug_v2_03.jpg,train,organic,augmentation,train/organic/organic_003__aug_v2_03.jpg,train/organic/organic_003.jpg
train/organic/organic_003__aug_v2_04.jpg,train,organic,augmentation,train/organic/organic_003__aug_v2_04.jpg,train/organic/organic_003.jpg
train/organic/organic_003__aug_v2_05.jpg,train,organic,augmentation,train/organic/organic_003__aug_v2_05.jpg,train/organic/organic_003.jpg
train/organic/organic_003__aug_v2_06.jpg,train,organic,augmentation,train/organic/organic_003__aug_v2_06.jpg,train/organic/organic_003.jpg
train/organic/organic_003__aug_v2_07.jpg,train,organic,augmentation,train/organic/organic_003__aug_v2_07.jpg,train/organic/organic_003.jpg
train/organic/organic_003__aug_v2_08.jpg,train,organic,augmentation,train/organic/organic_003__aug_v2_08.jpg,train/organic/organic_003.jpg
train/organic/organic_003__aug_v2_09.jpg,train,organic,augmentation,train/organic/organic_003__aug_v2_09.jpg,train/organic/organic_003.jpg
train/organic/organic_006.jpg,train,organic,original,train/organic/organic_006.jpg,train/organic/organic_006.jpg
train/organic/organic_006__aug_v2_01.jpg,train,organic,augmentation,train/organic/organic_006__aug_v2_01.jpg,train/organic/organic_006.jpg
train/organic/organic_006__aug_v2_02.jpg,train,organic,augmentation,train/organic/organic_006__aug_v2_02.jpg,train/organic/organic_006.jpg
train/organic/organic_006__aug_v2_03.jpg,train,organic,augmentation,train/organic/organic_006__aug_v2_03.jpg,train/organic/organic_006.jpg
train/organic/organic_006__aug_v2_04.jpg,train,organic,augmentation,train/organic/organic_006__aug_v2_04.jpg,train/organic/organic_006.jpg
train/organic/organic_006__aug_v2_05.jpg,train,organic,augmentation,train/organic/organic_006__aug_v2_05.jpg,train/organic/organic_006.jpg
train/organic/organic_006__aug_v2_06.jpg,train,organic,augmentation,train/organic/organic_006__aug_v2_06.jpg,train/organic/organic_006.jpg
train/organic/organic_006__aug_v2_07.jpg,train,organic,augmentation,train/organic/organic_006__aug_v2_07.jpg,train/organic/organic_006.jpg
train/organic/organic_006__aug_v2_08.jpg,train,organic,augmentation,train/organic/organic_006__aug_v2_08.jpg,train/organic/organic_006.jpg
train/organic/organic_006__aug_v2_09.jpg,train,organic,augmentation,train/organic/organic_006__aug_v2_09.jpg,train/organic/organic_006.jpg
train/organic/organic_007.jpg,train,organic,original,train/organic/organic_007.jpg,train/organic/organic_007.jpg
train/organic/organic_007__aug_v2_01.jpg,train,organic,augmentation,train/organic/organic_007__aug_v2_01.jpg,train/organic/organic_007.jpg
train/organic/organic_007__aug_v2_02.jpg,train,organic,augmentation,train/organic/organic_007__aug_v2_02.jpg,train/organic/organic_007.jpg
train/organic/organic_007__aug_v2_03.jpg,train,organic,augmentation,train/organic/organic_007__aug_v2_03.jpg,train/organic/organic_007.jpg
train/organic/organic_007__aug_v2_04.jpg,train,organic,augmentation,train/organic/organic_007__aug_v2_04.jpg,train/organic/organic_007.jpg
train/organic/organic_007__aug_v2_05.jpg,train,organic,augmentation,train/organic/organic_007__aug_v2_05.jpg,train/organic/organic_007.jpg
train/organic/organic_007__aug_v2_06.jpg,train,organic,augmentation,train/organic/organic_007__aug_v2_06.jpg,train/organic/organic_007.jpg
train/organic/organic_007__aug_v2_07.jpg,train,organic,augmentation,train/organic/organic_007__aug_v2_07.jpg,train/organic/organic_007.jpg
train/organic/organic_007__aug_v2_08.jpg,train,organic,augmentation,train/organic/organic_007__aug_v2_08.jpg,train/organic/organic_007.jpg
train/organic/organic_007__aug_v2_09.jpg,train,organic,augmentation,train/organic/organic_007__aug_v2_09.jpg,train/organic/organic_007.jpg
train/organic/organic_008.jpg,train,organic,original,train/organic/organic_008.jpg,train/organic/organic_008.jpg
train/organic/organic_008__aug_v2_01.jpg,train,organic,augmentation,train/organic/organic_008__aug_v2_01.jpg,train/organic/organic_008.jpg
train/organic/organic_008__aug_v2_02.jpg,train,organic,augmentation,train/organic/organic_008__aug_v2_02.jpg,train/organic/organic_008.jpg
train/organic/organic_008__aug_v2_03.jpg,train,organic,augmentation,train/organic/organic_008__aug_v2_03.jpg,train/organic/organic_008.jpg
train/organic/organic_008__aug_v2_04.jpg,train,organic,augmentation,train/organic/organic_008__aug_v2_04.jpg,train/organic/organic_008.jpg
train/organic/organic_008__aug_v2_05.jpg,train,organic,augmentation,train/organic/organic_008__aug_v2_05.jpg,train/organic/organic_008.jpg
train/organic/organic_008__aug_v2_06.jpg,train,organic,augmentation,train/organic/organic_008__aug_v2_06.jpg,train/organic/organic_008.jpg
train/organic/organic_008__aug_v2_07.jpg,train,organic,augmentation,train/organic/organic_008__aug_v2_07.jpg,train/organic/organic_008.jpg
train/organic/organic_008__aug_v2_08.jpg,train,organic,augmentation,train/organic/organic_008__aug_v2_08.jpg,train/organic/organic_008.jpg
train/organic/organic_008__aug_v2_09.jpg,train,organic,augmentation,train/organic/organic_008__aug_v2_09.jpg,train/organic/organic_008.jpg
train/organic/organic_009.jpg,train,organic,original,train/organic/organic_009.jpg,train/organic/organic_009.jpg
train/organic/organic_009__aug_v2_01.jpg,train,organic,augmentation,train/organic/organic_009__aug_v2_01.jpg,train/organic/organic_009.jpg
train/organic/organic_009__aug_v2_02.jpg,train,organic,augmentation,train/organic/organic_009__aug_v2_02.jpg,train/organic/organic_009.jpg
train/organic/organic_009__aug_v2_03.jpg,train,organic,augmentation,train/organic/organic_009__aug_v2_03.jpg,train/organic/organic_009.jpg
train/organic/organic_009__aug_v2_04.jpg,train,organic,augmentation,train/organic/organic_009__aug_v2_04.jpg,train/organic/organic_009.jpg
train/organic/organic_009__aug_v2_05.jpg,train,organic,augmentation,train/organic/organic_009__aug_v2_05.jpg,train/organic/organic_009.jpg
train/organic/organic_009__aug_v2_06.jpg,train,organic,augmentation,train/organic/organic_009__aug_v2_06.jpg,train/organic/organic_009.jpg
train/organic/organic_009__aug_v2_07.jpg,train,organic,augmentation,train/organic/organic_009__aug_v2_07.jpg,train/organic/organic_009.jpg
train/organic/organic_009__aug_v2_08.jpg,train,organic,augmentation,train/organic/organic_009__aug_v2_08.jpg,train/organic/organic_009.jpg
train/organic/organic_009__aug_v2_09.jpg,train,organic,augmentation,train/organic/organic_009__aug_v2_09.jpg,train/organic/organic_009.jpg
train/organic/organic_010.jpg,train,organic,original,train/organic/organic_010.jpg,train/organic/organic_010.jpg
train/organic/organic_010__aug_v2_01.jpg,train,organic,augmentation,train/organic/organic_010__aug_v2_01.jpg,train/organic/organic_010.jpg
train/organic/organic_010__aug_v2_02.jpg,train,organic,augmentation,train/organic/organic_010__aug_v2_02.jpg,train/organic/organic_010.jpg
train/organic/organic_010__aug_v2_03.jpg,train,organic,augmentation,train/organic/organic_010__aug_v2_03.jpg,train/organic/organic_010.jpg
train/organic/organic_010__aug_v2_04.jpg,train,organic,augmentation,train/organic/organic_010__aug_v2_04.jpg,train/organic/organic_010.jpg
train/organic/organic_010__aug_v2_05.jpg,train,organic,augmentation,train/organic/organic_010__aug_v2_05.jpg,train/organic/organic_010.jpg
train/organic/organic_010__aug_v2_06.jpg,train,organic,augmentation,train/organic/organic_010__aug_v2_06.jpg,train/organic/organic_010.jpg
train/organic/organic_010__aug_v2_07.jpg,train,organic,augmentation,train/organic/organic_010__aug_v2_07.jpg,train/organic/organic_010.jpg
train/organic/organic_010__aug_v2_08.jpg,train,organic,augmentation,train/organic/organic_010__aug_v2_08.jpg,train/organic/organic_010.jpg
train/organic/organic_010__aug_v2_09.jpg,train,organic,augmentation,train/organic/organic_010__aug_v2_09.jpg,train/organic/organic_010.jpg
train/organic/organic_011.jpg,train,organic,original,train/organic/organic_011.jpg,train/organic/organic_011.jpg
train/organic/organic_011__aug_v2_01.jpg,train,organic,augmentation,train/organic/organic_011__aug_v2_01.jpg,train/organic/organic_011.jpg
train/organic/organic_011__aug_v2_02.jpg,train,organic,augmentation,train/organic/organic_011__aug_v2_02.jpg,train/organic/organic_011.jpg
train/organic/organic_011__aug_v2_03.jpg,train,organic,augmentation,train/organic/organic_011__aug_v2_03.jpg,train/organic/organic_011.jpg
train/organic/organic_011__aug_v2_04.jpg,train,organic,augmentation,train/organic/organic_011__aug_v2_04.jpg,train/organic/organic_011.jpg
train/organic/organic_011__aug_v2_05.jpg,train,organic,augmentation,train/organic/organic_011__aug_v2_05.jpg,train/organic/organic_011.jpg
train/organic/organic_011__aug_v2_06.jpg,train,organic,augmentation,train/organic/organic_011__aug_v2_06.jpg,train/organic/organic_011.jpg
train/organic/organic_011__aug_v2_07.jpg,train,organic,augmentation,train/organic/organic_011__aug_v2_07.jpg,train/organic/organic_011.jpg
train/organic/organic_011__aug_v2_08.jpg,train,organic,augmentation,train/organic/organic_011__aug_v2_08.jpg,train/organic/organic_011.jpg
train/organic/organic_011__aug_v2_09.jpg,train,organic,augmentation,train/organic/organic_011__aug_v2_09.jpg,train/organic/organic_011.jpg
train/organic/organic_012.jpg,train,organic,original,train/organic/organic_012.jpg,train/organic/organic_012.jpg
train/organic/organic_012__aug_v2_01.jpg,train,organic,augmentation,train/organic/organic_012__aug_v2_01.jpg,train/organic/organic_012.jpg
train/organic/organic_012__aug_v2_02.jpg,train,organic,augmentation,train/organic/organic_012__aug_v2_02.jpg,train/organic/organic_012.jpg
train/organic/organic_012__aug_v2_03.jpg,train,organic,augmentation,train/organic/organic_012__aug_v2_03.jpg,train/organic/organic_012.jpg
train/organic/organic_012__aug_v2_04.jpg,train,organic,augmentation,train/organic/organic_012__aug_v2_04.jpg,train/organic/organic_012.jpg
train/organic/organic_012__aug_v2_05.jpg,train,organic,augmentation,train/organic/organic_012__aug_v2_05.jpg,train/organic/organic_012.jpg
train/organic/organic_012__aug_v2_06.jpg,train,organic,augmentation,train/organic/organic_012__aug_v2_06.jpg,train/organic/organic_012.jpg
train/organic/organic_012__aug_v2_07.jpg,train,organic,augmentation,train/organic/organic_012__aug_v2_07.jpg,train/organic/organic_012.jpg
train/organic/organic_012__aug_v2_08.jpg,train,organic,augmentation,train/organic/organic_012__aug_v2_08.jpg,train/organic/organic_012.jpg
train/organic/organic_012__aug_v2_09.jpg,train,organic,augmentation,train/organic/organic_012__aug_v2_09.jpg,train/organic/organic_012.jpg
train/organic/organic_013.jpg,train,organic,original,train/organic/organic_013.jpg,train/organic/organic_013.jpg
train/organic/organic_013__aug_v2_01.jpg,train,organic,augmentation,train/organic/organic_013__aug_v2_01.jpg,train/organic/organic_013.jpg
train/organic/organic_013__aug_v2_02.jpg,train,organic,augmentation,train/organic/organic_013__aug_v2_02.jpg,train/organic/organic_013.jpg
train/organic/organic_013__aug_v2_03.jpg,train,organic,augmentation,train/organic/organic_013__aug_v2_03.jpg,train/organic/organic_013.jpg
train/organic/organic_013__aug_v2_04.jpg,train,organic,augmentation,train/organic/organic_013__aug_v2_04.jpg,train/organic/organic_013.jpg
train/organic/organic_013__aug_v2_05.jpg,train,organic,augmentation,train/organic/organic_013__aug_v2_05.jpg,train/organic/organic_013.jpg
train/organic/organic_013__aug_v2_06.jpg,train,organic,augmentation,train/organic/organic_013__aug_v2_06.jpg,train/organic/organic_013.jpg
train/organic/organic_013__aug_v2_07.jpg,train,organic,augmentation,train/organic/organic_013__aug_v2_07.jpg,train/organic/organic_013.jpg
train/organic/organic_013__aug_v2_08.jpg,train,organic,augmentation,train/organic/organic_013__aug_v2_08.jpg,train/organic/organic_013.jpg
train/organic/organic_013__aug_v2_09.jpg,train,organic,augmentation,train/organic/organic_013__aug_v2_09.jpg,train/organic/organic_013.jpg
train/organic/organic_014.jpg,train,organic,original,train/organic/organic_014.jpg,train/organic/organic_014.jpg
train/organic/organic_014__aug_v2_01.jpg,train,organic,augmentation,train/organic/organic_014__aug_v2_01.jpg,train/organic/organic_014.jpg
train/organic/organic_014__aug_v2_02.jpg,train,organic,augmentation,train/organic/organic_014__aug_v2_02.jpg,train/organic/organic_014.jpg
train/organic/organic_014__aug_v2_03.jpg,train,organic,augmentation,train/organic/organic_014__aug_v2_03.jpg,train/organic/organic_014.jpg
train/organic/organic_014__aug_v2_04.jpg,train,organic,augmentation,train/organic/organic_014__aug_v2_04.jpg,train/organic/organic_014.jpg
train/organic/organic_014__aug_v2_05.jpg,train,organic,augmentation,train/organic/organic_014__aug_v2_05.jpg,train/organic/organic_014.jpg
train/organic/organic_014__aug_v2_06.jpg,train,organic,augmentation,train/organic/organic_014__aug_v2_06.jpg,train/organic/organic_014.jpg
train/organic/organic_014__aug_v2_07.jpg,train,organic,augmentation,train/organic/organic_014__aug_v2_07.jpg,train/organic/organic_014.jpg
train/organic/organic_014__aug_v2_08.jpg,train,organic,augmentation,train/organic/organic_014__aug_v2_08.jpg,train/organic/organic_014.jpg
train/organic/organic_014__aug_v2_09.jpg,train,organic,augmentation,train/organic/organic_014__aug_v2_09.jpg,train/organic/organic_014.jpg
train/organic/organic_016.jpg,train,organic,original,train/organic/organic_016.jpg,train/organic/organic_016.jpg
train/organic/organic_016__aug_v2_01.jpg,train,organic,augmentation,train/organic/organic_016__aug_v2_01.jpg,train/organic/organic_016.jpg
train/organic/organic_016__aug_v2_02.jpg,train,organic,augmentation,train/organic/organic_016__aug_v2_02.jpg,train/organic/organic_016.jpg
train/organic/organic_016__aug_v2_03.jpg,train,organic,augmentation,train/organic/organic_016__aug_v2_03.jpg,train/organic/organic_016.jpg
train/organic/organic_016__aug_v2_04.jpg,train,organic,augmentation,train/organic/organic_016__aug_v2_04.jpg,train/organic/organic_016.jpg
train/organic/organic_016__aug_v2_05.jpg,train,organic,augmentation,train/organic/organic_016__aug_v2_05.jpg,train/organic/organic_016.jpg
train/organic/organic_016__aug_v2_06.jpg,train,organic,augmentation,train/organic/organic_016__aug_v2_06.jpg,train/organic/organic_016.jpg
train/organic/organic_016__aug_v2_07.jpg,train,organic,augmentation,train/organic/organic_016__aug_v2_07.jpg,train/organic/organic_016.jpg
train/organic/organic_016__aug_v2_08.jpg,train,organic,augmentation,train/organic/organic_016__aug_v2_08.jpg,train/organic/organic_016.jpg
train/organic/organic_016__aug_v2_09.jpg,train,organic,augmentation,train/organic/organic_016__aug_v2_09.jpg,train/organic/organic_016.jpg
train/organic/organic_017.jpg,train,organic,original,train/organic/organic_017.jpg,train/organic/organic_017.jpg
train/organic/organic_017__aug_v2_01.jpg,train,organic,augmentation,train/organic/organic_017__aug_v2_01.jpg,train/organic/organic_017.jpg
train/organic/organic_017__aug_v2_02.jpg,train,organic,augmentation,train/organic/organic_017__aug_v2_02.jpg,train/organic/organic_017.jpg
train/organic/organic_017__aug_v2_03.jpg,train,organic,augmentation,train/organic/organic_017__aug_v2_03.jpg,train/organic/organic_017.jpg
train/organic/organic_017__aug_v2_04.jpg,train,organic,augmentation,train/organic/organic_017__aug_v2_04.jpg,train/organic/organic_017.jpg
train/organic/organic_017__aug_v2_05.jpg,train,organic,augmentation,train/organic/organic_017__aug_v2_05.jpg,train/organic/organic_017.jpg
train/organic/organic_017__aug_v2_06.jpg,train,organic,augmentation,train/organic/organic_017__aug_v2_06.jpg,train/organic/organic_017.jpg
train/organic/organic_017__aug_v2_07.jpg,train,organic,augmentation,train/organic/organic_017__aug_v2_07.jpg,train/organic/organic_017.jpg
train/organic/organic_017__aug_v2_08.jpg,train,organic,augmentation,train/organic/organic_017__aug_v2_08.jpg,train/organic/organic_017.jpg
train/organic/organic_017__aug_v2_09.jpg,train,organic,augmentation,train/organic/organic_017__aug_v2_09.jpg,train/organic/organic_017.jpg
train/organic/organic_018.jpg,train,organic,original,train/organic/organic_018.jpg,train/organic/organic_018.jpg
train/organic/organic_018__aug_v2_01.jpg,train,organic,augmentation,train/organic/organic_018__aug_v2_01.jpg,train/organic/organic_018.jpg
train/organic/organic_018__aug_v2_02.jpg,train,organic,augmentation,train/organic/organic_018__aug_v2_02.jpg,train/organic/organic_018.jpg
train/organic/organic_018__aug_v2_03.jpg,train,organic,augmentation,train/organic/organic_018__aug_v2_03.jpg,train/organic/organic_018.jpg
train/organic/organic_018__aug_v2_04.jpg,train,organic,augmentation,train/organic/organic_018__aug_v2_04.jpg,train/organic/organic_018.jpg
train/organic/organic_018__aug_v2_05.jpg,train,organic,augmentation,train/organic/organic_018__aug_v2_05.jpg,train/organic/organic_018.jpg
train/organic/organic_018__aug_v2_06.jpg,train,organic,augmentation,train/organic/organic_018__aug_v2_06.jpg,train/organic/organic_018.jpg
train/organic/organic_018__aug_v2_07.jpg,train,organic,augmentation,train/organic/organic_018__aug_v2_07.jpg,train/organic/organic_018.jpg
train/organic/organic_018__aug_v2_08.jpg,train,organic,augmentation,train/organic/organic_018__aug_v2_08.jpg,train/organic/organic_018.jpg
train/organic/organic_018__aug_v2_09.jpg,train,organic,augmentation,train/organic/organic_018__aug_v2_09.jpg,train/organic/organic_018.jpg
train/organic/organic_019.jpg,train,organic,original,train/organic/organic_019.jpg,train/organic/organic_019.jpg
train/organic/organic_019__aug_v2_01.jpg,train,organic,augmentation,train/organic/organic_019__aug_v2_01.jpg,train/organic/organic_019.jpg
train/organic/organic_019__aug_v2_02.jpg,train,organic,augmentation,train/organic/organic_019__aug_v2_02.jpg,train/organic/organic_019.jpg
train/organic/organic_019__aug_v2_03.jpg,train,organic,augmentation,train/organic/organic_019__aug_v2_03.jpg,train/organic/organic_019.jpg
train/organic/organic_019__aug_v2_04.jpg,train,organic,augmentation,train/organic/organic_019__aug_v2_04.jpg,train/organic/organic_019.jpg
train/organic/organic_019__aug_v2_05.jpg,train,organic,augmentation,train/organic/organic_019__aug_v2_05.jpg,train/organic/organic_019.jpg
train/organic/organic_019__aug_v2_06.jpg,train,organic,augmentation,train/organic/organic_019__aug_v2_06.jpg,train/organic/organic_019.jpg
train/organic/organic_019__aug_v2_07.jpg,train,organic,augmentation,train/organic/organic_019__aug_v2_07.jpg,train/organic/organic_019.jpg
train/organic/organic_019__aug_v2_08.jpg,train,organic,augmentation,train/organic/organic_019__aug_v2_08.jpg,train/organic/organic_019.jpg
train/organic/organic_019__aug_v2_09.jpg,train,organic,augmentation,train/organic/organic_019__aug_v2_09.jpg,train/organic/organic_019.jpg
train/organic/organic_020.jpg,train,organic,original,train/organic/organic_020.jpg,train/organic/organic_020.jpg
train/organic/organic_020__aug_v2_01.jpg,train,organic,augmentation,train/organic/organic_020__aug_v2_01.jpg,train/organic/organic_020.jpg
train/organic/organic_020__aug_v2_02.jpg,train,organic,augmentation,train/organic/organic_020__aug_v2_02.jpg,train/organic/organic_020.jpg
train/organic/organic_020__aug_v2_03.jpg,train,organic,augmentation,train/organic/organic_020__aug_v2_03.jpg,train/organic/organic_020.jpg
train/organic/organic_020__aug_v2_04.jpg,train,organic,augmentation,train/organic/organic_020__aug_v2_04.jpg,train/organic/organic_020.jpg
train/organic/organic_020__aug_v2_05.jpg,train,organic,augmentation,train/organic/organic_020__aug_v2_05.jpg,train/organic/organic_020.jpg
train/organic/organic_020__aug_v2_06.jpg,train,organic,augmentation,train/organic/organic_020__aug_v2_06.jpg,train/organic/organic_020.jpg
train/organic/organic_020__aug_v2_07.jpg,train,organic,augmentation,train/organic/organic_020__aug_v2_07.jpg,train/organic/organic_020.jpg
train/organic/organic_020__aug_v2_08.jpg,train,organic,augmentation,train/organic/organic_020__aug_v2_08.jpg,train/organic/organic_020.jpg
train/organic/organic_020__aug_v2_09.jpg,train,organic,augmentation,train/organic/organic_020__aug_v2_09.jpg,train/organic/organic_020.jpg
train/organic/organic_022.jpg,train,organic,original,train/organic/organic_022.jpg,train/organic/organic_022.jpg
train/organic/organic_022__aug_v2_01.jpg,train,organic,augmentation,train/organic/organic_022__aug_v2_01.jpg,train/organic/organic_022.jpg
train/organic/organic_022__aug_v2_02.jpg,train,organic,augmentation,train/organic/organic_022__aug_v2_02.jpg,train/organic/organic_022.jpg
train/organic/organic_022__aug_v2_03.jpg,train,organic,augmentation,train/organic/organic_022__aug_v2_03.jpg,train/organic/organic_022.jpg
train/organic/organic_022__aug_v2_04.jpg,train,organic,augmentation,train/organic/organic_022__aug_v2_04.jpg,train/organic/organic_022.jpg
train/organic/organic_022__aug_v2_05.jpg,train,organic,augmentation,train/organic/organic_022__aug_v2_05.jpg,train/organic/organic_022.jpg
train/organic/organic_022__aug_v2_06.jpg,train,organic,augmentation,train/organic/organic_022__aug_v2_06.jpg,train/organic/organic_022.jpg
train/organic/organic_022__aug_v2_07.jpg,train,organic,augmentation,train/organic/organic_022__aug_v2_07.jpg,train/organic/organic_022.jpg
train/organic/organic_022__aug_v2_08.jpg,train,organic,augmentation,train/organic/organic_022__aug_v2_08.jpg,train/organic/organic_022.jpg
train/organic/organic_022__aug_v2_09.jpg,train,organic,augmentation,train/organic/organic_022__aug_v2_09.jpg,train/organic/organic_022.jpg
test/organic/organic_004.jpg,test,organic,original,train/organic/organic_004.jpg,train/organic/organic_004.jpg
test/organic/organic_005.jpg,test,organic,original,train/organic/organic_005.jpg,train/organic/organic_005.jpg
test/organic/organic_015.jpg,test,organic,original,train/organic/organic_015.jpg,train/organic/organic_015.jpg
test/organic/organic_021.jpg,test,organic,original,train/organic/organic_021.jpg,train/organic/organic_021.jpg
validation/organic/organic_001.jpg,validation,organic,original,validation/organic/organic_001.jpg,validation/organic/organic_001.jpg
validation/organic/organic_002.jpg,validation,organic,original,validation/organic/organic_002.jpg,validation/organic/organic_002.jpg
validation/organic/organic_003.jpg,validation,organic,original,validation/organic/organic_003.jpg,validation/organic/organic_003.jpg
validation/organic/organic_004.jpg,validation,organic,original,validation/organic/organic_004.jpg,validation/organic/organic_004.jpg
validation/organic/organic_005.jpg,validation,organic,original,validation/organic/organic_005.jpg,validation/organic/organic_005.jpg
