path,sha256,ground_truth,v10_float_prediction,v10_int8_prediction,v10_int8_correct,v10_int8_confidence,v9_local_prediction,v9_firmware_prediction,training_exposure,v10_int8_paper,v10_int8_plastic,v10_int8_organic,mean_luma,std_luma,mean_saturation,laplacian_variance,edge_fraction,dark_fraction,bright_fraction,nearest_train_path,nearest_train_label,nearest_train_cosine_distance,nearest_true_class_train_path,nearest_true_class_cosine_distance,embedding_ood_for_true_class
paper/01c454eb-99b9-4341-99cb-2bcb6ef2fdfc.jpg,4b6b67bd4ec41ab3756352d506adece42201ab225fe0365ac7e26017c2dc4115,paper,paper,paper,True,0.99609375,paper,paper,heldout_validation,0.99609375,0.00390625,0.0,122.28873697916667,47.87484664051359,30.685302734375,376.4858703613281,0.102294921875,0.056070963541666664,0.016764322916666668,train/paper/augv9_paper_train_original_037.jpg,paper,0.020919859409332275,train/paper/augv9_paper_train_original_037.jpg,0.020919859409332275,False
paper/073c6bbb-b467-4b12-b3c0-917e903ab36e.jpg,a4da80d7ec6c6eb629add4b248339642da565c1dda863e5c349d3ee8ce8813e7,paper,paper,paper,True,0.99609375,paper,paper,heldout_test,0.99609375,0.0,0.0,124.92862955729167,45.86470139436517,27.726725260416668,191.31787109375,0.054443359375,0.08683268229166667,0.005940755208333333,train/paper/augv9_paper_train_original_050.jpg,paper,0.01435011625289917,train/paper/augv9_paper_train_original_050.jpg,0.01435011625289917,False
paper/08957b4d-b996-4f82-a385-44b1c59b5c64.jpg,4e44cf2afd8a40aa529c24b3ef82130179487a9c246d44362e6458182f5a3cae,paper,paper,paper,True,0.99609375,organic,organic,exact_train_file,0.99609375,0.0,0.0,124.72054036458333,58.03314618352176,37.14697265625,234.48631286621094,0.060302734375,0.103759765625,0.07454427083333333,train/paper/augv9_paper_train_original_001.jpg,paper,0.0,train/paper/augv9_paper_train_original_001.jpg,0.0,False
paper/095c0464-1e85-4cad-848c-711add2f536a.jpg,8d94633fb502213c533fe9596a41d0abea66ba5b5be61d49498d6f9eee4a40f4,paper,paper,paper,True,0.99609375,paper,paper,exact_train_file,0.99609375,0.00390625,0.0,130.99251302083334,41.29883010963276,27.404866536458332,186.7389678955078,0.06266276041666667,0.03369140625,0.009440104166666666,train/paper/augv9_paper_train_original_002.jpg,paper,1.1920928955078125e-07,train/paper/augv9_paper_train_original_002.jpg,1.1920928955078125e-07,False
paper/0a9aa7c9-7b20-4e9c-809f-87dfff800195.jpg,5cfc7f5b89362a918823a06c557d163e72e784e016782212db1c968db8b75729,paper,paper,paper,True,0.99609375,paper,paper,exact_train_file,0.99609375,0.0,0.0,135.17513020833334,44.52750452065793,31.509602864583332,270.6438293457031,0.06355794270833333,0.0107421875,0.0810546875,train/paper/augv9_paper_train_original_003.jpg,paper,-1.1920928955078125e-07,train/paper/augv9_paper_train_original_003.jpg,-1.1920928955078125e-07,False
paper/0dc78700-cae4-49d7-af86-780d18f797df.jpg,f23a725723c8c9ef69c5e30c74746572782fa4d02f5ace4377f71279d2fa7296,paper,paper,paper,True,0.98828125,paper,plastic,exact_train_file,0.98828125,0.00390625,0.0078125,125.89689127604167,43.1779588408108,24.301676432291668,150.42120361328125,0.04296875,0.059000651041666664,0.0,train/paper/augv9_paper_train_original_004.jpg,paper,0.0,train/paper/augv9_paper_train_original_004.jpg,0.0,False
paper/0e5b3bdc-d170-48fc-b51b-e98eaa5a2948.jpg,199378120e02281f20a3df9ad8edd7a481dbc5faafcbc6ec83895a9509b95aae,paper,paper,paper,True,0.99609375,paper,paper,heldout_validation,0.99609375,0.0,0.0,129.103271484375,41.264821307969335,36.725667317708336,279.3533020019531,0.06429036458333333,0.025390625,0.008219401041666666,train/paper/augv9_paper_train_original_001.jpg,paper,0.012026667594909668,train/paper/augv9_paper_train_original_001.jpg,0.012026667594909668,False
paper/0f733a16-8745-4c19-9904-f0b5c31b91fa.jpg,faadbe8d3b8a4d27b839d47b9041bc080818add823964fbc61f0e2d03bb09a04,paper,paper,paper,True,0.99609375,organic,organic,heldout_test,0.99609375,0.0,0.0,154.23291015625,44.321978493730384,43.836995442708336,227.3462371826172,0.043538411458333336,0.0,0.11027018229166667,train/paper/augv9_paper_train_original_033.jpg,paper,0.013677000999450684,train/paper/augv9_paper_train_original_033.jpg,0.013677000999450684,False
paper/0f77f478-f518-4d37-874b-d961485e3255.jpg,db1cf6ed5b567602d606c11cd9fdf63ec713679b1e74317d3d93ba6ee0408398,paper,paper,paper,True,0.9921875,plastic,plastic,exact_train_file,0.9921875,0.0078125,0.0,123.69807942708333,49.324642927822936,26.513020833333332,232.69078063964844,0.060953776041666664,0.08292643229166667,0.020833333333333332,train/paper/augv9_paper_train_original_005.jpg,paper,0.0,train/paper/augv9_paper_train_original_005.jpg,0.0,False
paper/12a0b7d0-7292-4b7d-bca0-ebefa53d7067.jpg,48abd3160f71823749e14bbac425dadd2ef2112812b29b8f40cd06a5ee0498d7,paper,paper,paper,True,0.99609375,paper,plastic,exact_train_file,0.99609375,0.0,0.0,131.95792643229166,45.55792662515063,29.74462890625,156.83323669433594,0.035237630208333336,0.018961588541666668,0.021891276041666668,train/paper/augv9_paper_train_original_006.jpg,paper,5.960464477539063e-08,train/paper/augv9_paper_train_original_006.jpg,5.960464477539063e-08,False
paper/1333e479-d829-4b34-9126-81d276a58278.jpg,a3250bf1483fc1b51402bacd9089d17401b7915d4fe1e1cf4774936f6f1bc035,paper,paper,paper,True,0.9921875,organic,organic,exact_train_file,0.9921875,0.0078125,0.0,95.95035807291667,30.881219481566117,38.719807942708336,303.5695495605469,0.023600260416666668,0.050211588541666664,0.0,train/paper/augv9_paper_train_original_007.jpg,paper,5.960464477539063e-08,train/paper/augv9_paper_train_original_007.jpg,5.960464477539063e-08,False
paper/14645458-07eb-40f1-a49a-da76033c4dcb.jpg,d952e54ef108460d4d6500fefb04ea0ff717baff28c856513a3c6e4ba7fb9057,paper,paper,paper,True,0.984375,plastic,plastic,exact_train_file,0.984375,0.01171875,0.0078125,130.60221354166666,36.59758779756165,32.700602213541664,336.94195556640625,0.049479166666666664,0.010498046875,0.0,train/paper/augv9_paper_train_original_008.jpg,paper,1.1920928955078125e-07,train/paper/augv9_paper_train_original_008.jpg,1.1920928955078125e-07,False
paper/146b8896-93fd-40bf-8163-c9112058ded4.jpg,bfdc5654a9e77c2605a9371899f619da7bf00cbcbe005b439589c641f736e024,paper,paper,paper,True,0.99609375,organic,organic,exact_train_file,0.99609375,0.0,0.0,125.83805338541667,50.09058016444501,37.340250651041664,206.35255432128906,0.041910807291666664,0.052001953125,0.05517578125,train/paper/augv9_paper_train_original_009.jpg,paper,0.0,train/paper/augv9_paper_train_original_009.jpg,0.0,False
paper/193590c5-aa85-490c-8142-74db88c2a5c9.jpg,5535d3fde0925fa3fd5d715d3541c754b3d6eca1626751d3b18678e0815273aa,paper,paper,paper,True,0.99609375,plastic,plastic,exact_train_file,0.99609375,0.0,0.0,126.41292317708333,30.8686059872431,31.768147786458332,173.05699157714844,0.023274739583333332,0.0,8.138020833333333e-05,train/paper/augv9_paper_train_original_010.jpg,paper,-1.1920928955078125e-07,train/paper/augv9_paper_train_original_010.jpg,-1.1920928955078125e-07,False
paper/1a9c1cdc-beaf-4a6a-b8bc-bc005188d77d.jpg,d58a2f3a6e605500a353fc5bf1802d0251d8f8261303d3592851c2fd78c87322,paper,paper,paper,True,0.99609375,plastic,plastic,heldout_validation,0.99609375,0.0,0.0,123.01253255208333,43.66756563225889,33.843424479166664,570.0806884765625,0.060791015625,0.01171875,0.047281901041666664,train/paper/augv9_paper_train_original_102.jpg,paper,0.017491936683654785,train/paper/augv9_paper_train_original_102.jpg,0.017491936683654785,False
paper/1bec95d6-6a89-46a5-9314-b77b1f4575c5.jpg,2b26f3ad9bff37dda53c664b9b50b693ff6929acfda491487d1106303f88ec65,paper,paper,paper,True,0.99609375,plastic,plastic,heldout_test,0.99609375,0.0,0.0,125.14046223958333,45.03126044754541,23.992919921875,253.878662109375,0.049153645833333336,0.038736979166666664,0.004150390625,train/paper/augv9_paper_train_original_048.jpg,paper,0.0137786865234375,train/paper/augv9_paper_train_original_048.jpg,0.0137786865234375,False
paper/1e1e58a4-8052-48c3-a688-7170ddad2e3b.jpg,535a538a6017e111153b203fd62635f7a25383aa9b3d3a4eee0c1a977b0a3fd7,paper,paper,paper,True,0.9921875,plastic,plastic,exact_train_file,0.9921875,0.0078125,0.0,130.83146158854166,43.237255728768275,28.937255859375,233.85906982421875,0.053141276041666664,0.049641927083333336,0.017578125,train/paper/augv9_paper_train_original_011.jpg,paper,0.0,train/paper/augv9_paper_train_original_011.jpg,0.0,False
paper/211fb8cf-5c52-4d08-b5eb-1d775a89d1c8.jpg,48ee765f0f2d07fbe04f96b7917deb457c6bb3a4aa7782c2ff294d662fe5c05e,paper,paper,paper,True,0.9921875,organic,organic,exact_train_file,0.9921875,0.0,0.0078125,129.0322265625,35.998853016171495,35.955810546875,361.2546691894531,0.040852864583333336,0.023763020833333332,0.006022135416666667,train/paper/augv9_paper_train_original_012.jpg,paper,0.0,train/paper/augv9_paper_train_original_012.jpg,0.0,False
paper/22f1398d-3ac0-43db-a55f-03defe8b04ab.jpg,dea8182a8c1e47468b60fcd175ae358ee45b75330575863dfb5bdbb7cdb7edbb,paper,paper,paper,True,0.99609375,organic,organic,exact_train_file,0.99609375,0.0,0.0,125.75642903645833,53.280993395113185,36.947591145833336,184.79432678222656,0.035237630208333336,0.06502278645833333,0.07023111979166667,train/paper/augv9_paper_train_original_013.jpg,paper,-2.384185791015625e-07,train/paper/augv9_paper_train_original_013.jpg,-2.384185791015625e-07,False
paper/25fd15f0-f9b1-405f-a2d4-ca23caccb2ed.jpg,48a57a31927a921f89975c99ab6c18278e45789fc04d017644b21a7014ac635a,paper,paper,paper,True,0.99609375,plastic,plastic,exact_train_file,0.99609375,0.0,0.0,150.91617838541666,46.55401878831922,38.10595703125,366.9124755859375,0.034749348958333336,0.0,0.14607747395833334,train/paper/augv9_paper_train_original_014.jpg,paper,-1.1920928955078125e-07,train/paper/augv9_paper_train_original_014.jpg,-1.1920928955078125e-07,False
paper/269464c7-a65a-46ca-b8e3-a97c1431b28a.jpg,56fd48071da753ab74e4a6fea741e81c6a6ba727cb1315e5c21e398fdb40a143,paper,paper,paper,True,0.99609375,plastic,plastic,exact_train_file,0.99609375,0.0,0.0,122.03108723958333,49.92924691647207,24.248779296875,423.8252868652344,0.134033203125,0.0703125,0.0037434895833333335,train/paper/augv9_paper_train_original_015.jpg,paper,0.0,train/paper/augv9_paper_train_original_015.jpg,0.0,False
paper/27e3daf1-04a7-47f0-a343-5a9c34e4c141.jpg,811b833202cd5b6a97485fe86c9769e0459bf68729ff5265b407089227f78cfc,paper,paper,paper,True,0.99609375,plastic,plastic,exact_train_file,0.99609375,0.0,0.0,138.83113606770834,43.0994759605187,29.952067057291668,199.819091796875,0.04931640625,0.00537109375,0.012858072916666666,train/paper/augv9_paper_train_original_016.jpg,paper,0.0,train/paper/augv9_paper_train_original_016.jpg,0.0,False
paper/28bba1f0-ed43-4a0d-b5fd-0b66fd8fe928.jpg,794d08281b77e5681b1f8741104c5e286fff55280a4092a1b9a5d803adcc4ddc,paper,paper,paper,True,0.99609375,plastic,plastic,exact_train_file,0.99609375,0.00390625,0.0,119.96842447916667,44.4333497577531,25.676920572916668,187.2158966064453,0.039957682291666664,0.07356770833333333,0.0016276041666666667,train/paper/augv9_paper_train_original_017.jpg,paper,0.0,train/paper/augv9_paper_train_original_017.jpg,0.0,False
paper/2922f4ef-e8ef-4b23-8bc4-c4da6a4f7c7a.jpg,e7525f52c0f74787497f0294a90dc44149bad56fcc1434b1fd9d6342175b76f8,paper,paper,paper,True,0.99609375,plastic,plastic,exact_train_file,0.99609375,0.00390625,0.0,140.94425455729166,37.16131432578207,36.5498046875,76.11750030517578,0.01513671875,0.0,0.026448567708333332,train/paper/augv9_paper_train_original_018.jpg,paper,0.0,train/paper/augv9_paper_train_original_018.jpg,0.0,False
paper/2b8d6ef5-b12c-46e3-ab1e-5f0d5bcb3b01.jpg,e65934f5e98c1aa30fecc877e8e4a462ef3b683f73a578b477c8cca5fcc79b2e,paper,paper,paper,True,0.99609375,plastic,organic,exact_train_file,0.99609375,0.00390625,0.0,143.67008463541666,46.88150521103404,21.636067708333332,254.46424865722656,0.059977213541666664,0.011881510416666666,0.060791015625,train/paper/augv9_paper_train_original_019.jpg,paper,0.0,train/paper/augv9_paper_train_original_019.jpg,0.0,False
paper/2d0c8728-71b1-47c9-a8f9-5e11a8ad54a6.jpg,90a2f6f81ca912f7a9bf93ed79f8c9c546ee6e0021c018c2df3bb7d4af6fc963,paper,paper,paper,True,0.94921875,plastic,plastic,exact_train_file,0.94921875,0.046875,0.00390625,124.14339192708333,33.20105918012753,24.316569010416668,129.70111083984375,0.030436197916666668,0.027506510416666668,0.0,train/paper/augv9_paper_train_original_020.jpg,paper,5.960464477539063e-08,train/paper/augv9_paper_train_original_020.jpg,5.960464477539063e-08,False
paper/3084c9fd-bb4d-4e7f-86b0-a3b4b6c91616.jpg,46f2536ca960930f5c4b02a66417f714dd5331a5ac0b5501607fe4d4bdb3be72,paper,paper,paper,True,0.99609375,paper,paper,exact_train_file,0.99609375,0.0,0.0,145.112060546875,47.20553143746196,30.767496744791668,228.98687744140625,0.04443359375,0.023356119791666668,0.057698567708333336,train/paper/augv9_paper_train_original_021.jpg,paper,0.0,train/paper/augv9_paper_train_original_021.jpg,0.0,False
paper/3192dd94-fba9-4109-b0f0-cf2ffe513e5f.jpg,967e03f944b1d5062ceb86dad61050f76240aa43a6c6a7564bf6e7331d37a830,paper,paper,paper,True,0.99609375,plastic,paper,exact_train_file,0.99609375,0.00390625,0.0,127.10734049479167,41.741618866501845,29.468180338541668,210.0719451904297,0.061930338541666664,0.024251302083333332,0.00732421875,train/paper/augv9_paper_train_original_022.jpg,paper,-1.1920928955078125e-07,train/paper/augv9_paper_train_original_022.jpg,-1.1920928955078125e-07,False
paper/32d970c8-9856-4e05-b143-4b746724ec76.jpg,9aaf5d9d24add6e3d06cc02f4c410333d995a09c4be661df5aa91b821ff73624,paper,paper,paper,True,0.5546875,plastic,plastic,heldout_validation,0.5546875,0.3984375,0.046875,123.38126627604167,42.8704564825422,26.953857421875,188.0572509765625,0.0498046875,0.043863932291666664,0.005045572916666667,train/paper/augv9_paper_train_original_076.jpg,paper,0.08160650730133057,train/paper/augv9_paper_train_original_076.jpg,0.08160650730133057,True
paper/34707b0a-0f5d-4e02-b499-b5e28cfa7c29.jpg,7591a63ceae4f274686de51eedd648b3e262dc642fc095a72f78eccbb658a66f,paper,paper,paper,True,0.71875,organic,organic,heldout_test,0.71875,0.265625,0.015625,160.33528645833334,52.606639757092694,30.825358072916668,125.36287689208984,0.033447265625,0.000244140625,0.2611490885416667,train/paper/augv9_paper_train_original_076.jpg,paper,0.06004530191421509,train/paper/augv9_paper_train_original_076.jpg,0.06004530191421509,True
paper/37035b7b-16f0-46b5-ace9-9c43e1ed4d71.jpg,241b6e5d1451e57f2aa8723ea1b476c573d9295d1df240a3545f57a1dec6f3f4,paper,paper,paper,True,0.99609375,paper,paper,exact_train_file,0.99609375,0.0,0.0,138.27701822916666,34.23212855613923,30.833821614583332,150.62831115722656,0.033365885416666664,0.00016276041666666666,0.0,train/paper/augv9_paper_train_original_023.jpg,paper,5.960464477539063e-08,train/paper/augv9_paper_train_original_023.jpg,5.960464477539063e-08,False
paper/3a34ee2f-4cd6-4e18-af60-fbbab8355348.jpg,10c620105be761407f581d32cae0178717865866d22d49798397c66060935159,paper,paper,paper,True,0.99609375,plastic,plastic,exact_train_file,0.99609375,0.0,0.0,131.94938151041666,37.39999307539168,31.28466796875,126.22064208984375,0.02685546875,0.015869140625,0.0,train/paper/augv9_paper_train_original_024.jpg,paper,0.0,train/paper/augv9_paper_train_original_024.jpg,0.0,False
paper/3ae52a7d-41a2-4619-ad53-7c332e35c7bb.jpg,ec20e42d53cdb466f4f5ea99302bccaa8779dd5d82604a2ed1cababc2b5ea53f,paper,paper,paper,True,0.9921875,plastic,plastic,exact_train_file,0.9921875,0.0078125,0.00390625,122.78678385416667,43.59402383211666,23.577555338541668,217.4623260498047,0.056233723958333336,0.038818359375,0.014811197916666666,train/paper/augv9_paper_train_original_025.jpg,paper,0.0,train/paper/augv9_paper_train_original_025.jpg,0.0,False
paper/3f379179-6410-4c78-a3c3-6f945e407d92.jpg,79430feb013ad9e64c7ac58eed884ae409af0ab0cf67bbd897e7b2517edaff44,paper,paper,paper,True,0.99609375,paper,paper,exact_train_file,0.99609375,0.0,0.0,127.88728841145833,44.12247958015203,27.285319010416668,195.8271942138672,0.054606119791666664,0.02783203125,0.019856770833333332,train/paper/augv9_paper_train_original_026.jpg,paper,-1.1920928955078125e-07,train/paper/augv9_paper_train_original_026.jpg,-1.1920928955078125e-07,False
paper/3f6e0572-f9fc-4b17-a234-74b22244b9d3.jpg,aa2ff4b5295f41dbf047413d4047eb8a3b7e3418d4357e418327b8f705568a2a,paper,paper,paper,True,0.99609375,paper,paper,exact_train_file,0.99609375,0.0,0.0,129.19010416666666,41.94011564731292,30.050944010416668,278.28363037109375,0.07039388020833333,0.039957682291666664,0.000244140625,train/paper/augv9_paper_train_original_027.jpg,paper,0.0,train/paper/augv9_paper_train_original_027.jpg,0.0,False
paper/3fef7537-8d5b-47c2-bb1c-48e3fc4f4122.jpg,4e608c16f955cfcb201f0315ea7391c4c7e2839661c5fe7daa27778d1c4008e1,paper,paper,paper,True,0.99609375,plastic,plastic,exact_train_file,0.99609375,0.0,0.0,122.88981119791667,46.42657453734494,23.777425130208332,208.2731170654297,0.050537109375,0.049397786458333336,0.013509114583333334,train/paper/augv9_paper_train_original_028.jpg,paper,0.0,train/paper/augv9_paper_train_original_028.jpg,0.0,False
paper/40522739-479c-4ab5-9152-a43f4fd12987.jpg,c9886e59bf617772cc3409a91a1eeeea49144cc721a3eb0714246ebd52056d9d,paper,paper,paper,True,0.99609375,organic,organic,exact_train_file,0.99609375,0.0,0.0,149.82877604166666,55.43801506536234,31.48583984375,196.1945037841797,0.055501302083333336,0.01513671875,0.18668619791666666,train/paper/augv9_paper_train_original_029.jpg,paper,-1.1920928955078125e-07,train/paper/augv9_paper_train_original_029.jpg,-1.1920928955078125e-07,False
paper/477026dc-2dee-4e4c-8b5a-848be3db40f3.jpg,729b7c60504e1ce9a729f8d15539351b2b12754468af582bc0c06a0860ecbd62,paper,paper,paper,True,0.99609375,paper,paper,exact_train_file,0.99609375,0.0,0.0,124.7021484375,43.30728558761851,24.508707682291668,225.828369140625,0.044352213541666664,0.054606119791666664,0.0015462239583333333,train/paper/augv9_paper_train_original_030.jpg,paper,0.0,train/paper/augv9_paper_train_original_030.jpg,0.0,False
paper/479328cb-ca6c-49d8-9d83-f1562a554366.jpg,f093fa25d393d1b09a1aa7c99fb6b9a794d4be18773c1b69f49f1c73f2a53f87,paper,paper,paper,True,0.99609375,paper,paper,exact_train_file,0.99609375,0.0,0.0,149.12369791666666,54.33097923187251,34.829182942708336,488.5498046875,0.07169596354166667,0.005208333333333333,0.16414388020833334,train/paper/augv9_paper_train_original_031.jpg,paper,5.960464477539063e-08,train/paper/augv9_paper_train_original_031.jpg,5.960464477539063e-08,False
paper/49e8e6bd-f15b-4ac9-91c7-a722994491a6.jpg,6ba18ed7b1ce4beb47079314b7228885d64bac51a7e74d5e98b254fdeb7fa6d0,paper,paper,paper,True,0.98828125,paper,paper,exact_train_file,0.98828125,0.0078125,0.00390625,152.82267252604166,44.407877898184964,20.835367838541668,181.16651916503906,0.04052734375,0.0016276041666666667,0.11555989583333333,train/paper/augv9_paper_train_original_032.jpg,paper,1.1920928955078125e-07,train/paper/augv9_paper_train_original_032.jpg,1.1920928955078125e-07,False
paper/4af49b0a-12ac-4966-8b08-b6b74194a8e6.jpg,dc1c478d32ea0a44999805751383b9160b41bc5d18b5fd3478711d5875f6ed00,paper,paper,paper,True,0.99609375,organic,organic,exact_train_file,0.99609375,0.0,0.0,123.90869140625,39.712764218918004,45.869791666666664,223.7216339111328,0.045166015625,0.008382161458333334,0.008870442708333334,train/paper/augv9_paper_train_original_033.jpg,paper,1.1920928955078125e-07,train/paper/augv9_paper_train_original_033.jpg,1.1920928955078125e-07,False
paper/4bbba8c5-af2d-45b5-9969-dfd692b4ce3b.jpg,b7bf9c70c01602ae79f1336ebcddce53f018b7fa3240b2a3f46c873e0fe18c5a,paper,paper,paper,True,0.9921875,paper,paper,exact_train_file,0.9921875,0.00390625,0.00390625,127.01847330729167,45.90327062900903,23.966064453125,183.27471923828125,0.04345703125,0.044270833333333336,0.007161458333333333,train/paper/augv9_paper_train_original_034.jpg,paper,0.0,train/paper/augv9_paper_train_original_034.jpg,0.0,False
paper/4c11fec1-f14d-498d-9fbd-c48bebd39757.jpg,ed55e5d89599321663e63f65f3cdec0ee6e5049c63e966728df422ef1b30f174,paper,paper,paper,True,0.99609375,plastic,plastic,exact_train_file,0.99609375,0.0,0.0,143.18131510416666,47.200562166603675,24.999837239583332,217.81402587890625,0.048014322916666664,0.008056640625,0.08585611979166667,train/paper/augv9_paper_train_original_035.jpg,paper,0.0,train/paper/augv9_paper_train_original_035.jpg,0.0,False
paper/50a368bf-5edc-49f0-88b4-eaed0317a404.jpg,af7ec442c418a182793e5fb93a37500a8c26b6f60f25b45b604a66f57a9621da,paper,paper,paper,True,0.98046875,plastic,organic,exact_train_file,0.98046875,0.015625,0.00390625,140.91650390625,45.61346202301734,23.614013671875,187.1897735595703,0.042317708333333336,0.013590494791666666,0.06534830729166667,train/paper/augv9_paper_train_original_036.jpg,paper,0.0,train/paper/augv9_paper_train_original_036.jpg,0.0,False
paper/51d01d35-9910-443b-bfe3-df075fc920fc.jpg,094a38190d41f4373d9b6f13b7aa2dc7fc1c672856235f042a6c5d33c3a08e37,paper,paper,paper,True,0.99609375,plastic,plastic,exact_train_file,0.99609375,0.00390625,0.0,135.06892903645834,48.24937477424595,22.456705729166668,181.4759979248047,0.039469401041666664,0.03564453125,0.045166015625,train/paper/augv9_paper_train_original_037.jpg,paper,1.7881393432617188e-07,train/paper/augv9_paper_train_original_037.jpg,1.7881393432617188e-07,False
paper/51f36e9d-13cf-478a-8c2f-8b9cef7cc40a.jpg,a412d3dc546fa18a16b280cdd53926a19959db243889c5f29ea877c16cd917ce,paper,paper,paper,True,0.99609375,plastic,paper,exact_train_file,0.99609375,0.0,0.0,122.18888346354167,47.75486092176368,32.952880859375,307.6711120605469,0.047688802083333336,0.08015950520833333,0.0032552083333333335,train/paper/augv9_paper_train_original_038.jpg,paper,0.0,train/paper/augv9_paper_train_original_038.jpg,0.0,False
paper/54e9ee62-7455-48de-92c6-de933012614d.jpg,0bda0f5277ce8afaff1b211868bc1e6355f770454158f02abc7bb95dec902dcc,paper,paper,paper,True,0.99609375,paper,paper,exact_train_file,0.99609375,0.0,0.0,120.98152669270833,52.068011918231775,39.589029947916664,268.6955261230469,0.043050130208333336,0.017740885416666668,0.061116536458333336,train/paper/augv9_paper_train_original_039.jpg,paper,1.1920928955078125e-07,train/paper/augv9_paper_train_original_039.jpg,1.1920928955078125e-07,False
paper/55bd0adb-1968-4d13-91e8-96c6ba32047c.jpg,d9372b70b98449e0ef5cede5b526cd85bd9078a339dc20170f89b3e384fe8df7,paper,paper,paper,True,0.99609375,paper,paper,exact_train_file,0.99609375,0.0,0.00390625,133.82120768229166,42.43052128860489,36.935953776041664,201.0775146484375,0.0322265625,0.026041666666666668,0.002197265625,train/paper/augv9_paper_train_original_040.jpg,paper,0.0,train/paper/augv9_paper_train_original_040.jpg,0.0,False
paper/5f96feed-cbbe-4406-b75c-f77f62db432a.jpg,23add34f07a812a0005054b82514624b49e2bb2d3d20b7399b578d4e4a84158b,paper,paper,paper,True,0.99609375,organic,organic,exact_train_file,0.99609375,0.0,0.0,118.373779296875,40.460456268548214,38.090657552083336,190.04998779296875,0.019205729166666668,0.02490234375,8.138020833333333e-05,train/paper/augv9_paper_train_original_041.jpg,paper,2.384185791015625e-07,train/paper/augv9_paper_train_original_041.jpg,2.384185791015625e-07,False
paper/61ebaa35-9755-4adb-8d93-ee7376fa563f.jpg,d2573d32a4ef633d0217d97047c58974d5c7c0c3321eb38f9864c8b78ade108c,paper,paper,paper,True,0.99609375,organic,organic,exact_train_file,0.99609375,0.0,0.0,136.08162434895834,55.32023039993702,30.401285807291668,220.2220001220703,0.035807291666666664,0.033772786458333336,0.1279296875,train/paper/augv9_paper_train_original_042.jpg,paper,-1.1920928955078125e-07,train/paper/augv9_paper_train_original_042.jpg,-1.1920928955078125e-07,False
paper/64f154cc-b457-4ca7-af72-3c8249011c4b.jpg,cca7ef240681ec3848f400a67102691febfa17f9b817d59ef0137a44ea902815,paper,paper,paper,True,0.99609375,paper,paper,exact_train_file,0.99609375,0.0,0.0,139.704833984375,35.54613258480818,38.741048177083336,529.1040649414062,0.0595703125,0.0034993489583333335,0.012939453125,train/paper/augv9_paper_train_original_043.jpg,paper,-1.1920928955078125e-07,train/paper/augv9_paper_train_original_043.jpg,-1.1920928955078125e-07,False
paper/6797fa38-6af4-49d7-a26d-7a0d0b1a7ada.jpg,805704be80c896fb36dc3b4b4b9461ead7fe271808228152550774d73443817b,paper,paper,paper,True,0.953125,plastic,plastic,exact_train_file,0.953125,0.03515625,0.01171875,131.791015625,43.49293462149156,21.285807291666668,134.00205993652344,0.022623697916666668,0.029296875,0.00439453125,train/paper/augv9_paper_train_original_044.jpg,paper,0.0,train/paper/augv9_paper_train_original_044.jpg,0.0,False
paper/68579680-1a53-45da-9916-11bae6282076.jpg,91a92ff90d2e45d439503487ce2f528a0b37bbbeb7785f904e605cdfde41b711,paper,paper,paper,True,0.99609375,paper,paper,exact_train_file,0.99609375,0.0,0.0,119.25545247395833,57.68706912214678,41.062418619791664,208.9207000732422,0.027750651041666668,0.152099609375,0.047119140625,train/paper/augv9_paper_train_original_045.jpg,paper,-1.1920928955078125e-07,train/paper/augv9_paper_train_original_045.jpg,-1.1920928955078125e-07,False
paper/6952c088-edc5-43df-98fb-9e98768e3a94.jpg,73db1e1476b7e710ad70c772862c8443349fedd3597ba9b34b837ec60a471c8e,paper,paper,paper,True,0.99609375,paper,paper,exact_train_file,0.99609375,0.0,0.0,141.13671875,39.828265284035176,34.869710286458336,463.2149963378906,0.060953776041666664,0.003987630208333333,0.0028483072916666665,train/paper/augv9_paper_train_original_046.jpg,paper,5.960464477539063e-08,train/paper/augv9_paper_train_original_046.jpg,5.960464477539063e-08,False
paper/6b567f18-8076-4c0b-93ff-3cfb6df5e258.jpg,9de96f62630d6026ed7635ffd7759039d5df69cd01eb99c98190d1921758054b,paper,paper,paper,True,0.99609375,plastic,plastic,exact_train_file,0.99609375,0.0,0.0,126.18953450520833,39.76514465793036,42.942545572916664,203.87733459472656,0.07137044270833333,0.023030598958333332,0.0078125,train/paper/augv9_paper_train_original_047.jpg,paper,5.960464477539063e-08,train/paper/augv9_paper_train_original_047.jpg,5.960464477539063e-08,False
paper/6eb401c5-ed18-4be3-91c1-b153fef1b4c6.jpg,39e25fd1eb1109f60bbce6de8a8c195c3eb58debdaa8329531bd99939abbbe87,paper,paper,paper,True,0.99609375,plastic,plastic,exact_train_file,0.99609375,0.0,0.0,126.89933268229167,41.90351803576207,23.407633463541668,181.2253875732422,0.04541015625,0.0322265625,8.138020833333333e-05,train/paper/augv9_paper_train_original_048.jpg,paper,0.0,train/paper/augv9_paper_train_original_048.jpg,0.0,False
paper/701719a3-bf67-44ce-a9a5-8bea9179ea36.jpg,5360220e8ae5ec888cafc0085efb892001642523d0b02aaa35bf0bde02c3b3d3,paper,paper,paper,True,0.74609375,paper,paper,heldout_validation,0.74609375,0.1015625,0.15234375,160.05721028645834,41.116189988819066,20.70361328125,2588.800537109375,0.12190755208333333,0.0,0.22281901041666666,train/paper/augv9_paper_train_original_065.jpg,paper,0.09310930967330933,train/paper/augv9_paper_train_original_065.jpg,0.09310930967330933,True
paper/7426a024-1c6d-4dc8-98b1-27236d5aedb3.jpg,9382a462f1abaf09f1655cf6c23089d08a568ef83060f8f1434fb363829b2b2b,paper,paper,paper,True,0.9921875,paper,paper,exact_train_file,0.9921875,0.00390625,0.0,95.71223958333333,39.799117647972835,30.366048177083332,186.3330078125,0.039794921875,0.13028971354166666,0.0,train/paper/augv9_paper_train_original_049.jpg,paper,0.0,train/paper/augv9_paper_train_original_049.jpg,0.0,False
paper/75083768-ebd8-472e-afb7-e0f42423a6ad.jpg,3271fda3f1a762c8de9cd55aef77eda47c588e00917a95b6ac73c5b0a3da0912,paper,paper,paper,True,0.99609375,paper,paper,exact_train_file,0.99609375,0.0,0.0,129.10148111979166,42.08350845645121,23.304606119791668,158.1245880126953,0.039306640625,0.034830729166666664,0.0,train/paper/augv9_paper_train_original_050.jpg,paper,-1.1920928955078125e-07,train/paper/augv9_paper_train_original_050.jpg,-1.1920928955078125e-07,False
paper/759d3cbb-dfc3-470a-b9da-641f7c5b328a.jpg,17e043c613f0f4c3d89ced8b3c3ac83ffb94c76e0b2bde8cfee5b7a9bc39beae,paper,paper,paper,True,0.98828125,plastic,plastic,exact_train_file,0.98828125,0.01171875,0.0,130.09969075520834,34.457834474545855,24.345947265625,162.8522491455078,0.02685546875,0.01953125,8.138020833333333e-05,train/paper/augv9_paper_train_original_051.jpg,paper,1.1920928955078125e-07,train/paper/augv9_paper_train_original_051.jpg,1.1920928955078125e-07,False
paper/773e34c7-0ff2-4dba-affa-d26313a6250e.jpg,354d39d92ee94a57a9ee7b630d2b3c4a4053e4020fda3c88334b82dba6d4da85,paper,paper,paper,True,0.99609375,organic,organic,exact_train_file,0.99609375,0.0,0.0,117.314697265625,55.970616990364235,42.612223307291664,343.8863830566406,0.054443359375,0.11295572916666667,0.06599934895833333,train/paper/augv9_paper_train_original_052.jpg,paper,5.960464477539063e-08,train/paper/augv9_paper_train_original_052.jpg,5.960464477539063e-08,False
paper/78764399-aa01-4a12-97b0-1043e905548d.jpg,1588063615b06fc135ae9f6d90a530a2895fcf6f7491545888a6d12c129afe19,paper,paper,paper,True,0.99609375,plastic,plastic,exact_train_file,0.99609375,0.0,0.0,127.00301106770833,48.71882256966086,29.947102864583332,135.7084503173828,0.010416666666666666,0.056722005208333336,0.019368489583333332,train/paper/augv9_paper_train_original_053.jpg,paper,-1.1920928955078125e-07,train/paper/augv9_paper_train_original_053.jpg,-1.1920928955078125e-07,False
paper/7a3256cc-dde3-46c6-a975-88897ae6d98e.jpg,96e11789903a2fa2b34a9873aea14040435ad01f1cfea83879b8eb9ad1bee7e5,paper,paper,paper,True,0.99609375,plastic,plastic,exact_train_file,0.99609375,0.0,0.0,117.80989583333333,52.52676177772368,29.313720703125,138.83840942382812,0.012939453125,0.111083984375,0.02490234375,train/paper/augv9_paper_train_original_054.jpg,paper,0.0,train/paper/augv9_paper_train_original_054.jpg,0.0,False
paper/7be06600-0fbb-4b17-8aeb-dcd034dc0868.jpg,c8054641bce6620e45ad59b541c2dd8686ca6b0ebda2791e770939f77b08d4ba,paper,paper,paper,True,0.99609375,plastic,organic,exact_train_file,0.99609375,0.0,0.0,127.04939778645833,51.265501193230016,34.690592447916664,172.1376495361328,0.026936848958333332,0.051920572916666664,0.06884765625,train/paper/augv9_paper_train_original_055.jpg,paper,5.960464477539063e-08,train/paper/augv9_paper_train_original_055.jpg,5.960464477539063e-08,False
paper/7d9f459b-aa7e-4ef5-a915-7623d4076be2.jpg,0232a15cbb5ac3a07744dd0f85252d22c01d473c4aed5c44078ad79953df6421,paper,paper,paper,True,0.984375,paper,paper,exact_train_file,0.984375,0.01171875,0.00390625,135.73079427083334,29.61738632199366,29.586100260416668,239.9279327392578,0.041015625,0.0034993489583333335,8.138020833333333e-05,train/paper/augv9_paper_train_original_056.jpg,paper,5.960464477539063e-08,train/paper/augv9_paper_train_original_056.jpg,5.960464477539063e-08,False
paper/7e6a3c04-9698-4b46-9900-ae538812c20f.jpg,510a4d05479a9ac38df03e482877a3bca1cbdf1b0b3e0984aee6e4782e4a058c,paper,paper,paper,True,0.99609375,organic,organic,exact_train_file,0.99609375,0.0,0.00390625,124.30818684895833,56.6073141246128,43.979899088541664,367.88525390625,0.08626302083333333,0.09684244791666667,0.08610026041666667,train/paper/augv9_paper_train_original_057.jpg,paper,0.0,train/paper/augv9_paper_train_original_057.jpg,0.0,False
paper/7fbb9fe7-63df-4ebc-a4b3-2426cf548899.jpg,e4a3ee89ad8bcec7eadeac2cc76a2e43f83490601c8e454bb7ab8465e60a85eb,paper,paper,paper,True,0.99609375,plastic,plastic,exact_train_file,0.99609375,0.0,0.0,132.77156575520834,36.21573428211392,36.989339192708336,157.35691833496094,0.02734375,0.0004069010416666667,0.0026041666666666665,train/paper/augv9_paper_train_original_058.jpg,paper,0.0,train/paper/augv9_paper_train_original_058.jpg,0.0,False
paper/83d1d81b-af4e-4edd-873c-899e3ff3a910.jpg,9fe1f5214ca8af80b71ccfc4717a4f9b7554d0fb924d95fdb034cd011feab5fb,paper,paper,paper,True,0.6640625,organic,organic,heldout_validation,0.6640625,0.17578125,0.16015625,123.91805013020833,46.96421066138519,36.828125,203.2196807861328,0.029459635416666668,0.029947916666666668,0.032796223958333336,train/paper/augv9_paper_train_original_008.jpg,paper,0.07948344945907593,train/paper/augv9_paper_train_original_008.jpg,0.07948344945907593,True
paper/84deb629-fad4-4945-abe6-cac9dcf726cc.jpg,962725e09652614943d3ef976886e4823934a0a7b4d3e8ce232ea0cd5b0a34cf,paper,paper,paper,True,0.99609375,organic,organic,exact_train_file,0.99609375,0.0,0.0,116.94864908854167,56.15771408020541,29.875651041666668,3901.725341796875,0.15006510416666666,0.13395182291666666,0.010579427083333334,train/paper/augv9_paper_train_original_059.jpg,paper,0.0,train/paper/augv9_paper_train_original_059.jpg,0.0,False
paper/85dd1ad5-d54d-4ebf-95f1-bcb893d92e2d.jpg,3e6325ba85d924945e04614d276e1ec2b5021874b86ac01952992a83268908af,paper,paper,paper,True,0.99609375,organic,organic,heldout_test,0.99609375,0.0,0.0,120.078125,53.09740781617192,39.528076171875,223.60784912109375,0.029947916666666668,0.07853190104166667,0.033854166666666664,train/paper/augv9_paper_train_original_121.jpg,paper,0.0088728666305542,train/paper/augv9_paper_train_original_121.jpg,0.0088728666305542,False
paper/8641afbf-7b01-4fff-8666-9efb81b55e13.jpg,4cd1b50d515c28b1c0724454627aa03f1a7b1a7c637a1f697de1faf7862eb464,paper,paper,paper,True,0.99609375,plastic,plastic,exact_train_file,0.99609375,0.0,0.0,130.09041341145834,44.83721692275927,26.788492838541668,155.40545654296875,0.030843098958333332,0.011149088541666666,0.040201822916666664,train/paper/augv9_paper_train_original_060.jpg,paper,1.1920928955078125e-07,train/paper/augv9_paper_train_original_060.jpg,1.1920928955078125e-07,False
paper/8686cc84-b144-470d-bf9c-672b674e9a20.jpg,4895e9b68419e22e3e704a61277add470367b91d5e2ac958df2eecc3ab5dbdde,paper,paper,paper,True,0.99609375,organic,organic,exact_train_file,0.99609375,0.0,0.0,120.14241536458333,54.39483651964906,34.499348958333336,234.8553924560547,0.033040364583333336,0.09733072916666667,0.05859375,train/paper/augv9_paper_train_original_061.jpg,paper,0.0,train/paper/augv9_paper_train_original_061.jpg,0.0,False
paper/8efab3bb-3881-4cae-851d-65e14cfa0d47.jpg,51272ab4e05be56f6b24e832285b426f7605dc5829f3b3b90095582a4b215d28,paper,paper,paper,True,0.99609375,paper,paper,exact_train_file,0.99609375,0.0,0.0,125.93570963541667,53.344083499045965,28.140299479166668,291.9169616699219,0.038655598958333336,0.11507161458333333,0.010660807291666666,train/paper/augv9_paper_train_original_062.jpg,paper,1.1920928955078125e-07,train/paper/augv9_paper_train_original_062.jpg,1.1920928955078125e-07,False
paper/8f908485-4c7d-4a00-8ed8-c0b9dfa31430.jpg,be6ced7e3be6505f0d516f42194918d519f5093c1efc9f2ec766da138b9c9855,paper,paper,paper,True,0.99609375,paper,paper,exact_train_file,0.99609375,0.0,0.0,123.03800455729167,46.681195932629024,30.850016276041668,228.2541046142578,0.052083333333333336,0.037679036458333336,0.019775390625,train/paper/augv9_paper_train_original_063.jpg,paper,5.960464477539063e-08,train/paper/augv9_paper_train_original_063.jpg,5.960464477539063e-08,False
paper/904f6d8a-b900-435d-8820-a9170cf3932f.jpg,4c64de55b5b2e8f552b62b4b847093f3a2a831fbe59e3eb3f971ce52d65a5bab,paper,paper,paper,True,0.9765625,paper,paper,exact_train_file,0.9765625,0.0234375,0.0,129.89265950520834,32.06888213401692,22.9697265625,241.2385711669922,0.042643229166666664,0.0,0.005777994791666667,train/paper/augv9_paper_train_original_064.jpg,paper,0.0,train/paper/augv9_paper_train_original_064.jpg,0.0,False
paper/9367b7f0-bf66-4487-8fec-22ae681fb1d5.jpg,fb332445f055cfeb395a3a31a3ad4a354f8df5c0d61abdff8e3cdd069f738bdc,paper,paper,paper,True,0.98828125,plastic,plastic,exact_train_file,0.98828125,0.01171875,0.00390625,125.11881510416667,32.856493981755044,34.895914713541664,230.8850860595703,0.043619791666666664,0.006591796875,0.0,train/paper/augv9_paper_train_original_065.jpg,paper,0.0,train/paper/augv9_paper_train_original_065.jpg,0.0,False
paper/98c24a84-9234-4e56-a602-f424b604edb3.jpg,726cfd7452c8ede295b248b79ec48a998d69b806cc9edabfba00530017d60cc9,paper,paper,paper,True,0.9921875,paper,paper,exact_train_file,0.9921875,0.00390625,0.00390625,126.88338216145833,40.535405899035055,33.626871744791664,270.2747497558594,0.050618489583333336,0.04248046875,0.00390625,train/paper/augv9_paper_train_original_066.jpg,paper,0.0,train/paper/augv9_paper_train_original_066.jpg,0.0,False
paper/99be9226-a986-4a1b-a68c-4faa0d476a0e.jpg,8150610c16975312b46c74ccc8262a16c5ce4bfd2f4705767ddeb73aefb59ad7,paper,paper,paper,True,0.99609375,plastic,plastic,exact_train_file,0.99609375,0.0,0.0,144.26383463541666,45.152795650848,31.791015625,770.1979370117188,0.06648763020833333,0.015869140625,0.06355794270833333,train/paper/augv9_paper_train_original_067.jpg,paper,0.0,train/paper/augv9_paper_train_original_067.jpg,0.0,False
paper/9be5a8d8-61db-4ac1-bcdc-d8d146f806ed.jpg,405a56f45feeab72865884c7fa9baf495ac795b5b7f559da4bfac3827e892a30,paper,paper,paper,True,0.9765625,plastic,plastic,exact_train_file,0.9765625,0.0234375,0.00390625,138.99137369791666,40.45209105075508,17.82421875,330.15185546875,0.046223958333333336,0.018636067708333332,0.042887369791666664,train/paper/augv9_paper_train_original_068.jpg,paper,0.0,train/paper/augv9_paper_train_original_068.jpg,0.0,False
paper/9c43d53d-6e50-4f02-9c08-cf2342898dc0.jpg,f0433c536c21f609855af413d3e9074788d1e166bd28a7cbd99492c87fa9506d,paper,paper,paper,True,0.99609375,plastic,plastic,exact_train_file,0.99609375,0.00390625,0.0,130.88671875,32.477241020220326,21.471435546875,124.45305633544922,0.031982421875,0.0030110677083333335,0.0,train/paper/augv9_paper_train_original_069.jpg,paper,5.960464477539063e-08,train/paper/augv9_paper_train_original_069.jpg,5.960464477539063e-08,False
paper/9d205c38-ac1a-4fb1-8113-ae94ac91dccf.jpg,bdf2d1cb3f81ec39791e46eb3125ce2a9deb4b2852dcabd7b06e4f77802e5521,paper,paper,paper,True,0.98828125,plastic,plastic,exact_train_file,0.98828125,0.01171875,0.0,97.87605794270833,24.366588820272444,27.204996744791668,104.49627685546875,0.0126953125,0.020670572916666668,0.0,train/paper/augv9_paper_train_original_070.jpg,paper,5.960464477539063e-08,train/paper/augv9_paper_train_original_070.jpg,5.960464477539063e-08,False
paper/a1259918-a359-49bd-851a-d3bfb821a634.jpg,55acfa2b24a8cb843ac613c36be8d46eb9d6c2d79788551a5cae1c2c2b3f588e,paper,paper,paper,True,0.98828125,plastic,plastic,exact_train_file,0.98828125,0.00390625,0.0078125,126.95930989583333,43.036586277002996,21.839274088541668,157.51632690429688,0.028971354166666668,0.03125,0.0,train/paper/augv9_paper_train_original_071.jpg,paper,5.960464477539063e-08,train/paper/augv9_paper_train_original_071.jpg,5.960464477539063e-08,False
paper/a21d2a52-81d7-4884-8534-7ae17ed4149f.jpg,9aafc679f1244c652f8bde050732a6240c486fa29dbd825e1347292078e2b1f7,paper,paper,paper,True,0.99609375,plastic,plastic,exact_train_file,0.99609375,0.0,0.0,128.03352864583334,28.358154223894026,33.049723307291664,299.15802001953125,0.050862630208333336,0.0,8.138020833333333e-05,train/paper/augv9_paper_train_original_072.jpg,paper,5.960464477539063e-08,train/paper/augv9_paper_train_original_072.jpg,5.960464477539063e-08,False
paper/a31abf1a-1ba2-4e7f-8df4-23564c4bf558.jpg,2dd50120fe67dd11a1cd2fdf775cf289d67be2f31f2715cce765841e712aa4a5,paper,paper,paper,True,0.99609375,plastic,plastic,exact_train_file,0.99609375,0.0,0.0,125.09464518229167,48.227937907020525,30.917236328125,133.30166625976562,0.023681640625,0.048665364583333336,0.027587890625,train/paper/augv9_paper_train_original_073.jpg,paper,-1.1920928955078125e-07,train/paper/augv9_paper_train_original_073.jpg,-1.1920928955078125e-07,False
paper/a59c2028-effa-4308-8b86-5b38c8a2afa6.jpg,396b4581cba8e636daa403be7697c6e422c3666ac15ade84da5fbd1c8f59ba2f,paper,paper,paper,True,0.97265625,organic,organic,exact_train_file,0.97265625,0.01171875,0.015625,146.72420247395834,47.556311127360765,22.141194661458332,199.4553985595703,0.044352213541666664,0.013916015625,0.07210286458333333,train/paper/augv9_paper_train_original_074.jpg,paper,5.960464477539063e-08,train/paper/augv9_paper_train_original_074.jpg,5.960464477539063e-08,False
paper/a6b7fe8e-ee2b-47be-8b44-e13baed2adf6.jpg,2a53b937014289f37a66ec0f5ef6003650296ca47b7f4039956d525f04a60c85,paper,paper,paper,True,0.99609375,plastic,paper,exact_train_file,0.99609375,0.0,0.0,120.744384765625,47.39981048378601,25.809326171875,343.4920959472656,0.0966796875,0.060628255208333336,0.0030924479166666665,train/paper/augv9_paper_train_original_075.jpg,paper,1.1920928955078125e-07,train/paper/augv9_paper_train_original_075.jpg,1.1920928955078125e-07,False
paper/ae41156a-aa81-46b1-97d7-fb8f22cfdad6.jpg,25d10179c0879b97415e1508b033bc8ab8da1ed515a7b5761d5aadc84614c568,paper,plastic,plastic,False,0.984375,plastic,plastic,unseen,0.015625,0.984375,0.00390625,128.29850260416666,41.45883756934769,28.6201171875,196.42555236816406,0.035807291666666664,0.016438802083333332,0.004557291666666667,train/plastic/augv9_plastic_train_original_005.jpg,plastic,0.0233001708984375,train/paper/augv9_paper_train_original_076.jpg,0.29396283626556396,True
paper/af7d875b-c7cf-411c-bed7-8261a4d346e8.jpg,0cdf5d265d9c8e1ff6a593501c7e8173c9b1755ab71e4590a5552a4016da4f0c,paper,paper,paper,True,0.98828125,paper,paper,exact_train_file,0.98828125,0.01171875,0.0,124.35302734375,44.5313912345922,33.164143880208336,250.935546875,0.055419921875,0.052897135416666664,0.0,train/paper/augv9_paper_train_original_076.jpg,paper,0.0,train/paper/augv9_paper_train_original_076.jpg,0.0,False
paper/b02c7af6-3c13-4a11-84db-a3bd2761ce08.jpg,68d6615d627a2f41de1fa8f87e7c510dab7d798cd04dc007474d3ee254145cda,paper,paper,paper,True,0.99609375,plastic,plastic,exact_train_file,0.99609375,0.0,0.0,133.65861002604166,38.64607711596856,38.112141927083336,170.9912567138672,0.022216796875,0.0,0.009928385416666666,train/paper/augv9_paper_train_original_077.jpg,paper,0.0,train/paper/augv9_paper_train_original_077.jpg,0.0,False
paper/b0fa030b-a9f0-4df8-b236-212c1e8dcaa5.jpg,7b762af51378f9613b70e59d831c8659ed21769bb7f90caafa957cd0a6913fdc,paper,paper,paper,True,0.99609375,organic,organic,exact_train_file,0.99609375,0.00390625,0.00390625,143.17024739583334,48.22752188726591,23.265055338541668,232.989013671875,0.05810546875,0.056233723958333336,0.061767578125,train/paper/augv9_paper_train_original_078.jpg,paper,1.7881393432617188e-07,train/paper/augv9_paper_train_original_078.jpg,1.7881393432617188e-07,False
paper/b22bb84d-1cf7-46ad-b4d0-22cdf10d932d.jpg,44043d8cb9c9a6ecbdad2f9a3ce94c2aad7d4076faa5f69eb449051cf682b54c,paper,paper,paper,True,0.99609375,plastic,plastic,exact_train_file,0.99609375,0.0,0.0,127.81583658854167,35.08442227045248,63.906819661458336,278.7024230957031,0.08992513020833333,0.0,0.012858072916666666,train/paper/augv9_paper_train_original_079.jpg,paper,5.960464477539063e-08,train/paper/augv9_paper_train_original_079.jpg,5.960464477539063e-08,False
paper/b2d6358d-5b99-4e7e-be98-5a3f92c8310d.jpg,1b3eca66eed90ee6764934c6d84fda1cfde0f11bd9756510dc44c08f595303da,paper,paper,paper,True,0.9765625,plastic,plastic,exact_train_file,0.9765625,0.015625,0.0078125,131.009765625,41.88741928331109,23.211588541666668,206.9590606689453,0.046549479166666664,0.019938151041666668,0.007242838541666667,train/paper/augv9_paper_train_original_080.jpg,paper,-1.1920928955078125e-07,train/paper/augv9_paper_train_original_080.jpg,-1.1920928955078125e-07,False
paper/b4fe11ce-1020-4f3c-a792-3853c122c0b8.jpg,7e9e46643dbf0a6c03b37a2557835bbe6b5d70877a2ef867d79668ff6e3b153d,paper,paper,paper,True,0.99609375,plastic,plastic,exact_train_file,0.99609375,0.0,0.0,121.90486653645833,29.498700355625665,35.753743489583336,154.1797637939453,0.024820963541666668,0.00927734375,0.0,train/paper/augv9_paper_train_original_081.jpg,paper,0.0,train/paper/augv9_paper_train_original_081.jpg,0.0,False
paper/b7bcf8af-23dd-4ab6-bc66-3e33db394217.jpg,8f7abf502596db9b432349dd65599774d1aab5b5be1e3002e4f6a4e4d6cdde64,paper,paper,paper,True,0.99609375,paper,paper,exact_train_file,0.99609375,0.0,0.0,124.94921875,45.34947513723816,28.764322916666668,231.78424072265625,0.056803385416666664,0.048909505208333336,0.015706380208333332,train/paper/augv9_paper_train_original_082.jpg,paper,5.960464477539063e-08,train/paper/augv9_paper_train_original_082.jpg,5.960464477539063e-08,False
paper/b80189b8-83b3-4f8b-9191-3abd9093a1b4.jpg,99a1e6b85e83d84373820a1588f557f30e630ba76c64b39c3854cc537921f5ef,paper,paper,paper,True,0.99609375,plastic,plastic,exact_train_file,0.99609375,0.00390625,0.0,119.76595052083333,40.68939495085055,24.801188151041668,208.2096710205078,0.052815755208333336,0.048014322916666664,0.0008951822916666666,train/paper/augv9_paper_train_original_083.jpg,paper,-1.1920928955078125e-07,train/paper/augv9_paper_train_original_083.jpg,-1.1920928955078125e-07,False
paper/b83e7b12-2e7f-4908-9152-236192a86184.jpg,500e6fd4fc4ec76bc3f43e8ad7dfe7bb461ff8a7784971bea36e2dc5e4eb6842,paper,paper,paper,True,0.99609375,plastic,plastic,exact_train_file,0.99609375,0.0,0.0,119.59383138020833,52.92528930251985,35.489827473958336,178.5063934326172,0.037272135416666664,0.09798177083333333,0.020589192708333332,train/paper/augv9_paper_train_original_084.jpg,paper,-1.1920928955078125e-07,train/paper/augv9_paper_train_original_084.jpg,-1.1920928955078125e-07,False
paper/baa362a3-05f3-4d6c-a1d3-6aac7e049b1f.jpg,356913cad7415a1560312ba93617e14af82f41ae4f5699320d706d67aad6c358,paper,paper,paper,True,0.99609375,plastic,plastic,exact_train_file,0.99609375,0.00390625,0.0,137.04850260416666,50.37050154746548,23.3037109375,269.6944580078125,0.06673177083333333,0.03564453125,0.051676432291666664,train/paper/augv9_paper_train_original_085.jpg,paper,0.0,train/paper/augv9_paper_train_original_085.jpg,0.0,False
paper/bbbbbe07-2e49-4753-a7b7-ace87482c456.jpg,bbce33c9ac93d0ed1731c519ef8d4c81aef4949194fc27fceccf8f236c453362,paper,paper,paper,True,0.99609375,organic,paper,exact_train_file,0.99609375,0.0,0.0,125.82666015625,47.81404782534524,24.410970052083332,202.9938201904297,0.052815755208333336,0.06730143229166667,0.025065104166666668,train/paper/augv9_paper_train_original_086.jpg,paper,5.960464477539063e-08,train/paper/augv9_paper_train_original_086.jpg,5.960464477539063e-08,False
paper/bd213f5c-1bd0-4b81-9217-d54f0b51c050.jpg,7d2d9f835d0b78fb9af77a12f70861c253583439fa21d9ca2619996307c15985,paper,paper,paper,True,0.99609375,plastic,plastic,exact_train_file,0.99609375,0.0,0.0,128.450439453125,44.32184666650609,34.974365234375,157.29249572753906,0.0263671875,0.02294921875,0.032307942708333336,train/paper/augv9_paper_train_original_087.jpg,paper,0.0,train/paper/augv9_paper_train_original_087.jpg,0.0,False
paper/be40c2d7-39ff-44d4-8621-7c5b01b2fee9.jpg,49a13de23e4962c13922123c6df06b7d476d58b9483ad2d81c05292c9bd2aa29,paper,paper,paper,True,0.99609375,paper,paper,exact_train_file,0.99609375,0.0,0.0,156.77018229166666,47.9613958419957,27.737874348958332,335.6388244628906,0.062418619791666664,0.0015462239583333333,0.20133463541666666,train/paper/augv9_paper_train_original_088.jpg,paper,0.0,train/paper/augv9_paper_train_original_088.jpg,0.0,False
paper/c07ec094-d5b7-478c-9164-b04fe0897de0.jpg,c51758f3ded8cefe89ce87a6c0da6ffb93ec5f694394ed9d4d0956a4a7a11073,paper,paper,paper,True,0.99609375,paper,plastic,exact_train_file,0.99609375,0.00390625,0.0,123.22501627604167,44.500103169865135,22.020670572916668,173.9460906982422,0.027018229166666668,0.047444661458333336,8.138020833333333e-05,train/paper/augv9_paper_train_original_089.jpg,paper,5.960464477539063e-08,train/paper/augv9_paper_train_original_089.jpg,5.960464477539063e-08,False
paper/c55e2c3b-5857-4090-b51b-a02080526a51.jpg,51187062312723acd4d00f63ea771144a7c4cf5138bac7d36272ac121fcc9e2b,paper,paper,paper,True,0.99609375,plastic,plastic,exact_train_file,0.99609375,0.00390625,0.0,126.79524739583333,43.90150556591904,28.954752604166668,148.4053497314453,0.02587890625,0.025634765625,0.0458984375,train/paper/augv9_paper_train_original_090.jpg,paper,0.0,train/paper/augv9_paper_train_original_090.jpg,0.0,False
paper/c6a15a9a-bd2b-4cbb-bd8a-57640244d3b7.jpg,501c95bca3c9fd5f91200fbfa0b9121891acc2c54c4ec03bdce4b4b5acc0492b,paper,paper,paper,True,0.9921875,organic,organic,exact_train_file,0.9921875,0.0,0.0078125,120.81917317708333,51.12377924473385,36.694661458333336,303.8601379394531,0.068359375,0.11043294270833333,0.0029296875,train/paper/augv9_paper_train_original_091.jpg,paper,1.1920928955078125e-07,train/paper/augv9_paper_train_original_091.jpg,1.1920928955078125e-07,False
paper/caa69a0d-25ae-488b-9664-e7dee488add4.jpg,5dbd10660b39ee0732d0d31ce7960ea53ccd47b76de0797cb139e665302e5f37,paper,paper,paper,True,0.99609375,organic,organic,exact_train_file,0.99609375,0.0,0.0,134.20613606770834,50.744387948936925,36.607096354166664,251.8657989501953,0.06949869791666667,0.043375651041666664,0.061930338541666664,train/paper/augv9_paper_train_original_092.jpg,paper,5.960464477539063e-08,train/paper/augv9_paper_train_original_092.jpg,5.960464477539063e-08,False
paper/cc4ab3bf-2d21-4d39-a432-5c15515bfb7f.jpg,ab8e898e85522b7111be65073d885c6ec2e1991465173398c00984d310c9d7d6,paper,paper,paper,True,0.99609375,plastic,plastic,exact_train_file,0.99609375,0.00390625,0.0,148.97159830729166,46.112410671675214,17.700602213541668,215.70814514160156,0.032552083333333336,0.008626302083333334,0.11027018229166667,train/paper/augv9_paper_train_original_093.jpg,paper,0.0,train/paper/augv9_paper_train_original_093.jpg,0.0,False
paper/cfa0bc8c-16da-40c7-9941-4edf0c62076b.jpg,7d3577d0939875bfa231a3dcf35dc3bb9c2801c02c8faa80cab02b7e8cdbb9fa,paper,paper,paper,True,0.99609375,paper,paper,exact_train_file,0.99609375,0.0,0.0,125.05086263020833,49.01803087787075,32.499674479166664,185.50096130371094,0.026448567708333332,0.1279296875,0.007486979166666667,train/paper/augv9_paper_train_original_094.jpg,paper,0.0,train/paper/augv9_paper_train_original_094.jpg,0.0,False
paper/d4f5f8f8-8660-40a6-9a71-20afae2c17b5.jpg,0cc6bdec23ef20666fa7390af8c3d084336aa6da3a69010473101e4ed26820ee,paper,paper,paper,True,0.99609375,plastic,plastic,exact_train_file,0.99609375,0.0,0.0,127.10611979166667,43.281484675010276,34.704752604166664,173.0229034423828,0.027669270833333332,0.040120442708333336,0.009440104166666666,train/paper/augv9_paper_train_original_095.jpg,paper,5.960464477539063e-08,train/paper/augv9_paper_train_original_095.jpg,5.960464477539063e-08,False
paper/d6c607ff-e54d-4b58-9170-290051e6d6cf.jpg,d9a7ee56dc377212ca95550ae3cb40244a96328e51af13a39c26606d75d6e01d,paper,organic,organic,False,0.6015625,organic,organic,heldout_test,0.39453125,0.00390625,0.6015625,118.25773111979167,59.59868826601191,54.656412760416664,534.1466674804688,0.06689453125,0.11507161458333333,0.102783203125,train/organic/augv9_organic_train_original_014.jpg,organic,0.14157944917678833,train/paper/augv9_paper_train_original_091.jpg,0.14278358221054077,True
paper/dec328cf-2c34-4f85-8b98-7ce685f993b1.jpg,9a25650cd3889d53e5922b9cec8d06bed52c42cb5ad0c3e287fa976b1a65f0c7,paper,paper,paper,True,0.99609375,paper,paper,exact_train_file,0.99609375,0.00390625,0.0,160.21378580729166,45.15185548891809,35.257893880208336,733.802490234375,0.053955078125,0.004150390625,0.15413411458333334,train/paper/augv9_paper_train_original_096.jpg,paper,5.960464477539063e-08,train/paper/augv9_paper_train_original_096.jpg,5.960464477539063e-08,False
paper/e0e3ac9f-1dac-46a9-8732-42aefebdc35d.jpg,4c5d3fdc2bf9f126231c2957e8fda9f9858acd2e641e064a81551f4bcdab2b9a,paper,paper,paper,True,0.99609375,plastic,paper,exact_train_file,0.99609375,0.0,0.0,119.80387369791667,48.15169488887746,29.225341796875,139.1157684326172,0.018147786458333332,0.058268229166666664,0.0026041666666666665,train/paper/augv9_paper_train_original_097.jpg,paper,-1.1920928955078125e-07,train/paper/augv9_paper_train_original_097.jpg,-1.1920928955078125e-07,False
paper/e10977ee-9ada-43cf-9ee8-b896085d36ac.jpg,e66439a1c96b7913a16a4df8a1d287f979cc1c3ba83dbb1b6c2a4ba3bcc16165,paper,paper,paper,True,0.9765625,organic,organic,exact_train_file,0.9765625,0.00390625,0.01953125,130.20524088541666,29.91868371592468,44.393391927083336,293.9022521972656,0.035970052083333336,0.0,0.01416015625,train/paper/augv9_paper_train_original_098.jpg,paper,-1.1920928955078125e-07,train/paper/augv9_paper_train_original_098.jpg,-1.1920928955078125e-07,False
paper/e430b787-a041-4620-be64-a0acccccd227.jpg,44ff176590cec772e7e0346b2d24f05b15c02a5f5aa3ff032f8954b380e48326,paper,paper,paper,True,0.99609375,plastic,plastic,exact_train_file,0.99609375,0.0,0.0,118.98396809895833,53.018862910839175,36.071126302083336,174.80848693847656,0.022786458333333332,0.10042317708333333,0.043294270833333336,train/paper/augv9_paper_train_original_099.jpg,paper,0.0,train/paper/augv9_paper_train_original_099.jpg,0.0,False
paper/e49dbf71-1c4c-4432-8f77-620e2b66e873.jpg,c0d770c6129f05a747adee2c4f40da09d9e04bb1b8a659f33c9ebe494b510eb1,paper,paper,paper,True,0.99609375,paper,paper,exact_train_file,0.99609375,0.0,0.00390625,159.759033203125,41.021232252940415,24.043294270833332,238.27491760253906,0.048421223958333336,0.0,0.0,train/paper/augv9_paper_train_original_100.jpg,paper,-1.1920928955078125e-07,train/paper/augv9_paper_train_original_100.jpg,-1.1920928955078125e-07,False
paper/e8c93367-7b40-42e5-926a-f8832a6589e5.jpg,256c0a18fcc7a7038ab46ed2ea26860bb2be5de08717135ffff7fce039c7fc4c,paper,paper,paper,True,0.99609375,organic,organic,exact_train_file,0.99609375,0.0,0.0,124.17277018229167,44.413081709068585,27.526041666666668,189.4886016845703,0.042317708333333336,0.095947265625,0.0,train/paper/augv9_paper_train_original_101.jpg,paper,5.960464477539063e-08,train/paper/augv9_paper_train_original_101.jpg,5.960464477539063e-08,False
paper/e91fd5f8-66e2-4abb-ae22-d909158c112f.jpg,dada3c4bb2800aada60e45f2145b8a3179faabeaf36bf81de2d7bada993c054d,paper,paper,paper,True,0.99609375,plastic,plastic,exact_train_file,0.99609375,0.0,0.0,133.99568684895834,35.25685001433319,33.539713541666664,271.24346923828125,0.02880859375,0.0,0.011311848958333334,train/paper/augv9_paper_train_original_102.jpg,paper,1.1920928955078125e-07,train/paper/augv9_paper_train_original_102.jpg,1.1920928955078125e-07,False
paper/e9dd6578-4b15-4a72-9c0a-32e66b6ba58e.jpg,93bc200bfeffef320f9ebe3a7bd70ecb1114c0ab999a3715b19a828a228573b6,paper,paper,paper,True,0.99609375,organic,organic,exact_train_file,0.99609375,0.0,0.0,122.97102864583333,55.986342216895224,39.460205078125,392.9676513671875,0.07666015625,0.09773763020833333,0.06892903645833333,train/paper/augv9_paper_train_original_103.jpg,paper,1.1920928955078125e-07,train/paper/augv9_paper_train_original_103.jpg,1.1920928955078125e-07,False
paper/eb675384-3315-40da-a4cb-a2f9332bba69.jpg,e09ac6ec5007f2609e5b2916ff503f1a438096b2cb6ba552b192aa3791120175,paper,paper,paper,True,0.98828125,plastic,plastic,exact_train_file,0.98828125,0.0078125,0.00390625,123.18310546875,52.83419950895345,26.292724609375,124.06219482421875,0.012532552083333334,0.063232421875,0.057373046875,train/paper/augv9_paper_train_original_104.jpg,paper,1.1920928955078125e-07,train/paper/augv9_paper_train_original_104.jpg,1.1920928955078125e-07,False
paper/ecb21d6d-d87b-4bd3-867f-9e690dabc8c3.jpg,500c89420ad74568706f5d176f23d645a5e6c49ce7f1e49f35197e79cbee3f16,paper,paper,paper,True,0.99609375,paper,plastic,exact_train_file,0.99609375,0.0,0.0,126.05948893229167,44.048671287414855,32.510823567708336,175.78321838378906,0.034912109375,0.058837890625,0.0004069010416666667,train/paper/augv9_paper_train_original_105.jpg,paper,5.960464477539063e-08,train/paper/augv9_paper_train_original_105.jpg,5.960464477539063e-08,False
paper/ed01d071-f456-4531-b89e-393ff9d48030.jpg,1ede2274f2c225b00236c8848a02fe6c88f0a6a88ffd906487cf21334a161a0f,paper,paper,paper,True,0.99609375,plastic,plastic,exact_train_file,0.99609375,0.0,0.0,123.744140625,41.96121757971152,42.811360677083336,356.0340576171875,0.06681315104166667,0.014485677083333334,0.032389322916666664,train/paper/augv9_paper_train_original_106.jpg,paper,-1.1920928955078125e-07,train/paper/augv9_paper_train_original_106.jpg,-1.1920928955078125e-07,False
paper/edea9fa3-acb3-40d5-9eaf-6473bcdf41b2.jpg,e07d2fcf3df7a5ada243069d669b03bca09af2428aff313cfead324504cd9a93,paper,paper,paper,True,0.99609375,organic,organic,exact_train_file,0.99609375,0.0,0.0,129.7333984375,55.24433079570433,37.498779296875,176.54222106933594,0.029947916666666668,0.08317057291666667,0.082275390625,train/paper/augv9_paper_train_original_107.jpg,paper,1.1920928955078125e-07,train/paper/augv9_paper_train_original_107.jpg,1.1920928955078125e-07,False
paper/eeb59ade-372f-428d-bf0f-a1a47c3180ae.jpg,1c7c05ddb965b97c78480bde56ac7a1cb31058643d96b67bc966681486ec71e5,paper,paper,paper,True,0.99609375,plastic,plastic,exact_train_file,0.99609375,0.0,0.0,121.02628580729167,51.648397919238924,23.506184895833332,614.6793212890625,0.123779296875,0.09635416666666667,0.036051432291666664,train/paper/augv9_paper_train_original_108.jpg,paper,1.1920928955078125e-07,train/paper/augv9_paper_train_original_108.jpg,1.1920928955078125e-07,False
paper/f027ccf5-ade4-49ef-8fc1-1ece900c0cd1.jpg,7f9805037d3b3ae5149fd550f49bb04c8ab38bd5baa70fedfc24e1085eaf8c28,paper,paper,paper,True,0.98828125,paper,paper,exact_train_file,0.98828125,0.0078125,0.0078125,127.96305338541667,43.55748307193902,24.479085286458332,161.6419219970703,0.031168619791666668,0.034993489583333336,0.00244140625,train/paper/augv9_paper_train_original_109.jpg,paper,-1.1920928955078125e-07,train/paper/augv9_paper_train_original_109.jpg,-1.1920928955078125e-07,False
paper/f0fc7621-4861-4e0f-a6e5-78982f4e4d6c.jpg,f60969861f106de54626b4800bcf18a2434e6b2a5b54eb5d74b8e2e77cfceefb,paper,paper,paper,True,0.99609375,paper,paper,exact_train_file,0.99609375,0.0,0.0,119.99601236979167,49.681912032321655,26.819254557291668,363.0565490722656,0.116455078125,0.07560221354166667,0.025065104166666668,train/paper/augv9_paper_train_original_110.jpg,paper,0.0,train/paper/augv9_paper_train_original_110.jpg,0.0,False
paper/f2513e44-5d15-42bb-aae5-5e19d866d0e5.jpg,ba1bf55b92646f80f2bab16b9a1d1a813872f1a18fd0216f20342f2507a319cf,paper,paper,paper,True,0.99609375,plastic,paper,exact_train_file,0.99609375,0.0,0.0,126.00830078125,42.95221760867861,25.298177083333332,121.94158172607422,0.0205078125,0.033447265625,0.024088541666666668,train/paper/augv9_paper_train_original_111.jpg,paper,0.0,train/paper/augv9_paper_train_original_111.jpg,0.0,False
paper/f3f964a3-065a-4b82-8a45-9eefc18b845e.jpg,f8b517e8c32cb26fca536feb677e1febb82972dee29829adb983b4452ac38ca5,paper,paper,paper,True,0.99609375,organic,organic,exact_train_file,0.99609375,0.0,0.0,126.679931640625,48.28319016727977,33.544026692708336,207.3265380859375,0.049886067708333336,0.016031901041666668,0.07161458333333333,train/paper/augv9_paper_train_original_112.jpg,paper,0.0,train/paper/augv9_paper_train_original_112.jpg,0.0,False
paper/f6b07b56-00b3-4c43-b16d-6d35d7a759b5.jpg,4f2ea4ca08220b6647e9db79c6ecaf17008ac7c17c45809e4e5d63831a8901ce,paper,paper,paper,True,0.99609375,plastic,plastic,exact_train_file,0.99609375,0.0,0.0,125.130615234375,44.30685546970891,22.116861979166668,191.3318328857422,0.045166015625,0.038411458333333336,8.138020833333333e-05,train/paper/augv9_paper_train_original_113.jpg,paper,-1.1920928955078125e-07,train/paper/augv9_paper_train_original_113.jpg,-1.1920928955078125e-07,False
paper/f80a1882-d4a1-4141-9d28-41c94cba8bc2.jpg,b59b04e00247f8065edc8a69b23e4c218ea77c49031b496e74a82339e49fa6d4,paper,paper,paper,True,0.99609375,organic,organic,exact_train_file,0.99609375,0.0,0.0,123.78328450520833,54.19437784247421,48.5595703125,455.27783203125,0.041341145833333336,0.08837890625,0.06583658854166667,train/paper/augv9_paper_train_original_114.jpg,paper,0.0,train/paper/augv9_paper_train_original_114.jpg,0.0,False
paper/f890c3ed-70be-433f-b8a8-249345c6fa72.jpg,9bedffe398377203e5a50a62bc445d44006d4f52cca53a5514d8e7187e75eced,paper,paper,paper,True,0.9921875,plastic,plastic,exact_train_file,0.9921875,0.00390625,0.00390625,122.75056966145833,47.46623019701048,32.93603515625,153.0252685546875,0.039794921875,0.048258463541666664,0.005045572916666667,train/paper/augv9_paper_train_original_115.jpg,paper,0.0,train/paper/augv9_paper_train_original_115.jpg,0.0,False
paper/fc87e31a-5aff-44b9-9d8c-453e19120835.jpg,eda45a2e9c1822a9cb0f53bab6770612fff273381e00c8e480bc41effc922dbb,paper,paper,paper,True,0.99609375,plastic,plastic,exact_train_file,0.99609375,0.00390625,0.0,121.02840169270833,49.66820665766626,30.939615885416668,203.5030059814453,0.052978515625,0.044352213541666664,0.023600260416666668,train/paper/augv9_paper_train_original_116.jpg,paper,0.0,train/paper/augv9_paper_train_original_116.jpg,0.0,False
paper/fcb840f7-bd50-486f-b397-703b44bb5441.jpg,5503a363fe91cc3081fe747cc03b3aee4cfb963ba160c2d3b5957008bcf9bc20,paper,paper,paper,True,0.9921875,plastic,plastic,exact_train_file,0.9921875,0.0078125,0.0,125.14274088541667,44.198572428610525,25.089599609375,141.87425231933594,0.030436197916666668,0.105224609375,0.0,train/paper/augv9_paper_train_original_117.jpg,paper,0.0,train/paper/augv9_paper_train_original_117.jpg,0.0,False
paper/fcd246df-8539-424d-b417-36c64d269d89.jpg,53d684bb643923a9218428d6882baf03575c15005b3f51a047379ddd27871e0a,paper,paper,paper,True,0.99609375,paper,paper,exact_train_file,0.99609375,0.0,0.0,150.26017252604166,34.72274067181192,30.117594401041668,293.1084289550781,0.050618489583333336,0.0,0.019938151041666668,train/paper/augv9_paper_train_original_118.jpg,paper,0.0,train/paper/augv9_paper_train_original_118.jpg,0.0,False
paper/fd4ef339-4664-448f-a422-25b9f11c3cc7.jpg,bb10af9f69c38e51f48ab98879307d6fe56e2595ac05b4bfae0006a7ffdfbe40,paper,paper,paper,True,0.99609375,plastic,plastic,exact_train_file,0.99609375,0.00390625,0.0,132.25203450520834,42.71907237550705,26.777750651041668,172.09071350097656,0.012044270833333334,0.022216796875,0.009684244791666666,train/paper/augv9_paper_train_original_119.jpg,paper,-2.384185791015625e-07,train/paper/augv9_paper_train_original_119.jpg,-2.384185791015625e-07,False
paper/fdc7606e-699d-4b1b-bda0-d468c1afabab.jpg,deb7607bf97d64235fbfad81853755fb381a19e799c295964ea699238e6daa5b,paper,paper,paper,True,0.99609375,plastic,plastic,exact_train_file,0.99609375,0.0,0.0,126.99055989583333,45.14913159808854,29.095133463541668,850.9586791992188,0.13094075520833334,0.0302734375,0.029622395833333332,train/paper/augv9_paper_train_original_120.jpg,paper,0.0,train/paper/augv9_paper_train_original_120.jpg,0.0,False
paper/fe292d4a-8a27-47e1-b617-11421758474e.jpg,c9b712a2b6c28af43b4fa9b0d35230d2454fb7befca049fbfd90da28beeefa49,paper,paper,paper,True,0.99609375,plastic,plastic,exact_train_file,0.99609375,0.0,0.0,123.862548828125,48.192862431451495,29.841145833333332,162.61245727539062,0.03173828125,0.06453450520833333,0.017496744791666668,train/paper/augv9_paper_train_original_121.jpg,paper,-1.1920928955078125e-07,train/paper/augv9_paper_train_original_121.jpg,-1.1920928955078125e-07,False
paper/fe45d128-a7df-47cf-96cc-fbe51ea6ccfe.jpg,0c5ca2ffe538b7ac7fe585c6122d83dec119b8a036562e7c269ec8b39bb5f125,paper,paper,paper,True,0.99609375,paper,paper,exact_train_file,0.99609375,0.00390625,0.0,126.14265950520833,54.091657989201835,33.94921875,218.64410400390625,0.037434895833333336,0.07804361979166667,0.03857421875,train/paper/augv9_paper_train_original_122.jpg,paper,0.0,train/paper/augv9_paper_train_original_122.jpg,0.0,False
paper/fe8b5593-461d-4af0-8f64-651ee922c975.jpg,541140e8113a624703dd6dfe930e8263a6c3177a09df1a5c13b5b9a3a57cbd3f,paper,paper,paper,True,0.99609375,organic,organic,exact_train_file,0.99609375,0.00390625,0.0,136.99373372395834,44.28275377274234,25.814534505208332,409.2124328613281,0.13134765625,0.0029296875,0.072998046875,train/paper/augv9_paper_train_original_123.jpg,paper,5.960464477539063e-08,train/paper/augv9_paper_train_original_123.jpg,5.960464477539063e-08,False
plastic/0e2388bc-635a-4704-aebf-ee34fe70a5d8.jpg,4906b4568d617faa7d97d79004d50c3e038f58e492b8c1b0f8836b2f860776f7,plastic,plastic,plastic,True,0.61328125,plastic,plastic,heldout_validation,0.34375,0.61328125,0.04296875,121.78133138020833,44.98243421393244,31.143473307291668,581.9696044921875,0.07413736979166667,0.034342447916666664,0.009602864583333334,train/paper/augv9_paper_train_original_076.jpg,paper,0.11804723739624023,train/plastic/augv9_plastic_train_original_014.jpg,0.13207405805587769,True
plastic/2118a584-485e-46d8-ae18-262b8b7cf11a.jpg,9b2686d8a88adeb7e0bb24a3df97db87f62652c91812a39d382fc7a6cca6d300,plastic,plastic,plastic,True,0.99609375,plastic,plastic,exact_train_file,0.0,0.99609375,0.0,128.09757486979166,33.13733065472877,22.980061848958332,243.31321716308594,0.031901041666666664,0.006429036458333333,0.001220703125,train/plastic/augv9_plastic_train_original_001.jpg,plastic,0.0,train/plastic/augv9_plastic_train_original_001.jpg,0.0,False
plastic/24071e66-9fad-4962-9097-b99cd571913f.jpg,b32bc46d68f9802229f2bb884509fd9de56ff182effb1eff884769d0cf53e82d,plastic,plastic,plastic,True,0.99609375,plastic,plastic,exact_train_file,0.0,0.99609375,0.0,122.998291015625,43.42426447421128,30.613118489583332,242.7245330810547,0.0546875,0.037272135416666664,0.013102213541666666,train/plastic/augv9_plastic_train_original_002.jpg,plastic,0.0,train/plastic/augv9_plastic_train_original_002.jpg,0.0,False
plastic/2d923f14-4cc7-4855-b05d-712c80001af2.jpg,7426a82f023ca0a70a589503c5eac1ce32b49938ac4b26f9e3fa447b18937b85,plastic,plastic,plastic,True,0.94140625,plastic,plastic,heldout_test,0.046875,0.94140625,0.01171875,119.05989583333333,43.432160115297236,35.365559895833336,453.0836181640625,0.08447265625,0.030924479166666668,0.01806640625,train/plastic/augv9_plastic_train_original_021.jpg,plastic,0.07659626007080078,train/plastic/augv9_plastic_train_original_021.jpg,0.07659626007080078,True
plastic/2e185fae-4482-41ee-b8ea-d6a090dd32f7.jpg,edcd64d47d69f68d2718f934f93d3c0a859489855bc77c3aacfcda425a9f1051,plastic,plastic,plastic,True,0.99609375,paper,paper,heldout_validation,0.00390625,0.99609375,0.0,129.84000651041666,31.16685743452021,20.823811848958332,268.1835632324219,0.035807291666666664,0.0004069010416666667,0.0028483072916666665,train/plastic/plastic_train_original_004.jpg,plastic,0.012545406818389893,train/plastic/plastic_train_original_004.jpg,0.012545406818389893,False
plastic/33828efa-4dba-4a74-8e35-91a16d6fcc9f.jpg,2a98ab798a1d135974a5bfb4080ce69ba1144e529cbea9b98a4fdff28f9d039b,plastic,plastic,plastic,True,0.99609375,paper,paper,exact_train_file,0.0,0.99609375,0.0,130.15299479166666,33.85828785387422,23.357828776041668,409.2359313964844,0.043131510416666664,0.000244140625,0.01025390625,train/plastic/augv9_plastic_train_original_003.jpg,plastic,5.960464477539063e-08,train/plastic/augv9_plastic_train_original_003.jpg,5.960464477539063e-08,False
plastic/40bd6de7-f23a-41c3-9a9f-2d96d3883649.jpg,bcfeb7e9e399615cd1ca0059b08337e20da12cb9215618a094a9a21cee39ecb9,plastic,plastic,plastic,True,0.99609375,plastic,plastic,exact_train_file,0.0,0.99609375,0.0,131.94051106770834,36.009257519179144,26.730631510416668,454.4492492675781,0.07853190104166667,0.0027669270833333335,0.0010579427083333333,train/plastic/augv9_plastic_train_original_004.jpg,plastic,0.0,train/plastic/augv9_plastic_train_original_004.jpg,0.0,False
plastic/452d2422-0142-41bd-9144-9f43ad82fcb2.jpg,48e6ac9ca992a37c137c883f643df37b80896df9c115a0706c7d8566fb7e77b0,plastic,plastic,plastic,True,0.99609375,plastic,plastic,exact_train_file,0.0,0.99609375,0.0,127.158203125,38.926327706300825,29.94287109375,173.31797790527344,0.0283203125,0.017985026041666668,0.0035807291666666665,train/plastic/augv9_plastic_train_original_005.jpg,plastic,0.0,train/plastic/augv9_plastic_train_original_005.jpg,0.0,False
plastic/4c5909a4-a9e8-4c99-a1ac-73b8937f56d7.jpg,c3a8f5fde9ab0cd7dcd5b522a874897c466d1724076325e7686ca236a2b1b790,plastic,plastic,plastic,True,0.99609375,plastic,plastic,exact_train_file,0.00390625,0.99609375,0.0,121.760498046875,35.93356199636686,25.035563151041668,162.27955627441406,0.02978515625,0.026692708333333332,0.0023600260416666665,train/plastic/augv9_plastic_train_original_006.jpg,plastic,-2.384185791015625e-07,train/plastic/augv9_plastic_train_original_006.jpg,-2.384185791015625e-07,False
plastic/50d1fc10-d6bd-4b6b-a6a1-faff943e4a0a.jpg,00a98ac34aa442b73f32d20e27fca0ad366edeab891ee6e9fdea0fe58870e04f,plastic,plastic,plastic,True,0.99609375,plastic,plastic,exact_train_file,0.0,0.99609375,0.0,130.74641927083334,36.87903827028138,26.5029296875,482.6439208984375,0.080810546875,0.012288411458333334,0.0020345052083333335,train/plastic/augv9_plastic_train_original_007.jpg,plastic,1.1920928955078125e-07,train/plastic/augv9_plastic_train_original_007.jpg,1.1920928955078125e-07,False
plastic/5136d6c4-9577-4d3e-974a-5fe044dcc39b.jpg,353ee90cb66aa7b97de0135bbae303226e7574f6a359de2c7c38a48e39f8b33b,plastic,plastic,plastic,True,0.94921875,plastic,plastic,heldout_test,0.046875,0.94921875,0.00390625,129.71630859375,34.39298186371293,19.009928385416668,475.92919921875,0.041341145833333336,0.006429036458333333,0.00146484375,train/plastic/augv9_plastic_train_original_005.jpg,plastic,0.044497787952423096,train/plastic/augv9_plastic_train_original_005.jpg,0.044497787952423096,True
plastic/5d7b84e1-7787-4663-a9af-5ed3b576538a.jpg,a34893fd693bee519c2c33106961d31fae2dbf754bd615116a404136109510f3,plastic,plastic,plastic,True,0.99609375,paper,paper,exact_train_file,0.0,0.99609375,0.00390625,133.66373697916666,38.840199289224216,23.395426432291668,469.8924865722656,0.084716796875,0.0015462239583333333,0.047281901041666664,train/plastic/augv9_plastic_train_original_008.jpg,plastic,0.0,train/plastic/augv9_plastic_train_original_008.jpg,0.0,False
plastic/68a1c345-6540-4b93-a842-5a95aa252f91.jpg,79340b20cdfc481256b498527f762161f6c93303c6f603c42bc8df12e4af2a81,plastic,plastic,plastic,True,0.99609375,paper,organic,exact_train_file,0.0,0.99609375,0.0,132.96419270833334,35.663975213008904,19.425455729166668,326.25518798828125,0.046061197916666664,0.009847005208333334,0.0010579427083333333,train/plastic/augv9_plastic_train_original_009.jpg,plastic,1.1920928955078125e-07,train/plastic/augv9_plastic_train_original_009.jpg,1.1920928955078125e-07,False
plastic/6a300772-f7c2-4905-a435-fbda86b5e7df.jpg,dbec3f1965b404ebc8760d35051051f9444269f00a3026b99f9f9849a11e3c68,plastic,paper,paper,False,0.6796875,plastic,plastic,heldout_validation,0.6796875,0.3203125,0.0,134.00919596354166,36.1095699016359,25.396809895833332,283.0689392089844,0.06437174479166667,0.004801432291666667,0.0146484375,train/paper/augv9_paper_train_original_064.jpg,paper,0.06450998783111572,train/plastic/augv9_plastic_train_original_014.jpg,0.1428375244140625,True
plastic/6aa83614-a438-45fd-9ca8-ec4e346a6839.jpg,d783d6469d3876b1d032a4cf5e3d06e6bd020d7111bd733da09576fa4e13c58a,plastic,plastic,plastic,True,0.99609375,paper,paper,exact_train_file,0.0,0.99609375,0.0,121.032470703125,34.496032243945294,32.875732421875,119.2490463256836,0.022705078125,0.016682942708333332,0.0,train/plastic/augv9_plastic_train_original_010.jpg,plastic,0.0,train/plastic/augv9_plastic_train_original_010.jpg,0.0,False
plastic/6bb14734-8d8a-4f75-956e-97a8638b50b6.jpg,3f9bb35465ce2b88b8f60a33a01029a0c4e7f530d34f3fe0556deeae4c7a3b10,plastic,plastic,plastic,True,0.99609375,plastic,plastic,exact_train_file,0.0,0.99609375,0.0,127.04337565104167,38.1650829686773,23.157389322916668,311.3761291503906,0.037353515625,0.021158854166666668,0.007568359375,train/plastic/augv9_plastic_train_original_011.jpg,plastic,0.0,train/plastic/augv9_plastic_train_original_011.jpg,0.0,False
plastic/6f1441cc-933b-4c05-821b-2edc26351c1e.jpg,1d52a22862bcd3c1190a8e58b61fd976c924ddeeefff1cb7ce0cf403d20eb1ea,plastic,plastic,plastic,True,0.99609375,plastic,paper,exact_train_file,0.0,0.99609375,0.0,135.20125325520834,35.32820597060126,15.857177734375,278.5041809082031,0.038004557291666664,0.005696614583333333,0.016927083333333332,train/plastic/augv9_plastic_train_original_012.jpg,plastic,1.1920928955078125e-07,train/plastic/augv9_plastic_train_original_012.jpg,1.1920928955078125e-07,False
plastic/72591b70-ec20-4240-96dc-ce5ccb4387e3.jpg,35e180cfc1b181c1a336aed2e147db7eb026007ac1a7ebd89f3df146d8b67f8a,plastic,plastic,plastic,True,0.99609375,plastic,plastic,exact_train_file,0.0,0.99609375,0.0,127.84920247395833,37.45570688433337,28.382242838541668,960.2919311523438,0.10408528645833333,0.025227864583333332,0.0032552083333333335,train/plastic/augv9_plastic_train_original_013.jpg,plastic,0.0,train/plastic/augv9_plastic_train_original_013.jpg,0.0,False
plastic/72bb7b1c-11e0-4a75-bc48-f0d75a511015.jpg,575ccaa6ff78d78fed7a02735f80d642b049c49e80c2d30bcb0aba366adbdc0b,plastic,plastic,plastic,True,0.99609375,plastic,plastic,exact_train_file,0.00390625,0.99609375,0.0,129.78092447916666,34.363007198565604,25.700276692708332,155.49925231933594,0.021809895833333332,0.005777994791666667,0.0,train/plastic/augv9_plastic_train_original_014.jpg,plastic,-1.1920928955078125e-07,train/plastic/augv9_plastic_train_original_014.jpg,-1.1920928955078125e-07,False
plastic/7a629096-8f2d-414c-8ea7-1e18fcbeb59c.jpg,58d748350c7325680afe8e6a4db71f3fc51c10b6f92a05e639bf00dc76cb348e,plastic,plastic,plastic,True,0.99609375,paper,paper,exact_train_file,0.00390625,0.99609375,0.0,126.660888671875,37.334378098641814,23.482828776041668,217.3103790283203,0.044514973958333336,0.018880208333333332,0.011800130208333334,train/plastic/augv9_plastic_train_original_015.jpg,plastic,0.0,train/plastic/augv9_plastic_train_original_015.jpg,0.0,False
plastic/7f459649-2df5-4551-b2e5-8010e3e69531.jpg,926a2e61397ee622ff97cbf8c78591353626ee95ef6ac74900f0286764755757,plastic,plastic,plastic,True,0.875,plastic,plastic,heldout_validation,0.1171875,0.875,0.0078125,123.1728515625,38.321406301584126,26.119303385416668,321.1099548339844,0.042154947916666664,0.025960286458333332,0.0020345052083333335,train/plastic/augv9_plastic_train_original_014.jpg,plastic,0.06128185987472534,train/plastic/augv9_plastic_train_original_014.jpg,0.06128185987472534,True
plastic/9184b7f9-df02-436d-ba3d-50cf44f369ac.jpg,5962d1ff1172fa4ea379eb4a39b9b64a9a0ca9464fd0aeba2fdb447f02b619ed,plastic,plastic,plastic,True,0.99609375,organic,organic,exact_train_file,0.0,0.99609375,0.00390625,130.95426432291666,35.31508136830389,19.632080078125,436.7514953613281,0.06941731770833333,0.012044270833333334,0.02001953125,train/plastic/augv9_plastic_train_original_016.jpg,plastic,5.960464477539063e-08,train/plastic/augv9_plastic_train_original_016.jpg,5.960464477539063e-08,False
plastic/940300ac-7bef-4874-9565-9ed7d0fdd807.jpg,040e13854b7a31804f22b0c71c9a522daf7095958b9b23563ba1878bc854c148,plastic,plastic,plastic,True,0.99609375,paper,paper,heldout_test,0.00390625,0.99609375,0.0,127.24519856770833,30.360553374899183,21.917887369791668,276.3020935058594,0.030843098958333332,0.0010579427083333333,0.0015462239583333333,train/plastic/augv9_plastic_train_original_003.jpg,plastic,0.01525890827178955,train/plastic/augv9_plastic_train_original_003.jpg,0.01525890827178955,False
plastic/96f7fb79-54b9-4269-9712-dcd543fb38dd.jpg,22c6749fcc98199cf21b7944367a0bf04a88be35dfa3673f3057ea64faa87017,plastic,plastic,plastic,True,0.99609375,plastic,plastic,exact_train_file,0.0,0.99609375,0.0,135.08455403645834,23.565192340994027,16.73486328125,317.6057434082031,0.03564453125,0.0,0.0032552083333333335,train/plastic/augv9_plastic_train_original_017.jpg,plastic,-1.1920928955078125e-07,train/plastic/augv9_plastic_train_original_017.jpg,-1.1920928955078125e-07,False
plastic/9aacf7c8-789a-4f9e-ae6c-d60aaccc9f60.jpg,dda76e7c996631e1381d7d936d436a9b375bba2972ab651b97f08ad54c2b35dd,plastic,plastic,plastic,True,0.97265625,paper,paper,heldout_validation,0.0234375,0.97265625,0.00390625,134.58577473958334,35.69331397090076,23.589518229166668,269.0741882324219,0.10050455729166667,0.010904947916666666,0.013997395833333334,train/plastic/augv9_plastic_train_original_014.jpg,plastic,0.04018449783325195,train/plastic/augv9_plastic_train_original_014.jpg,0.04018449783325195,True
plastic/9b24a51d-8349-4eb8-883a-56670864fe25.jpg,a57b3174eaff370737b4463c865896f61933a9b8a03df58f4d881ae02d874935,plastic,plastic,plastic,True,0.99609375,plastic,plastic,exact_train_file,0.0,0.99609375,0.0,128.174560546875,37.18399030140883,30.551350911458332,441.1620178222656,0.06388346354166667,0.009847005208333334,0.007161458333333333,train/plastic/augv9_plastic_train_original_018.jpg,plastic,0.0,train/plastic/augv9_plastic_train_original_018.jpg,0.0,False
plastic/a6cbcabd-830a-4a57-aa0c-8e617d83193d.jpg,85ca5a64a18c53165d10ae568c79c008ccc5b2e73b2855616b6c0b416fd465d3,plastic,plastic,plastic,True,0.96484375,paper,plastic,heldout_test,0.03125,0.96484375,0.00390625,127.813232421875,35.87100774508298,24.042317708333332,251.51463317871094,0.042805989583333336,0.01220703125,0.0035807291666666665,train/plastic/augv9_plastic_train_original_034.jpg,plastic,0.045871615409851074,train/plastic/augv9_plastic_train_original_034.jpg,0.045871615409851074,True
plastic/ad8dbdbc-f95a-42dc-95ad-e567d1eca200.jpg,b0c0471fb819a2d5c0669e83685e775fefd0e8e1ed4050ca06c2d213cd5bea8c,plastic,plastic,plastic,True,0.99609375,plastic,plastic,exact_train_file,0.0,0.99609375,0.0,128.25431315104166,37.00422522965788,23.977457682291668,446.2001647949219,0.049397786458333336,0.021809895833333332,0.007893880208333334,train/plastic/augv9_plastic_train_original_019.jpg,plastic,5.960464477539063e-08,train/plastic/augv9_plastic_train_original_019.jpg,5.960464477539063e-08,False
plastic/b4ca0803-1367-4347-82fb-a029c4f08bc1.jpg,20d18bbce35df27809a12273348ed7457165e9be125cf0e4adcb0e9cb533f2a0,plastic,plastic,plastic,True,0.99609375,plastic,paper,exact_train_file,0.0,0.99609375,0.0,124.95564778645833,41.37350988241787,34.645914713541664,512.6651000976562,0.07967122395833333,0.031005859375,0.0126953125,train/plastic/augv9_plastic_train_original_020.jpg,plastic,0.0,train/plastic/augv9_plastic_train_original_020.jpg,0.0,False
plastic/be1a672c-873b-4117-b7af-daa4599b8390.jpg,12518badcdb61e3cbe99e5522d43096715607a1a519b5ef82ac301a1e468a25d,plastic,plastic,plastic,True,0.82421875,plastic,plastic,heldout_validation,0.16796875,0.82421875,0.0078125,112.94718424479167,41.65580723322032,30.608072916666668,352.933837890625,0.060791015625,0.06868489583333333,0.0004069010416666667,train/plastic/augv9_plastic_train_original_014.jpg,plastic,0.06016194820404053,train/plastic/augv9_plastic_train_original_014.jpg,0.06016194820404053,True
plastic/d4ffff31-b85c-4a2f-9684-8fb528456543.jpg,86b1d7a1000e482651d02fc118e9e390f58e3e3002c80d95e938f490b9af8af9,plastic,plastic,plastic,True,0.97265625,plastic,plastic,heldout_test,0.02734375,0.97265625,0.0,130.95987955729166,34.91479260376064,27.259114583333332,316.74169921875,0.07430013020833333,0.00537109375,0.014404296875,train/plastic/augv9_plastic_train_original_014.jpg,plastic,0.04825562238693237,train/plastic/augv9_plastic_train_original_014.jpg,0.04825562238693237,True
plastic/d61ce994-23b3-4d1e-8c24-e90ef6aa15de.jpg,b4e40471c7bdcd1bbf17b677d744b0bdde3d58a0b978c64d20184c6c6ea747e3,plastic,plastic,plastic,True,0.99609375,plastic,plastic,exact_train_file,0.0,0.99609375,0.0,130.07291666666666,42.089632495763986,32.607991536458336,609.0889282226562,0.09586588541666667,0.014485677083333334,0.033610026041666664,train/plastic/augv9_plastic_train_original_021.jpg,plastic,0.0,train/plastic/augv9_plastic_train_original_021.jpg,0.0,False
plastic/dbbb8d63-b989-4f0b-b66a-9cc42f278b7f.jpg,df6fd0ca71bcc35a83fe2941cc2173863f7426944de8089e0ac0967924ebca13,plastic,plastic,plastic,True,0.99609375,plastic,paper,exact_train_file,0.0,0.99609375,0.0,128.343505859375,35.943553681440804,22.410563151041668,162.5696258544922,0.024983723958333332,0.014973958333333334,0.0011393229166666667,train/plastic/augv9_plastic_train_original_022.jpg,plastic,0.0,train/plastic/augv9_plastic_train_original_022.jpg,0.0,False
plastic/dc34a99f-d23b-4725-b222-0b0bf853e536.jpg,e3b8ed7519d927454d6fa363379deac752a20420ec68b9062d0f685c4b933f77,plastic,plastic,plastic,True,0.99609375,plastic,plastic,exact_train_file,0.0,0.99609375,0.0,132.00227864583334,32.17957013993671,26.900309244791668,406.2388000488281,0.080322265625,0.0020345052083333335,0.0013834635416666667,train/plastic/augv9_plastic_train_original_023.jpg,plastic,5.960464477539063e-08,train/plastic/augv9_plastic_train_original_023.jpg,5.960464477539063e-08,False
plastic/dd279e87-5e91-4ed2-bb99-281b855da4c3.jpg,54d7affe38289cd0792ebb9b1eaae5cea9e9e5856dfe1274d0b1e88c4c615cc8,plastic,plastic,plastic,True,0.99609375,plastic,plastic,exact_train_file,0.0,0.99609375,0.0,133.07307942708334,41.70850214985953,27.533284505208332,185.7119140625,0.024007161458333332,0.004313151041666667,0.023030598958333332,train/plastic/augv9_plastic_train_original_024.jpg,plastic,0.0,train/plastic/augv9_plastic_train_original_024.jpg,0.0,False
plastic/e50f7aba-3d3f-4ead-8521-9b01bbceb8d9.jpg,671785e95598e414e7bbc44d3906466416ee77ff433a22d715304e2dc63167d1,plastic,plastic,plastic,True,0.99609375,plastic,plastic,exact_train_file,0.0,0.99609375,0.0,133.00447591145834,37.33109177226036,26.833170572916668,154.81463623046875,0.025716145833333332,0.007242838541666667,0.0,train/plastic/augv9_plastic_train_original_025.jpg,plastic,1.1920928955078125e-07,train/plastic/augv9_plastic_train_original_025.jpg,1.1920928955078125e-07,False
plastic/e6b75e5a-e089-421b-905b-5e0f3d0e512a.jpg,e5110884b7be7ad48a361087f8f40b13c91a60b14e55a83c9b615e943a1ab9bd,plastic,plastic,plastic,True,0.99609375,plastic,paper,exact_train_file,0.0,0.99609375,0.0,130.32356770833334,35.328968660213874,24.408528645833332,239.954833984375,0.027587890625,0.007975260416666666,0.00244140625,train/plastic/augv9_plastic_train_original_026.jpg,plastic,0.0,train/plastic/augv9_plastic_train_original_026.jpg,0.0,False
plastic/ea832acc-9f32-4d48-9ad1-a9ad25667819.jpg,af74740deaeeb17a8c9a7449fe163b400494405f25d4ae695843cfa78dfbe350,plastic,plastic,plastic,True,0.94140625,plastic,plastic,heldout_test,0.02734375,0.94140625,0.03125,128.67683919270834,38.73211924531442,24.434651692708332,351.741943359375,0.045817057291666664,0.017659505208333332,0.0029296875,train/plastic/augv9_plastic_train_original_014.jpg,plastic,0.04825115203857422,train/plastic/augv9_plastic_train_original_014.jpg,0.04825115203857422,True
plastic/eab0f090-735d-4db0-b430-99d673597039.jpg,ebab8a4bd412fb14911ec726c39fcaa22a547427c3ac4bc2a4158f3489dbe3b4,plastic,plastic,plastic,True,0.99609375,plastic,plastic,exact_train_file,0.0,0.99609375,0.0,126.373046875,40.97179300086995,29.37353515625,196.9862518310547,0.031168619791666668,0.024820963541666668,0.00439453125,train/plastic/augv9_plastic_train_original_027.jpg,plastic,0.0,train/plastic/augv9_plastic_train_original_027.jpg,0.0,False
plastic/f879b907-4010-433a-bd63-27062b7ae7c6.jpg,acadde290c63a0390a2fc34396e017589599cc29e3c631d074f7c7886abd2be2,plastic,plastic,plastic,True,0.99609375,plastic,plastic,exact_train_file,0.0,0.99609375,0.0,128.06266276041666,30.523278862945308,18.160400390625,229.9735565185547,0.025065104166666668,0.007731119791666667,0.002197265625,train/plastic/augv9_plastic_train_original_028.jpg,plastic,0.0,train/plastic/augv9_plastic_train_original_028.jpg,0.0,False
plastic/ff7a19d6-c1f2-438f-b7d3-9b1990963d2d.jpg,9816649af476d9556908edcdf3f68b275fcc2c29952b0b0fbf8e6f0bf6db2398,plastic,plastic,plastic,True,0.99609375,plastic,plastic,exact_train_file,0.00390625,0.99609375,0.0,131.96875,33.71158597049141,16.400634765625,203.7729949951172,0.023193359375,0.01123046875,0.0005696614583333334,train/plastic/augv9_plastic_train_original_029.jpg,plastic,-1.1920928955078125e-07,train/plastic/augv9_plastic_train_original_029.jpg,-1.1920928955078125e-07,False
plastic/plastic_016.jpg,0448f2e96e05114e872218d42dafc0a357cbdc1e61f15fac1f0f9ed760667eeb,plastic,plastic,plastic,True,0.99609375,paper,UNAVAILABLE,exact_train_file,0.0,0.99609375,0.0,125.08056640625,39.75845265137047,23.874267578125,1090.97998046875,0.06624348958333333,0.034586588541666664,0.004638671875,train/plastic/augv9_plastic_train_original_030.jpg,plastic,0.0,train/plastic/augv9_plastic_train_original_030.jpg,0.0,False
plastic/plastic_016__aug_v2_01.jpg,8fff348274e3fd6dd6eec3787c37c76c19c581c8fd4e78fd50176baeb7db974c,plastic,plastic,plastic,True,0.99609375,plastic,UNAVAILABLE,exact_train_file,0.0,0.99609375,0.0,125.89461263020833,29.469993405849788,14.3857421875,549.2710571289062,0.052978515625,0.0068359375,0.0025227864583333335,train/plastic/augv9_plastic_train_original_030.jpg,plastic,0.01190197467803955,train/plastic/augv9_plastic_train_original_030.jpg,0.01190197467803955,False
plastic/plastic_016__aug_v2_02.jpg,2c4589e09f73cde5da2476b6a2311eff412cb66d2dd7101b00c104d5bb547633,plastic,plastic,plastic,True,0.99609375,plastic,UNAVAILABLE,exact_train_file,0.0,0.99609375,0.0,134.39835611979166,31.88359903260007,19.879313151041668,590.7105102539062,0.0498046875,0.0,0.0038248697916666665,train/plastic/augv9_plastic_train_original_034.jpg,plastic,0.024466216564178467,train/plastic/augv9_plastic_train_original_034.jpg,0.024466216564178467,False
plastic/plastic_016__aug_v2_03.jpg,0405a766e3dc127a52c3007adcc1a148e84d68db8a20f14722332697afd31b54,plastic,plastic,plastic,True,0.99609375,paper,UNAVAILABLE,exact_train_file,0.0,0.99609375,0.0,109.09033203125,35.331447409660846,23.886067708333332,671.7576293945312,0.056477864583333336,0.056559244791666664,0.0021158854166666665,train/plastic/plastic_train_original_023.jpg,plastic,0.015923798084259033,train/plastic/plastic_train_original_023.jpg,0.015923798084259033,False
plastic/plastic_016__aug_v2_04.jpg,4e2211135bdb53bcc105f1344e5a7520450b97b54c0a125db744e329f32ee6ef,plastic,plastic,plastic,True,0.99609375,plastic,UNAVAILABLE,exact_train_file,0.0,0.99609375,0.0,112.00179036458333,33.16224316590473,24.385009765625,651.0594482421875,0.055908203125,0.036539713541666664,0.001220703125,train/plastic/augv9_plastic_train_original_030.jpg,plastic,0.01960015296936035,train/plastic/augv9_plastic_train_original_030.jpg,0.01960015296936035,False
plastic/plastic_016__aug_v2_05.jpg,3542d1936501b1c34104fc74e0e45bebfc30f902872929588a26eb1bb9920d1a,plastic,plastic,plastic,True,0.99609375,paper,UNAVAILABLE,exact_train_file,0.0,0.99609375,0.0,106.86669921875,27.74363497602591,20.74658203125,492.8642272949219,0.043131510416666664,0.023518880208333332,0.0,train/plastic/plastic_train_original_023.jpg,plastic,0.012782514095306396,train/plastic/plastic_train_original_023.jpg,0.012782514095306396,False
plastic/plastic_016__aug_v2_06.jpg,13087ead3a1777a5dac1ce9078146b8bb33e8eb535e59fdde20f70d0b2742625,plastic,plastic,plastic,True,0.99609375,paper,UNAVAILABLE,exact_train_file,0.0,0.99609375,0.0,134.87687174479166,47.237027942428924,28.386149088541668,783.3142700195312,0.07364908854166667,0.043863932291666664,0.029866536458333332,train/plastic/augv9_plastic_train_original_012.jpg,plastic,0.023351728916168213,train/plastic/augv9_plastic_train_original_012.jpg,0.023351728916168213,False
plastic/plastic_016__aug_v2_07.jpg,66e4687cf8d277ecbc495a5c315d9c8f063c779768bc4faeb24a53fdf4595155,plastic,plastic,plastic,True,0.99609375,paper,UNAVAILABLE,exact_train_file,0.0,0.99609375,0.0,135.08821614583334,35.36605035045306,17.266194661458332,555.0934448242188,0.059488932291666664,0.0011393229166666667,0.003987630208333333,train/plastic/augv9_plastic_train_original_012.jpg,plastic,0.018770277500152588,train/plastic/augv9_plastic_train_original_012.jpg,0.018770277500152588,False
plastic/plastic_016__aug_v2_08.jpg,bcbc2c083e065849b0fd04b98a0338138844dcca79cebdb7326917147a67dc7f,plastic,plastic,plastic,True,0.99609375,paper,UNAVAILABLE,exact_train_file,0.0,0.99609375,0.0,145.612548828125,34.42303266438579,15.142822265625,439.3900451660156,0.047932942708333336,0.0,0.00537109375,train/plastic/augv9_plastic_train_original_033.jpg,plastic,0.012578308582305908,train/plastic/augv9_plastic_train_original_033.jpg,0.012578308582305908,False
plastic/plastic_016__aug_v2_09.jpg,be2fd487669cba87c1e08462b930a5bcc6a3bd25e85bd6a9005b9603aa16bc1a,plastic,plastic,plastic,True,0.99609375,plastic,UNAVAILABLE,exact_train_file,0.0,0.99609375,0.0,145.04150390625,41.94578597451139,20.270589192708332,1057.8106689453125,0.06827799479166667,0.01416015625,0.040608723958333336,train/plastic/plastic_train_original_008.jpg,plastic,0.019183039665222168,train/plastic/plastic_train_original_008.jpg,0.019183039665222168,False
plastic/plastic_017.jpg,0de66f0e59a872cb1da878ea706b800e7fb66ac2d11b372d1c9621d7282891f8,plastic,plastic,plastic,True,0.99609375,paper,UNAVAILABLE,exact_train_file,0.0,0.99609375,0.0,130.79768880208334,30.902335674299994,18.322509765625,1569.2723388671875,0.079345703125,0.005615234375,0.011393229166666666,train/plastic/augv9_plastic_train_original_031.jpg,plastic,0.0,train/plastic/augv9_plastic_train_original_031.jpg,0.0,False
plastic/plastic_017__aug_v2_01.jpg,093009c539a3aff2de0c6a96ea3d799e81c9c4886e31a0755750a3a7d77dd7ea,plastic,plastic,plastic,True,0.99609375,plastic,UNAVAILABLE,exact_train_file,0.0,0.99609375,0.0,122.31038411458333,29.96550234807098,17.629231770833332,1017.14111328125,0.075439453125,0.008056640625,0.007649739583333333,train/plastic/plastic_train_original_023.jpg,plastic,0.016523361206054688,train/plastic/plastic_train_original_023.jpg,0.016523361206054688,False
plastic/plastic_017__aug_v2_02.jpg,e0eb5e9892c0f218d86ab55a449a0dae21b959bd6a0e9a2dd2f44818548cc938,plastic,plastic,plastic,True,0.99609375,paper,UNAVAILABLE,exact_train_file,0.0,0.99609375,0.0,132.88020833333334,33.08500394278498,18.26123046875,853.3618774414062,0.0634765625,0.0,0.025146484375,train/plastic/plastic_train_original_004.jpg,plastic,0.014023900032043457,train/plastic/plastic_train_original_004.jpg,0.014023900032043457,False
plastic/plastic_017__aug_v2_03.jpg,14a2bb9460bbcfc27f7da369361b3d7a3530e77f90434f4e8f3097335d13a723,plastic,plastic,plastic,True,0.99609375,paper,UNAVAILABLE,exact_train_file,0.00390625,0.99609375,0.0,138.13321940104166,29.574272728317336,17.490315755208332,683.2570190429688,0.06803385416666667,0.0,0.02783203125,train/plastic/augv9_plastic_train_original_034.jpg,plastic,0.02504366636276245,train/plastic/augv9_plastic_train_original_034.jpg,0.02504366636276245,False
plastic/plastic_017__aug_v2_04.jpg,586f253305810df2a3dfd6318b9a41c2ba76e2b53d6963d1245509b16a6d84f5,plastic,plastic,plastic,True,0.99609375,plastic,UNAVAILABLE,exact_train_file,0.0,0.99609375,0.0,108.99080403645833,22.89341379637303,17.475748697916668,532.247802734375,0.062174479166666664,0.006917317708333333,0.0,train/plastic/augv9_plastic_train_original_033.jpg,plastic,0.02240985631942749,train/plastic/augv9_plastic_train_original_033.jpg,0.02240985631942749,False
plastic/plastic_017__aug_v2_05.jpg,1c3a8d072f32de915356b729d7eca7ab24ce0f1a12e197fbd7e140b989e6460f,plastic,plastic,plastic,True,0.99609375,plastic,UNAVAILABLE,exact_train_file,0.0,0.99609375,0.0,153.20857747395834,27.69793000961562,14.884602864583334,642.7731323242188,0.06404622395833333,0.0,0.0537109375,train/plastic/augv9_plastic_train_original_034.jpg,plastic,0.018122076988220215,train/plastic/augv9_plastic_train_original_034.jpg,0.018122076988220215,False
plastic/plastic_017__aug_v2_06.jpg,4d4faada90e0487aa5c1d52f0056629739deed8d70e498104952ca5cf19142bd,plastic,plastic,plastic,True,0.99609375,paper,UNAVAILABLE,exact_train_file,0.0,0.99609375,0.0,111.12898763020833,20.885777521702295,16.870035807291668,385.7406311035156,0.046305338541666664,0.0011393229166666667,0.0,train/plastic/augv9_plastic_train_original_027.jpg,plastic,0.02079033851623535,train/plastic/augv9_plastic_train_original_027.jpg,0.02079033851623535,False
plastic/plastic_017__aug_v2_07.jpg,8378208d202070d88ef72784eb569dfd815ca89dd036ee1af1172e69beb056f8,plastic,plastic,plastic,True,0.99609375,plastic,UNAVAILABLE,exact_train_file,0.0,0.99609375,0.0,135.93318684895834,24.14077188871674,15.686197916666666,764.171875,0.06437174479166667,0.00016276041666666666,0.006754557291666667,train/plastic/augv9_plastic_train_original_003.jpg,plastic,0.01487666368484497,train/plastic/augv9_plastic_train_original_003.jpg,0.01487666368484497,False
plastic/plastic_017__aug_v2_08.jpg,b1d4591b417fbc56acd70c30712f78c74932d6a11d3ba89893958e4cba8c460a,plastic,plastic,plastic,True,0.99609375,paper,UNAVAILABLE,exact_train_file,0.0,0.99609375,0.0,148.963134765625,32.69273318436177,18.442220052083332,688.4638061523438,0.084228515625,0.0,0.07169596354166667,train/plastic/augv9_plastic_train_original_031.jpg,plastic,0.012780964374542236,train/plastic/augv9_plastic_train_original_031.jpg,0.012780964374542236,False
plastic/plastic_017__aug_v2_09.jpg,e926ada5730108460afbc6e7fa4f4df63d777d2563855a3986d3c38c6e099fa7,plastic,plastic,plastic,True,0.99609375,plastic,UNAVAILABLE,exact_train_file,0.0,0.99609375,0.0,124.589599609375,27.095412997475233,14.665771484375,727.3681030273438,0.06494140625,0.006184895833333333,0.005777994791666667,train/plastic/augv9_plastic_train_original_034.jpg,plastic,0.01854628324508667,train/plastic/augv9_plastic_train_original_034.jpg,0.01854628324508667,False
plastic/plastic_018.jpg,ec18ec84c93afde36d70cb559b13648fe558215bbbd484880253d227b910f034,plastic,plastic,plastic,True,0.99609375,plastic,UNAVAILABLE,exact_train_file,0.0,0.99609375,0.0,128.03946940104166,41.05656177070855,18.17578125,1088.375244140625,0.07853190104166667,0.005533854166666667,0.00537109375,train/plastic/augv9_plastic_train_original_032.jpg,plastic,0.0,train/plastic/augv9_plastic_train_original_032.jpg,0.0,False
plastic/plastic_018__aug_v2_01.jpg,7cf6640f3e8aa538efb77c6c2e04ae30696d93d177ad43acd714c79e47842dfa,plastic,plastic,plastic,True,0.99609375,paper,UNAVAILABLE,exact_train_file,0.0,0.99609375,0.00390625,116.780029296875,37.246957041526336,17.118489583333332,633.8157348632812,0.081298828125,0.025960286458333332,0.0003255208333333333,train/plastic/plastic_train_original_010.jpg,plastic,0.027584314346313477,train/plastic/plastic_train_original_010.jpg,0.027584314346313477,False
plastic/plastic_018__aug_v2_02.jpg,2c7413f76e8c7a0215005fad529c363899dff3f0a2fa6cdf7894734edb22d364,plastic,plastic,plastic,True,0.99609375,paper,UNAVAILABLE,exact_train_file,0.0,0.99609375,0.0,114.34114583333333,30.050267018877154,15.010579427083334,349.762451171875,0.051676432291666664,0.000244140625,0.0,train/plastic/plastic_train_original_026.jpg,plastic,0.026247382164001465,train/plastic/plastic_train_original_026.jpg,0.026247382164001465,False
plastic/plastic_018__aug_v2_03.jpg,c1603d5ed78ff087d280c15dd03741719dfc5ef4cbeca6e4e4a47d7f835cdbec,plastic,plastic,plastic,True,0.99609375,paper,UNAVAILABLE,exact_train_file,0.0,0.99609375,0.0,119.85498046875,31.469946775689383,13.87890625,508.6120300292969,0.0712890625,0.0005696614583333334,0.0003255208333333333,train/plastic/plastic_train_original_024.jpg,plastic,0.01380389928817749,train/plastic/plastic_train_original_024.jpg,0.01380389928817749,False
plastic/plastic_018__aug_v2_04.jpg,1270b65f2a19c1cacb0f192c88bf76f80977fca5bfd080eb9a1dd7e045634dfe,plastic,plastic,plastic,True,0.99609375,paper,UNAVAILABLE,exact_train_file,0.0,0.99609375,0.00390625,140.06494140625,43.38405939324571,16.003336588541668,799.4672241210938,0.08251953125,0.0004069010416666667,0.111083984375,train/plastic/augv9_plastic_train_original_010.jpg,plastic,0.029569149017333984,train/plastic/augv9_plastic_train_original_010.jpg,0.029569149017333984,True
plastic/plastic_018__aug_v2_05.jpg,b7670a44bade5e63881d44c315ed92c0b7cf38df3eedf81e84b4a01c932bff62,plastic,plastic,plastic,True,0.99609375,paper,UNAVAILABLE,exact_train_file,0.0,0.99609375,0.0,135.82568359375,42.919965312011406,17.473714192708332,735.1433715820312,0.076904296875,0.005289713541666667,0.035074869791666664,train/plastic/plastic_train_original_026.jpg,plastic,0.019600391387939453,train/plastic/plastic_train_original_026.jpg,0.019600391387939453,False
plastic/plastic_018__aug_v2_06.jpg,19dfb5535108824a40e3f2e62226c873301f300c1d73b84fde53f92df703598e,plastic,plastic,plastic,True,0.99609375,paper,UNAVAILABLE,exact_train_file,0.0,0.99609375,0.0,145.24430338541666,46.23876253651212,18.520670572916668,671.1867065429688,0.09114583333333333,0.002197265625,0.130859375,train/plastic/plastic_train_original_016.jpg,plastic,0.025853633880615234,train/plastic/plastic_train_original_016.jpg,0.025853633880615234,False
plastic/plastic_018__aug_v2_07.jpg,6d441087919ee78c268135acf66f1b360efa4fdcfaca25d48f76a4bc033293e8,plastic,plastic,plastic,True,0.99609375,plastic,UNAVAILABLE,exact_train_file,0.0,0.99609375,0.0,138.92277018229166,38.53867497070917,13.698079427083334,721.9223022460938,0.093994140625,0.000244140625,0.022623697916666668,train/plastic/plastic_train_original_023.jpg,plastic,0.020978212356567383,train/plastic/plastic_train_original_023.jpg,0.020978212356567383,False
plastic/plastic_018__aug_v2_08.jpg,431047835f20c15b0293c4da4ac1ff9e088670cc7f06e60d8fb866e1279af163,plastic,plastic,plastic,True,0.9921875,paper,UNAVAILABLE,exact_train_file,0.0,0.9921875,0.0078125,107.95646158854167,28.70518714658153,15.576090494791666,305.2473449707031,0.046712239583333336,0.003173828125,0.0,train/plastic/augv9_plastic_train_original_010.jpg,plastic,0.03189033269882202,train/plastic/augv9_plastic_train_original_010.jpg,0.03189033269882202,True
plastic/plastic_018__aug_v2_09.jpg,778353e28e6ccd36040fe90031bceb893f3bdb7cc9787806fcf0eefb77e5bb09,plastic,plastic,plastic,True,0.99609375,paper,UNAVAILABLE,exact_train_file,0.0,0.99609375,0.0,140.72859700520834,39.54639230638967,15.378580729166666,686.74560546875,0.07926432291666667,0.00016276041666666666,0.028076171875,train/plastic/plastic_train_original_023.jpg,plastic,0.01921093463897705,train/plastic/plastic_train_original_023.jpg,0.01921093463897705,False
plastic/plastic_019.jpg,08ca09140859d8878a54e757ef27554eb7eb803c6efb41ea8e4f48cff67913f6,plastic,plastic,plastic,True,0.99609375,plastic,UNAVAILABLE,exact_train_file,0.0,0.99609375,0.0,128.08976236979166,41.102621024537605,18.254150390625,1128.1754150390625,0.08015950520833333,0.005777994791666667,0.006022135416666667,train/plastic/augv9_plastic_train_original_033.jpg,plastic,5.960464477539063e-08,train/plastic/augv9_plastic_train_original_033.jpg,5.960464477539063e-08,False
plastic/plastic_019__aug_v2_01.jpg,97c71a60aa116da6275db4d537e02a51990e88e51d1e2fabfb99595589b4b125,plastic,plastic,plastic,True,0.99609375,paper,UNAVAILABLE,exact_train_file,0.0,0.99609375,0.0,144.0693359375,37.4950679545082,13.972412109375,573.2366333007812,0.07820638020833333,0.0,0.028727213541666668,train/plastic/augv9_plastic_train_original_033.jpg,plastic,0.012246966361999512,train/plastic/augv9_plastic_train_original_033.jpg,0.012246966361999512,False
plastic/plastic_019__aug_v2_02.jpg,a0a38fc1ab89bb0de218891493fbde72d2e72b0ce39d4408518f746a2cea0685,plastic,plastic,plastic,True,0.99609375,paper,UNAVAILABLE,exact_train_file,0.0,0.99609375,0.00390625,108.36263020833333,28.425134845742964,14.729410807291666,348.95068359375,0.054524739583333336,0.0033365885416666665,0.0,train/plastic/augv9_plastic_train_original_010.jpg,plastic,0.02392047643661499,train/plastic/augv9_plastic_train_original_010.jpg,0.02392047643661499,False
plastic/plastic_019__aug_v2_03.jpg,cb2b8f2976f6fa77c47250a1cc152bb4e218599445db0bb4a382e79a19fe801a,plastic,plastic,plastic,True,0.99609375,plastic,UNAVAILABLE,exact_train_file,0.0,0.99609375,0.00390625,122.09619140625,38.0765597982214,16.778076171875,374.9052429199219,0.07307942708333333,0.007975260416666666,0.00048828125,train/plastic/augv9_plastic_train_original_010.jpg,plastic,0.019191324710845947,train/plastic/augv9_plastic_train_original_010.jpg,0.019191324710845947,False
plastic/plastic_019__aug_v2_04.jpg,7f3e8a427d2f58e1c27553ff6b971e13406e00c995145a0c48cce89350eef61c,plastic,plastic,plastic,True,0.99609375,paper,UNAVAILABLE,exact_train_file,0.0,0.99609375,0.0,139.92521158854166,42.07263129969374,15.6083984375,770.7374877929688,0.084228515625,0.0003255208333333333,0.036865234375,train/plastic/augv9_plastic_train_original_021.jpg,plastic,0.01896345615386963,train/plastic/augv9_plastic_train_original_021.jpg,0.01896345615386963,False
plastic/plastic_019__aug_v2_05.jpg,903f7187bf4e7bff8c46ad1bd212fcba39c33b7e8e2366637e6479182245661c,plastic,plastic,plastic,True,0.99609375,plastic,UNAVAILABLE,exact_train_file,0.0,0.99609375,0.0,122.15690104166667,37.306588351213165,18.028157552083332,696.0505981445312,0.07763671875,0.010172526041666666,0.0025227864583333335,train/plastic/plastic_train_original_018.jpg,plastic,0.021372556686401367,train/plastic/plastic_train_original_018.jpg,0.021372556686401367,False
plastic/plastic_019__aug_v2_06.jpg,c65cb48ecab00b5690b7d94d3f4a55995d6b4644a36f84b0cf7adc646e7b1ce3,plastic,plastic,plastic,True,0.99609375,paper,UNAVAILABLE,exact_train_file,0.0,0.99609375,0.0,140.84659830729166,48.81696775679077,20.670166015625,770.0134887695312,0.08235677083333333,0.009847005208333334,0.13566080729166666,train/plastic/plastic_train_original_017.jpg,plastic,0.022564232349395752,train/plastic/plastic_train_original_017.jpg,0.022564232349395752,False
plastic/plastic_019__aug_v2_07.jpg,b05feed4af54795e2261b5177a9c9bea42b793bb2625a780c1c7e19d527a3e89,plastic,plastic,plastic,True,0.99609375,organic,UNAVAILABLE,exact_train_file,0.0,0.99609375,0.00390625,139.06852213541666,47.305518034239846,18.90234375,853.2116088867188,0.09138997395833333,0.019124348958333332,0.08650716145833333,train/plastic/plastic_train_original_013.jpg,plastic,0.03922164440155029,train/plastic/plastic_train_original_013.jpg,0.03922164440155029,True
plastic/plastic_019__aug_v2_08.jpg,f60ff584e5520fdcba486d856a6944468590195c5b717cabdac27f7ffb42ee4b,plastic,plastic,plastic,True,0.99609375,organic,UNAVAILABLE,exact_train_file,0.0,0.99609375,0.0,116.724853515625,39.97223435112817,20.522623697916668,779.0320434570312,0.083984375,0.039957682291666664,0.003662109375,train/plastic/plastic_train_original_006.jpg,plastic,0.0194474458694458,train/plastic/plastic_train_original_006.jpg,0.0194474458694458,False
plastic/plastic_019__aug_v2_09.jpg,61868be3dd0a5790926214babec2d531ae4001c6e414ed63ef536a72e211b161,plastic,plastic,plastic,True,0.9921875,organic,UNAVAILABLE,exact_train_file,0.0,0.9921875,0.0078125,105.79109700520833,30.93175549836514,16.908447265625,386.8372497558594,0.07478841145833333,0.026529947916666668,0.0,train/plastic/plastic_train_original_006.jpg,plastic,0.024423718452453613,train/plastic/plastic_train_original_006.jpg,0.024423718452453613,False
plastic/plastic_020.jpg,c6f34ff06842eea0c5ba63a03ff1ba2659f272398359659671ba5cbc09200259,plastic,plastic,plastic,True,0.99609375,plastic,UNAVAILABLE,exact_train_file,0.0,0.99609375,0.0,127.1474609375,33.97493619016934,20.991373697916668,1208.9632568359375,0.07088216145833333,0.005126953125,0.004475911458333333,train/plastic/augv9_plastic_train_original_034.jpg,plastic,0.0,train/plastic/augv9_plastic_train_original_034.jpg,0.0,False
plastic/plastic_020__aug_v2_01.jpg,f2a430214d8278135c5bc3444fc265344ce290014de8f5d8713cca5b91beaac7,plastic,plastic,plastic,True,0.99609375,paper,UNAVAILABLE,exact_train_file,0.0,0.99609375,0.0,123.984375,31.75424814714757,19.101399739583332,799.60546875,0.072998046875,0.004069010416666667,0.0013834635416666667,train/plastic/plastic_train_original_003.jpg,plastic,0.010843932628631592,train/plastic/plastic_train_original_003.jpg,0.010843932628631592,False
plastic/plastic_020__aug_v2_02.jpg,933a2768d6c375cafeb066cb6c2d8292956be3ee629d0d142d23bece1212518e,plastic,plastic,plastic,True,0.99609375,paper,UNAVAILABLE,exact_train_file,0.0,0.99609375,0.0,135.79630533854166,33.37669602074081,18.624674479166668,695.4635620117188,0.059244791666666664,0.001708984375,0.010335286458333334,train/plastic/augv9_plastic_train_original_031.jpg,plastic,0.019457340240478516,train/plastic/augv9_plastic_train_original_031.jpg,0.019457340240478516,False
plastic/plastic_020__aug_v2_03.jpg,47a395dacd6e534feafeef5b417c5f12a195a3452a98400f01748a6376e97491,plastic,plastic,plastic,True,0.99609375,paper,UNAVAILABLE,exact_train_file,0.0,0.99609375,0.0,143.12386067708334,33.14429897231206,17.005126953125,691.3591918945312,0.0703125,0.0,0.047688802083333336,train/plastic/augv9_plastic_train_original_019.jpg,plastic,0.014277160167694092,train/plastic/augv9_plastic_train_original_019.jpg,0.014277160167694092,False
plastic/plastic_020__aug_v2_04.jpg,16349326f07679fdaf0f78859da76acfa840d307c6ea565dfde90696654afe8d,plastic,plastic,plastic,True,0.99609375,paper,UNAVAILABLE,exact_train_file,0.0,0.99609375,0.0,104.09358723958333,24.004418495643755,20.453857421875,359.9599609375,0.049886067708333336,0.0,0.0,train/plastic/augv9_plastic_train_original_027.jpg,plastic,0.0143202543258667,train/plastic/augv9_plastic_train_original_027.jpg,0.0143202543258667,False
plastic/plastic_020__aug_v2_05.jpg,313b888bac5b061b2ce3399a36d144d69b896ba8960d264a065b3d5931d9547e,plastic,plastic,plastic,True,0.99609375,paper,UNAVAILABLE,exact_train_file,0.0,0.99609375,0.0,117.856689453125,34.256275360001986,23.731119791666668,693.238525390625,0.06917317708333333,0.0020345052083333335,0.0011393229166666667,train/plastic/augv9_plastic_train_original_034.jpg,plastic,0.019161343574523926,train/plastic/augv9_plastic_train_original_034.jpg,0.019161343574523926,False
plastic/plastic_020__aug_v2_06.jpg,7531092ca254499807028cbff26b52261016ad2a2fc182002ee1cc11f5a6a19d,plastic,plastic,plastic,True,0.99609375,paper,UNAVAILABLE,exact_train_file,0.0,0.99609375,0.0,118.976318359375,34.68555985171311,22.947998046875,737.9650268554688,0.060628255208333336,0.003662109375,0.000732421875,train/plastic/plastic_train_original_023.jpg,plastic,0.013299286365509033,train/plastic/plastic_train_original_023.jpg,0.013299286365509033,False
plastic/plastic_020__aug_v2_07.jpg,24d49dfdf1a901117fa66a90c102a6bd4d89162700e91ebfec2a2130c7821aec,plastic,plastic,plastic,True,0.99609375,plastic,UNAVAILABLE,exact_train_file,0.0,0.99609375,0.0,108.86214192708333,26.089911251479275,20.379069010416668,457.8913269042969,0.048746744791666664,8.138020833333333e-05,0.0,train/plastic/plastic_train_original_023.jpg,plastic,0.015859663486480713,train/plastic/plastic_train_original_023.jpg,0.015859663486480713,False
plastic/plastic_020__aug_v2_08.jpg,defb9f5252b1f555e6b56f3a6a468e6cd5b79ee9b2ad79bd98977c2163900957,plastic,plastic,plastic,True,0.99609375,plastic,UNAVAILABLE,exact_train_file,0.0,0.99609375,0.0,150.91341145833334,44.391390266223944,21.176432291666668,1230.46826171875,0.07877604166666667,0.0008951822916666666,0.1328125,train/plastic/augv9_plastic_train_original_031.jpg,plastic,0.020476460456848145,train/plastic/augv9_plastic_train_original_031.jpg,0.020476460456848145,False
plastic/plastic_020__aug_v2_09.jpg,c4bb950bcf5351344daedfd08da4514296399665ce1aba05ef887e252fe7c8cb,plastic,plastic,plastic,True,0.99609375,paper,UNAVAILABLE,exact_train_file,0.0,0.99609375,0.0,105.36165364583333,27.38503551544387,18.926350911458332,427.3453674316406,0.058512369791666664,0.005208333333333333,0.0,train/plastic/augv9_plastic_train_original_034.jpg,plastic,0.02580726146697998,train/plastic/augv9_plastic_train_original_034.jpg,0.02580726146697998,False
organic/029cbe89-92f1-4d66-a857-5dbc8be06200.jpg,e565ca3707879767263d5c2f7bf4729e1b968fc956f192b80533c9a1cd41f9e2,organic,organic,organic,True,0.99609375,organic,organic,heldout_validation,0.0,0.0,0.99609375,119.96036783854167,48.54325459486178,35.528401692708336,162.62059020996094,0.025227864583333332,0.08976236979166667,0.0,train/organic/augv9_organic_train_original_007.jpg,organic,0.014363467693328857,train/organic/augv9_organic_train_original_007.jpg,0.014363467693328857,False
organic/0fbc4754-ce81-4c56-94b7-bf4205ba1dfa.jpg,d6b1c54c5560d6fe70445ccf89b0b3c5d715a957ccc4e954b67727901d0f8777,organic,organic,organic,True,0.99609375,organic,organic,heldout_validation,0.0,0.0,0.99609375,132.10286458333334,50.782804446694804,39.115234375,558.9241333007812,0.058512369791666664,0.02001953125,0.09171549479166667,train/organic/augv9_organic_train_original_001.jpg,organic,0.020761966705322266,train/organic/augv9_organic_train_original_001.jpg,0.020761966705322266,False
organic/174eb404-de45-41c8-926f-a0a3d817782b.jpg,da664ebfd9b306fae3ca3de53487741c52fde8f0d61e4644c5a0e3a0698d5c77,organic,organic,organic,True,0.99609375,organic,organic,heldout_validation,0.0,0.0,0.99609375,146.22379557291666,57.83574881786172,30.590494791666668,259.8025207519531,0.034586588541666664,0.031656901041666664,0.17545572916666666,train/organic/organic_train_original_007.jpg,organic,0.020097792148590088,train/organic/organic_train_original_007.jpg,0.020097792148590088,False
organic/1bbe3524-aed4-4163-b2d9-8368fc54429f.jpg,1cd209997e4e4859676cfe8623ef1dd6d96dbb27e630e462fe1956aa57d9befe,organic,organic,organic,True,0.99609375,organic,organic,exact_train_file,0.0,0.0,0.99609375,120.94832356770833,51.08466262958617,37.798828125,172.46795654296875,0.030843098958333332,0.042561848958333336,0.045979817708333336,train/organic/augv9_organic_train_original_001.jpg,organic,5.960464477539063e-08,train/organic/augv9_organic_train_original_001.jpg,5.960464477539063e-08,False
organic/2ce2ee73-d1b7-4e56-87c3-d2bcbad90c45.jpg,b2b03d9a9fe6c13fe7bb0ccd73e2a560b019019d8cc8a98b259f17ae55ab3269,organic,organic,organic,True,0.99609375,organic,organic,exact_train_file,0.0,0.0,0.99609375,121.305908203125,49.28764448304347,39.548746744791664,314.4938049316406,0.049153645833333336,0.068115234375,0.08251953125,train/organic/augv9_organic_train_original_002.jpg,organic,5.960464477539063e-08,train/organic/augv9_organic_train_original_002.jpg,5.960464477539063e-08,False
organic/31bf9d4a-5c8e-4780-a75e-cf05090b8a6b.jpg,c97463d8f9be8ef2415472216c8871d65595fe98bd6c6ae53ba2777c9d3aad5c,organic,organic,organic,True,0.99609375,organic,organic,heldout_validation,0.0,0.0,0.99609375,148.71142578125,60.60310139008858,26.958089192708332,228.8562774658203,0.033447265625,0.050211588541666664,0.20458984375,train/organic/augv9_organic_train_original_020.jpg,organic,0.01550745964050293,train/organic/augv9_organic_train_original_020.jpg,0.01550745964050293,False
organic/37e8f933-178d-492c-b341-e40bb83dcc1e.jpg,287e237fdf77ed28c1c86983e02282156c53fa5c165676e204d5ddc2244e5912,organic,organic,organic,True,0.99609375,organic,organic,exact_train_file,0.0,0.0,0.99609375,125.09944661458333,44.50234302651957,41.62158203125,269.3992614746094,0.033121744791666664,0.009684244791666666,0.030029296875,train/organic/augv9_organic_train_original_003.jpg,organic,0.0,train/organic/augv9_organic_train_original_003.jpg,0.0,False
organic/38901fe7-33a3-46e1-acd9-1e3113e395f0.jpg,621ade6e55376fd27261f110bfa2cc2b57b6f42299224c339816c42a73326fa9,organic,organic,organic,True,0.99609375,organic,organic,exact_train_file,0.0,0.0,0.99609375,125.332763671875,41.23132698542827,43.125569661458336,243.69398498535156,0.035807291666666664,0.004313151041666667,0.021484375,train/organic/augv9_organic_train_original_004.jpg,organic,-1.1920928955078125e-07,train/organic/augv9_organic_train_original_004.jpg,-1.1920928955078125e-07,False
organic/3de8f373-6b8e-4d8d-a302-543850723399.jpg,b7bce763e64d510a37b524c8599e9d4faa185ff9c319b6fb38bea4bd6994d642,organic,organic,organic,True,0.99609375,organic,organic,heldout_test,0.0,0.0,0.99609375,135.84529622395834,43.862785155064955,32.559895833333336,375.7242126464844,0.040934244791666664,0.013427734375,0.011881510416666666,train/organic/augv9_organic_train_original_006.jpg,organic,0.01200878620147705,train/organic/augv9_organic_train_original_006.jpg,0.01200878620147705,False
organic/4afd3248-c9b2-4404-b523-f770c2598710.jpg,003b48185cd763b1929b200a5831e6d4104dbc8db1934be1c01094c77c52d14d,organic,organic,organic,True,0.99609375,organic,organic,heldout_test,0.0,0.00390625,0.99609375,137.96248372395834,43.13238699659252,30.273111979166668,256.32318115234375,0.037923177083333336,0.003662109375,0.0654296875,train/organic/augv9_organic_train_original_010.jpg,organic,0.02194833755493164,train/organic/augv9_organic_train_original_010.jpg,0.02194833755493164,False
organic/58705416-20d3-4458-aa50-16977a209e9e.jpg,3ac8da31f4752b6251c9fbd36c567a224862a6a9a859a8bf375a8ad58d0ec6e1,organic,organic,organic,True,0.99609375,organic,organic,heldout_validation,0.0,0.0,0.99609375,132.003662109375,53.56979453926979,32.804768880208336,318.1846618652344,0.04248046875,0.035074869791666664,0.0634765625,train/organic/augv9_organic_train_original_011.jpg,organic,0.012655913829803467,train/organic/augv9_organic_train_original_011.jpg,0.012655913829803467,False
organic/5b19b28c-d021-45ad-80a7-1609642dc69b.jpg,9e793bf0bdcfc4609a8b00a5458f0c1be2f4180f860e320aa6cf111fafca45e4,organic,organic,organic,True,0.99609375,organic,organic,exact_train_file,0.0,0.0,0.99609375,123.23958333333333,47.7323135011298,33.78369140625,440.9223327636719,0.026285807291666668,0.033365885416666664,0.0380859375,train/organic/augv9_organic_train_original_005.jpg,organic,-1.1920928955078125e-07,train/organic/augv9_organic_train_original_005.jpg,-1.1920928955078125e-07,False
organic/6da78c88-e719-4ce5-8884-af59627a06e5.jpg,33c0326cb1824fa5350c14ace2c4f14225708442fbb5091abffa5a377a1415a0,organic,organic,organic,True,0.99609375,organic,organic,exact_train_file,0.0,0.0,0.99609375,122.38484700520833,47.92298564978891,36.469401041666664,212.0305633544922,0.023518880208333332,0.035970052083333336,0.036946614583333336,train/organic/augv9_organic_train_original_006.jpg,organic,1.1920928955078125e-07,train/organic/augv9_organic_train_original_006.jpg,1.1920928955078125e-07,False
organic/6fe2210f-9266-462c-84d7-1810e02d795e.jpg,5184984424f4bbd57780a16b90b296a51d7b6e0780359c2b80102139dfeec322,organic,organic,organic,True,0.99609375,organic,organic,exact_train_file,0.0,0.0,0.99609375,111.90877278645833,40.89424871526722,34.271647135416664,250.2499542236328,0.03857421875,0.037272135416666664,0.0,train/organic/augv9_organic_train_original_007.jpg,organic,0.0,train/organic/augv9_organic_train_original_007.jpg,0.0,False
organic/8e258721-91b6-47c6-99ba-365d2224cdfd.jpg,94ac975ad0c8def0a646712469924f4bfb864975dc0156b32688e44826a6c16d,organic,organic,organic,True,0.99609375,organic,organic,heldout_validation,0.0,0.0,0.99609375,122.18636067708333,45.07491524719472,38.869059244791664,560.851806640625,0.054931640625,0.027913411458333332,0.005126953125,train/organic/organic_train_original_002.jpg,organic,0.03800243139266968,train/organic/organic_train_original_002.jpg,0.03800243139266968,False
organic/96fb9347-0c45-43b9-a6fd-cb017402a3fb.jpg,0a68777b4fc1ab15198be26237efa3d1c419fc319acac79286238a0a0448d380,organic,organic,organic,True,0.99609375,organic,organic,heldout_test,0.00390625,0.0,0.99609375,121.72989908854167,50.53939886677856,34.627848307291664,265.45013427734375,0.044759114583333336,0.08919270833333333,8.138020833333333e-05,train/organic/augv9_organic_train_original_003.jpg,organic,0.025259852409362793,train/organic/augv9_organic_train_original_003.jpg,0.025259852409362793,False
organic/9cb80350-e1f8-4d23-ba06-c67746404c9c.jpg,caea67389d7c21010494cada20405d12fa7356e2e1bd4df64c339a3d31eed81d,organic,organic,organic,True,0.99609375,organic,organic,exact_train_file,0.0,0.0,0.99609375,135.981689453125,60.27353345080864,38.001627604166664,210.74180603027344,0.049072265625,0.0,0.20589192708333334,train/organic/augv9_organic_train_original_008.jpg,organic,0.0,train/organic/augv9_organic_train_original_008.jpg,0.0,False
organic/a4221828-f488-4c37-9bc1-174f092ebbc1.jpg,55447fae962ad5bdc16974741eff42264e959941a6932c9d1acca22842431ed0,organic,organic,organic,True,0.99609375,organic,organic,heldout_test,0.0,0.00390625,0.99609375,126.191162109375,45.81989797180803,33.329915364583336,287.8506164550781,0.037434895833333336,0.025797526041666668,0.02490234375,train/organic/augv9_organic_train_original_009.jpg,organic,0.03122156858444214,train/organic/augv9_organic_train_original_009.jpg,0.03122156858444214,False
organic/ab069714-7214-4253-b632-59afae5663ed.jpg,0796b457a4536fbbc5cd157b9434190379360165c5f02ddd19d41c439c4d4a9f,organic,organic,organic,True,0.99609375,organic,organic,exact_train_file,0.0,0.00390625,0.99609375,120.86702473958333,44.765070275817365,28.799641927083332,220.55657958984375,0.031005859375,0.061197916666666664,0.0,train/organic/augv9_organic_train_original_009.jpg,organic,0.0,train/organic/augv9_organic_train_original_009.jpg,0.0,False
organic/afa1a907-bc43-4caf-8b03-16f253ade7f5.jpg,934504c4a65a6feb19151ad21a64fb9d91887da9697cb0468c3608a55900e1ff,organic,organic,organic,True,0.99609375,organic,organic,exact_train_file,0.0,0.0,0.99609375,133.7890625,40.103774940592274,22.768391927083332,292.1369934082031,0.034098307291666664,0.012451171875,0.0,train/organic/augv9_organic_train_original_010.jpg,organic,1.1920928955078125e-07,train/organic/augv9_organic_train_original_010.jpg,1.1920928955078125e-07,False
organic/b2585b68-2a94-480d-b8bd-c1a7e3f3e997.jpg,2b82ef08b61cbf1f6803cd57c243609fddaf4e4d6e4ab1f4ef05545e17cf82bd,organic,organic,organic,True,0.99609375,organic,organic,exact_train_file,0.0,0.0,0.99609375,134.03043619791666,48.883719697895735,29.902099609375,365.1263122558594,0.039143880208333336,0.024332682291666668,0.08699544270833333,train/organic/augv9_organic_train_original_011.jpg,organic,1.1920928955078125e-07,train/organic/augv9_organic_train_original_011.jpg,1.1920928955078125e-07,False
organic/c364827b-3a38-46d8-961b-fbe6e2b5ea59.jpg,8bb604bcee753ddfc857661349d3dd5bb72e4fa3677d9290abeb42e22025054b,organic,organic,organic,True,0.99609375,organic,organic,exact_train_file,0.0,0.0,0.99609375,140.59627278645834,45.95003204669453,29.095947265625,288.456787109375,0.031901041666666664,0.011555989583333334,0.07486979166666667,train/organic/augv9_organic_train_original_012.jpg,organic,0.0,train/organic/augv9_organic_train_original_012.jpg,0.0,False
organic/c8b51d2b-e3d3-449b-a924-6ffb71cea846.jpg,12a4845386f0d6ecc304c496fa8de91bee864e3ae04df68b79f31cd6f1cff9a0,organic,organic,organic,True,0.99609375,organic,organic,exact_train_file,0.0,0.0,0.99609375,127.95255533854167,48.78991533295387,31.21337890625,290.7259216308594,0.043050130208333336,0.028889973958333332,0.00634765625,train/organic/augv9_organic_train_original_013.jpg,organic,0.0,train/organic/augv9_organic_train_original_013.jpg,0.0,False
organic/cc77529b-271c-4ef7-a047-fb9e8ddb9eb1.jpg,2fead35444b7b2e11f87015070bc38634c7487c4ed0c889a8e1d1e65e096b0b3,organic,organic,organic,True,0.99609375,organic,organic,heldout_test,0.0,0.0,0.99609375,127.75537109375,58.412482560988714,45.000081380208336,435.3525390625,0.06380208333333333,0.080078125,0.11800130208333333,train/organic/augv9_organic_train_original_004.jpg,organic,0.016722917556762695,train/organic/augv9_organic_train_original_004.jpg,0.016722917556762695,False
organic/d11aafc7-3a59-45c8-a333-ad9b762f2a3f.jpg,d92ca08777646e1c5bcfe06a7b4ec85f4b9b740d9a83fb94a1a8ac8b7bf0bd19,organic,organic,organic,True,0.99609375,organic,organic,exact_train_file,0.00390625,0.0,0.99609375,143.26961263020834,53.43985570873351,27.256998697916668,193.0286102294922,0.027262369791666668,0.044514973958333336,0.11653645833333333,train/organic/augv9_organic_train_original_014.jpg,organic,-1.1920928955078125e-07,train/organic/augv9_organic_train_original_014.jpg,-1.1920928955078125e-07,False
organic/d1e769cc-f9bc-4644-8af5-829dff6f9729.jpg,cf9da5f62433c74a216834366e01747cc414c84c3941373cef62fcd910310aba,organic,organic,organic,True,0.99609375,organic,organic,exact_train_file,0.0,0.0,0.99609375,160.21858723958334,48.87646929626455,21.936604817708332,120.81658935546875,0.033610026041666664,0.0013834635416666667,0.287353515625,train/organic/augv9_organic_train_original_015.jpg,organic,0.0,train/organic/augv9_organic_train_original_015.jpg,0.0,False
organic/dad1b121-8cd0-4287-9842-d0304bb62253.jpg,19d7b05e365ac75aee4b3a6e83616ae8d075dc35a12f8ff950ebd80dbd314066,organic,organic,organic,True,0.99609375,organic,organic,exact_train_file,0.0,0.0,0.99609375,136.316650390625,44.387561412868344,25.982503255208332,385.0458068847656,0.0380859375,0.011881510416666666,0.004557291666666667,train/organic/augv9_organic_train_original_016.jpg,organic,1.1920928955078125e-07,train/organic/augv9_organic_train_original_016.jpg,1.1920928955078125e-07,False
organic/de5ac588-8dc7-42f3-92df-ba5203d84191.jpg,9b4af0592163fbc74425f01492ad188d540b0d2d58c25dd754287f9c0571390d,organic,organic,organic,True,0.9921875,organic,organic,exact_train_file,0.00390625,0.0,0.9921875,118.305908203125,53.901220395694374,34.183919270833336,172.5084686279297,0.035074869791666664,0.17024739583333334,0.0,train/organic/augv9_organic_train_original_017.jpg,organic,0.0,train/organic/augv9_organic_train_original_017.jpg,0.0,False
organic/e7e5cb6d-bffd-4214-aa21-da05d6741d00.jpg,5b5e695af58d17117607bacd2949f46c7d3e348f59e9303597cce6e2dc574644,organic,organic,organic,True,0.99609375,organic,organic,exact_train_file,0.0,0.0,0.99609375,120.10831705729167,42.49016892842556,35.523193359375,272.8522644042969,0.052408854166666664,0.028157552083333332,0.000732421875,train/organic/augv9_organic_train_original_018.jpg,organic,0.0,train/organic/augv9_organic_train_original_018.jpg,0.0,False
organic/e8cac581-2db8-498a-84dc-2ed19b828365.jpg,7f16b638ed7ecdeac1cc64436b25cbcf6e60dd2a217b7d7610f76354a5f70705,organic,organic,organic,True,0.99609375,organic,organic,exact_train_file,0.0,0.0,0.99609375,124.96728515625,55.722331781486695,44.782633463541664,455.5120544433594,0.07584635416666667,0.052083333333333336,0.09676106770833333,train/organic/augv9_organic_train_original_019.jpg,organic,0.0,train/organic/augv9_organic_train_original_019.jpg,0.0,False
organic/eb5adf75-d0f9-4eb3-8f87-18c391eacfaa.jpg,6f8f0d3751f83f9bba32791c2b400f463bf949c82bfa4c1625f6627a3e536545,organic,organic,organic,True,0.99609375,organic,organic,heldout_test,0.0,0.0,0.99609375,142.85465494791666,52.492373278601164,31.01953125,403.4644470214844,0.050130208333333336,0.014729817708333334,0.142578125,train/organic/augv9_organic_train_original_004.jpg,organic,0.01332622766494751,train/organic/augv9_organic_train_original_004.jpg,0.01332622766494751,False
organic/ed180c1a-cd62-43e2-b424-c6143bd24eb8.jpg,35b6626ab2d5f6d27733072a0ff69d73594d3ef251aecc61553694b83ee65806,organic,organic,organic,True,0.99609375,organic,organic,exact_train_file,0.0,0.0,0.99609375,120.05436197916667,50.658943808018456,34.028564453125,184.8048095703125,0.026123046875,0.09529622395833333,0.0,train/organic/augv9_organic_train_original_020.jpg,organic,0.0,train/organic/augv9_organic_train_original_020.jpg,0.0,False
