relative_path,split,label,label_id,kind,source_relative_path,source_name,source_group,visual_group,augmentation,online_augment,sha256,source_sha256,width,height,origin_dataset
train/paper/augv9_paper_train_aug_001_v9_color_noise.jpg,train,paper,0,generated_augmentation,paper/fcb840f7-bd50-486f-b397-703b44bb5441.jpg,fcb840f7-bd50-486f-b397-703b44bb5441,augmented_v9/paper/fcb840f7-bd50-486f-b397-703b44bb5441,paper_crumpled_or_sheet,v9_color_noise,False,7be33b56a16739d65e45b4b2ade42de95bb12124aaae3f52c5f9943356a0dc9f,5503a363fe91cc3081fe747cc03b3aee4cfb963ba160c2d3b5957008bcf9bc20,320,240,augmented_v9
train/paper/augv9_paper_train_aug_002_rotate_zoom.jpg,train,paper,0,generated_augmentation,paper/b02c7af6-3c13-4a11-84db-a3bd2761ce08.jpg,b02c7af6-3c13-4a11-84db-a3bd2761ce08,augmented_v9/paper/b02c7af6-3c13-4a11-84db-a3bd2761ce08,paper_cardboard_or_box,rotate_zoom,False,09200f0a214ed0fcbd6eddbeffc38dc3333908275a27781785fcd6792163eb25,68d6615d627a2f41de1fa8f87e7c510dab7d798cd04dc007474d3ee254145cda,320,240,augmented_v9
train/paper/augv9_paper_train_aug_003_low_light_blur.jpg,train,paper,0,generated_augmentation,paper/84deb629-fad4-4945-abe6-cac9dcf726cc.jpg,84deb629-fad4-4945-abe6-cac9dcf726cc,augmented_v9/paper/84deb629-fad4-4945-abe6-cac9dcf726cc,paper_cardboard_or_box,low_light_blur,False,c5a1a7d3e37f8e861be2571d79d681ac0d05081618651b314b16e7a9f75528d3,962725e09652614943d3ef976886e4823934a0a7b4d3e8ce232ea0cd5b0a34cf,320,240,augmented_v9
train/paper/augv9_paper_train_aug_004_bright_warm.jpg,train,paper,0,generated_augmentation,paper/f2513e44-5d15-42bb-aae5-5e19d866d0e5.jpg,f2513e44-5d15-42bb-aae5-5e19d866d0e5,augmented_v9/paper/f2513e44-5d15-42bb-aae5-5e19d866d0e5,paper_crumpled_or_sheet,bright_warm,False,0efb9b534159beef7c197d58a6b44260da3ec10aa06ce0d357173d30d2cfc68f,ba1bf55b92646f80f2bab16b9a1d1a813872f1a18fd0216f20342f2507a319cf,320,240,augmented_v9
train/paper/augv9_paper_train_aug_005_cool_cast.jpg,train,paper,0,generated_augmentation,paper/b4fe11ce-1020-4f3c-a792-3853c122c0b8.jpg,b4fe11ce-1020-4f3c-a792-3853c122c0b8,augmented_v9/paper/b4fe11ce-1020-4f3c-a792-3853c122c0b8,paper_cardboard_or_box,cool_cast,False,c36c9316dbac9467621870e665e7945769a760d1065c2bcfc077bc74a3698ec9,7e9e46643dbf0a6c03b37a2557835bbe6b5d70877a2ef867d79668ff6e3b153d,320,240,augmented_v9
train/paper/augv9_paper_train_aug_006_sensor_noise.jpg,train,paper,0,generated_augmentation,paper/e430b787-a041-4620-be64-a0acccccd227.jpg,e430b787-a041-4620-be64-a0acccccd227,augmented_v9/paper/e430b787-a041-4620-be64-a0acccccd227,paper_cardboard_or_box,sensor_noise,False,629181b9db56076aa4e61e0dd740d5d758b076f44f9927364ccea913405c09a2,44ff176590cec772e7e0346b2d24f05b15c02a5f5aa3ff032f8954b380e48326,320,240,augmented_v9
train/paper/augv9_paper_train_aug_007_soft_focus_scale.jpg,train,paper,0,generated_augmentation,paper/c07ec094-d5b7-478c-9164-b04fe0897de0.jpg,c07ec094-d5b7-478c-9164-b04fe0897de0,augmented_v9/paper/c07ec094-d5b7-478c-9164-b04fe0897de0,paper_crumpled_or_sheet,soft_focus_scale,False,3042fefd6b4699bb79a5f17174f4626d0b90940e897768b54ded5f22a8aa136f,c51758f3ded8cefe89ce87a6c0da6ffb93ec5f694394ed9d4d0956a4a7a11073,320,240,augmented_v9
train/paper/augv9_paper_train_aug_008_v9_color_noise.jpg,train,paper,0,generated_augmentation,paper/b2d6358d-5b99-4e7e-be98-5a3f92c8310d.jpg,b2d6358d-5b99-4e7e-be98-5a3f92c8310d,augmented_v9/paper/b2d6358d-5b99-4e7e-be98-5a3f92c8310d,paper_crumpled_or_sheet,v9_color_noise,False,12147f78b38789021973ac860b82ad163d29b0df92f1d09e9357ccb8b3bbdf7d,1b3eca66eed90ee6764934c6d84fda1cfde0f11bd9756510dc44c08f595303da,320,240,augmented_v9
train/paper/augv9_paper_train_aug_009_rotate_zoom.jpg,train,paper,0,generated_augmentation,paper/baa362a3-05f3-4d6c-a1d3-6aac7e049b1f.jpg,baa362a3-05f3-4d6c-a1d3-6aac7e049b1f,augmented_v9/paper/baa362a3-05f3-4d6c-a1d3-6aac7e049b1f,paper_crumpled_or_sheet,rotate_zoom,False,764d4e9a807b83c34ee2dcb415e2abc6e1eefea6e00b3fbde813f272d648e7d9,356913cad7415a1560312ba93617e14af82f41ae4f5699320d706d67aad6c358,320,240,augmented_v9
train/paper/augv9_paper_train_aug_010_low_light_blur.jpg,train,paper,0,generated_augmentation,paper/e49dbf71-1c4c-4432-8f77-620e2b66e873.jpg,e49dbf71-1c4c-4432-8f77-620e2b66e873,augmented_v9/paper/e49dbf71-1c4c-4432-8f77-620e2b66e873,paper_crumpled_or_sheet,low_light_blur,False,84a2c28277e69c319b23a01eeb43f880d94f2959b1f1260d45719943092f619a,c0d770c6129f05a747adee2c4f40da09d9e04bb1b8a659f33c9ebe494b510eb1,320,240,augmented_v9
train/paper/augv9_paper_train_aug_011_bright_warm.jpg,train,paper,0,generated_augmentation,paper/0dc78700-cae4-49d7-af86-780d18f797df.jpg,0dc78700-cae4-49d7-af86-780d18f797df,augmented_v9/paper/0dc78700-cae4-49d7-af86-780d18f797df,paper_crumpled_or_sheet,bright_warm,False,0d5d63d9b27c911849c7be35aacba3891d2fd23aeada5f3ca53eb2fa24356b21,f23a725723c8c9ef69c5e30c74746572782fa4d02f5ace4377f71279d2fa7296,320,240,augmented_v9
train/paper/augv9_paper_train_aug_012_cool_cast.jpg,train,paper,0,generated_augmentation,paper/cfa0bc8c-16da-40c7-9941-4edf0c62076b.jpg,cfa0bc8c-16da-40c7-9941-4edf0c62076b,augmented_v9/paper/cfa0bc8c-16da-40c7-9941-4edf0c62076b,paper_cardboard_or_box,cool_cast,False,c110cbfc91b8642c9ea77c198b3338b24f293191a72dc0b356da200f3657c123,7d3577d0939875bfa231a3dcf35dc3bb9c2801c02c8faa80cab02b7e8cdbb9fa,320,240,augmented_v9
train/paper/augv9_paper_train_aug_013_sensor_noise.jpg,train,paper,0,generated_augmentation,paper/2d0c8728-71b1-47c9-a8f9-5e11a8ad54a6.jpg,2d0c8728-71b1-47c9-a8f9-5e11a8ad54a6,augmented_v9/paper/2d0c8728-71b1-47c9-a8f9-5e11a8ad54a6,paper_cardboard_or_box,sensor_noise,False,8a20ea9bcbc98d40ade1888b65d25e756ae4233f5e7a17f73d599a0e96b0617e,90a2f6f81ca912f7a9bf93ed79f8c9c546ee6e0021c018c2df3bb7d4af6fc963,320,240,augmented_v9
train/paper/augv9_paper_train_aug_014_soft_focus_scale.jpg,train,paper,0,generated_augmentation,paper/a59c2028-effa-4308-8b86-5b38c8a2afa6.jpg,a59c2028-effa-4308-8b86-5b38c8a2afa6,augmented_v9/paper/a59c2028-effa-4308-8b86-5b38c8a2afa6,paper_crumpled_or_sheet,soft_focus_scale,False,e1136e5df4d2108de7234276724f4274a6a4c6434c3df90c6024ba8a40ced1fd,396b4581cba8e636daa403be7697c6e422c3666ac15ade84da5fbd1c8f59ba2f,320,240,augmented_v9
train/paper/augv9_paper_train_aug_015_v9_color_noise.jpg,train,paper,0,generated_augmentation,paper/3f379179-6410-4c78-a3c3-6f945e407d92.jpg,3f379179-6410-4c78-a3c3-6f945e407d92,augmented_v9/paper/3f379179-6410-4c78-a3c3-6f945e407d92,paper_crumpled_or_sheet,v9_color_noise,False,44623e32d645da01d47cdfdcc41799678227b81ebe375a4745eee7723f2f1421,79430feb013ad9e64c7ac58eed884ae409af0ab0cf67bbd897e7b2517edaff44,320,240,augmented_v9
train/paper/augv9_paper_train_aug_016_rotate_zoom.jpg,train,paper,0,generated_augmentation,paper/7426a024-1c6d-4dc8-98b1-27236d5aedb3.jpg,7426a024-1c6d-4dc8-98b1-27236d5aedb3,augmented_v9/paper/7426a024-1c6d-4dc8-98b1-27236d5aedb3,paper_crumpled_or_sheet,rotate_zoom,False,a36d72028784c751e09975744cb4ff9bfc8fc85b1892a88fd983192fab58fca0,9382a462f1abaf09f1655cf6c23089d08a568ef83060f8f1434fb363829b2b2b,320,240,augmented_v9
train/paper/augv9_paper_train_aug_017_low_light_blur.jpg,train,paper,0,generated_augmentation,paper/fcd246df-8539-424d-b417-36c64d269d89.jpg,fcd246df-8539-424d-b417-36c64d269d89,augmented_v9/paper/fcd246df-8539-424d-b417-36c64d269d89,paper_cardboard_or_box,low_light_blur,False,8445759392ab909d2657f4f5cb38237e4234afad1edc65c44d2f4d9ea36bd36c,53d684bb643923a9218428d6882baf03575c15005b3f51a047379ddd27871e0a,320,240,augmented_v9
train/paper/augv9_paper_train_aug_018_bright_warm.jpg,train,paper,0,generated_augmentation,paper/6eb401c5-ed18-4be3-91c1-b153fef1b4c6.jpg,6eb401c5-ed18-4be3-91c1-b153fef1b4c6,augmented_v9/paper/6eb401c5-ed18-4be3-91c1-b153fef1b4c6,paper_crumpled_or_sheet,bright_warm,False,8e6e8324028bcc79f8e3abdd0dab94d27c0cbdbbbfd206f61baabae7530a9760,39e25fd1eb1109f60bbce6de8a8c195c3eb58debdaa8329531bd99939abbbe87,320,240,augmented_v9
train/paper/augv9_paper_train_aug_019_cool_cast.jpg,train,paper,0,generated_augmentation,paper/a6b7fe8e-ee2b-47be-8b44-e13baed2adf6.jpg,a6b7fe8e-ee2b-47be-8b44-e13baed2adf6,augmented_v9/paper/a6b7fe8e-ee2b-47be-8b44-e13baed2adf6,paper_crumpled_or_sheet,cool_cast,False,2aef19abae91b71e37a20fc282b2d7418aac18cee2550780630aac9b2d57f037,2a53b937014289f37a66ec0f5ef6003650296ca47b7f4039956d525f04a60c85,320,240,augmented_v9
train/paper/augv9_paper_train_aug_020_sensor_noise.jpg,train,paper,0,generated_augmentation,paper/d4f5f8f8-8660-40a6-9a71-20afae2c17b5.jpg,d4f5f8f8-8660-40a6-9a71-20afae2c17b5,augmented_v9/paper/d4f5f8f8-8660-40a6-9a71-20afae2c17b5,paper_cardboard_or_box,sensor_noise,False,350db98dddab62f5a626e7595d7a21a24adf0a3263fa702a5261f8f14d834fec,0cc6bdec23ef20666fa7390af8c3d084336aa6da3a69010473101e4ed26820ee,320,240,augmented_v9
train/paper/augv9_paper_train_aug_021_soft_focus_scale.jpg,train,paper,0,generated_augmentation,paper/64f154cc-b457-4ca7-af72-3c8249011c4b.jpg,64f154cc-b457-4ca7-af72-3c8249011c4b,augmented_v9/paper/64f154cc-b457-4ca7-af72-3c8249011c4b,paper_cardboard_or_box,soft_focus_scale,False,40768f36d708e15ac7dd68d3d90b4a6c77c67934de3bcf10069891d57f058119,cca7ef240681ec3848f400a67102691febfa17f9b817d59ef0137a44ea902815,320,240,augmented_v9
train/paper/augv9_paper_train_aug_022_v9_color_noise.jpg,train,paper,0,generated_augmentation,paper/3ae52a7d-41a2-4619-ad53-7c332e35c7bb.jpg,3ae52a7d-41a2-4619-ad53-7c332e35c7bb,augmented_v9/paper/3ae52a7d-41a2-4619-ad53-7c332e35c7bb,paper_crumpled_or_sheet,v9_color_noise,False,7dfcaf114e2850cf8ce5f144e1e7593d5686a0d51746f817d78dade4c92e6deb,ec20e42d53cdb466f4f5ea99302bccaa8779dd5d82604a2ed1cababc2b5ea53f,320,240,augmented_v9
train/paper/augv9_paper_train_aug_023_rotate_zoom.jpg,train,paper,0,generated_augmentation,paper/c6a15a9a-bd2b-4cbb-bd8a-57640244d3b7.jpg,c6a15a9a-bd2b-4cbb-bd8a-57640244d3b7,augmented_v9/paper/c6a15a9a-bd2b-4cbb-bd8a-57640244d3b7,paper_crumpled_or_sheet,rotate_zoom,False,64f26e8007e58ff74cd83441ac235de4c06c233699526454b2853d3bc7c52dc4,501c95bca3c9fd5f91200fbfa0b9121891acc2c54c4ec03bdce4b4b5acc0492b,320,240,augmented_v9
train/paper/augv9_paper_train_aug_024_low_light_blur.jpg,train,paper,0,generated_augmentation,paper/f027ccf5-ade4-49ef-8fc1-1ece900c0cd1.jpg,f027ccf5-ade4-49ef-8fc1-1ece900c0cd1,augmented_v9/paper/f027ccf5-ade4-49ef-8fc1-1ece900c0cd1,paper_crumpled_or_sheet,low_light_blur,False,b037265693ccfeacb82faa058f0f535af7fbf6b6728b0d15b714f3f344c62d2c,7f9805037d3b3ae5149fd550f49bb04c8ab38bd5baa70fedfc24e1085eaf8c28,320,240,augmented_v9
train/paper/augv9_paper_train_aug_025_bright_warm.jpg,train,paper,0,generated_augmentation,paper/28bba1f0-ed43-4a0d-b5fd-0b66fd8fe928.jpg,28bba1f0-ed43-4a0d-b5fd-0b66fd8fe928,augmented_v9/paper/28bba1f0-ed43-4a0d-b5fd-0b66fd8fe928,paper_crumpled_or_sheet,bright_warm,False,c5a8ae343cba552d0ccbf2ba4e134fc17f7c482e2bda819ea51367f946819fa8,794d08281b77e5681b1f8741104c5e286fff55280a4092a1b9a5d803adcc4ddc,320,240,augmented_v9
train/paper/augv9_paper_train_aug_026_cool_cast.jpg,train,paper,0,generated_augmentation,paper/a31abf1a-1ba2-4e7f-8df4-23564c4bf558.jpg,a31abf1a-1ba2-4e7f-8df4-23564c4bf558,augmented_v9/paper/a31abf1a-1ba2-4e7f-8df4-23564c4bf558,paper_cardboard_or_box,cool_cast,False,7c97a76cc134bc7f0cf525643a95060f74f1768b09b013b2ca84ff955043bcd6,2dd50120fe67dd11a1cd2fdf775cf289d67be2f31f2715cce765841e712aa4a5,320,240,augmented_v9
train/paper/augv9_paper_train_aug_027_sensor_noise.jpg,train,paper,0,generated_augmentation,paper/f890c3ed-70be-433f-b8a8-249345c6fa72.jpg,f890c3ed-70be-433f-b8a8-249345c6fa72,augmented_v9/paper/f890c3ed-70be-433f-b8a8-249345c6fa72,paper_crumpled_or_sheet,sensor_noise,False,e29fd9ea4f16cd397eb128621ff79610bd3ce2f3bb1cd1d083851c5e547f89b7,9bedffe398377203e5a50a62bc445d44006d4f52cca53a5514d8e7187e75eced,320,240,augmented_v9
train/paper/augv9_paper_train_original_001.jpg,train,paper,0,original,paper/08957b4d-b996-4f82-a385-44b1c59b5c64.jpg,08957b4d-b996-4f82-a385-44b1c59b5c64,augmented_v9/paper/08957b4d-b996-4f82-a385-44b1c59b5c64,paper_crumpled_or_sheet,none,False,4e44cf2afd8a40aa529c24b3ef82130179487a9c246d44362e6458182f5a3cae,4e44cf2afd8a40aa529c24b3ef82130179487a9c246d44362e6458182f5a3cae,320,240,augmented_v9
train/paper/augv9_paper_train_original_002.jpg,train,paper,0,original,paper/095c0464-1e85-4cad-848c-711add2f536a.jpg,095c0464-1e85-4cad-848c-711add2f536a,augmented_v9/paper/095c0464-1e85-4cad-848c-711add2f536a,paper_crumpled_or_sheet,none,False,8d94633fb502213c533fe9596a41d0abea66ba5b5be61d49498d6f9eee4a40f4,8d94633fb502213c533fe9596a41d0abea66ba5b5be61d49498d6f9eee4a40f4,320,240,augmented_v9
train/paper/augv9_paper_train_original_003.jpg,train,paper,0,original,paper/0a9aa7c9-7b20-4e9c-809f-87dfff800195.jpg,0a9aa7c9-7b20-4e9c-809f-87dfff800195,augmented_v9/paper/0a9aa7c9-7b20-4e9c-809f-87dfff800195,paper_crumpled_or_sheet,none,False,5cfc7f5b89362a918823a06c557d163e72e784e016782212db1c968db8b75729,5cfc7f5b89362a918823a06c557d163e72e784e016782212db1c968db8b75729,320,240,augmented_v9
train/paper/augv9_paper_train_original_004.jpg,train,paper,0,original,paper/0dc78700-cae4-49d7-af86-780d18f797df.jpg,0dc78700-cae4-49d7-af86-780d18f797df,augmented_v9/paper/0dc78700-cae4-49d7-af86-780d18f797df,paper_crumpled_or_sheet,none,False,f23a725723c8c9ef69c5e30c74746572782fa4d02f5ace4377f71279d2fa7296,f23a725723c8c9ef69c5e30c74746572782fa4d02f5ace4377f71279d2fa7296,320,240,augmented_v9
train/paper/augv9_paper_train_original_005.jpg,train,paper,0,original,paper/0f77f478-f518-4d37-874b-d961485e3255.jpg,0f77f478-f518-4d37-874b-d961485e3255,augmented_v9/paper/0f77f478-f518-4d37-874b-d961485e3255,paper_crumpled_or_sheet,none,False,db1cf6ed5b567602d606c11cd9fdf63ec713679b1e74317d3d93ba6ee0408398,db1cf6ed5b567602d606c11cd9fdf63ec713679b1e74317d3d93ba6ee0408398,320,240,augmented_v9
train/paper/augv9_paper_train_original_006.jpg,train,paper,0,original,paper/12a0b7d0-7292-4b7d-bca0-ebefa53d7067.jpg,12a0b7d0-7292-4b7d-bca0-ebefa53d7067,augmented_v9/paper/12a0b7d0-7292-4b7d-bca0-ebefa53d7067,paper_crumpled_or_sheet,none,False,48abd3160f71823749e14bbac425dadd2ef2112812b29b8f40cd06a5ee0498d7,48abd3160f71823749e14bbac425dadd2ef2112812b29b8f40cd06a5ee0498d7,320,240,augmented_v9
train/paper/augv9_paper_train_original_007.jpg,train,paper,0,original,paper/1333e479-d829-4b34-9126-81d276a58278.jpg,1333e479-d829-4b34-9126-81d276a58278,augmented_v9/paper/1333e479-d829-4b34-9126-81d276a58278,paper_cardboard_or_box,none,False,a3250bf1483fc1b51402bacd9089d17401b7915d4fe1e1cf4774936f6f1bc035,a3250bf1483fc1b51402bacd9089d17401b7915d4fe1e1cf4774936f6f1bc035,320,240,augmented_v9
train/paper/augv9_paper_train_original_008.jpg,train,paper,0,original,paper/14645458-07eb-40f1-a49a-da76033c4dcb.jpg,14645458-07eb-40f1-a49a-da76033c4dcb,augmented_v9/paper/14645458-07eb-40f1-a49a-da76033c4dcb,paper_cardboard_or_box,none,False,d952e54ef108460d4d6500fefb04ea0ff717baff28c856513a3c6e4ba7fb9057,d952e54ef108460d4d6500fefb04ea0ff717baff28c856513a3c6e4ba7fb9057,320,240,augmented_v9
train/paper/augv9_paper_train_original_009.jpg,train,paper,0,original,paper/146b8896-93fd-40bf-8163-c9112058ded4.jpg,146b8896-93fd-40bf-8163-c9112058ded4,augmented_v9/paper/146b8896-93fd-40bf-8163-c9112058ded4,paper_crumpled_or_sheet,none,False,bfdc5654a9e77c2605a9371899f619da7bf00cbcbe005b439589c641f736e024,bfdc5654a9e77c2605a9371899f619da7bf00cbcbe005b439589c641f736e024,320,240,augmented_v9
train/paper/augv9_paper_train_original_010.jpg,train,paper,0,original,paper/193590c5-aa85-490c-8142-74db88c2a5c9.jpg,193590c5-aa85-490c-8142-74db88c2a5c9,augmented_v9/paper/193590c5-aa85-490c-8142-74db88c2a5c9,paper_cardboard_or_box,none,False,5535d3fde0925fa3fd5d715d3541c754b3d6eca1626751d3b18678e0815273aa,5535d3fde0925fa3fd5d715d3541c754b3d6eca1626751d3b18678e0815273aa,320,240,augmented_v9
train/paper/augv9_paper_train_original_011.jpg,train,paper,0,original,paper/1e1e58a4-8052-48c3-a688-7170ddad2e3b.jpg,1e1e58a4-8052-48c3-a688-7170ddad2e3b,augmented_v9/paper/1e1e58a4-8052-48c3-a688-7170ddad2e3b,paper_cardboard_or_box,none,False,535a538a6017e111153b203fd62635f7a25383aa9b3d3a4eee0c1a977b0a3fd7,535a538a6017e111153b203fd62635f7a25383aa9b3d3a4eee0c1a977b0a3fd7,320,240,augmented_v9
train/paper/augv9_paper_train_original_012.jpg,train,paper,0,original,paper/211fb8cf-5c52-4d08-b5eb-1d775a89d1c8.jpg,211fb8cf-5c52-4d08-b5eb-1d775a89d1c8,augmented_v9/paper/211fb8cf-5c52-4d08-b5eb-1d775a89d1c8,paper_cardboard_or_box,none,False,48ee765f0f2d07fbe04f96b7917deb457c6bb3a4aa7782c2ff294d662fe5c05e,48ee765f0f2d07fbe04f96b7917deb457c6bb3a4aa7782c2ff294d662fe5c05e,320,240,augmented_v9
train/paper/augv9_paper_train_original_013.jpg,train,paper,0,original,paper/22f1398d-3ac0-43db-a55f-03defe8b04ab.jpg,22f1398d-3ac0-43db-a55f-03defe8b04ab,augmented_v9/paper/22f1398d-3ac0-43db-a55f-03defe8b04ab,paper_crumpled_or_sheet,none,False,dea8182a8c1e47468b60fcd175ae358ee45b75330575863dfb5bdbb7cdb7edbb,dea8182a8c1e47468b60fcd175ae358ee45b75330575863dfb5bdbb7cdb7edbb,320,240,augmented_v9
train/paper/augv9_paper_train_original_014.jpg,train,paper,0,original,paper/25fd15f0-f9b1-405f-a2d4-ca23caccb2ed.jpg,25fd15f0-f9b1-405f-a2d4-ca23caccb2ed,augmented_v9/paper/25fd15f0-f9b1-405f-a2d4-ca23caccb2ed,paper_cardboard_or_box,none,False,48a57a31927a921f89975c99ab6c18278e45789fc04d017644b21a7014ac635a,48a57a31927a921f89975c99ab6c18278e45789fc04d017644b21a7014ac635a,320,240,augmented_v9
train/paper/augv9_paper_train_original_015.jpg,train,paper,0,original,paper/269464c7-a65a-46ca-b8e3-a97c1431b28a.jpg,269464c7-a65a-46ca-b8e3-a97c1431b28a,augmented_v9/paper/269464c7-a65a-46ca-b8e3-a97c1431b28a,paper_crumpled_or_sheet,none,False,56fd48071da753ab74e4a6fea741e81c6a6ba727cb1315e5c21e398fdb40a143,56fd48071da753ab74e4a6fea741e81c6a6ba727cb1315e5c21e398fdb40a143,320,240,augmented_v9
train/paper/augv9_paper_train_original_016.jpg,train,paper,0,original,paper/27e3daf1-04a7-47f0-a343-5a9c34e4c141.jpg,27e3daf1-04a7-47f0-a343-5a9c34e4c141,augmented_v9/paper/27e3daf1-04a7-47f0-a343-5a9c34e4c141,paper_cardboard_or_box,none,False,811b833202cd5b6a97485fe86c9769e0459bf68729ff5265b407089227f78cfc,811b833202cd5b6a97485fe86c9769e0459bf68729ff5265b407089227f78cfc,320,240,augmented_v9
train/paper/augv9_paper_train_original_017.jpg,train,paper,0,original,paper/28bba1f0-ed43-4a0d-b5fd-0b66fd8fe928.jpg,28bba1f0-ed43-4a0d-b5fd-0b66fd8fe928,augmented_v9/paper/28bba1f0-ed43-4a0d-b5fd-0b66fd8fe928,paper_crumpled_or_sheet,none,False,794d08281b77e5681b1f8741104c5e286fff55280a4092a1b9a5d803adcc4ddc,794d08281b77e5681b1f8741104c5e286fff55280a4092a1b9a5d803adcc4ddc,320,240,augmented_v9
train/paper/augv9_paper_train_original_018.jpg,train,paper,0,original,paper/2922f4ef-e8ef-4b23-8bc4-c4da6a4f7c7a.jpg,2922f4ef-e8ef-4b23-8bc4-c4da6a4f7c7a,augmented_v9/paper/2922f4ef-e8ef-4b23-8bc4-c4da6a4f7c7a,paper_cardboard_or_box,none,False,e7525f52c0f74787497f0294a90dc44149bad56fcc1434b1fd9d6342175b76f8,e7525f52c0f74787497f0294a90dc44149bad56fcc1434b1fd9d6342175b76f8,320,240,augmented_v9
train/paper/augv9_paper_train_original_019.jpg,train,paper,0,original,paper/2b8d6ef5-b12c-46e3-ab1e-5f0d5bcb3b01.jpg,2b8d6ef5-b12c-46e3-ab1e-5f0d5bcb3b01,augmented_v9/paper/2b8d6ef5-b12c-46e3-ab1e-5f0d5bcb3b01,paper_crumpled_or_sheet,none,False,e65934f5e98c1aa30fecc877e8e4a462ef3b683f73a578b477c8cca5fcc79b2e,e65934f5e98c1aa30fecc877e8e4a462ef3b683f73a578b477c8cca5fcc79b2e,320,240,augmented_v9
train/paper/augv9_paper_train_original_020.jpg,train,paper,0,original,paper/2d0c8728-71b1-47c9-a8f9-5e11a8ad54a6.jpg,2d0c8728-71b1-47c9-a8f9-5e11a8ad54a6,augmented_v9/paper/2d0c8728-71b1-47c9-a8f9-5e11a8ad54a6,paper_cardboard_or_box,none,False,90a2f6f81ca912f7a9bf93ed79f8c9c546ee6e0021c018c2df3bb7d4af6fc963,90a2f6f81ca912f7a9bf93ed79f8c9c546ee6e0021c018c2df3bb7d4af6fc963,320,240,augmented_v9
train/paper/augv9_paper_train_original_021.jpg,train,paper,0,original,paper/3084c9fd-bb4d-4e7f-86b0-a3b4b6c91616.jpg,3084c9fd-bb4d-4e7f-86b0-a3b4b6c91616,augmented_v9/paper/3084c9fd-bb4d-4e7f-86b0-a3b4b6c91616,paper_cardboard_or_box,none,False,46f2536ca960930f5c4b02a66417f714dd5331a5ac0b5501607fe4d4bdb3be72,46f2536ca960930f5c4b02a66417f714dd5331a5ac0b5501607fe4d4bdb3be72,320,240,augmented_v9
train/paper/augv9_paper_train_original_022.jpg,train,paper,0,original,paper/3192dd94-fba9-4109-b0f0-cf2ffe513e5f.jpg,3192dd94-fba9-4109-b0f0-cf2ffe513e5f,augmented_v9/paper/3192dd94-fba9-4109-b0f0-cf2ffe513e5f,paper_crumpled_or_sheet,none,False,967e03f944b1d5062ceb86dad61050f76240aa43a6c6a7564bf6e7331d37a830,967e03f944b1d5062ceb86dad61050f76240aa43a6c6a7564bf6e7331d37a830,320,240,augmented_v9
train/paper/augv9_paper_train_original_023.jpg,train,paper,0,original,paper/37035b7b-16f0-46b5-ace9-9c43e1ed4d71.jpg,37035b7b-16f0-46b5-ace9-9c43e1ed4d71,augmented_v9/paper/37035b7b-16f0-46b5-ace9-9c43e1ed4d71,paper_cardboard_or_box,none,False,241b6e5d1451e57f2aa8723ea1b476c573d9295d1df240a3545f57a1dec6f3f4,241b6e5d1451e57f2aa8723ea1b476c573d9295d1df240a3545f57a1dec6f3f4,320,240,augmented_v9
train/paper/augv9_paper_train_original_024.jpg,train,paper,0,original,paper/3a34ee2f-4cd6-4e18-af60-fbbab8355348.jpg,3a34ee2f-4cd6-4e18-af60-fbbab8355348,augmented_v9/paper/3a34ee2f-4cd6-4e18-af60-fbbab8355348,paper_cardboard_or_box,none,False,10c620105be761407f581d32cae0178717865866d22d49798397c66060935159,10c620105be761407f581d32cae0178717865866d22d49798397c66060935159,320,240,augmented_v9
train/paper/augv9_paper_train_original_025.jpg,train,paper,0,original,paper/3ae52a7d-41a2-4619-ad53-7c332e35c7bb.jpg,3ae52a7d-41a2-4619-ad53-7c332e35c7bb,augmented_v9/paper/3ae52a7d-41a2-4619-ad53-7c332e35c7bb,paper_crumpled_or_sheet,none,False,ec20e42d53cdb466f4f5ea99302bccaa8779dd5d82604a2ed1cababc2b5ea53f,ec20e42d53cdb466f4f5ea99302bccaa8779dd5d82604a2ed1cababc2b5ea53f,320,240,augmented_v9
train/paper/augv9_paper_train_original_026.jpg,train,paper,0,original,paper/3f379179-6410-4c78-a3c3-6f945e407d92.jpg,3f379179-6410-4c78-a3c3-6f945e407d92,augmented_v9/paper/3f379179-6410-4c78-a3c3-6f945e407d92,paper_crumpled_or_sheet,none,False,79430feb013ad9e64c7ac58eed884ae409af0ab0cf67bbd897e7b2517edaff44,79430feb013ad9e64c7ac58eed884ae409af0ab0cf67bbd897e7b2517edaff44,320,240,augmented_v9
train/paper/augv9_paper_train_original_027.jpg,train,paper,0,original,paper/3f6e0572-f9fc-4b17-a234-74b22244b9d3.jpg,3f6e0572-f9fc-4b17-a234-74b22244b9d3,augmented_v9/paper/3f6e0572-f9fc-4b17-a234-74b22244b9d3,paper_crumpled_or_sheet,none,False,aa2ff4b5295f41dbf047413d4047eb8a3b7e3418d4357e418327b8f705568a2a,aa2ff4b5295f41dbf047413d4047eb8a3b7e3418d4357e418327b8f705568a2a,320,240,augmented_v9
train/paper/augv9_paper_train_original_028.jpg,train,paper,0,original,paper/3fef7537-8d5b-47c2-bb1c-48e3fc4f4122.jpg,3fef7537-8d5b-47c2-bb1c-48e3fc4f4122,augmented_v9/paper/3fef7537-8d5b-47c2-bb1c-48e3fc4f4122,paper_crumpled_or_sheet,none,False,4e608c16f955cfcb201f0315ea7391c4c7e2839661c5fe7daa27778d1c4008e1,4e608c16f955cfcb201f0315ea7391c4c7e2839661c5fe7daa27778d1c4008e1,320,240,augmented_v9
train/paper/augv9_paper_train_original_029.jpg,train,paper,0,original,paper/40522739-479c-4ab5-9152-a43f4fd12987.jpg,40522739-479c-4ab5-9152-a43f4fd12987,augmented_v9/paper/40522739-479c-4ab5-9152-a43f4fd12987,paper_crumpled_or_sheet,none,False,c9886e59bf617772cc3409a91a1eeeea49144cc721a3eb0714246ebd52056d9d,c9886e59bf617772cc3409a91a1eeeea49144cc721a3eb0714246ebd52056d9d,320,240,augmented_v9
train/paper/augv9_paper_train_original_030.jpg,train,paper,0,original,paper/477026dc-2dee-4e4c-8b5a-848be3db40f3.jpg,477026dc-2dee-4e4c-8b5a-848be3db40f3,augmented_v9/paper/477026dc-2dee-4e4c-8b5a-848be3db40f3,paper_cardboard_or_box,none,False,729b7c60504e1ce9a729f8d15539351b2b12754468af582bc0c06a0860ecbd62,729b7c60504e1ce9a729f8d15539351b2b12754468af582bc0c06a0860ecbd62,320,240,augmented_v9
train/paper/augv9_paper_train_original_031.jpg,train,paper,0,original,paper/479328cb-ca6c-49d8-9d83-f1562a554366.jpg,479328cb-ca6c-49d8-9d83-f1562a554366,augmented_v9/paper/479328cb-ca6c-49d8-9d83-f1562a554366,paper_cardboard_or_box,none,False,f093fa25d393d1b09a1aa7c99fb6b9a794d4be18773c1b69f49f1c73f2a53f87,f093fa25d393d1b09a1aa7c99fb6b9a794d4be18773c1b69f49f1c73f2a53f87,320,240,augmented_v9
train/paper/augv9_paper_train_original_032.jpg,train,paper,0,original,paper/49e8e6bd-f15b-4ac9-91c7-a722994491a6.jpg,49e8e6bd-f15b-4ac9-91c7-a722994491a6,augmented_v9/paper/49e8e6bd-f15b-4ac9-91c7-a722994491a6,paper_crumpled_or_sheet,none,False,6ba18ed7b1ce4beb47079314b7228885d64bac51a7e74d5e98b254fdeb7fa6d0,6ba18ed7b1ce4beb47079314b7228885d64bac51a7e74d5e98b254fdeb7fa6d0,320,240,augmented_v9
train/paper/augv9_paper_train_original_033.jpg,train,paper,0,original,paper/4af49b0a-12ac-4966-8b08-b6b74194a8e6.jpg,4af49b0a-12ac-4966-8b08-b6b74194a8e6,augmented_v9/paper/4af49b0a-12ac-4966-8b08-b6b74194a8e6,paper_cardboard_or_box,none,False,dc1c478d32ea0a44999805751383b9160b41bc5d18b5fd3478711d5875f6ed00,dc1c478d32ea0a44999805751383b9160b41bc5d18b5fd3478711d5875f6ed00,320,240,augmented_v9
train/paper/augv9_paper_train_original_034.jpg,train,paper,0,original,paper/4bbba8c5-af2d-45b5-9969-dfd692b4ce3b.jpg,4bbba8c5-af2d-45b5-9969-dfd692b4ce3b,augmented_v9/paper/4bbba8c5-af2d-45b5-9969-dfd692b4ce3b,paper_crumpled_or_sheet,none,False,b7bf9c70c01602ae79f1336ebcddce53f018b7fa3240b2a3f46c873e0fe18c5a,b7bf9c70c01602ae79f1336ebcddce53f018b7fa3240b2a3f46c873e0fe18c5a,320,240,augmented_v9
train/paper/augv9_paper_train_original_035.jpg,train,paper,0,original,paper/4c11fec1-f14d-498d-9fbd-c48bebd39757.jpg,4c11fec1-f14d-498d-9fbd-c48bebd39757,augmented_v9/paper/4c11fec1-f14d-498d-9fbd-c48bebd39757,paper_crumpled_or_sheet,none,False,ed55e5d89599321663e63f65f3cdec0ee6e5049c63e966728df422ef1b30f174,ed55e5d89599321663e63f65f3cdec0ee6e5049c63e966728df422ef1b30f174,320,240,augmented_v9
train/paper/augv9_paper_train_original_036.jpg,train,paper,0,original,paper/50a368bf-5edc-49f0-88b4-eaed0317a404.jpg,50a368bf-5edc-49f0-88b4-eaed0317a404,augmented_v9/paper/50a368bf-5edc-49f0-88b4-eaed0317a404,paper_crumpled_or_sheet,none,False,af7ec442c418a182793e5fb93a37500a8c26b6f60f25b45b604a66f57a9621da,af7ec442c418a182793e5fb93a37500a8c26b6f60f25b45b604a66f57a9621da,320,240,augmented_v9
train/paper/augv9_paper_train_original_037.jpg,train,paper,0,original,paper/51d01d35-9910-443b-bfe3-df075fc920fc.jpg,51d01d35-9910-443b-bfe3-df075fc920fc,augmented_v9/paper/51d01d35-9910-443b-bfe3-df075fc920fc,paper_crumpled_or_sheet,none,False,094a38190d41f4373d9b6f13b7aa2dc7fc1c672856235f042a6c5d33c3a08e37,094a38190d41f4373d9b6f13b7aa2dc7fc1c672856235f042a6c5d33c3a08e37,320,240,augmented_v9
train/paper/augv9_paper_train_original_038.jpg,train,paper,0,original,paper/51f36e9d-13cf-478a-8c2f-8b9cef7cc40a.jpg,51f36e9d-13cf-478a-8c2f-8b9cef7cc40a,augmented_v9/paper/51f36e9d-13cf-478a-8c2f-8b9cef7cc40a,paper_cardboard_or_box,none,False,a412d3dc546fa18a16b280cdd53926a19959db243889c5f29ea877c16cd917ce,a412d3dc546fa18a16b280cdd53926a19959db243889c5f29ea877c16cd917ce,320,240,augmented_v9
train/paper/augv9_paper_train_original_039.jpg,train,paper,0,original,paper/54e9ee62-7455-48de-92c6-de933012614d.jpg,54e9ee62-7455-48de-92c6-de933012614d,augmented_v9/paper/54e9ee62-7455-48de-92c6-de933012614d,paper_cardboard_or_box,none,False,0bda0f5277ce8afaff1b211868bc1e6355f770454158f02abc7bb95dec902dcc,0bda0f5277ce8afaff1b211868bc1e6355f770454158f02abc7bb95dec902dcc,320,240,augmented_v9
train/paper/augv9_paper_train_original_040.jpg,train,paper,0,original,paper/55bd0adb-1968-4d13-91e8-96c6ba32047c.jpg,55bd0adb-1968-4d13-91e8-96c6ba32047c,augmented_v9/paper/55bd0adb-1968-4d13-91e8-96c6ba32047c,paper_cardboard_or_box,none,False,d9372b70b98449e0ef5cede5b526cd85bd9078a339dc20170f89b3e384fe8df7,d9372b70b98449e0ef5cede5b526cd85bd9078a339dc20170f89b3e384fe8df7,320,240,augmented_v9
train/paper/augv9_paper_train_original_041.jpg,train,paper,0,original,paper/5f96feed-cbbe-4406-b75c-f77f62db432a.jpg,5f96feed-cbbe-4406-b75c-f77f62db432a,augmented_v9/paper/5f96feed-cbbe-4406-b75c-f77f62db432a,paper_cardboard_or_box,none,False,23add34f07a812a0005054b82514624b49e2bb2d3d20b7399b578d4e4a84158b,23add34f07a812a0005054b82514624b49e2bb2d3d20b7399b578d4e4a84158b,320,240,augmented_v9
train/paper/augv9_paper_train_original_042.jpg,train,paper,0,original,paper/61ebaa35-9755-4adb-8d93-ee7376fa563f.jpg,61ebaa35-9755-4adb-8d93-ee7376fa563f,augmented_v9/paper/61ebaa35-9755-4adb-8d93-ee7376fa563f,paper_crumpled_or_sheet,none,False,d2573d32a4ef633d0217d97047c58974d5c7c0c3321eb38f9864c8b78ade108c,d2573d32a4ef633d0217d97047c58974d5c7c0c3321eb38f9864c8b78ade108c,320,240,augmented_v9
train/paper/augv9_paper_train_original_043.jpg,train,paper,0,original,paper/64f154cc-b457-4ca7-af72-3c8249011c4b.jpg,64f154cc-b457-4ca7-af72-3c8249011c4b,augmented_v9/paper/64f154cc-b457-4ca7-af72-3c8249011c4b,paper_cardboard_or_box,none,False,cca7ef240681ec3848f400a67102691febfa17f9b817d59ef0137a44ea902815,cca7ef240681ec3848f400a67102691febfa17f9b817d59ef0137a44ea902815,320,240,augmented_v9
train/paper/augv9_paper_train_original_044.jpg,train,paper,0,original,paper/6797fa38-6af4-49d7-a26d-7a0d0b1a7ada.jpg,6797fa38-6af4-49d7-a26d-7a0d0b1a7ada,augmented_v9/paper/6797fa38-6af4-49d7-a26d-7a0d0b1a7ada,paper_crumpled_or_sheet,none,False,805704be80c896fb36dc3b4b4b9461ead7fe271808228152550774d73443817b,805704be80c896fb36dc3b4b4b9461ead7fe271808228152550774d73443817b,320,240,augmented_v9
train/paper/augv9_paper_train_original_045.jpg,train,paper,0,original,paper/68579680-1a53-45da-9916-11bae6282076.jpg,68579680-1a53-45da-9916-11bae6282076,augmented_v9/paper/68579680-1a53-45da-9916-11bae6282076,paper_cardboard_or_box,none,False,91a92ff90d2e45d439503487ce2f528a0b37bbbeb7785f904e605cdfde41b711,91a92ff90d2e45d439503487ce2f528a0b37bbbeb7785f904e605cdfde41b711,320,240,augmented_v9
train/paper/augv9_paper_train_original_046.jpg,train,paper,0,original,paper/6952c088-edc5-43df-98fb-9e98768e3a94.jpg,6952c088-edc5-43df-98fb-9e98768e3a94,augmented_v9/paper/6952c088-edc5-43df-98fb-9e98768e3a94,paper_cardboard_or_box,none,False,73db1e1476b7e710ad70c772862c8443349fedd3597ba9b34b837ec60a471c8e,73db1e1476b7e710ad70c772862c8443349fedd3597ba9b34b837ec60a471c8e,320,240,augmented_v9
train/paper/augv9_paper_train_original_047.jpg,train,paper,0,original,paper/6b567f18-8076-4c0b-93ff-3cfb6df5e258.jpg,6b567f18-8076-4c0b-93ff-3cfb6df5e258,augmented_v9/paper/6b567f18-8076-4c0b-93ff-3cfb6df5e258,paper_crumpled_or_sheet,none,False,9de96f62630d6026ed7635ffd7759039d5df69cd01eb99c98190d1921758054b,9de96f62630d6026ed7635ffd7759039d5df69cd01eb99c98190d1921758054b,320,240,augmented_v9
train/paper/augv9_paper_train_original_048.jpg,train,paper,0,original,paper/6eb401c5-ed18-4be3-91c1-b153fef1b4c6.jpg,6eb401c5-ed18-4be3-91c1-b153fef1b4c6,augmented_v9/paper/6eb401c5-ed18-4be3-91c1-b153fef1b4c6,paper_crumpled_or_sheet,none,False,39e25fd1eb1109f60bbce6de8a8c195c3eb58debdaa8329531bd99939abbbe87,39e25fd1eb1109f60bbce6de8a8c195c3eb58debdaa8329531bd99939abbbe87,320,240,augmented_v9
train/paper/augv9_paper_train_original_049.jpg,train,paper,0,original,paper/7426a024-1c6d-4dc8-98b1-27236d5aedb3.jpg,7426a024-1c6d-4dc8-98b1-27236d5aedb3,augmented_v9/paper/7426a024-1c6d-4dc8-98b1-27236d5aedb3,paper_crumpled_or_sheet,none,False,9382a462f1abaf09f1655cf6c23089d08a568ef83060f8f1434fb363829b2b2b,9382a462f1abaf09f1655cf6c23089d08a568ef83060f8f1434fb363829b2b2b,320,240,augmented_v9
train/paper/augv9_paper_train_original_050.jpg,train,paper,0,original,paper/75083768-ebd8-472e-afb7-e0f42423a6ad.jpg,75083768-ebd8-472e-afb7-e0f42423a6ad,augmented_v9/paper/75083768-ebd8-472e-afb7-e0f42423a6ad,paper_crumpled_or_sheet,none,False,3271fda3f1a762c8de9cd55aef77eda47c588e00917a95b6ac73c5b0a3da0912,3271fda3f1a762c8de9cd55aef77eda47c588e00917a95b6ac73c5b0a3da0912,320,240,augmented_v9
train/paper/augv9_paper_train_original_051.jpg,train,paper,0,original,paper/759d3cbb-dfc3-470a-b9da-641f7c5b328a.jpg,759d3cbb-dfc3-470a-b9da-641f7c5b328a,augmented_v9/paper/759d3cbb-dfc3-470a-b9da-641f7c5b328a,paper_crumpled_or_sheet,none,False,17e043c613f0f4c3d89ced8b3c3ac83ffb94c76e0b2bde8cfee5b7a9bc39beae,17e043c613f0f4c3d89ced8b3c3ac83ffb94c76e0b2bde8cfee5b7a9bc39beae,320,240,augmented_v9
train/paper/augv9_paper_train_original_052.jpg,train,paper,0,original,paper/773e34c7-0ff2-4dba-affa-d26313a6250e.jpg,773e34c7-0ff2-4dba-affa-d26313a6250e,augmented_v9/paper/773e34c7-0ff2-4dba-affa-d26313a6250e,paper_cardboard_or_box,none,False,354d39d92ee94a57a9ee7b630d2b3c4a4053e4020fda3c88334b82dba6d4da85,354d39d92ee94a57a9ee7b630d2b3c4a4053e4020fda3c88334b82dba6d4da85,320,240,augmented_v9
train/paper/augv9_paper_train_original_053.jpg,train,paper,0,original,paper/78764399-aa01-4a12-97b0-1043e905548d.jpg,78764399-aa01-4a12-97b0-1043e905548d,augmented_v9/paper/78764399-aa01-4a12-97b0-1043e905548d,paper_cardboard_or_box,none,False,1588063615b06fc135ae9f6d90a530a2895fcf6f7491545888a6d12c129afe19,1588063615b06fc135ae9f6d90a530a2895fcf6f7491545888a6d12c129afe19,320,240,augmented_v9
train/paper/augv9_paper_train_original_054.jpg,train,paper,0,original,paper/7a3256cc-dde3-46c6-a975-88897ae6d98e.jpg,7a3256cc-dde3-46c6-a975-88897ae6d98e,augmented_v9/paper/7a3256cc-dde3-46c6-a975-88897ae6d98e,paper_cardboard_or_box,none,False,96e11789903a2fa2b34a9873aea14040435ad01f1cfea83879b8eb9ad1bee7e5,96e11789903a2fa2b34a9873aea14040435ad01f1cfea83879b8eb9ad1bee7e5,320,240,augmented_v9
train/paper/augv9_paper_train_original_055.jpg,train,paper,0,original,paper/7be06600-0fbb-4b17-8aeb-dcd034dc0868.jpg,7be06600-0fbb-4b17-8aeb-dcd034dc0868,augmented_v9/paper/7be06600-0fbb-4b17-8aeb-dcd034dc0868,paper_cardboard_or_box,none,False,c8054641bce6620e45ad59b541c2dd8686ca6b0ebda2791e770939f77b08d4ba,c8054641bce6620e45ad59b541c2dd8686ca6b0ebda2791e770939f77b08d4ba,320,240,augmented_v9
train/paper/augv9_paper_train_original_056.jpg,train,paper,0,original,paper/7d9f459b-aa7e-4ef5-a915-7623d4076be2.jpg,7d9f459b-aa7e-4ef5-a915-7623d4076be2,augmented_v9/paper/7d9f459b-aa7e-4ef5-a915-7623d4076be2,paper_cardboard_or_box,none,False,0232a15cbb5ac3a07744dd0f85252d22c01d473c4aed5c44078ad79953df6421,0232a15cbb5ac3a07744dd0f85252d22c01d473c4aed5c44078ad79953df6421,320,240,augmented_v9
train/paper/augv9_paper_train_original_057.jpg,train,paper,0,original,paper/7e6a3c04-9698-4b46-9900-ae538812c20f.jpg,7e6a3c04-9698-4b46-9900-ae538812c20f,augmented_v9/paper/7e6a3c04-9698-4b46-9900-ae538812c20f,paper_crumpled_or_sheet,none,False,510a4d05479a9ac38df03e482877a3bca1cbdf1b0b3e0984aee6e4782e4a058c,510a4d05479a9ac38df03e482877a3bca1cbdf1b0b3e0984aee6e4782e4a058c,320,240,augmented_v9
train/paper/augv9_paper_train_original_058.jpg,train,paper,0,original,paper/7fbb9fe7-63df-4ebc-a4b3-2426cf548899.jpg,7fbb9fe7-63df-4ebc-a4b3-2426cf548899,augmented_v9/paper/7fbb9fe7-63df-4ebc-a4b3-2426cf548899,paper_cardboard_or_box,none,False,e4a3ee89ad8bcec7eadeac2cc76a2e43f83490601c8e454bb7ab8465e60a85eb,e4a3ee89ad8bcec7eadeac2cc76a2e43f83490601c8e454bb7ab8465e60a85eb,320,240,augmented_v9
train/paper/augv9_paper_train_original_059.jpg,train,paper,0,original,paper/84deb629-fad4-4945-abe6-cac9dcf726cc.jpg,84deb629-fad4-4945-abe6-cac9dcf726cc,augmented_v9/paper/84deb629-fad4-4945-abe6-cac9dcf726cc,paper_cardboard_or_box,none,False,962725e09652614943d3ef976886e4823934a0a7b4d3e8ce232ea0cd5b0a34cf,962725e09652614943d3ef976886e4823934a0a7b4d3e8ce232ea0cd5b0a34cf,320,240,augmented_v9
train/paper/augv9_paper_train_original_060.jpg,train,paper,0,original,paper/8641afbf-7b01-4fff-8666-9efb81b55e13.jpg,8641afbf-7b01-4fff-8666-9efb81b55e13,augmented_v9/paper/8641afbf-7b01-4fff-8666-9efb81b55e13,paper_crumpled_or_sheet,none,False,4cd1b50d515c28b1c0724454627aa03f1a7b1a7c637a1f697de1faf7862eb464,4cd1b50d515c28b1c0724454627aa03f1a7b1a7c637a1f697de1faf7862eb464,320,240,augmented_v9
train/paper/augv9_paper_train_original_061.jpg,train,paper,0,original,paper/8686cc84-b144-470d-bf9c-672b674e9a20.jpg,8686cc84-b144-470d-bf9c-672b674e9a20,augmented_v9/paper/8686cc84-b144-470d-bf9c-672b674e9a20,paper_crumpled_or_sheet,none,False,4895e9b68419e22e3e704a61277add470367b91d5e2ac958df2eecc3ab5dbdde,4895e9b68419e22e3e704a61277add470367b91d5e2ac958df2eecc3ab5dbdde,320,240,augmented_v9
train/paper/augv9_paper_train_original_062.jpg,train,paper,0,original,paper/8efab3bb-3881-4cae-851d-65e14cfa0d47.jpg,8efab3bb-3881-4cae-851d-65e14cfa0d47,augmented_v9/paper/8efab3bb-3881-4cae-851d-65e14cfa0d47,paper_crumpled_or_sheet,none,False,51272ab4e05be56f6b24e832285b426f7605dc5829f3b3b90095582a4b215d28,51272ab4e05be56f6b24e832285b426f7605dc5829f3b3b90095582a4b215d28,320,240,augmented_v9
train/paper/augv9_paper_train_original_063.jpg,train,paper,0,original,paper/8f908485-4c7d-4a00-8ed8-c0b9dfa31430.jpg,8f908485-4c7d-4a00-8ed8-c0b9dfa31430,augmented_v9/paper/8f908485-4c7d-4a00-8ed8-c0b9dfa31430,paper_crumpled_or_sheet,none,False,be6ced7e3be6505f0d516f42194918d519f5093c1efc9f2ec766da138b9c9855,be6ced7e3be6505f0d516f42194918d519f5093c1efc9f2ec766da138b9c9855,320,240,augmented_v9
train/paper/augv9_paper_train_original_064.jpg,train,paper,0,original,paper/904f6d8a-b900-435d-8820-a9170cf3932f.jpg,904f6d8a-b900-435d-8820-a9170cf3932f,augmented_v9/paper/904f6d8a-b900-435d-8820-a9170cf3932f,paper_crumpled_or_sheet,none,False,4c64de55b5b2e8f552b62b4b847093f3a2a831fbe59e3eb3f971ce52d65a5bab,4c64de55b5b2e8f552b62b4b847093f3a2a831fbe59e3eb3f971ce52d65a5bab,320,240,augmented_v9
train/paper/augv9_paper_train_original_065.jpg,train,paper,0,original,paper/9367b7f0-bf66-4487-8fec-22ae681fb1d5.jpg,9367b7f0-bf66-4487-8fec-22ae681fb1d5,augmented_v9/paper/9367b7f0-bf66-4487-8fec-22ae681fb1d5,paper_cardboard_or_box,none,False,fb332445f055cfeb395a3a31a3ad4a354f8df5c0d61abdff8e3cdd069f738bdc,fb332445f055cfeb395a3a31a3ad4a354f8df5c0d61abdff8e3cdd069f738bdc,320,240,augmented_v9
train/paper/augv9_paper_train_original_066.jpg,train,paper,0,original,paper/98c24a84-9234-4e56-a602-f424b604edb3.jpg,98c24a84-9234-4e56-a602-f424b604edb3,augmented_v9/paper/98c24a84-9234-4e56-a602-f424b604edb3,paper_crumpled_or_sheet,none,False,726cfd7452c8ede295b248b79ec48a998d69b806cc9edabfba00530017d60cc9,726cfd7452c8ede295b248b79ec48a998d69b806cc9edabfba00530017d60cc9,320,240,augmented_v9
train/paper/augv9_paper_train_original_067.jpg,train,paper,0,original,paper/99be9226-a986-4a1b-a68c-4faa0d476a0e.jpg,99be9226-a986-4a1b-a68c-4faa0d476a0e,augmented_v9/paper/99be9226-a986-4a1b-a68c-4faa0d476a0e,paper_cardboard_or_box,none,False,8150610c16975312b46c74ccc8262a16c5ce4bfd2f4705767ddeb73aefb59ad7,8150610c16975312b46c74ccc8262a16c5ce4bfd2f4705767ddeb73aefb59ad7,320,240,augmented_v9
train/paper/augv9_paper_train_original_068.jpg,train,paper,0,original,paper/9be5a8d8-61db-4ac1-bcdc-d8d146f806ed.jpg,9be5a8d8-61db-4ac1-bcdc-d8d146f806ed,augmented_v9/paper/9be5a8d8-61db-4ac1-bcdc-d8d146f806ed,paper_crumpled_or_sheet,none,False,405a56f45feeab72865884c7fa9baf495ac795b5b7f559da4bfac3827e892a30,405a56f45feeab72865884c7fa9baf495ac795b5b7f559da4bfac3827e892a30,320,240,augmented_v9
train/paper/augv9_paper_train_original_069.jpg,train,paper,0,original,paper/9c43d53d-6e50-4f02-9c08-cf2342898dc0.jpg,9c43d53d-6e50-4f02-9c08-cf2342898dc0,augmented_v9/paper/9c43d53d-6e50-4f02-9c08-cf2342898dc0,paper_cardboard_or_box,none,False,f0433c536c21f609855af413d3e9074788d1e166bd28a7cbd99492c87fa9506d,f0433c536c21f609855af413d3e9074788d1e166bd28a7cbd99492c87fa9506d,320,240,augmented_v9
train/paper/augv9_paper_train_original_070.jpg,train,paper,0,original,paper/9d205c38-ac1a-4fb1-8113-ae94ac91dccf.jpg,9d205c38-ac1a-4fb1-8113-ae94ac91dccf,augmented_v9/paper/9d205c38-ac1a-4fb1-8113-ae94ac91dccf,paper_cardboard_or_box,none,False,bdf2d1cb3f81ec39791e46eb3125ce2a9deb4b2852dcabd7b06e4f77802e5521,bdf2d1cb3f81ec39791e46eb3125ce2a9deb4b2852dcabd7b06e4f77802e5521,320,240,augmented_v9
train/paper/augv9_paper_train_original_071.jpg,train,paper,0,original,paper/a1259918-a359-49bd-851a-d3bfb821a634.jpg,a1259918-a359-49bd-851a-d3bfb821a634,augmented_v9/paper/a1259918-a359-49bd-851a-d3bfb821a634,paper_crumpled_or_sheet,none,False,55acfa2b24a8cb843ac613c36be8d46eb9d6c2d79788551a5cae1c2c2b3f588e,55acfa2b24a8cb843ac613c36be8d46eb9d6c2d79788551a5cae1c2c2b3f588e,320,240,augmented_v9
train/paper/augv9_paper_train_original_072.jpg,train,paper,0,original,paper/a21d2a52-81d7-4884-8534-7ae17ed4149f.jpg,a21d2a52-81d7-4884-8534-7ae17ed4149f,augmented_v9/paper/a21d2a52-81d7-4884-8534-7ae17ed4149f,paper_cardboard_or_box,none,False,9aafc679f1244c652f8bde050732a6240c486fa29dbd825e1347292078e2b1f7,9aafc679f1244c652f8bde050732a6240c486fa29dbd825e1347292078e2b1f7,320,240,augmented_v9
train/paper/augv9_paper_train_original_073.jpg,train,paper,0,original,paper/a31abf1a-1ba2-4e7f-8df4-23564c4bf558.jpg,a31abf1a-1ba2-4e7f-8df4-23564c4bf558,augmented_v9/paper/a31abf1a-1ba2-4e7f-8df4-23564c4bf558,paper_cardboard_or_box,none,False,2dd50120fe67dd11a1cd2fdf775cf289d67be2f31f2715cce765841e712aa4a5,2dd50120fe67dd11a1cd2fdf775cf289d67be2f31f2715cce765841e712aa4a5,320,240,augmented_v9
train/paper/augv9_paper_train_original_074.jpg,train,paper,0,original,paper/a59c2028-effa-4308-8b86-5b38c8a2afa6.jpg,a59c2028-effa-4308-8b86-5b38c8a2afa6,augmented_v9/paper/a59c2028-effa-4308-8b86-5b38c8a2afa6,paper_crumpled_or_sheet,none,False,396b4581cba8e636daa403be7697c6e422c3666ac15ade84da5fbd1c8f59ba2f,396b4581cba8e636daa403be7697c6e422c3666ac15ade84da5fbd1c8f59ba2f,320,240,augmented_v9
train/paper/augv9_paper_train_original_075.jpg,train,paper,0,original,paper/a6b7fe8e-ee2b-47be-8b44-e13baed2adf6.jpg,a6b7fe8e-ee2b-47be-8b44-e13baed2adf6,augmented_v9/paper/a6b7fe8e-ee2b-47be-8b44-e13baed2adf6,paper_crumpled_or_sheet,none,False,2a53b937014289f37a66ec0f5ef6003650296ca47b7f4039956d525f04a60c85,2a53b937014289f37a66ec0f5ef6003650296ca47b7f4039956d525f04a60c85,320,240,augmented_v9
train/paper/augv9_paper_train_original_076.jpg,train,paper,0,original,paper/af7d875b-c7cf-411c-bed7-8261a4d346e8.jpg,af7d875b-c7cf-411c-bed7-8261a4d346e8,augmented_v9/paper/af7d875b-c7cf-411c-bed7-8261a4d346e8,paper_crumpled_or_sheet,none,False,0cdf5d265d9c8e1ff6a593501c7e8173c9b1755ab71e4590a5552a4016da4f0c,0cdf5d265d9c8e1ff6a593501c7e8173c9b1755ab71e4590a5552a4016da4f0c,320,240,augmented_v9
train/paper/augv9_paper_train_original_077.jpg,train,paper,0,original,paper/b02c7af6-3c13-4a11-84db-a3bd2761ce08.jpg,b02c7af6-3c13-4a11-84db-a3bd2761ce08,augmented_v9/paper/b02c7af6-3c13-4a11-84db-a3bd2761ce08,paper_cardboard_or_box,none,False,68d6615d627a2f41de1fa8f87e7c510dab7d798cd04dc007474d3ee254145cda,68d6615d627a2f41de1fa8f87e7c510dab7d798cd04dc007474d3ee254145cda,320,240,augmented_v9
train/paper/augv9_paper_train_original_078.jpg,train,paper,0,original,paper/b0fa030b-a9f0-4df8-b236-212c1e8dcaa5.jpg,b0fa030b-a9f0-4df8-b236-212c1e8dcaa5,augmented_v9/paper/b0fa030b-a9f0-4df8-b236-212c1e8dcaa5,paper_crumpled_or_sheet,none,False,7b762af51378f9613b70e59d831c8659ed21769bb7f90caafa957cd0a6913fdc,7b762af51378f9613b70e59d831c8659ed21769bb7f90caafa957cd0a6913fdc,320,240,augmented_v9
train/paper/augv9_paper_train_original_079.jpg,train,paper,0,original,paper/b22bb84d-1cf7-46ad-b4d0-22cdf10d932d.jpg,b22bb84d-1cf7-46ad-b4d0-22cdf10d932d,augmented_v9/paper/b22bb84d-1cf7-46ad-b4d0-22cdf10d932d,paper_crumpled_or_sheet,none,False,44043d8cb9c9a6ecbdad2f9a3ce94c2aad7d4076faa5f69eb449051cf682b54c,44043d8cb9c9a6ecbdad2f9a3ce94c2aad7d4076faa5f69eb449051cf682b54c,320,240,augmented_v9
train/paper/augv9_paper_train_original_080.jpg,train,paper,0,original,paper/b2d6358d-5b99-4e7e-be98-5a3f92c8310d.jpg,b2d6358d-5b99-4e7e-be98-5a3f92c8310d,augmented_v9/paper/b2d6358d-5b99-4e7e-be98-5a3f92c8310d,paper_crumpled_or_sheet,none,False,1b3eca66eed90ee6764934c6d84fda1cfde0f11bd9756510dc44c08f595303da,1b3eca66eed90ee6764934c6d84fda1cfde0f11bd9756510dc44c08f595303da,320,240,augmented_v9
train/paper/augv9_paper_train_original_081.jpg,train,paper,0,original,paper/b4fe11ce-1020-4f3c-a792-3853c122c0b8.jpg,b4fe11ce-1020-4f3c-a792-3853c122c0b8,augmented_v9/paper/b4fe11ce-1020-4f3c-a792-3853c122c0b8,paper_cardboard_or_box,none,False,7e9e46643dbf0a6c03b37a2557835bbe6b5d70877a2ef867d79668ff6e3b153d,7e9e46643dbf0a6c03b37a2557835bbe6b5d70877a2ef867d79668ff6e3b153d,320,240,augmented_v9
train/paper/augv9_paper_train_original_082.jpg,train,paper,0,original,paper/b7bcf8af-23dd-4ab6-bc66-3e33db394217.jpg,b7bcf8af-23dd-4ab6-bc66-3e33db394217,augmented_v9/paper/b7bcf8af-23dd-4ab6-bc66-3e33db394217,paper_crumpled_or_sheet,none,False,8f7abf502596db9b432349dd65599774d1aab5b5be1e3002e4f6a4e4d6cdde64,8f7abf502596db9b432349dd65599774d1aab5b5be1e3002e4f6a4e4d6cdde64,320,240,augmented_v9
train/paper/augv9_paper_train_original_083.jpg,train,paper,0,original,paper/b80189b8-83b3-4f8b-9191-3abd9093a1b4.jpg,b80189b8-83b3-4f8b-9191-3abd9093a1b4,augmented_v9/paper/b80189b8-83b3-4f8b-9191-3abd9093a1b4,paper_crumpled_or_sheet,none,False,99a1e6b85e83d84373820a1588f557f30e630ba76c64b39c3854cc537921f5ef,99a1e6b85e83d84373820a1588f557f30e630ba76c64b39c3854cc537921f5ef,320,240,augmented_v9
train/paper/augv9_paper_train_original_084.jpg,train,paper,0,original,paper/b83e7b12-2e7f-4908-9152-236192a86184.jpg,b83e7b12-2e7f-4908-9152-236192a86184,augmented_v9/paper/b83e7b12-2e7f-4908-9152-236192a86184,paper_cardboard_or_box,none,False,500e6fd4fc4ec76bc3f43e8ad7dfe7bb461ff8a7784971bea36e2dc5e4eb6842,500e6fd4fc4ec76bc3f43e8ad7dfe7bb461ff8a7784971bea36e2dc5e4eb6842,320,240,augmented_v9
train/paper/augv9_paper_train_original_085.jpg,train,paper,0,original,paper/baa362a3-05f3-4d6c-a1d3-6aac7e049b1f.jpg,baa362a3-05f3-4d6c-a1d3-6aac7e049b1f,augmented_v9/paper/baa362a3-05f3-4d6c-a1d3-6aac7e049b1f,paper_crumpled_or_sheet,none,False,356913cad7415a1560312ba93617e14af82f41ae4f5699320d706d67aad6c358,356913cad7415a1560312ba93617e14af82f41ae4f5699320d706d67aad6c358,320,240,augmented_v9
train/paper/augv9_paper_train_original_086.jpg,train,paper,0,original,paper/bbbbbe07-2e49-4753-a7b7-ace87482c456.jpg,bbbbbe07-2e49-4753-a7b7-ace87482c456,augmented_v9/paper/bbbbbe07-2e49-4753-a7b7-ace87482c456,paper_crumpled_or_sheet,none,False,bbce33c9ac93d0ed1731c519ef8d4c81aef4949194fc27fceccf8f236c453362,bbce33c9ac93d0ed1731c519ef8d4c81aef4949194fc27fceccf8f236c453362,320,240,augmented_v9
train/paper/augv9_paper_train_original_087.jpg,train,paper,0,original,paper/bd213f5c-1bd0-4b81-9217-d54f0b51c050.jpg,bd213f5c-1bd0-4b81-9217-d54f0b51c050,augmented_v9/paper/bd213f5c-1bd0-4b81-9217-d54f0b51c050,paper_cardboard_or_box,none,False,7d2d9f835d0b78fb9af77a12f70861c253583439fa21d9ca2619996307c15985,7d2d9f835d0b78fb9af77a12f70861c253583439fa21d9ca2619996307c15985,320,240,augmented_v9
train/paper/augv9_paper_train_original_088.jpg,train,paper,0,original,paper/be40c2d7-39ff-44d4-8621-7c5b01b2fee9.jpg,be40c2d7-39ff-44d4-8621-7c5b01b2fee9,augmented_v9/paper/be40c2d7-39ff-44d4-8621-7c5b01b2fee9,paper_crumpled_or_sheet,none,False,49a13de23e4962c13922123c6df06b7d476d58b9483ad2d81c05292c9bd2aa29,49a13de23e4962c13922123c6df06b7d476d58b9483ad2d81c05292c9bd2aa29,320,240,augmented_v9
train/paper/augv9_paper_train_original_089.jpg,train,paper,0,original,paper/c07ec094-d5b7-478c-9164-b04fe0897de0.jpg,c07ec094-d5b7-478c-9164-b04fe0897de0,augmented_v9/paper/c07ec094-d5b7-478c-9164-b04fe0897de0,paper_crumpled_or_sheet,none,False,c51758f3ded8cefe89ce87a6c0da6ffb93ec5f694394ed9d4d0956a4a7a11073,c51758f3ded8cefe89ce87a6c0da6ffb93ec5f694394ed9d4d0956a4a7a11073,320,240,augmented_v9
train/paper/augv9_paper_train_original_090.jpg,train,paper,0,original,paper/c55e2c3b-5857-4090-b51b-a02080526a51.jpg,c55e2c3b-5857-4090-b51b-a02080526a51,augmented_v9/paper/c55e2c3b-5857-4090-b51b-a02080526a51,paper_cardboard_or_box,none,False,51187062312723acd4d00f63ea771144a7c4cf5138bac7d36272ac121fcc9e2b,51187062312723acd4d00f63ea771144a7c4cf5138bac7d36272ac121fcc9e2b,320,240,augmented_v9
train/paper/augv9_paper_train_original_091.jpg,train,paper,0,original,paper/c6a15a9a-bd2b-4cbb-bd8a-57640244d3b7.jpg,c6a15a9a-bd2b-4cbb-bd8a-57640244d3b7,augmented_v9/paper/c6a15a9a-bd2b-4cbb-bd8a-57640244d3b7,paper_crumpled_or_sheet,none,False,501c95bca3c9fd5f91200fbfa0b9121891acc2c54c4ec03bdce4b4b5acc0492b,501c95bca3c9fd5f91200fbfa0b9121891acc2c54c4ec03bdce4b4b5acc0492b,320,240,augmented_v9
train/paper/augv9_paper_train_original_092.jpg,train,paper,0,original,paper/caa69a0d-25ae-488b-9664-e7dee488add4.jpg,caa69a0d-25ae-488b-9664-e7dee488add4,augmented_v9/paper/caa69a0d-25ae-488b-9664-e7dee488add4,paper_crumpled_or_sheet,none,False,5dbd10660b39ee0732d0d31ce7960ea53ccd47b76de0797cb139e665302e5f37,5dbd10660b39ee0732d0d31ce7960ea53ccd47b76de0797cb139e665302e5f37,320,240,augmented_v9
train/paper/augv9_paper_train_original_093.jpg,train,paper,0,original,paper/cc4ab3bf-2d21-4d39-a432-5c15515bfb7f.jpg,cc4ab3bf-2d21-4d39-a432-5c15515bfb7f,augmented_v9/paper/cc4ab3bf-2d21-4d39-a432-5c15515bfb7f,paper_cardboard_or_box,none,False,ab8e898e85522b7111be65073d885c6ec2e1991465173398c00984d310c9d7d6,ab8e898e85522b7111be65073d885c6ec2e1991465173398c00984d310c9d7d6,320,240,augmented_v9
train/paper/augv9_paper_train_original_094.jpg,train,paper,0,original,paper/cfa0bc8c-16da-40c7-9941-4edf0c62076b.jpg,cfa0bc8c-16da-40c7-9941-4edf0c62076b,augmented_v9/paper/cfa0bc8c-16da-40c7-9941-4edf0c62076b,paper_cardboard_or_box,none,False,7d3577d0939875bfa231a3dcf35dc3bb9c2801c02c8faa80cab02b7e8cdbb9fa,7d3577d0939875bfa231a3dcf35dc3bb9c2801c02c8faa80cab02b7e8cdbb9fa,320,240,augmented_v9
train/paper/augv9_paper_train_original_095.jpg,train,paper,0,original,paper/d4f5f8f8-8660-40a6-9a71-20afae2c17b5.jpg,d4f5f8f8-8660-40a6-9a71-20afae2c17b5,augmented_v9/paper/d4f5f8f8-8660-40a6-9a71-20afae2c17b5,paper_cardboard_or_box,none,False,0cc6bdec23ef20666fa7390af8c3d084336aa6da3a69010473101e4ed26820ee,0cc6bdec23ef20666fa7390af8c3d084336aa6da3a69010473101e4ed26820ee,320,240,augmented_v9
train/paper/augv9_paper_train_original_096.jpg,train,paper,0,original,paper/dec328cf-2c34-4f85-8b98-7ce685f993b1.jpg,dec328cf-2c34-4f85-8b98-7ce685f993b1,augmented_v9/paper/dec328cf-2c34-4f85-8b98-7ce685f993b1,paper_cardboard_or_box,none,False,9a25650cd3889d53e5922b9cec8d06bed52c42cb5ad0c3e287fa976b1a65f0c7,9a25650cd3889d53e5922b9cec8d06bed52c42cb5ad0c3e287fa976b1a65f0c7,320,240,augmented_v9
train/paper/augv9_paper_train_original_097.jpg,train,paper,0,original,paper/e0e3ac9f-1dac-46a9-8732-42aefebdc35d.jpg,e0e3ac9f-1dac-46a9-8732-42aefebdc35d,augmented_v9/paper/e0e3ac9f-1dac-46a9-8732-42aefebdc35d,paper_cardboard_or_box,none,False,4c5d3fdc2bf9f126231c2957e8fda9f9858acd2e641e064a81551f4bcdab2b9a,4c5d3fdc2bf9f126231c2957e8fda9f9858acd2e641e064a81551f4bcdab2b9a,320,240,augmented_v9
train/paper/augv9_paper_train_original_098.jpg,train,paper,0,original,paper/e10977ee-9ada-43cf-9ee8-b896085d36ac.jpg,e10977ee-9ada-43cf-9ee8-b896085d36ac,augmented_v9/paper/e10977ee-9ada-43cf-9ee8-b896085d36ac,paper_cardboard_or_box,none,False,e66439a1c96b7913a16a4df8a1d287f979cc1c3ba83dbb1b6c2a4ba3bcc16165,e66439a1c96b7913a16a4df8a1d287f979cc1c3ba83dbb1b6c2a4ba3bcc16165,320,240,augmented_v9
train/paper/augv9_paper_train_original_099.jpg,train,paper,0,original,paper/e430b787-a041-4620-be64-a0acccccd227.jpg,e430b787-a041-4620-be64-a0acccccd227,augmented_v9/paper/e430b787-a041-4620-be64-a0acccccd227,paper_cardboard_or_box,none,False,44ff176590cec772e7e0346b2d24f05b15c02a5f5aa3ff032f8954b380e48326,44ff176590cec772e7e0346b2d24f05b15c02a5f5aa3ff032f8954b380e48326,320,240,augmented_v9
train/paper/augv9_paper_train_original_100.jpg,train,paper,0,original,paper/e49dbf71-1c4c-4432-8f77-620e2b66e873.jpg,e49dbf71-1c4c-4432-8f77-620e2b66e873,augmented_v9/paper/e49dbf71-1c4c-4432-8f77-620e2b66e873,paper_crumpled_or_sheet,none,False,c0d770c6129f05a747adee2c4f40da09d9e04bb1b8a659f33c9ebe494b510eb1,c0d770c6129f05a747adee2c4f40da09d9e04bb1b8a659f33c9ebe494b510eb1,320,240,augmented_v9
train/paper/augv9_paper_train_original_101.jpg,train,paper,0,original,paper/e8c93367-7b40-42e5-926a-f8832a6589e5.jpg,e8c93367-7b40-42e5-926a-f8832a6589e5,augmented_v9/paper/e8c93367-7b40-42e5-926a-f8832a6589e5,paper_crumpled_or_sheet,none,False,256c0a18fcc7a7038ab46ed2ea26860bb2be5de08717135ffff7fce039c7fc4c,256c0a18fcc7a7038ab46ed2ea26860bb2be5de08717135ffff7fce039c7fc4c,320,240,augmented_v9
train/paper/augv9_paper_train_original_102.jpg,train,paper,0,original,paper/e91fd5f8-66e2-4abb-ae22-d909158c112f.jpg,e91fd5f8-66e2-4abb-ae22-d909158c112f,augmented_v9/paper/e91fd5f8-66e2-4abb-ae22-d909158c112f,paper_cardboard_or_box,none,False,dada3c4bb2800aada60e45f2145b8a3179faabeaf36bf81de2d7bada993c054d,dada3c4bb2800aada60e45f2145b8a3179faabeaf36bf81de2d7bada993c054d,320,240,augmented_v9
train/paper/augv9_paper_train_original_103.jpg,train,paper,0,original,paper/e9dd6578-4b15-4a72-9c0a-32e66b6ba58e.jpg,e9dd6578-4b15-4a72-9c0a-32e66b6ba58e,augmented_v9/paper/e9dd6578-4b15-4a72-9c0a-32e66b6ba58e,paper_crumpled_or_sheet,none,False,93bc200bfeffef320f9ebe3a7bd70ecb1114c0ab999a3715b19a828a228573b6,93bc200bfeffef320f9ebe3a7bd70ecb1114c0ab999a3715b19a828a228573b6,320,240,augmented_v9
train/paper/augv9_paper_train_original_104.jpg,train,paper,0,original,paper/eb675384-3315-40da-a4cb-a2f9332bba69.jpg,eb675384-3315-40da-a4cb-a2f9332bba69,augmented_v9/paper/eb675384-3315-40da-a4cb-a2f9332bba69,paper_cardboard_or_box,none,False,e09ac6ec5007f2609e5b2916ff503f1a438096b2cb6ba552b192aa3791120175,e09ac6ec5007f2609e5b2916ff503f1a438096b2cb6ba552b192aa3791120175,320,240,augmented_v9
train/paper/augv9_paper_train_original_105.jpg,train,paper,0,original,paper/ecb21d6d-d87b-4bd3-867f-9e690dabc8c3.jpg,ecb21d6d-d87b-4bd3-867f-9e690dabc8c3,augmented_v9/paper/ecb21d6d-d87b-4bd3-867f-9e690dabc8c3,paper_cardboard_or_box,none,False,500c89420ad74568706f5d176f23d645a5e6c49ce7f1e49f35197e79cbee3f16,500c89420ad74568706f5d176f23d645a5e6c49ce7f1e49f35197e79cbee3f16,320,240,augmented_v9
train/paper/augv9_paper_train_original_106.jpg,train,paper,0,original,paper/ed01d071-f456-4531-b89e-393ff9d48030.jpg,ed01d071-f456-4531-b89e-393ff9d48030,augmented_v9/paper/ed01d071-f456-4531-b89e-393ff9d48030,paper_cardboard_or_box,none,False,1ede2274f2c225b00236c8848a02fe6c88f0a6a88ffd906487cf21334a161a0f,1ede2274f2c225b00236c8848a02fe6c88f0a6a88ffd906487cf21334a161a0f,320,240,augmented_v9
train/paper/augv9_paper_train_original_107.jpg,train,paper,0,original,paper/edea9fa3-acb3-40d5-9eaf-6473bcdf41b2.jpg,edea9fa3-acb3-40d5-9eaf-6473bcdf41b2,augmented_v9/paper/edea9fa3-acb3-40d5-9eaf-6473bcdf41b2,paper_crumpled_or_sheet,none,False,e07d2fcf3df7a5ada243069d669b03bca09af2428aff313cfead324504cd9a93,e07d2fcf3df7a5ada243069d669b03bca09af2428aff313cfead324504cd9a93,320,240,augmented_v9
train/paper/augv9_paper_train_original_108.jpg,train,paper,0,original,paper/eeb59ade-372f-428d-bf0f-a1a47c3180ae.jpg,eeb59ade-372f-428d-bf0f-a1a47c3180ae,augmented_v9/paper/eeb59ade-372f-428d-bf0f-a1a47c3180ae,paper_crumpled_or_sheet,none,False,1c7c05ddb965b97c78480bde56ac7a1cb31058643d96b67bc966681486ec71e5,1c7c05ddb965b97c78480bde56ac7a1cb31058643d96b67bc966681486ec71e5,320,240,augmented_v9
train/paper/augv9_paper_train_original_109.jpg,train,paper,0,original,paper/f027ccf5-ade4-49ef-8fc1-1ece900c0cd1.jpg,f027ccf5-ade4-49ef-8fc1-1ece900c0cd1,augmented_v9/paper/f027ccf5-ade4-49ef-8fc1-1ece900c0cd1,paper_crumpled_or_sheet,none,False,7f9805037d3b3ae5149fd550f49bb04c8ab38bd5baa70fedfc24e1085eaf8c28,7f9805037d3b3ae5149fd550f49bb04c8ab38bd5baa70fedfc24e1085eaf8c28,320,240,augmented_v9
train/paper/augv9_paper_train_original_110.jpg,train,paper,0,original,paper/f0fc7621-4861-4e0f-a6e5-78982f4e4d6c.jpg,f0fc7621-4861-4e0f-a6e5-78982f4e4d6c,augmented_v9/paper/f0fc7621-4861-4e0f-a6e5-78982f4e4d6c,paper_crumpled_or_sheet,none,False,f60969861f106de54626b4800bcf18a2434e6b2a5b54eb5d74b8e2e77cfceefb,f60969861f106de54626b4800bcf18a2434e6b2a5b54eb5d74b8e2e77cfceefb,320,240,augmented_v9
train/paper/augv9_paper_train_original_111.jpg,train,paper,0,original,paper/f2513e44-5d15-42bb-aae5-5e19d866d0e5.jpg,f2513e44-5d15-42bb-aae5-5e19d866d0e5,augmented_v9/paper/f2513e44-5d15-42bb-aae5-5e19d866d0e5,paper_crumpled_or_sheet,none,False,ba1bf55b92646f80f2bab16b9a1d1a813872f1a18fd0216f20342f2507a319cf,ba1bf55b92646f80f2bab16b9a1d1a813872f1a18fd0216f20342f2507a319cf,320,240,augmented_v9
train/paper/augv9_paper_train_original_112.jpg,train,paper,0,original,paper/f3f964a3-065a-4b82-8a45-9eefc18b845e.jpg,f3f964a3-065a-4b82-8a45-9eefc18b845e,augmented_v9/paper/f3f964a3-065a-4b82-8a45-9eefc18b845e,paper_crumpled_or_sheet,none,False,f8b517e8c32cb26fca536feb677e1febb82972dee29829adb983b4452ac38ca5,f8b517e8c32cb26fca536feb677e1febb82972dee29829adb983b4452ac38ca5,320,240,augmented_v9
train/paper/augv9_paper_train_original_113.jpg,train,paper,0,original,paper/f6b07b56-00b3-4c43-b16d-6d35d7a759b5.jpg,f6b07b56-00b3-4c43-b16d-6d35d7a759b5,augmented_v9/paper/f6b07b56-00b3-4c43-b16d-6d35d7a759b5,paper_crumpled_or_sheet,none,False,4f2ea4ca08220b6647e9db79c6ecaf17008ac7c17c45809e4e5d63831a8901ce,4f2ea4ca08220b6647e9db79c6ecaf17008ac7c17c45809e4e5d63831a8901ce,320,240,augmented_v9
train/paper/augv9_paper_train_original_114.jpg,train,paper,0,original,paper/f80a1882-d4a1-4141-9d28-41c94cba8bc2.jpg,f80a1882-d4a1-4141-9d28-41c94cba8bc2,augmented_v9/paper/f80a1882-d4a1-4141-9d28-41c94cba8bc2,paper_cardboard_or_box,none,False,b59b04e00247f8065edc8a69b23e4c218ea77c49031b496e74a82339e49fa6d4,b59b04e00247f8065edc8a69b23e4c218ea77c49031b496e74a82339e49fa6d4,320,240,augmented_v9
train/paper/augv9_paper_train_original_115.jpg,train,paper,0,original,paper/f890c3ed-70be-433f-b8a8-249345c6fa72.jpg,f890c3ed-70be-433f-b8a8-249345c6fa72,augmented_v9/paper/f890c3ed-70be-433f-b8a8-249345c6fa72,paper_crumpled_or_sheet,none,False,9bedffe398377203e5a50a62bc445d44006d4f52cca53a5514d8e7187e75eced,9bedffe398377203e5a50a62bc445d44006d4f52cca53a5514d8e7187e75eced,320,240,augmented_v9
train/paper/augv9_paper_train_original_116.jpg,train,paper,0,original,paper/fc87e31a-5aff-44b9-9d8c-453e19120835.jpg,fc87e31a-5aff-44b9-9d8c-453e19120835,augmented_v9/paper/fc87e31a-5aff-44b9-9d8c-453e19120835,paper_crumpled_or_sheet,none,False,eda45a2e9c1822a9cb0f53bab6770612fff273381e00c8e480bc41effc922dbb,eda45a2e9c1822a9cb0f53bab6770612fff273381e00c8e480bc41effc922dbb,320,240,augmented_v9
train/paper/augv9_paper_train_original_117.jpg,train,paper,0,original,paper/fcb840f7-bd50-486f-b397-703b44bb5441.jpg,fcb840f7-bd50-486f-b397-703b44bb5441,augmented_v9/paper/fcb840f7-bd50-486f-b397-703b44bb5441,paper_crumpled_or_sheet,none,False,5503a363fe91cc3081fe747cc03b3aee4cfb963ba160c2d3b5957008bcf9bc20,5503a363fe91cc3081fe747cc03b3aee4cfb963ba160c2d3b5957008bcf9bc20,320,240,augmented_v9
train/paper/augv9_paper_train_original_118.jpg,train,paper,0,original,paper/fcd246df-8539-424d-b417-36c64d269d89.jpg,fcd246df-8539-424d-b417-36c64d269d89,augmented_v9/paper/fcd246df-8539-424d-b417-36c64d269d89,paper_cardboard_or_box,none,False,53d684bb643923a9218428d6882baf03575c15005b3f51a047379ddd27871e0a,53d684bb643923a9218428d6882baf03575c15005b3f51a047379ddd27871e0a,320,240,augmented_v9
train/paper/augv9_paper_train_original_119.jpg,train,paper,0,original,paper/fd4ef339-4664-448f-a422-25b9f11c3cc7.jpg,fd4ef339-4664-448f-a422-25b9f11c3cc7,augmented_v9/paper/fd4ef339-4664-448f-a422-25b9f11c3cc7,paper_cardboard_or_box,none,False,bb10af9f69c38e51f48ab98879307d6fe56e2595ac05b4bfae0006a7ffdfbe40,bb10af9f69c38e51f48ab98879307d6fe56e2595ac05b4bfae0006a7ffdfbe40,320,240,augmented_v9
train/paper/augv9_paper_train_original_120.jpg,train,paper,0,original,paper/fdc7606e-699d-4b1b-bda0-d468c1afabab.jpg,fdc7606e-699d-4b1b-bda0-d468c1afabab,augmented_v9/paper/fdc7606e-699d-4b1b-bda0-d468c1afabab,paper_cardboard_or_box,none,False,deb7607bf97d64235fbfad81853755fb381a19e799c295964ea699238e6daa5b,deb7607bf97d64235fbfad81853755fb381a19e799c295964ea699238e6daa5b,320,240,augmented_v9
train/paper/augv9_paper_train_original_121.jpg,train,paper,0,original,paper/fe292d4a-8a27-47e1-b617-11421758474e.jpg,fe292d4a-8a27-47e1-b617-11421758474e,augmented_v9/paper/fe292d4a-8a27-47e1-b617-11421758474e,paper_crumpled_or_sheet,none,False,c9b712a2b6c28af43b4fa9b0d35230d2454fb7befca049fbfd90da28beeefa49,c9b712a2b6c28af43b4fa9b0d35230d2454fb7befca049fbfd90da28beeefa49,320,240,augmented_v9
train/paper/augv9_paper_train_original_122.jpg,train,paper,0,original,paper/fe45d128-a7df-47cf-96cc-fbe51ea6ccfe.jpg,fe45d128-a7df-47cf-96cc-fbe51ea6ccfe,augmented_v9/paper/fe45d128-a7df-47cf-96cc-fbe51ea6ccfe,paper_crumpled_or_sheet,none,False,0c5ca2ffe538b7ac7fe585c6122d83dec119b8a036562e7c269ec8b39bb5f125,0c5ca2ffe538b7ac7fe585c6122d83dec119b8a036562e7c269ec8b39bb5f125,320,240,augmented_v9
train/paper/augv9_paper_train_original_123.jpg,train,paper,0,original,paper/fe8b5593-461d-4af0-8f64-651ee922c975.jpg,fe8b5593-461d-4af0-8f64-651ee922c975,augmented_v9/paper/fe8b5593-461d-4af0-8f64-651ee922c975,paper_cardboard_or_box,none,False,541140e8113a624703dd6dfe930e8263a6c3177a09df1a5c13b5b9a3a57cbd3f,541140e8113a624703dd6dfe930e8263a6c3177a09df1a5c13b5b9a3a57cbd3f,320,240,augmented_v9
train/paper/paper_train_existing_aug_001.jpg,train,paper,0,existing_augmentation,train/paper/paper_005__aug_v2_01.jpg,paper_005__aug_v2_01,prepared_v9/paper/paper_005,paper_legacy_varied_pose,,False,b123b697449e15c5ff9c9cb3385a48b2639acb7b8841ea81432e8dfcd0a708de,b123b697449e15c5ff9c9cb3385a48b2639acb7b8841ea81432e8dfcd0a708de,320,240,prepared_v9
train/paper/paper_train_existing_aug_002.jpg,train,paper,0,existing_augmentation,train/paper/paper_005__aug_v2_02.jpg,paper_005__aug_v2_02,prepared_v9/paper/paper_005,paper_legacy_varied_pose,,False,0d0faedc3bfa880d3da28a3ac7d392b9510cdba0a29c660b4b25f54770489c10,0d0faedc3bfa880d3da28a3ac7d392b9510cdba0a29c660b4b25f54770489c10,320,240,prepared_v9
train/paper/paper_train_existing_aug_003.jpg,train,paper,0,existing_augmentation,train/paper/paper_005__aug_v2_03.jpg,paper_005__aug_v2_03,prepared_v9/paper/paper_005,paper_legacy_varied_pose,,False,ce00b09089b7a449802d9e20c3c3bd7bb63708002f2d6c0d771c739c3c39eb22,ce00b09089b7a449802d9e20c3c3bd7bb63708002f2d6c0d771c739c3c39eb22,320,240,prepared_v9
train/paper/paper_train_existing_aug_004.jpg,train,paper,0,existing_augmentation,train/paper/paper_005__aug_v2_04.jpg,paper_005__aug_v2_04,prepared_v9/paper/paper_005,paper_legacy_varied_pose,,False,c7d15ebd9f16a0feb0be17e3d998da1c47bbe0aed2ec617a6fadf7aa5dd197ea,c7d15ebd9f16a0feb0be17e3d998da1c47bbe0aed2ec617a6fadf7aa5dd197ea,320,240,prepared_v9
train/paper/paper_train_existing_aug_005.jpg,train,paper,0,existing_augmentation,train/paper/paper_005__aug_v2_05.jpg,paper_005__aug_v2_05,prepared_v9/paper/paper_005,paper_legacy_varied_pose,,False,ede31b8eb4f72df632a1c14da31b052ec8b5b16aa361d8bbb6017cfe5577a99a,ede31b8eb4f72df632a1c14da31b052ec8b5b16aa361d8bbb6017cfe5577a99a,320,240,prepared_v9
train/paper/paper_train_existing_aug_006.jpg,train,paper,0,existing_augmentation,train/paper/paper_005__aug_v2_06.jpg,paper_005__aug_v2_06,prepared_v9/paper/paper_005,paper_legacy_varied_pose,,False,5c5dd0ea4592d4cd0adbe94b6d026d894508a83a1e46dc940a6ed4ffcbc87cd7,5c5dd0ea4592d4cd0adbe94b6d026d894508a83a1e46dc940a6ed4ffcbc87cd7,320,240,prepared_v9
train/paper/paper_train_existing_aug_007.jpg,train,paper,0,existing_augmentation,train/paper/paper_005__aug_v2_07.jpg,paper_005__aug_v2_07,prepared_v9/paper/paper_005,paper_legacy_varied_pose,,False,f2262882b09838087018499271c28a0bd02dcdc248b30900c9e4f6a0852e1499,f2262882b09838087018499271c28a0bd02dcdc248b30900c9e4f6a0852e1499,320,240,prepared_v9
train/paper/paper_train_existing_aug_008.jpg,train,paper,0,existing_augmentation,validation/paper/paper_005__aug_v2_08.jpg,paper_005__aug_v2_08,prepared_v9/paper/paper_005,paper_legacy_varied_pose,,False,06f889fc367ebf524f788f236ad557ee70898c492d2b240426c8920f362df82a,06f889fc367ebf524f788f236ad557ee70898c492d2b240426c8920f362df82a,320,240,prepared_v9
train/paper/paper_train_existing_aug_009.jpg,train,paper,0,existing_augmentation,validation/paper/paper_005__aug_v2_09.jpg,paper_005__aug_v2_09,prepared_v9/paper/paper_005,paper_legacy_varied_pose,,False,221472f14b694c0074de6c0275a7ebe47ac1d836f523cc47fc462e3e42943832,221472f14b694c0074de6c0275a7ebe47ac1d836f523cc47fc462e3e42943832,320,240,prepared_v9
train/paper/paper_train_existing_aug_010.jpg,train,paper,0,existing_augmentation,train/paper/paper_006__aug_v2_01.jpg,paper_006__aug_v2_01,prepared_v9/paper/paper_006,paper_legacy_varied_pose,,False,a488113a3f284c41e284380009a4e8f7cbe4d306fa065441ce2a5e62247e8458,a488113a3f284c41e284380009a4e8f7cbe4d306fa065441ce2a5e62247e8458,320,240,prepared_v9
train/paper/paper_train_existing_aug_011.jpg,train,paper,0,existing_augmentation,train/paper/paper_006__aug_v2_02.jpg,paper_006__aug_v2_02,prepared_v9/paper/paper_006,paper_legacy_varied_pose,,False,bd474686741557b30159bf594a5aaf512fd43fdf2949123947113ba9ae13db65,bd474686741557b30159bf594a5aaf512fd43fdf2949123947113ba9ae13db65,320,240,prepared_v9
train/paper/paper_train_existing_aug_012.jpg,train,paper,0,existing_augmentation,train/paper/paper_006__aug_v2_03.jpg,paper_006__aug_v2_03,prepared_v9/paper/paper_006,paper_legacy_varied_pose,,False,9dcca234d94f4e8bdb0e91ada24c840c72a90383b3959a85f17debf345360a0a,9dcca234d94f4e8bdb0e91ada24c840c72a90383b3959a85f17debf345360a0a,320,240,prepared_v9
train/paper/paper_train_existing_aug_013.jpg,train,paper,0,existing_augmentation,train/paper/paper_006__aug_v2_04.jpg,paper_006__aug_v2_04,prepared_v9/paper/paper_006,paper_legacy_varied_pose,,False,f16030fa3d42526bd7c01b7b9eb5ff2e739ce79d7610503cf1be7c6d7b60e101,f16030fa3d42526bd7c01b7b9eb5ff2e739ce79d7610503cf1be7c6d7b60e101,320,240,prepared_v9
train/paper/paper_train_existing_aug_014.jpg,train,paper,0,existing_augmentation,train/paper/paper_006__aug_v2_05.jpg,paper_006__aug_v2_05,prepared_v9/paper/paper_006,paper_legacy_varied_pose,,False,7eb008340f012c522732d8851955477305a44fbf26b81cbd6744da1739059faa,7eb008340f012c522732d8851955477305a44fbf26b81cbd6744da1739059faa,320,240,prepared_v9
train/paper/paper_train_existing_aug_015.jpg,train,paper,0,existing_augmentation,train/paper/paper_006__aug_v2_06.jpg,paper_006__aug_v2_06,prepared_v9/paper/paper_006,paper_legacy_varied_pose,,False,fcb174417c43762af304c964e3b2b725cf78b2efa150cd2687656611ff4a9a50,fcb174417c43762af304c964e3b2b725cf78b2efa150cd2687656611ff4a9a50,320,240,prepared_v9
train/paper/paper_train_existing_aug_016.jpg,train,paper,0,existing_augmentation,train/paper/paper_006__aug_v2_07.jpg,paper_006__aug_v2_07,prepared_v9/paper/paper_006,paper_legacy_varied_pose,,False,a06ca0197ca1ede06b0a69fff3f00fb8c08bbdf19f48803f0d0595fe81264cba,a06ca0197ca1ede06b0a69fff3f00fb8c08bbdf19f48803f0d0595fe81264cba,320,240,prepared_v9
train/paper/paper_train_existing_aug_017.jpg,train,paper,0,existing_augmentation,train/paper/paper_006__aug_v2_08.jpg,paper_006__aug_v2_08,prepared_v9/paper/paper_006,paper_legacy_varied_pose,,False,b58dd3d5de3e2e626c2477bbcf6431d45978c424690c360ed6c4fc127ed05f41,b58dd3d5de3e2e626c2477bbcf6431d45978c424690c360ed6c4fc127ed05f41,320,240,prepared_v9
train/paper/paper_train_existing_aug_018.jpg,train,paper,0,existing_augmentation,train/paper/paper_006__aug_v2_09.jpg,paper_006__aug_v2_09,prepared_v9/paper/paper_006,paper_legacy_varied_pose,,False,3729e0a5f0b0e98103bd12c8c9ec17944b7afa16b068ef7404d65ba39f8e7439,3729e0a5f0b0e98103bd12c8c9ec17944b7afa16b068ef7404d65ba39f8e7439,320,240,prepared_v9
train/paper/paper_train_existing_aug_019.jpg,train,paper,0,existing_augmentation,train/paper/paper_007__aug_v2_01.jpg,paper_007__aug_v2_01,prepared_v9/paper/paper_007,paper_legacy_varied_pose,,False,519421bb69daa736939d6c93c7d9271f8bd24a6a7424d68e1b531f1990e7ed2d,519421bb69daa736939d6c93c7d9271f8bd24a6a7424d68e1b531f1990e7ed2d,320,240,prepared_v9
train/paper/paper_train_existing_aug_020.jpg,train,paper,0,existing_augmentation,train/paper/paper_007__aug_v2_02.jpg,paper_007__aug_v2_02,prepared_v9/paper/paper_007,paper_legacy_varied_pose,,False,9b5c65923faa36ad4f0d4fae5ba26ede1968cb1077cc064c08856f6d15f2649b,9b5c65923faa36ad4f0d4fae5ba26ede1968cb1077cc064c08856f6d15f2649b,320,240,prepared_v9
train/paper/paper_train_existing_aug_021.jpg,train,paper,0,existing_augmentation,train/paper/paper_007__aug_v2_03.jpg,paper_007__aug_v2_03,prepared_v9/paper/paper_007,paper_legacy_varied_pose,,False,84bbbbef08f6b00f1478839c4bc4c028eb8994cfd0defd36e895af160ae77a93,84bbbbef08f6b00f1478839c4bc4c028eb8994cfd0defd36e895af160ae77a93,320,240,prepared_v9
train/paper/paper_train_existing_aug_022.jpg,train,paper,0,existing_augmentation,train/paper/paper_007__aug_v2_04.jpg,paper_007__aug_v2_04,prepared_v9/paper/paper_007,paper_legacy_varied_pose,,False,b86fb2955e7b6f61f6012517434451fea401468cbb566adac6f62f7721f1192e,b86fb2955e7b6f61f6012517434451fea401468cbb566adac6f62f7721f1192e,320,240,prepared_v9
train/paper/paper_train_existing_aug_023.jpg,train,paper,0,existing_augmentation,train/paper/paper_007__aug_v2_05.jpg,paper_007__aug_v2_05,prepared_v9/paper/paper_007,paper_legacy_varied_pose,,False,de965e5ba0f09e71615fa2b4b3deef0931d32cd181ba3744c05e7fd71a59b964,de965e5ba0f09e71615fa2b4b3deef0931d32cd181ba3744c05e7fd71a59b964,320,240,prepared_v9
train/paper/paper_train_existing_aug_024.jpg,train,paper,0,existing_augmentation,train/paper/paper_007__aug_v2_06.jpg,paper_007__aug_v2_06,prepared_v9/paper/paper_007,paper_legacy_varied_pose,,False,450a6970adf9ef33b9c4743a16b7a2b2144e37d307aa4c0fbc123f8354f6fa8d,450a6970adf9ef33b9c4743a16b7a2b2144e37d307aa4c0fbc123f8354f6fa8d,320,240,prepared_v9
train/paper/paper_train_existing_aug_025.jpg,train,paper,0,existing_augmentation,train/paper/paper_007__aug_v2_07.jpg,paper_007__aug_v2_07,prepared_v9/paper/paper_007,paper_legacy_varied_pose,,False,6fab64c4980da518f9ec10c24d2efd421753657f493da21c074a8297d1ec10c8,6fab64c4980da518f9ec10c24d2efd421753657f493da21c074a8297d1ec10c8,320,240,prepared_v9
train/paper/paper_train_existing_aug_026.jpg,train,paper,0,existing_augmentation,train/paper/paper_007__aug_v2_08.jpg,paper_007__aug_v2_08,prepared_v9/paper/paper_007,paper_legacy_varied_pose,,False,dd73359ac848d96dcdfb428118936b8ad94707dd2cbf2e58791036d7517ca78d,dd73359ac848d96dcdfb428118936b8ad94707dd2cbf2e58791036d7517ca78d,320,240,prepared_v9
train/paper/paper_train_existing_aug_027.jpg,train,paper,0,existing_augmentation,train/paper/paper_007__aug_v2_09.jpg,paper_007__aug_v2_09,prepared_v9/paper/paper_007,paper_legacy_varied_pose,,False,611a41308c9db92b05c95955f0b1a85842ecb460e5069e5a1a87ac099f764221,611a41308c9db92b05c95955f0b1a85842ecb460e5069e5a1a87ac099f764221,320,240,prepared_v9
train/paper/paper_train_existing_aug_028.jpg,train,paper,0,existing_augmentation,train/paper/v4_paper_c69d7f7a3f888135f4ea88c7.jpg,v4_paper_c69d7f7a3f888135f4ea88c7,prepared_v9/paper/paper_031,paper_legacy_varied_pose,,False,c69d7f7a3f888135f4ea88c7a238d85ed1e772623385d406f868df164471b26f,c69d7f7a3f888135f4ea88c7a238d85ed1e772623385d406f868df164471b26f,320,240,prepared_v9
train/paper/paper_train_existing_aug_029.jpg,train,paper,0,existing_augmentation,train/paper/v4_paper_c9a27b6690ad2bc9c0d108fa.jpg,v4_paper_c9a27b6690ad2bc9c0d108fa,prepared_v9/paper/paper_040,paper_legacy_varied_pose,,False,c9a27b6690ad2bc9c0d108faeea49704a3cc17b29afbb5825af8937d0df8aa43,c9a27b6690ad2bc9c0d108faeea49704a3cc17b29afbb5825af8937d0df8aa43,320,240,prepared_v9
train/paper/paper_train_existing_aug_030.jpg,train,paper,0,existing_augmentation,train/paper/v4_paper_c60cff60ecd71ff980a5921a.jpg,v4_paper_c60cff60ecd71ff980a5921a,prepared_v9/paper/paper_043,paper_legacy_varied_pose,,False,c60cff60ecd71ff980a5921aa7c88570e780aaf9e3a0ffdf13bca4203ec7756f,c60cff60ecd71ff980a5921aa7c88570e780aaf9e3a0ffdf13bca4203ec7756f,320,240,prepared_v9
train/paper/paper_train_original_001.jpg,train,paper,0,original,train/paper/esp32-cam-2026-08-01T09-20-57-593Z.jpg,esp32-cam-2026-08-01T09-20-57-593Z,prepared_v9/paper/esp32-cam-2026-08-01T09-20-57-593Z,paper_esp32_varied_pose,,False,081ad6518e7d8f7fa87b1a411a8f0d3ea7863efad9a07879bc514d2779a2530e,081ad6518e7d8f7fa87b1a411a8f0d3ea7863efad9a07879bc514d2779a2530e,320,240,prepared_v9
train/paper/paper_train_original_002.jpg,train,paper,0,original,train/paper/esp32-cam-2026-08-01T09-21-24-094Z.jpg,esp32-cam-2026-08-01T09-21-24-094Z,prepared_v9/paper/esp32-cam-2026-08-01T09-21-24-094Z,paper_esp32_varied_pose,,False,921b863adcedb4f12c41594bbbdc88799c85a3bf95f8570cf340e553827fd8af,921b863adcedb4f12c41594bbbdc88799c85a3bf95f8570cf340e553827fd8af,320,240,prepared_v9
train/paper/paper_train_original_003.jpg,train,paper,0,original,train/paper/esp32-cam-2026-08-01T09-21-33-812Z.jpg,esp32-cam-2026-08-01T09-21-33-812Z,prepared_v9/paper/esp32-cam-2026-08-01T09-21-33-812Z,paper_esp32_varied_pose,,False,b0435577d198e0906201d0df51d06ad0fa55297adfca45656e68cf070b5db24d,b0435577d198e0906201d0df51d06ad0fa55297adfca45656e68cf070b5db24d,320,240,prepared_v9
train/paper/paper_train_original_004.jpg,train,paper,0,original,train/paper/esp32-cam-2026-08-01T09-21-42-352Z.jpg,esp32-cam-2026-08-01T09-21-42-352Z,prepared_v9/paper/esp32-cam-2026-08-01T09-21-42-352Z,paper_esp32_varied_pose,,False,d0ff8219f51d2c3083ecc3c3178e0b67d99bb4685e4840bff24ae6f80012fa85,d0ff8219f51d2c3083ecc3c3178e0b67d99bb4685e4840bff24ae6f80012fa85,320,240,prepared_v9
train/paper/paper_train_original_005.jpg,train,paper,0,original,train/paper/esp32-cam-2026-08-01T09-21-50-789Z.jpg,esp32-cam-2026-08-01T09-21-50-789Z,prepared_v9/paper/esp32-cam-2026-08-01T09-21-50-789Z,paper_esp32_varied_pose,,False,9f8ce46b89f6c1d2d8f773f804495b1071d027e3210369433b94e0b5f12f493c,9f8ce46b89f6c1d2d8f773f804495b1071d027e3210369433b94e0b5f12f493c,320,240,prepared_v9
train/paper/paper_train_original_006.jpg,train,paper,0,original,train/paper/esp32-cam-2026-08-01T09-22-43-217Z.jpg,esp32-cam-2026-08-01T09-22-43-217Z,prepared_v9/paper/esp32-cam-2026-08-01T09-22-43-217Z,paper_esp32_varied_pose,,False,c5de49090842e9cb90a45eb19d869b05783a95fe8c0ddffb8dfb757572f621eb,c5de49090842e9cb90a45eb19d869b05783a95fe8c0ddffb8dfb757572f621eb,320,240,prepared_v9
train/paper/paper_train_original_007.jpg,train,paper,0,original,train/paper/paper_005.jpg,paper_005,prepared_v9/paper/paper_005,paper_legacy_varied_pose,,False,7868ba4bdf82c2b5122271659dc6d39467e49f3b8964f917ccb307978d161030,7868ba4bdf82c2b5122271659dc6d39467e49f3b8964f917ccb307978d161030,320,240,prepared_v9
train/paper/paper_train_original_008.jpg,train,paper,0,original,train/paper/paper_006.jpg,paper_006,prepared_v9/paper/paper_006,paper_legacy_varied_pose,,False,f3d894a59de8cd893f8088938ef609e581276f663f697ba79a43d9d21ee79fa4,f3d894a59de8cd893f8088938ef609e581276f663f697ba79a43d9d21ee79fa4,320,240,prepared_v9
train/paper/paper_train_original_009.jpg,train,paper,0,original,train/paper/paper_007.jpg,paper_007,prepared_v9/paper/paper_007,paper_legacy_varied_pose,,False,76d8e7cfdd09c5c52d78fa80f9d986b6020210e74faa6889e700bc4c83643d6e,76d8e7cfdd09c5c52d78fa80f9d986b6020210e74faa6889e700bc4c83643d6e,320,240,prepared_v9
train/paper/paper_train_original_010.jpg,train,paper,0,original,train/paper/v4_paper_c181c1c138736cd4e9f9bffc.jpg,v4_paper_c181c1c138736cd4e9f9bffc,prepared_v9/paper/paper_048,paper_legacy_varied_pose,,False,c181c1c138736cd4e9f9bffcdd9c0a997c471f9faf7d840e7c270a03ae54d185,c181c1c138736cd4e9f9bffcdd9c0a997c471f9faf7d840e7c270a03ae54d185,320,240,prepared_v9
train/paper/paper_train_v9_aug_001.jpg,train,paper,0,v9_augmentation,train/paper/esp32-cam-2026-08-01T09-20-57-593Z.jpg,esp32-cam-2026-08-01T09-20-57-593Z,prepared_v9/paper/esp32-cam-2026-08-01T09-20-57-593Z,paper_esp32_varied_pose,,False,ce3cc04ba9c2518bcbf2969e4fda93b496ae1736c464c27c4064c986506bd562,081ad6518e7d8f7fa87b1a411a8f0d3ea7863efad9a07879bc514d2779a2530e,320,240,prepared_v9
train/paper/paper_train_v9_aug_002.jpg,train,paper,0,v9_augmentation,train/paper/esp32-cam-2026-08-01T09-20-57-593Z.jpg,esp32-cam-2026-08-01T09-20-57-593Z,prepared_v9/paper/esp32-cam-2026-08-01T09-20-57-593Z,paper_esp32_varied_pose,,False,e33b1e380d146b056dbc2e8b85acba16745eac7a17acb295ded65a0c8b2e8f9d,081ad6518e7d8f7fa87b1a411a8f0d3ea7863efad9a07879bc514d2779a2530e,320,240,prepared_v9
train/paper/paper_train_v9_aug_003.jpg,train,paper,0,v9_augmentation,train/paper/esp32-cam-2026-08-01T09-21-24-094Z.jpg,esp32-cam-2026-08-01T09-21-24-094Z,prepared_v9/paper/esp32-cam-2026-08-01T09-21-24-094Z,paper_esp32_varied_pose,,False,5c569409723ca25ea9cf3496a39f25604bda6de769962392b99c1597e7f77570,921b863adcedb4f12c41594bbbdc88799c85a3bf95f8570cf340e553827fd8af,320,240,prepared_v9
train/paper/paper_train_v9_aug_004.jpg,train,paper,0,v9_augmentation,train/paper/esp32-cam-2026-08-01T09-21-33-812Z.jpg,esp32-cam-2026-08-01T09-21-33-812Z,prepared_v9/paper/esp32-cam-2026-08-01T09-21-33-812Z,paper_esp32_varied_pose,,False,665af3f2381cd1d67e9ce6ffcc360ae1cc873d5f467ce94ab69bae3a9650c8e2,b0435577d198e0906201d0df51d06ad0fa55297adfca45656e68cf070b5db24d,320,240,prepared_v9
train/paper/paper_train_v9_aug_005.jpg,train,paper,0,v9_augmentation,train/paper/esp32-cam-2026-08-01T09-21-42-352Z.jpg,esp32-cam-2026-08-01T09-21-42-352Z,prepared_v9/paper/esp32-cam-2026-08-01T09-21-42-352Z,paper_esp32_varied_pose,,False,00a5e9ac634ed1ee91f6e9fc7e872b0a479ea175813b038f28ccaa1ebf04a585,d0ff8219f51d2c3083ecc3c3178e0b67d99bb4685e4840bff24ae6f80012fa85,320,240,prepared_v9
train/paper/paper_train_v9_aug_006.jpg,train,paper,0,v9_augmentation,train/paper/esp32-cam-2026-08-01T09-21-50-789Z.jpg,esp32-cam-2026-08-01T09-21-50-789Z,prepared_v9/paper/esp32-cam-2026-08-01T09-21-50-789Z,paper_esp32_varied_pose,,False,1097222808c854e705e9a9a9e49d07d4f621d2376d9be82069fe2c9dbf23ab1d,9f8ce46b89f6c1d2d8f773f804495b1071d027e3210369433b94e0b5f12f493c,320,240,prepared_v9
train/paper/paper_train_v9_aug_007.jpg,train,paper,0,v9_augmentation,train/paper/esp32-cam-2026-08-01T09-22-43-217Z.jpg,esp32-cam-2026-08-01T09-22-43-217Z,prepared_v9/paper/esp32-cam-2026-08-01T09-22-43-217Z,paper_esp32_varied_pose,,False,a9c0a411426f8895842d842f0705cb3fa440859db30e4381b42f099f6c549669,c5de49090842e9cb90a45eb19d869b05783a95fe8c0ddffb8dfb757572f621eb,320,240,prepared_v9
train/paper/paper_train_v9_aug_008.jpg,train,paper,0,v9_augmentation,train/paper/esp32-cam-2026-08-01T09-22-43-217Z.jpg,esp32-cam-2026-08-01T09-22-43-217Z,prepared_v9/paper/esp32-cam-2026-08-01T09-22-43-217Z,paper_esp32_varied_pose,,False,75c3b588bafd54851ac7455900828bfd3f4220a33f1beb146733e768120dbca7,c5de49090842e9cb90a45eb19d869b05783a95fe8c0ddffb8dfb757572f621eb,320,240,prepared_v9
train/paper/paper_train_v9_aug_009.jpg,train,paper,0,v9_augmentation,train/paper/esp32-cam-2026-08-01T09-20-57-593Z.jpg,esp32-cam-2026-08-01T09-20-57-593Z,prepared_v9/paper/esp32-cam-2026-08-01T09-20-57-593Z,paper_esp32_varied_pose,,False,d22d0c6c90aa3f69315b9564298b27d770f395567a925b6165780eb81af3b070,081ad6518e7d8f7fa87b1a411a8f0d3ea7863efad9a07879bc514d2779a2530e,320,240,prepared_v9
train/paper/paper_train_v9_aug_010.jpg,train,paper,0,v9_augmentation,train/paper/esp32-cam-2026-08-01T09-20-57-593Z.jpg,esp32-cam-2026-08-01T09-20-57-593Z,prepared_v9/paper/esp32-cam-2026-08-01T09-20-57-593Z,paper_esp32_varied_pose,,False,e17ff8d6b901b50c68a16a3f438f2f9ea28206ccedd5acdff5a954bb372e4bef,081ad6518e7d8f7fa87b1a411a8f0d3ea7863efad9a07879bc514d2779a2530e,320,240,prepared_v9
train/paper/paper_train_v9_aug_011.jpg,train,paper,0,v9_augmentation,train/paper/esp32-cam-2026-08-01T09-20-57-593Z.jpg,esp32-cam-2026-08-01T09-20-57-593Z,prepared_v9/paper/esp32-cam-2026-08-01T09-20-57-593Z,paper_esp32_varied_pose,,False,31689addcce8b822f2e9c32a045c1a5072dbb8c5fc3f1cdd81654d541a788a9d,081ad6518e7d8f7fa87b1a411a8f0d3ea7863efad9a07879bc514d2779a2530e,320,240,prepared_v9
train/paper/paper_train_v9_aug_013.jpg,train,paper,0,v9_augmentation,train/paper/esp32-cam-2026-08-01T09-21-24-094Z.jpg,esp32-cam-2026-08-01T09-21-24-094Z,prepared_v9/paper/esp32-cam-2026-08-01T09-21-24-094Z,paper_esp32_varied_pose,,False,b64f9f9bca70a721f13945efebe9c56fdab16b5307919ccc14598dd5ba7e062e,921b863adcedb4f12c41594bbbdc88799c85a3bf95f8570cf340e553827fd8af,320,240,prepared_v9
train/paper/paper_train_v9_aug_014.jpg,train,paper,0,v9_augmentation,train/paper/esp32-cam-2026-08-01T09-21-24-094Z.jpg,esp32-cam-2026-08-01T09-21-24-094Z,prepared_v9/paper/esp32-cam-2026-08-01T09-21-24-094Z,paper_esp32_varied_pose,,False,130dbf0d87742cdfb5d29137fa94e8c7405003a21e9a4542a7fe16cdbc076008,921b863adcedb4f12c41594bbbdc88799c85a3bf95f8570cf340e553827fd8af,320,240,prepared_v9
train/paper/paper_train_v9_aug_015.jpg,train,paper,0,v9_augmentation,train/paper/esp32-cam-2026-08-01T09-21-24-094Z.jpg,esp32-cam-2026-08-01T09-21-24-094Z,prepared_v9/paper/esp32-cam-2026-08-01T09-21-24-094Z,paper_esp32_varied_pose,,False,07e180d1a2e1becf90a6c635227ecb09af7a857b773cd4a98af580652bba9138,921b863adcedb4f12c41594bbbdc88799c85a3bf95f8570cf340e553827fd8af,320,240,prepared_v9
train/paper/paper_train_v9_aug_016.jpg,train,paper,0,v9_augmentation,train/paper/esp32-cam-2026-08-01T09-21-24-094Z.jpg,esp32-cam-2026-08-01T09-21-24-094Z,prepared_v9/paper/esp32-cam-2026-08-01T09-21-24-094Z,paper_esp32_varied_pose,,False,fbc1ddfcfae996dcb301efd7cf5566737fa7e37eb257d683c46f1a0c3c4cca8e,921b863adcedb4f12c41594bbbdc88799c85a3bf95f8570cf340e553827fd8af,320,240,prepared_v9
train/paper/paper_train_v9_aug_017.jpg,train,paper,0,v9_augmentation,train/paper/esp32-cam-2026-08-01T09-21-24-094Z.jpg,esp32-cam-2026-08-01T09-21-24-094Z,prepared_v9/paper/esp32-cam-2026-08-01T09-21-24-094Z,paper_esp32_varied_pose,,False,2a028c6057842ffb0d4c1dc52e2dd0d5380b189da0d59efb2e4445b36f4abf0d,921b863adcedb4f12c41594bbbdc88799c85a3bf95f8570cf340e553827fd8af,320,240,prepared_v9
train/paper/paper_train_v9_aug_018.jpg,train,paper,0,v9_augmentation,train/paper/esp32-cam-2026-08-01T09-21-33-812Z.jpg,esp32-cam-2026-08-01T09-21-33-812Z,prepared_v9/paper/esp32-cam-2026-08-01T09-21-33-812Z,paper_esp32_varied_pose,,False,960a361d468d7aa6c8b317192aa8b1592954d4fc0329604a653b1e5e80fd3800,b0435577d198e0906201d0df51d06ad0fa55297adfca45656e68cf070b5db24d,320,240,prepared_v9
train/paper/paper_train_v9_aug_019.jpg,train,paper,0,v9_augmentation,train/paper/esp32-cam-2026-08-01T09-21-33-812Z.jpg,esp32-cam-2026-08-01T09-21-33-812Z,prepared_v9/paper/esp32-cam-2026-08-01T09-21-33-812Z,paper_esp32_varied_pose,,False,2db8653b33ad3e61c07c3898aae463191803cd2b1ec0e4eae20faa1b702f7262,b0435577d198e0906201d0df51d06ad0fa55297adfca45656e68cf070b5db24d,320,240,prepared_v9
train/paper/paper_train_v9_aug_020.jpg,train,paper,0,v9_augmentation,train/paper/esp32-cam-2026-08-01T09-21-33-812Z.jpg,esp32-cam-2026-08-01T09-21-33-812Z,prepared_v9/paper/esp32-cam-2026-08-01T09-21-33-812Z,paper_esp32_varied_pose,,False,5659d62ce94a8d815232cbfef42c3b7bb65c5fe1409cb35eb6832acafbb9766e,b0435577d198e0906201d0df51d06ad0fa55297adfca45656e68cf070b5db24d,320,240,prepared_v9
train/paper/paper_train_v9_aug_021.jpg,train,paper,0,v9_augmentation,train/paper/esp32-cam-2026-08-01T09-21-33-812Z.jpg,esp32-cam-2026-08-01T09-21-33-812Z,prepared_v9/paper/esp32-cam-2026-08-01T09-21-33-812Z,paper_esp32_varied_pose,,False,44916ea4a5add985b98d1cdc65c7eb4992458a3bd3a30a80b20bdb9866376342,b0435577d198e0906201d0df51d06ad0fa55297adfca45656e68cf070b5db24d,320,240,prepared_v9
train/paper/paper_train_v9_aug_022.jpg,train,paper,0,v9_augmentation,train/paper/esp32-cam-2026-08-01T09-21-33-812Z.jpg,esp32-cam-2026-08-01T09-21-33-812Z,prepared_v9/paper/esp32-cam-2026-08-01T09-21-33-812Z,paper_esp32_varied_pose,,False,465cf44d57392ce64c348093812293fa37979a177d27a12c3fc634bfd732cc01,b0435577d198e0906201d0df51d06ad0fa55297adfca45656e68cf070b5db24d,320,240,prepared_v9
train/paper/paper_train_v9_aug_023.jpg,train,paper,0,v9_augmentation,train/paper/esp32-cam-2026-08-01T09-21-42-352Z.jpg,esp32-cam-2026-08-01T09-21-42-352Z,prepared_v9/paper/esp32-cam-2026-08-01T09-21-42-352Z,paper_esp32_varied_pose,,False,cfe4bf05201da550b4fbb38f5ceb71417d50d5a2aa705e2cee9f91a71ccd2a1a,d0ff8219f51d2c3083ecc3c3178e0b67d99bb4685e4840bff24ae6f80012fa85,320,240,prepared_v9
train/paper/paper_train_v9_aug_024.jpg,train,paper,0,v9_augmentation,train/paper/esp32-cam-2026-08-01T09-21-42-352Z.jpg,esp32-cam-2026-08-01T09-21-42-352Z,prepared_v9/paper/esp32-cam-2026-08-01T09-21-42-352Z,paper_esp32_varied_pose,,False,076020a986ae44aa77046c99de653594e5081714409d78f3f9198309cefe0e38,d0ff8219f51d2c3083ecc3c3178e0b67d99bb4685e4840bff24ae6f80012fa85,320,240,prepared_v9
train/paper/paper_train_v9_aug_025.jpg,train,paper,0,v9_augmentation,train/paper/esp32-cam-2026-08-01T09-21-42-352Z.jpg,esp32-cam-2026-08-01T09-21-42-352Z,prepared_v9/paper/esp32-cam-2026-08-01T09-21-42-352Z,paper_esp32_varied_pose,,False,af820724e69579a0c2db6772808b63b878506ed8632f9604d1ea2e2a781afebd,d0ff8219f51d2c3083ecc3c3178e0b67d99bb4685e4840bff24ae6f80012fa85,320,240,prepared_v9
train/paper/paper_train_v9_aug_026.jpg,train,paper,0,v9_augmentation,train/paper/esp32-cam-2026-08-01T09-21-42-352Z.jpg,esp32-cam-2026-08-01T09-21-42-352Z,prepared_v9/paper/esp32-cam-2026-08-01T09-21-42-352Z,paper_esp32_varied_pose,,False,41b99e93c29df032b9b6b51453908acc1e6580f6a38c1a66e04ebbb9910bd2b2,d0ff8219f51d2c3083ecc3c3178e0b67d99bb4685e4840bff24ae6f80012fa85,320,240,prepared_v9
train/paper/paper_train_v9_aug_027.jpg,train,paper,0,v9_augmentation,train/paper/esp32-cam-2026-08-01T09-21-42-352Z.jpg,esp32-cam-2026-08-01T09-21-42-352Z,prepared_v9/paper/esp32-cam-2026-08-01T09-21-42-352Z,paper_esp32_varied_pose,,False,bd84be25f0448bc29d36bd3fd8c01fe8becdcdd163aac89b41e2e7fd1a3eb44d,d0ff8219f51d2c3083ecc3c3178e0b67d99bb4685e4840bff24ae6f80012fa85,320,240,prepared_v9
train/paper/paper_train_v9_aug_028.jpg,train,paper,0,v9_augmentation,train/paper/esp32-cam-2026-08-01T09-21-50-789Z.jpg,esp32-cam-2026-08-01T09-21-50-789Z,prepared_v9/paper/esp32-cam-2026-08-01T09-21-50-789Z,paper_esp32_varied_pose,,False,03aeac3db9d71878189f5c8d6d3bf33bbe8b1daefc76e183dc4954c9f963371a,9f8ce46b89f6c1d2d8f773f804495b1071d027e3210369433b94e0b5f12f493c,320,240,prepared_v9
train/paper/paper_train_v9_aug_029.jpg,train,paper,0,v9_augmentation,train/paper/esp32-cam-2026-08-01T09-21-50-789Z.jpg,esp32-cam-2026-08-01T09-21-50-789Z,prepared_v9/paper/esp32-cam-2026-08-01T09-21-50-789Z,paper_esp32_varied_pose,,False,817f308274aa26184b17fa5a3c3b2f5231b5a61fe3f103e3db911b65ce899fc6,9f8ce46b89f6c1d2d8f773f804495b1071d027e3210369433b94e0b5f12f493c,320,240,prepared_v9
train/paper/paper_train_v9_aug_030.jpg,train,paper,0,v9_augmentation,train/paper/esp32-cam-2026-08-01T09-21-50-789Z.jpg,esp32-cam-2026-08-01T09-21-50-789Z,prepared_v9/paper/esp32-cam-2026-08-01T09-21-50-789Z,paper_esp32_varied_pose,,False,f8044aabbd637c3eb992095bb874c77998d6252aca94d728db246c4a061b28a2,9f8ce46b89f6c1d2d8f773f804495b1071d027e3210369433b94e0b5f12f493c,320,240,prepared_v9
train/paper/paper_train_v9_aug_031.jpg,train,paper,0,v9_augmentation,train/paper/esp32-cam-2026-08-01T09-21-50-789Z.jpg,esp32-cam-2026-08-01T09-21-50-789Z,prepared_v9/paper/esp32-cam-2026-08-01T09-21-50-789Z,paper_esp32_varied_pose,,False,390def778cd818665afdc5e54fa0cdffe0859c77936939cb01ba69813c3f8e37,9f8ce46b89f6c1d2d8f773f804495b1071d027e3210369433b94e0b5f12f493c,320,240,prepared_v9
train/paper/paper_train_v9_aug_032.jpg,train,paper,0,v9_augmentation,train/paper/esp32-cam-2026-08-01T09-21-50-789Z.jpg,esp32-cam-2026-08-01T09-21-50-789Z,prepared_v9/paper/esp32-cam-2026-08-01T09-21-50-789Z,paper_esp32_varied_pose,,False,3b335c8b3aa3c1dc2e6b489a5ae01347b1956a6ec1a15d084571c018a3e81007,9f8ce46b89f6c1d2d8f773f804495b1071d027e3210369433b94e0b5f12f493c,320,240,prepared_v9
train/paper/paper_train_v9_aug_033.jpg,train,paper,0,v9_augmentation,train/paper/esp32-cam-2026-08-01T09-22-43-217Z.jpg,esp32-cam-2026-08-01T09-22-43-217Z,prepared_v9/paper/esp32-cam-2026-08-01T09-22-43-217Z,paper_esp32_varied_pose,,False,54f71c63383ade8b24611fa43823bdc70b2865d315e0d058d7c21244a1eccb08,c5de49090842e9cb90a45eb19d869b05783a95fe8c0ddffb8dfb757572f621eb,320,240,prepared_v9
train/paper/paper_train_v9_aug_034.jpg,train,paper,0,v9_augmentation,train/paper/esp32-cam-2026-08-01T09-22-43-217Z.jpg,esp32-cam-2026-08-01T09-22-43-217Z,prepared_v9/paper/esp32-cam-2026-08-01T09-22-43-217Z,paper_esp32_varied_pose,,False,54247ea10f15b69d34f663d7d6c495743a8766bf0c2fb435325f5822fac8eaf4,c5de49090842e9cb90a45eb19d869b05783a95fe8c0ddffb8dfb757572f621eb,320,240,prepared_v9
train/paper/paper_train_v9_aug_035.jpg,train,paper,0,v9_augmentation,train/paper/esp32-cam-2026-08-01T09-22-43-217Z.jpg,esp32-cam-2026-08-01T09-22-43-217Z,prepared_v9/paper/esp32-cam-2026-08-01T09-22-43-217Z,paper_esp32_varied_pose,,False,0cda46d60d84a7392809f51ee01a3c4ef1079a808a5844600c3101aab50f6d04,c5de49090842e9cb90a45eb19d869b05783a95fe8c0ddffb8dfb757572f621eb,320,240,prepared_v9
train/paper/paper_train_v9_aug_036.jpg,train,paper,0,v9_augmentation,train/paper/v4_paper_c181c1c138736cd4e9f9bffc.jpg,v4_paper_c181c1c138736cd4e9f9bffc,prepared_v9/paper/paper_048,paper_legacy_varied_pose,,False,5c8c50b9e690f30d5853ae137ded98e1bee4ec5cbd844c559b1bde4ef56dd4a8,c181c1c138736cd4e9f9bffcdd9c0a997c471f9faf7d840e7c270a03ae54d185,320,240,prepared_v9
train/paper/v10data_09be46bc-6941-4ba6-b61f-c53fb58d7be6_color_cool.jpg,train,paper,0,esp_data_augmentation,data/paper/09be46bc-6941-4ba6-b61f-c53fb58d7be6.jpg,09be46bc-6941-4ba6-b61f-c53fb58d7be6,v10_labeled_esp_data/paper/09be46bc-6941-4ba6-b61f-c53fb58d7be6,labeled_esp_edge_case,color_cool,False,b535c934a5a2f5f7ce9d33e77d6110a1a080d37fa319790b3805a33b713bacdc,d58378008855b19cdc69be120ce5780dd73ee47308ed98c5621b81049695c01e,320,240,v10_labeled_esp_data
train/paper/v10data_09be46bc-6941-4ba6-b61f-c53fb58d7be6_color_desaturated.jpg,train,paper,0,esp_data_augmentation,data/paper/09be46bc-6941-4ba6-b61f-c53fb58d7be6.jpg,09be46bc-6941-4ba6-b61f-c53fb58d7be6,v10_labeled_esp_data/paper/09be46bc-6941-4ba6-b61f-c53fb58d7be6,labeled_esp_edge_case,color_desaturated,False,c1f872948a15eaaa9c736fe40275bf689d16acbac2ebce59352682b3e524ac80,d58378008855b19cdc69be120ce5780dd73ee47308ed98c5621b81049695c01e,320,240,v10_labeled_esp_data
train/paper/v10data_09be46bc-6941-4ba6-b61f-c53fb58d7be6_color_warm.jpg,train,paper,0,esp_data_augmentation,data/paper/09be46bc-6941-4ba6-b61f-c53fb58d7be6.jpg,09be46bc-6941-4ba6-b61f-c53fb58d7be6,v10_labeled_esp_data/paper/09be46bc-6941-4ba6-b61f-c53fb58d7be6,labeled_esp_edge_case,color_warm,False,16ee63eef8d30fd3e7bc701d9294199f811906e6a55575a39d47f39c1e1fc750,d58378008855b19cdc69be120ce5780dd73ee47308ed98c5621b81049695c01e,320,240,v10_labeled_esp_data
train/paper/v10data_09be46bc-6941-4ba6-b61f-c53fb58d7be6_edge_dark_blur_noise.jpg,train,paper,0,esp_data_augmentation,data/paper/09be46bc-6941-4ba6-b61f-c53fb58d7be6.jpg,09be46bc-6941-4ba6-b61f-c53fb58d7be6,v10_labeled_esp_data/paper/09be46bc-6941-4ba6-b61f-c53fb58d7be6,labeled_esp_edge_case,edge_dark_blur_noise,False,b5388154b7fd6712e9916b077aa7f5b600caa0a782b56e3a42103231fcdbf73e,d58378008855b19cdc69be120ce5780dd73ee47308ed98c5621b81049695c01e,320,240,v10_labeled_esp_data
train/paper/v10data_09be46bc-6941-4ba6-b61f-c53fb58d7be6_gaussian_blur.jpg,train,paper,0,esp_data_augmentation,data/paper/09be46bc-6941-4ba6-b61f-c53fb58d7be6.jpg,09be46bc-6941-4ba6-b61f-c53fb58d7be6,v10_labeled_esp_data/paper/09be46bc-6941-4ba6-b61f-c53fb58d7be6,labeled_esp_edge_case,gaussian_blur,False,ac8b51644166012750eca5c6fd0a294702807130daf254cfedb91aff42d514d7,d58378008855b19cdc69be120ce5780dd73ee47308ed98c5621b81049695c01e,320,240,v10_labeled_esp_data
train/paper/v10data_09be46bc-6941-4ba6-b61f-c53fb58d7be6_jpeg_quality_20.jpg,train,paper,0,esp_data_augmentation,data/paper/09be46bc-6941-4ba6-b61f-c53fb58d7be6.jpg,09be46bc-6941-4ba6-b61f-c53fb58d7be6,v10_labeled_esp_data/paper/09be46bc-6941-4ba6-b61f-c53fb58d7be6,labeled_esp_edge_case,jpeg_quality_20,False,41e90646b0c1ae66fa6a4cca18131068ab82430e09776d93eb0d91a414dd1ee1,d58378008855b19cdc69be120ce5780dd73ee47308ed98c5621b81049695c01e,320,240,v10_labeled_esp_data
train/paper/v10data_09be46bc-6941-4ba6-b61f-c53fb58d7be6_light_bright.jpg,train,paper,0,esp_data_augmentation,data/paper/09be46bc-6941-4ba6-b61f-c53fb58d7be6.jpg,09be46bc-6941-4ba6-b61f-c53fb58d7be6,v10_labeled_esp_data/paper/09be46bc-6941-4ba6-b61f-c53fb58d7be6,labeled_esp_edge_case,light_bright,False,0370a91cbe4c69e9e74b4b0838b4c467836db918b4e14887020d87c953569604,d58378008855b19cdc69be120ce5780dd73ee47308ed98c5621b81049695c01e,320,240,v10_labeled_esp_data
train/paper/v10data_09be46bc-6941-4ba6-b61f-c53fb58d7be6_light_dark.jpg,train,paper,0,esp_data_augmentation,data/paper/09be46bc-6941-4ba6-b61f-c53fb58d7be6.jpg,09be46bc-6941-4ba6-b61f-c53fb58d7be6,v10_labeled_esp_data/paper/09be46bc-6941-4ba6-b61f-c53fb58d7be6,labeled_esp_edge_case,light_dark,False,dd7f357bca2c06261d58cab937972812bf59ba81e9e02ee5fdecb71cfb1a4ec9,d58378008855b19cdc69be120ce5780dd73ee47308ed98c5621b81049695c01e,320,240,v10_labeled_esp_data
train/paper/v10data_09be46bc-6941-4ba6-b61f-c53fb58d7be6_original.jpg,train,paper,0,esp_data_original,data/paper/09be46bc-6941-4ba6-b61f-c53fb58d7be6.jpg,09be46bc-6941-4ba6-b61f-c53fb58d7be6,v10_labeled_esp_data/paper/09be46bc-6941-4ba6-b61f-c53fb58d7be6,labeled_esp_edge_case,original,False,d58378008855b19cdc69be120ce5780dd73ee47308ed98c5621b81049695c01e,d58378008855b19cdc69be120ce5780dd73ee47308ed98c5621b81049695c01e,320,240,v10_labeled_esp_data
train/paper/v10data_09be46bc-6941-4ba6-b61f-c53fb58d7be6_resize_lowres.jpg,train,paper,0,esp_data_augmentation,data/paper/09be46bc-6941-4ba6-b61f-c53fb58d7be6.jpg,09be46bc-6941-4ba6-b61f-c53fb58d7be6,v10_labeled_esp_data/paper/09be46bc-6941-4ba6-b61f-c53fb58d7be6,labeled_esp_edge_case,resize_lowres,False,3040a5f23f40a92218cdde06ea2d5f4cebf0ba1b6c10d41ee3537bc26e1b87a0,d58378008855b19cdc69be120ce5780dd73ee47308ed98c5621b81049695c01e,320,240,v10_labeled_esp_data
train/paper/v10data_09be46bc-6941-4ba6-b61f-c53fb58d7be6_rotate_left.jpg,train,paper,0,esp_data_augmentation,data/paper/09be46bc-6941-4ba6-b61f-c53fb58d7be6.jpg,09be46bc-6941-4ba6-b61f-c53fb58d7be6,v10_labeled_esp_data/paper/09be46bc-6941-4ba6-b61f-c53fb58d7be6,labeled_esp_edge_case,rotate_left,False,497b8d3418d3986469e00b9a32ca8c8f449ab1b14588e3dee3a3cd6ccdb24d81,d58378008855b19cdc69be120ce5780dd73ee47308ed98c5621b81049695c01e,320,240,v10_labeled_esp_data
train/paper/v10data_09be46bc-6941-4ba6-b61f-c53fb58d7be6_rotate_right.jpg,train,paper,0,esp_data_augmentation,data/paper/09be46bc-6941-4ba6-b61f-c53fb58d7be6.jpg,09be46bc-6941-4ba6-b61f-c53fb58d7be6,v10_labeled_esp_data/paper/09be46bc-6941-4ba6-b61f-c53fb58d7be6,labeled_esp_edge_case,rotate_right,False,df16b38bccf8b27450b1f394f7cd71b7fd3d9b865d069237330518ad937ccea5,d58378008855b19cdc69be120ce5780dd73ee47308ed98c5621b81049695c01e,320,240,v10_labeled_esp_data
train/paper/v10data_09be46bc-6941-4ba6-b61f-c53fb58d7be6_sensor_noise.jpg,train,paper,0,esp_data_augmentation,data/paper/09be46bc-6941-4ba6-b61f-c53fb58d7be6.jpg,09be46bc-6941-4ba6-b61f-c53fb58d7be6,v10_labeled_esp_data/paper/09be46bc-6941-4ba6-b61f-c53fb58d7be6,labeled_esp_edge_case,sensor_noise,False,8325939ecb99e331b868687aaa1f4b1ac0dde9af29105e65e45bd64f614db960,d58378008855b19cdc69be120ce5780dd73ee47308ed98c5621b81049695c01e,320,240,v10_labeled_esp_data
train/paper/v10data_e331e53e-b5e9-454c-983e-aeabb423a80d_color_cool.jpg,train,paper,0,esp_data_augmentation,data/paper/e331e53e-b5e9-454c-983e-aeabb423a80d.jpg,e331e53e-b5e9-454c-983e-aeabb423a80d,v10_labeled_esp_data/paper/e331e53e-b5e9-454c-983e-aeabb423a80d,labeled_esp_edge_case,color_cool,False,d977f68d50253f05f0a88f27f3f934daad7c297d473549a9194e45a954a4a0e1,c3619b9772d36b3094e96912ba0cf37c53b6433c07948cfc0bbc52e500b2eb93,320,240,v10_labeled_esp_data
train/paper/v10data_e331e53e-b5e9-454c-983e-aeabb423a80d_color_desaturated.jpg,train,paper,0,esp_data_augmentation,data/paper/e331e53e-b5e9-454c-983e-aeabb423a80d.jpg,e331e53e-b5e9-454c-983e-aeabb423a80d,v10_labeled_esp_data/paper/e331e53e-b5e9-454c-983e-aeabb423a80d,labeled_esp_edge_case,color_desaturated,False,8ad0711ccd78d7fd29e63fe853cdc47b89089a2722114baffd5ec5baff105782,c3619b9772d36b3094e96912ba0cf37c53b6433c07948cfc0bbc52e500b2eb93,320,240,v10_labeled_esp_data
train/paper/v10data_e331e53e-b5e9-454c-983e-aeabb423a80d_color_warm.jpg,train,paper,0,esp_data_augmentation,data/paper/e331e53e-b5e9-454c-983e-aeabb423a80d.jpg,e331e53e-b5e9-454c-983e-aeabb423a80d,v10_labeled_esp_data/paper/e331e53e-b5e9-454c-983e-aeabb423a80d,labeled_esp_edge_case,color_warm,False,0dc5a133589460ee9db6daf860987bcdc3199132ba10b0d50e7e0b20780fc07e,c3619b9772d36b3094e96912ba0cf37c53b6433c07948cfc0bbc52e500b2eb93,320,240,v10_labeled_esp_data
train/paper/v10data_e331e53e-b5e9-454c-983e-aeabb423a80d_edge_dark_blur_noise.jpg,train,paper,0,esp_data_augmentation,data/paper/e331e53e-b5e9-454c-983e-aeabb423a80d.jpg,e331e53e-b5e9-454c-983e-aeabb423a80d,v10_labeled_esp_data/paper/e331e53e-b5e9-454c-983e-aeabb423a80d,labeled_esp_edge_case,edge_dark_blur_noise,False,d8a9ff2be5dc2e07d44bfb7e588c6c7e501774da9db2c32f45b1531ea6460439,c3619b9772d36b3094e96912ba0cf37c53b6433c07948cfc0bbc52e500b2eb93,320,240,v10_labeled_esp_data
train/paper/v10data_e331e53e-b5e9-454c-983e-aeabb423a80d_gaussian_blur.jpg,train,paper,0,esp_data_augmentation,data/paper/e331e53e-b5e9-454c-983e-aeabb423a80d.jpg,e331e53e-b5e9-454c-983e-aeabb423a80d,v10_labeled_esp_data/paper/e331e53e-b5e9-454c-983e-aeabb423a80d,labeled_esp_edge_case,gaussian_blur,False,6b498fa9b8942589f7816fe6ea782305350064895f07e46c6d667d65ced88d2e,c3619b9772d36b3094e96912ba0cf37c53b6433c07948cfc0bbc52e500b2eb93,320,240,v10_labeled_esp_data
train/paper/v10data_e331e53e-b5e9-454c-983e-aeabb423a80d_jpeg_quality_20.jpg,train,paper,0,esp_data_augmentation,data/paper/e331e53e-b5e9-454c-983e-aeabb423a80d.jpg,e331e53e-b5e9-454c-983e-aeabb423a80d,v10_labeled_esp_data/paper/e331e53e-b5e9-454c-983e-aeabb423a80d,labeled_esp_edge_case,jpeg_quality_20,False,cb63da084bfd0312c45e403ffe48bb0ce29435447cc79a4313468a9155c71138,c3619b9772d36b3094e96912ba0cf37c53b6433c07948cfc0bbc52e500b2eb93,320,240,v10_labeled_esp_data
train/paper/v10data_e331e53e-b5e9-454c-983e-aeabb423a80d_light_bright.jpg,train,paper,0,esp_data_augmentation,data/paper/e331e53e-b5e9-454c-983e-aeabb423a80d.jpg,e331e53e-b5e9-454c-983e-aeabb423a80d,v10_labeled_esp_data/paper/e331e53e-b5e9-454c-983e-aeabb423a80d,labeled_esp_edge_case,light_bright,False,93b4149282864a0c51b8895f1c1ea5babdc1e2e184d9d00cfa2c20945fe75cf1,c3619b9772d36b3094e96912ba0cf37c53b6433c07948cfc0bbc52e500b2eb93,320,240,v10_labeled_esp_data
train/paper/v10data_e331e53e-b5e9-454c-983e-aeabb423a80d_light_dark.jpg,train,paper,0,esp_data_augmentation,data/paper/e331e53e-b5e9-454c-983e-aeabb423a80d.jpg,e331e53e-b5e9-454c-983e-aeabb423a80d,v10_labeled_esp_data/paper/e331e53e-b5e9-454c-983e-aeabb423a80d,labeled_esp_edge_case,light_dark,False,62e03a1c5c26be8e8f45fe03b78292c926fc227f985171e2c801d36828ba0987,c3619b9772d36b3094e96912ba0cf37c53b6433c07948cfc0bbc52e500b2eb93,320,240,v10_labeled_esp_data
train/paper/v10data_e331e53e-b5e9-454c-983e-aeabb423a80d_original.jpg,train,paper,0,esp_data_original,data/paper/e331e53e-b5e9-454c-983e-aeabb423a80d.jpg,e331e53e-b5e9-454c-983e-aeabb423a80d,v10_labeled_esp_data/paper/e331e53e-b5e9-454c-983e-aeabb423a80d,labeled_esp_edge_case,original,False,c3619b9772d36b3094e96912ba0cf37c53b6433c07948cfc0bbc52e500b2eb93,c3619b9772d36b3094e96912ba0cf37c53b6433c07948cfc0bbc52e500b2eb93,320,240,v10_labeled_esp_data
train/paper/v10data_e331e53e-b5e9-454c-983e-aeabb423a80d_resize_lowres.jpg,train,paper,0,esp_data_augmentation,data/paper/e331e53e-b5e9-454c-983e-aeabb423a80d.jpg,e331e53e-b5e9-454c-983e-aeabb423a80d,v10_labeled_esp_data/paper/e331e53e-b5e9-454c-983e-aeabb423a80d,labeled_esp_edge_case,resize_lowres,False,cdc0029fc0a50d16df61f19062116419a872138e8cb02e0923b3b3f8bc1b61de,c3619b9772d36b3094e96912ba0cf37c53b6433c07948cfc0bbc52e500b2eb93,320,240,v10_labeled_esp_data
train/paper/v10data_e331e53e-b5e9-454c-983e-aeabb423a80d_rotate_left.jpg,train,paper,0,esp_data_augmentation,data/paper/e331e53e-b5e9-454c-983e-aeabb423a80d.jpg,e331e53e-b5e9-454c-983e-aeabb423a80d,v10_labeled_esp_data/paper/e331e53e-b5e9-454c-983e-aeabb423a80d,labeled_esp_edge_case,rotate_left,False,51355da205722be426ae0cce8b784e39c11a16f3ae96cf554cee48cbf09b8336,c3619b9772d36b3094e96912ba0cf37c53b6433c07948cfc0bbc52e500b2eb93,320,240,v10_labeled_esp_data
train/paper/v10data_e331e53e-b5e9-454c-983e-aeabb423a80d_rotate_right.jpg,train,paper,0,esp_data_augmentation,data/paper/e331e53e-b5e9-454c-983e-aeabb423a80d.jpg,e331e53e-b5e9-454c-983e-aeabb423a80d,v10_labeled_esp_data/paper/e331e53e-b5e9-454c-983e-aeabb423a80d,labeled_esp_edge_case,rotate_right,False,0c379108700e04cd2e7d3268e8fab8beedbdfe979b6add68514f0a10564eb033,c3619b9772d36b3094e96912ba0cf37c53b6433c07948cfc0bbc52e500b2eb93,320,240,v10_labeled_esp_data
train/paper/v10data_e331e53e-b5e9-454c-983e-aeabb423a80d_sensor_noise.jpg,train,paper,0,esp_data_augmentation,data/paper/e331e53e-b5e9-454c-983e-aeabb423a80d.jpg,e331e53e-b5e9-454c-983e-aeabb423a80d,v10_labeled_esp_data/paper/e331e53e-b5e9-454c-983e-aeabb423a80d,labeled_esp_edge_case,sensor_noise,False,68e9e3bbf6d0b24c84381fd41b766884f04cc87d144eadcacd548bb78914648e,c3619b9772d36b3094e96912ba0cf37c53b6433c07948cfc0bbc52e500b2eb93,320,240,v10_labeled_esp_data
train/plastic/augv9_plastic_train_aug_001_v9_color_noise.jpg,train,plastic,1,generated_augmentation,plastic/33828efa-4dba-4a74-8e35-91a16d6fcc9f.jpg,33828efa-4dba-4a74-8e35-91a16d6fcc9f,augmented_v9/plastic/33828efa-4dba-4a74-8e35-91a16d6fcc9f,plastic_bottle,v9_color_noise,False,6ac25d06224dd83270fc97fe3460607c3cf729089e334f969d188b959f008555,2a98ab798a1d135974a5bfb4080ce69ba1144e529cbea9b98a4fdff28f9d039b,320,240,augmented_v9
train/plastic/augv9_plastic_train_aug_002_rotate_zoom.jpg,train,plastic,1,generated_augmentation,plastic/452d2422-0142-41bd-9144-9f43ad82fcb2.jpg,452d2422-0142-41bd-9144-9f43ad82fcb2,augmented_v9/plastic/452d2422-0142-41bd-9144-9f43ad82fcb2,plastic_bottle,rotate_zoom,False,0e2f750b7549197746972388a43864adfcf046f8f24082f26835333981a7a853,48e6ac9ca992a37c137c883f643df37b80896df9c115a0706c7d8566fb7e77b0,320,240,augmented_v9
train/plastic/augv9_plastic_train_aug_003_low_light_blur.jpg,train,plastic,1,generated_augmentation,plastic/ff7a19d6-c1f2-438f-b7d3-9b1990963d2d.jpg,ff7a19d6-c1f2-438f-b7d3-9b1990963d2d,augmented_v9/plastic/ff7a19d6-c1f2-438f-b7d3-9b1990963d2d,plastic_bottle,low_light_blur,False,8807f7a8c2cbfa587c3d6df82404575628f14ebb2e5fae977044608a6d5fad6b,9816649af476d9556908edcdf3f68b275fcc2c29952b0b0fbf8e6f0bf6db2398,320,240,augmented_v9
train/plastic/augv9_plastic_train_aug_004_bright_warm.jpg,train,plastic,1,generated_augmentation,plastic/2118a584-485e-46d8-ae18-262b8b7cf11a.jpg,2118a584-485e-46d8-ae18-262b8b7cf11a,augmented_v9/plastic/2118a584-485e-46d8-ae18-262b8b7cf11a,plastic_bottle,bright_warm,False,6dd40198a54e8a7ffe3cb99f838e39acf717e211fbcaa8009a520dc8472dcb73,9b2686d8a88adeb7e0bb24a3df97db87f62652c91812a39d382fc7a6cca6d300,320,240,augmented_v9
train/plastic/augv9_plastic_train_aug_005_cool_cast.jpg,train,plastic,1,generated_augmentation,plastic/dbbb8d63-b989-4f0b-b66a-9cc42f278b7f.jpg,dbbb8d63-b989-4f0b-b66a-9cc42f278b7f,augmented_v9/plastic/dbbb8d63-b989-4f0b-b66a-9cc42f278b7f,plastic_bottle,cool_cast,False,80e9f34917116bba3a8f54f9c89b6c953e1eeaf1434661d8343eb47b8b150f7d,df6fd0ca71bcc35a83fe2941cc2173863f7426944de8089e0ac0967924ebca13,320,240,augmented_v9
train/plastic/augv9_plastic_train_aug_006_sensor_noise.jpg,train,plastic,1,generated_augmentation,plastic/eab0f090-735d-4db0-b430-99d673597039.jpg,eab0f090-735d-4db0-b430-99d673597039,augmented_v9/plastic/eab0f090-735d-4db0-b430-99d673597039,plastic_bottle,sensor_noise,False,7c6d4f7bdcaecfa73014f2d6374e3c8aad45993219feb9e24d50a516463b86c8,ebab8a4bd412fb14911ec726c39fcaa22a547427c3ac4bc2a4158f3489dbe3b4,320,240,augmented_v9
train/plastic/augv9_plastic_train_aug_007_soft_focus_scale.jpg,train,plastic,1,generated_augmentation,plastic/72591b70-ec20-4240-96dc-ce5ccb4387e3.jpg,72591b70-ec20-4240-96dc-ce5ccb4387e3,augmented_v9/plastic/72591b70-ec20-4240-96dc-ce5ccb4387e3,plastic_bottle,soft_focus_scale,False,0b5841380c51223ae5f28eb24950acd17e21a6807f6cb56e7539de880b1bb171,35e180cfc1b181c1a336aed2e147db7eb026007ac1a7ebd89f3df146d8b67f8a,320,240,augmented_v9
train/plastic/augv9_plastic_train_aug_008_v9_color_noise.jpg,train,plastic,1,generated_augmentation,plastic/6f1441cc-933b-4c05-821b-2edc26351c1e.jpg,6f1441cc-933b-4c05-821b-2edc26351c1e,augmented_v9/plastic/6f1441cc-933b-4c05-821b-2edc26351c1e,plastic_bottle,v9_color_noise,False,93b0945ef118b5aad7bf0d1f92b84e6e49e930bfe3b1d2283a0a422a567bafa9,1d52a22862bcd3c1190a8e58b61fd976c924ddeeefff1cb7ce0cf403d20eb1ea,320,240,augmented_v9
train/plastic/augv9_plastic_train_aug_009_rotate_zoom.jpg,train,plastic,1,generated_augmentation,plastic/72bb7b1c-11e0-4a75-bc48-f0d75a511015.jpg,72bb7b1c-11e0-4a75-bc48-f0d75a511015,augmented_v9/plastic/72bb7b1c-11e0-4a75-bc48-f0d75a511015,plastic_bottle,rotate_zoom,False,6c5714d59a8807c451e1aca041edd18f4715f5645d4a4f354d6ab29ee1bf9149,575ccaa6ff78d78fed7a02735f80d642b049c49e80c2d30bcb0aba366adbdc0b,320,240,augmented_v9
train/plastic/augv9_plastic_train_aug_010_low_light_blur.jpg,train,plastic,1,generated_augmentation,plastic/68a1c345-6540-4b93-a842-5a95aa252f91.jpg,68a1c345-6540-4b93-a842-5a95aa252f91,augmented_v9/plastic/68a1c345-6540-4b93-a842-5a95aa252f91,plastic_bottle,low_light_blur,False,f47d4b718f32953eb8f74e7eac587d9b4d8d5f6fc0aa8732ac08f28f78f95d59,79340b20cdfc481256b498527f762161f6c93303c6f603c42bc8df12e4af2a81,320,240,augmented_v9
train/plastic/augv9_plastic_train_aug_011_bright_warm.jpg,train,plastic,1,generated_augmentation,plastic/50d1fc10-d6bd-4b6b-a6a1-faff943e4a0a.jpg,50d1fc10-d6bd-4b6b-a6a1-faff943e4a0a,augmented_v9/plastic/50d1fc10-d6bd-4b6b-a6a1-faff943e4a0a,plastic_bottle,bright_warm,False,a9a9e135f2063077256cbd6236816030a8e6440160dca2ff68c3aefcba7478a2,00a98ac34aa442b73f32d20e27fca0ad366edeab891ee6e9fdea0fe58870e04f,320,240,augmented_v9
train/plastic/augv9_plastic_train_aug_012_cool_cast.jpg,train,plastic,1,generated_augmentation,plastic/96f7fb79-54b9-4269-9712-dcd543fb38dd.jpg,96f7fb79-54b9-4269-9712-dcd543fb38dd,augmented_v9/plastic/96f7fb79-54b9-4269-9712-dcd543fb38dd,plastic_bottle,cool_cast,False,fe429d666ed0d265c75cb2770e6287a8eb356ecf404b9dc2352630127a804cc0,22c6749fcc98199cf21b7944367a0bf04a88be35dfa3673f3057ea64faa87017,320,240,augmented_v9
train/plastic/augv9_plastic_train_aug_013_sensor_noise.jpg,train,plastic,1,generated_augmentation,plastic/f879b907-4010-433a-bd63-27062b7ae7c6.jpg,f879b907-4010-433a-bd63-27062b7ae7c6,augmented_v9/plastic/f879b907-4010-433a-bd63-27062b7ae7c6,plastic_bottle,sensor_noise,False,efc7882c9fa130843bfd10f47ed3c832d4f13d080c113220d60cfd0b75c3d97c,acadde290c63a0390a2fc34396e017589599cc29e3c631d074f7c7886abd2be2,320,240,augmented_v9
train/plastic/augv9_plastic_train_aug_014_soft_focus_scale.jpg,train,plastic,1,generated_augmentation,plastic/9b24a51d-8349-4eb8-883a-56670864fe25.jpg,9b24a51d-8349-4eb8-883a-56670864fe25,augmented_v9/plastic/9b24a51d-8349-4eb8-883a-56670864fe25,plastic_bottle,soft_focus_scale,False,b0c2c07c0daf6f49c291171537130d0e9ec38bf3454f3f5c67ae04dd704a7aad,a57b3174eaff370737b4463c865896f61933a9b8a03df58f4d881ae02d874935,320,240,augmented_v9
train/plastic/augv9_plastic_train_aug_015_v9_color_noise.jpg,train,plastic,1,generated_augmentation,plastic/e50f7aba-3d3f-4ead-8521-9b01bbceb8d9.jpg,e50f7aba-3d3f-4ead-8521-9b01bbceb8d9,augmented_v9/plastic/e50f7aba-3d3f-4ead-8521-9b01bbceb8d9,plastic_bottle,v9_color_noise,False,50a8d190618fee6d137b3fcf24cba9025fdd730f61b6c32911ac9c1e143e5ab0,671785e95598e414e7bbc44d3906466416ee77ff433a22d715304e2dc63167d1,320,240,augmented_v9
train/plastic/augv9_plastic_train_aug_016_rotate_zoom.jpg,train,plastic,1,generated_augmentation,plastic/40bd6de7-f23a-41c3-9a9f-2d96d3883649.jpg,40bd6de7-f23a-41c3-9a9f-2d96d3883649,augmented_v9/plastic/40bd6de7-f23a-41c3-9a9f-2d96d3883649,plastic_bottle,rotate_zoom,False,aa2b4879f7ae992429287f5d264a5c56e0b7c69fee57cf894f5c15a1a7141121,bcfeb7e9e399615cd1ca0059b08337e20da12cb9215618a094a9a21cee39ecb9,320,240,augmented_v9
train/plastic/augv9_plastic_train_aug_017_low_light_blur.jpg,train,plastic,1,generated_augmentation,plastic/e6b75e5a-e089-421b-905b-5e0f3d0e512a.jpg,e6b75e5a-e089-421b-905b-5e0f3d0e512a,augmented_v9/plastic/e6b75e5a-e089-421b-905b-5e0f3d0e512a,plastic_bottle,low_light_blur,False,c70bcf575671ff4f02b56f9835e9813616629b84047e604ac454aace0e810c79,e5110884b7be7ad48a361087f8f40b13c91a60b14e55a83c9b615e943a1ab9bd,320,240,augmented_v9
train/plastic/augv9_plastic_train_aug_018_bright_warm.jpg,train,plastic,1,generated_augmentation,plastic/6bb14734-8d8a-4f75-956e-97a8638b50b6.jpg,6bb14734-8d8a-4f75-956e-97a8638b50b6,augmented_v9/plastic/6bb14734-8d8a-4f75-956e-97a8638b50b6,plastic_bottle,bright_warm,False,30622e6b9601915214c121562d3fd63ac18fc5e5488ceb958f560f165b7aa413,3f9bb35465ce2b88b8f60a33a01029a0c4e7f530d34f3fe0556deeae4c7a3b10,320,240,augmented_v9
train/plastic/augv9_plastic_train_aug_019_cool_cast.jpg,train,plastic,1,generated_augmentation,plastic/7a629096-8f2d-414c-8ea7-1e18fcbeb59c.jpg,7a629096-8f2d-414c-8ea7-1e18fcbeb59c,augmented_v9/plastic/7a629096-8f2d-414c-8ea7-1e18fcbeb59c,plastic_bottle,cool_cast,False,12ed78dd4cf13f5265c6df7dfe8a8027e10df46e9cc37138d17157fcec0d9e6c,58d748350c7325680afe8e6a4db71f3fc51c10b6f92a05e639bf00dc76cb348e,320,240,augmented_v9
train/plastic/augv9_plastic_train_aug_020_sensor_noise.jpg,train,plastic,1,generated_augmentation,plastic/ad8dbdbc-f95a-42dc-95ad-e567d1eca200.jpg,ad8dbdbc-f95a-42dc-95ad-e567d1eca200,augmented_v9/plastic/ad8dbdbc-f95a-42dc-95ad-e567d1eca200,plastic_bottle,sensor_noise,False,0197efeb67a81f14ee8b29ea2a0c61846c1bf0d93176469feb8aa8f5115d07fa,b0c0471fb819a2d5c0669e83685e775fefd0e8e1ed4050ca06c2d213cd5bea8c,320,240,augmented_v9
train/plastic/augv9_plastic_train_aug_021_soft_focus_scale.jpg,train,plastic,1,generated_augmentation,plastic/dd279e87-5e91-4ed2-bb99-281b855da4c3.jpg,dd279e87-5e91-4ed2-bb99-281b855da4c3,augmented_v9/plastic/dd279e87-5e91-4ed2-bb99-281b855da4c3,plastic_bottle,soft_focus_scale,False,85427c88e4e29d1f26ac074ffde919c9efe261dcf2fce7a302ca8c3d748e8ff0,54d7affe38289cd0792ebb9b1eaae5cea9e9e5856dfe1274d0b1e88c4c615cc8,320,240,augmented_v9
train/plastic/augv9_plastic_train_aug_022_v9_color_noise.jpg,train,plastic,1,generated_augmentation,plastic/d61ce994-23b3-4d1e-8c24-e90ef6aa15de.jpg,d61ce994-23b3-4d1e-8c24-e90ef6aa15de,augmented_v9/plastic/d61ce994-23b3-4d1e-8c24-e90ef6aa15de,plastic_bottle,v9_color_noise,False,22aca927b47c2ea0c8b322032a5bf4a215d07e4ea11bc75dd9182b4488d288b1,b4e40471c7bdcd1bbf17b677d744b0bdde3d58a0b978c64d20184c6c6ea747e3,320,240,augmented_v9
train/plastic/augv9_plastic_train_aug_023_rotate_zoom.jpg,train,plastic,1,generated_augmentation,plastic/4c5909a4-a9e8-4c99-a1ac-73b8937f56d7.jpg,4c5909a4-a9e8-4c99-a1ac-73b8937f56d7,augmented_v9/plastic/4c5909a4-a9e8-4c99-a1ac-73b8937f56d7,plastic_bottle,rotate_zoom,False,80fb4192dfb9395ed11952006568af99ab9e717364292c00c8859ecf1d36ea94,c3a8f5fde9ab0cd7dcd5b522a874897c466d1724076325e7686ca236a2b1b790,320,240,augmented_v9
train/plastic/augv9_plastic_train_aug_024_low_light_blur.jpg,train,plastic,1,generated_augmentation,plastic/5d7b84e1-7787-4663-a9af-5ed3b576538a.jpg,5d7b84e1-7787-4663-a9af-5ed3b576538a,augmented_v9/plastic/5d7b84e1-7787-4663-a9af-5ed3b576538a,plastic_bottle,low_light_blur,False,779e3390db05fcd6f99827f8b8087bc42a2a84a05090261043d6b3f9bc379138,a34893fd693bee519c2c33106961d31fae2dbf754bd615116a404136109510f3,320,240,augmented_v9
train/plastic/augv9_plastic_train_aug_025_bright_warm.jpg,train,plastic,1,generated_augmentation,plastic/dc34a99f-d23b-4725-b222-0b0bf853e536.jpg,dc34a99f-d23b-4725-b222-0b0bf853e536,augmented_v9/plastic/dc34a99f-d23b-4725-b222-0b0bf853e536,plastic_bottle,bright_warm,False,f008c9a8ff72fd7e8e14201c75452d8a45a91226a69afa35169c003c51e1e359,e3b8ed7519d927454d6fa363379deac752a20420ec68b9062d0f685c4b933f77,320,240,augmented_v9
train/plastic/augv9_plastic_train_aug_026_cool_cast.jpg,train,plastic,1,generated_augmentation,plastic/b4ca0803-1367-4347-82fb-a029c4f08bc1.jpg,b4ca0803-1367-4347-82fb-a029c4f08bc1,augmented_v9/plastic/b4ca0803-1367-4347-82fb-a029c4f08bc1,plastic_bottle,cool_cast,False,dad1966747f2459fb281bf48b7bdb91d68d7c79422f89caf74eec2f9eeb048e2,20d18bbce35df27809a12273348ed7457165e9be125cf0e4adcb0e9cb533f2a0,320,240,augmented_v9
train/plastic/augv9_plastic_train_aug_027_sensor_noise.jpg,train,plastic,1,generated_augmentation,plastic/9184b7f9-df02-436d-ba3d-50cf44f369ac.jpg,9184b7f9-df02-436d-ba3d-50cf44f369ac,augmented_v9/plastic/9184b7f9-df02-436d-ba3d-50cf44f369ac,plastic_bottle,sensor_noise,False,441a62eb826f47b15927193d55c7a9c148fd719f1bcf5629dc0916e3d13deb97,5962d1ff1172fa4ea379eb4a39b9b64a9a0ca9464fd0aeba2fdb447f02b619ed,320,240,augmented_v9
train/plastic/augv9_plastic_train_aug_028_soft_focus_scale.jpg,train,plastic,1,generated_augmentation,plastic/24071e66-9fad-4962-9097-b99cd571913f.jpg,24071e66-9fad-4962-9097-b99cd571913f,augmented_v9/plastic/24071e66-9fad-4962-9097-b99cd571913f,plastic_bottle,soft_focus_scale,False,51bc62380944721d6012b2c449c1ee6d20668c7e806a6e2518711aa91493de9b,b32bc46d68f9802229f2bb884509fd9de56ff182effb1eff884769d0cf53e82d,320,240,augmented_v9
train/plastic/augv9_plastic_train_aug_029_v9_color_noise.jpg,train,plastic,1,generated_augmentation,plastic/6aa83614-a438-45fd-9ca8-ec4e346a6839.jpg,6aa83614-a438-45fd-9ca8-ec4e346a6839,augmented_v9/plastic/6aa83614-a438-45fd-9ca8-ec4e346a6839,plastic_bottle,v9_color_noise,False,c58dd181b1666b00eb241f9fe18dc09a0aedf6f58ec7bdbc149f38e591ccca5d,d783d6469d3876b1d032a4cf5e3d06e6bd020d7111bd733da09576fa4e13c58a,320,240,augmented_v9
train/plastic/augv9_plastic_train_aug_030_rotate_zoom.jpg,train,plastic,1,generated_augmentation,plastic/33828efa-4dba-4a74-8e35-91a16d6fcc9f.jpg,33828efa-4dba-4a74-8e35-91a16d6fcc9f,augmented_v9/plastic/33828efa-4dba-4a74-8e35-91a16d6fcc9f,plastic_bottle,rotate_zoom,False,216f5443d956f404ad452d4628a4f546b48e0e9392eb12f2bac2215d35dbab81,2a98ab798a1d135974a5bfb4080ce69ba1144e529cbea9b98a4fdff28f9d039b,320,240,augmented_v9
train/plastic/augv9_plastic_train_aug_031_low_light_blur.jpg,train,plastic,1,generated_augmentation,plastic/452d2422-0142-41bd-9144-9f43ad82fcb2.jpg,452d2422-0142-41bd-9144-9f43ad82fcb2,augmented_v9/plastic/452d2422-0142-41bd-9144-9f43ad82fcb2,plastic_bottle,low_light_blur,False,5bee2134e24d6fe4ef694f897a1bda0ab4926b708eb2f35b636f8c01fde25d6e,48e6ac9ca992a37c137c883f643df37b80896df9c115a0706c7d8566fb7e77b0,320,240,augmented_v9
train/plastic/augv9_plastic_train_aug_032_bright_warm.jpg,train,plastic,1,generated_augmentation,plastic/ff7a19d6-c1f2-438f-b7d3-9b1990963d2d.jpg,ff7a19d6-c1f2-438f-b7d3-9b1990963d2d,augmented_v9/plastic/ff7a19d6-c1f2-438f-b7d3-9b1990963d2d,plastic_bottle,bright_warm,False,a75f7c9b7295ed2100d698e2159215166e961263feb6398992dbfbb83a4a27e0,9816649af476d9556908edcdf3f68b275fcc2c29952b0b0fbf8e6f0bf6db2398,320,240,augmented_v9
train/plastic/augv9_plastic_train_aug_033_cool_cast.jpg,train,plastic,1,generated_augmentation,plastic/2118a584-485e-46d8-ae18-262b8b7cf11a.jpg,2118a584-485e-46d8-ae18-262b8b7cf11a,augmented_v9/plastic/2118a584-485e-46d8-ae18-262b8b7cf11a,plastic_bottle,cool_cast,False,dcc15ee03709f790fb553da4a14a028d098f7b8970c92ff103fcb79dcef57b3d,9b2686d8a88adeb7e0bb24a3df97db87f62652c91812a39d382fc7a6cca6d300,320,240,augmented_v9
train/plastic/augv9_plastic_train_aug_034_sensor_noise.jpg,train,plastic,1,generated_augmentation,plastic/dbbb8d63-b989-4f0b-b66a-9cc42f278b7f.jpg,dbbb8d63-b989-4f0b-b66a-9cc42f278b7f,augmented_v9/plastic/dbbb8d63-b989-4f0b-b66a-9cc42f278b7f,plastic_bottle,sensor_noise,False,96b5049bb2624b907ad6b00557315c2fbd872507d777edf48a6a8b1c9d597d7c,df6fd0ca71bcc35a83fe2941cc2173863f7426944de8089e0ac0967924ebca13,320,240,augmented_v9
train/plastic/augv9_plastic_train_aug_035_soft_focus_scale.jpg,train,plastic,1,generated_augmentation,plastic/eab0f090-735d-4db0-b430-99d673597039.jpg,eab0f090-735d-4db0-b430-99d673597039,augmented_v9/plastic/eab0f090-735d-4db0-b430-99d673597039,plastic_bottle,soft_focus_scale,False,89d7ab91c0e446f00effac94fb882185498bb082f8aea69b76cc0e26ee4b17f6,ebab8a4bd412fb14911ec726c39fcaa22a547427c3ac4bc2a4158f3489dbe3b4,320,240,augmented_v9
train/plastic/augv9_plastic_train_aug_036_v9_color_noise.jpg,train,plastic,1,generated_augmentation,plastic/72591b70-ec20-4240-96dc-ce5ccb4387e3.jpg,72591b70-ec20-4240-96dc-ce5ccb4387e3,augmented_v9/plastic/72591b70-ec20-4240-96dc-ce5ccb4387e3,plastic_bottle,v9_color_noise,False,033aa1eee848ce8bf36354e4c04377c0f4f3d666d4a61608c620af4778aad4d3,35e180cfc1b181c1a336aed2e147db7eb026007ac1a7ebd89f3df146d8b67f8a,320,240,augmented_v9
train/plastic/augv9_plastic_train_aug_037_rotate_zoom.jpg,train,plastic,1,generated_augmentation,plastic/6f1441cc-933b-4c05-821b-2edc26351c1e.jpg,6f1441cc-933b-4c05-821b-2edc26351c1e,augmented_v9/plastic/6f1441cc-933b-4c05-821b-2edc26351c1e,plastic_bottle,rotate_zoom,False,128bb242ee9ed7ddfee889e9d504c70c2d1bede6504baaceff6d3b33145b5bd9,1d52a22862bcd3c1190a8e58b61fd976c924ddeeefff1cb7ce0cf403d20eb1ea,320,240,augmented_v9
train/plastic/augv9_plastic_train_aug_038_low_light_blur.jpg,train,plastic,1,generated_augmentation,plastic/72bb7b1c-11e0-4a75-bc48-f0d75a511015.jpg,72bb7b1c-11e0-4a75-bc48-f0d75a511015,augmented_v9/plastic/72bb7b1c-11e0-4a75-bc48-f0d75a511015,plastic_bottle,low_light_blur,False,a1b8adf0b62c453cfbd030bce0e2d0770a50ee7b4d4b62bd43963163cd3bb2db,575ccaa6ff78d78fed7a02735f80d642b049c49e80c2d30bcb0aba366adbdc0b,320,240,augmented_v9
train/plastic/augv9_plastic_train_aug_039_bright_warm.jpg,train,plastic,1,generated_augmentation,plastic/68a1c345-6540-4b93-a842-5a95aa252f91.jpg,68a1c345-6540-4b93-a842-5a95aa252f91,augmented_v9/plastic/68a1c345-6540-4b93-a842-5a95aa252f91,plastic_bottle,bright_warm,False,804bd9df910985b2a071fe431e98854e40752449ac8bfd5966222c698c17ecee,79340b20cdfc481256b498527f762161f6c93303c6f603c42bc8df12e4af2a81,320,240,augmented_v9
train/plastic/augv9_plastic_train_aug_040_cool_cast.jpg,train,plastic,1,generated_augmentation,plastic/50d1fc10-d6bd-4b6b-a6a1-faff943e4a0a.jpg,50d1fc10-d6bd-4b6b-a6a1-faff943e4a0a,augmented_v9/plastic/50d1fc10-d6bd-4b6b-a6a1-faff943e4a0a,plastic_bottle,cool_cast,False,9ea22d58cd8ce972dab65765af9f92002fd2bac79f46b024fa312d5873fae334,00a98ac34aa442b73f32d20e27fca0ad366edeab891ee6e9fdea0fe58870e04f,320,240,augmented_v9
train/plastic/augv9_plastic_train_aug_041_sensor_noise.jpg,train,plastic,1,generated_augmentation,plastic/96f7fb79-54b9-4269-9712-dcd543fb38dd.jpg,96f7fb79-54b9-4269-9712-dcd543fb38dd,augmented_v9/plastic/96f7fb79-54b9-4269-9712-dcd543fb38dd,plastic_bottle,sensor_noise,False,0c665cdd459654bc46d962637ec44f621eaa49775c607a64636f127f62fc4242,22c6749fcc98199cf21b7944367a0bf04a88be35dfa3673f3057ea64faa87017,320,240,augmented_v9
train/plastic/augv9_plastic_train_aug_042_soft_focus_scale.jpg,train,plastic,1,generated_augmentation,plastic/f879b907-4010-433a-bd63-27062b7ae7c6.jpg,f879b907-4010-433a-bd63-27062b7ae7c6,augmented_v9/plastic/f879b907-4010-433a-bd63-27062b7ae7c6,plastic_bottle,soft_focus_scale,False,254ba4eab61a78c5bcc38dada96711f19d2f0f6e4e56dc6b0cd36e3efaabd8e2,acadde290c63a0390a2fc34396e017589599cc29e3c631d074f7c7886abd2be2,320,240,augmented_v9
train/plastic/augv9_plastic_train_aug_043_v9_color_noise.jpg,train,plastic,1,generated_augmentation,plastic/9b24a51d-8349-4eb8-883a-56670864fe25.jpg,9b24a51d-8349-4eb8-883a-56670864fe25,augmented_v9/plastic/9b24a51d-8349-4eb8-883a-56670864fe25,plastic_bottle,v9_color_noise,False,b0855ab2423c44f166788bbe024bd099626304eaa887b4c38b99652b89109598,a57b3174eaff370737b4463c865896f61933a9b8a03df58f4d881ae02d874935,320,240,augmented_v9
train/plastic/augv9_plastic_train_aug_044_rotate_zoom.jpg,train,plastic,1,generated_augmentation,plastic/e50f7aba-3d3f-4ead-8521-9b01bbceb8d9.jpg,e50f7aba-3d3f-4ead-8521-9b01bbceb8d9,augmented_v9/plastic/e50f7aba-3d3f-4ead-8521-9b01bbceb8d9,plastic_bottle,rotate_zoom,False,f8e701d8081c5689fba76a720f8c6c712477609b9efa363c10eeca2711083794,671785e95598e414e7bbc44d3906466416ee77ff433a22d715304e2dc63167d1,320,240,augmented_v9
train/plastic/augv9_plastic_train_aug_045_low_light_blur.jpg,train,plastic,1,generated_augmentation,plastic/40bd6de7-f23a-41c3-9a9f-2d96d3883649.jpg,40bd6de7-f23a-41c3-9a9f-2d96d3883649,augmented_v9/plastic/40bd6de7-f23a-41c3-9a9f-2d96d3883649,plastic_bottle,low_light_blur,False,c50476035bb69c0ed52121513e7e3824046da6be45b5ae55c264ca79a41799ed,bcfeb7e9e399615cd1ca0059b08337e20da12cb9215618a094a9a21cee39ecb9,320,240,augmented_v9
train/plastic/augv9_plastic_train_aug_046_bright_warm.jpg,train,plastic,1,generated_augmentation,plastic/e6b75e5a-e089-421b-905b-5e0f3d0e512a.jpg,e6b75e5a-e089-421b-905b-5e0f3d0e512a,augmented_v9/plastic/e6b75e5a-e089-421b-905b-5e0f3d0e512a,plastic_bottle,bright_warm,False,6cd425cfd7c7881d0c01b4d339e0c9a72a698e7f8229c203c48cef0ce1b134e8,e5110884b7be7ad48a361087f8f40b13c91a60b14e55a83c9b615e943a1ab9bd,320,240,augmented_v9
train/plastic/augv9_plastic_train_aug_047_cool_cast.jpg,train,plastic,1,generated_augmentation,plastic/6bb14734-8d8a-4f75-956e-97a8638b50b6.jpg,6bb14734-8d8a-4f75-956e-97a8638b50b6,augmented_v9/plastic/6bb14734-8d8a-4f75-956e-97a8638b50b6,plastic_bottle,cool_cast,False,37ef8886253317028fc10060552b666715be99f10c5fd5700612cd59d236c1c3,3f9bb35465ce2b88b8f60a33a01029a0c4e7f530d34f3fe0556deeae4c7a3b10,320,240,augmented_v9
train/plastic/augv9_plastic_train_aug_048_sensor_noise.jpg,train,plastic,1,generated_augmentation,plastic/7a629096-8f2d-414c-8ea7-1e18fcbeb59c.jpg,7a629096-8f2d-414c-8ea7-1e18fcbeb59c,augmented_v9/plastic/7a629096-8f2d-414c-8ea7-1e18fcbeb59c,plastic_bottle,sensor_noise,False,bd52369a7db15d5a46a8655270b01459a43cd2cc8db70a96afa2941379c81993,58d748350c7325680afe8e6a4db71f3fc51c10b6f92a05e639bf00dc76cb348e,320,240,augmented_v9
train/plastic/augv9_plastic_train_aug_049_soft_focus_scale.jpg,train,plastic,1,generated_augmentation,plastic/ad8dbdbc-f95a-42dc-95ad-e567d1eca200.jpg,ad8dbdbc-f95a-42dc-95ad-e567d1eca200,augmented_v9/plastic/ad8dbdbc-f95a-42dc-95ad-e567d1eca200,plastic_bottle,soft_focus_scale,False,ecab9c9d35a3d501cb928d5cefbdbf54ebcb53937c1f08331e73fb975c05b8b5,b0c0471fb819a2d5c0669e83685e775fefd0e8e1ed4050ca06c2d213cd5bea8c,320,240,augmented_v9
train/plastic/augv9_plastic_train_aug_050_v9_color_noise.jpg,train,plastic,1,generated_augmentation,plastic/dd279e87-5e91-4ed2-bb99-281b855da4c3.jpg,dd279e87-5e91-4ed2-bb99-281b855da4c3,augmented_v9/plastic/dd279e87-5e91-4ed2-bb99-281b855da4c3,plastic_bottle,v9_color_noise,False,a4c6da63cedba5c1cbf04c659142288a2496c44895efda0f6a5fb9c55d767b5d,54d7affe38289cd0792ebb9b1eaae5cea9e9e5856dfe1274d0b1e88c4c615cc8,320,240,augmented_v9
train/plastic/augv9_plastic_train_aug_051_rotate_zoom.jpg,train,plastic,1,generated_augmentation,plastic/d61ce994-23b3-4d1e-8c24-e90ef6aa15de.jpg,d61ce994-23b3-4d1e-8c24-e90ef6aa15de,augmented_v9/plastic/d61ce994-23b3-4d1e-8c24-e90ef6aa15de,plastic_bottle,rotate_zoom,False,2b821080ede27767e6c4a90c61a90c5c7b1be9f650304fe2bc169896b0579126,b4e40471c7bdcd1bbf17b677d744b0bdde3d58a0b978c64d20184c6c6ea747e3,320,240,augmented_v9
train/plastic/augv9_plastic_train_aug_052_low_light_blur.jpg,train,plastic,1,generated_augmentation,plastic/4c5909a4-a9e8-4c99-a1ac-73b8937f56d7.jpg,4c5909a4-a9e8-4c99-a1ac-73b8937f56d7,augmented_v9/plastic/4c5909a4-a9e8-4c99-a1ac-73b8937f56d7,plastic_bottle,low_light_blur,False,0100fc3494326bace3e2b9553400d4e9c2faee7a7f4e3f6f763576949dad6a67,c3a8f5fde9ab0cd7dcd5b522a874897c466d1724076325e7686ca236a2b1b790,320,240,augmented_v9
train/plastic/augv9_plastic_train_aug_053_bright_warm.jpg,train,plastic,1,generated_augmentation,plastic/5d7b84e1-7787-4663-a9af-5ed3b576538a.jpg,5d7b84e1-7787-4663-a9af-5ed3b576538a,augmented_v9/plastic/5d7b84e1-7787-4663-a9af-5ed3b576538a,plastic_bottle,bright_warm,False,d3b95c4e220e96d7f09f62ed4c1beaf2557f79d41527dae55ab23237cfb6054f,a34893fd693bee519c2c33106961d31fae2dbf754bd615116a404136109510f3,320,240,augmented_v9
train/plastic/augv9_plastic_train_aug_054_cool_cast.jpg,train,plastic,1,generated_augmentation,plastic/dc34a99f-d23b-4725-b222-0b0bf853e536.jpg,dc34a99f-d23b-4725-b222-0b0bf853e536,augmented_v9/plastic/dc34a99f-d23b-4725-b222-0b0bf853e536,plastic_bottle,cool_cast,False,2cb8e66ff0522a67e2e6eec6bd19be70f585b922993a0e32c3b8fd1aadbc696b,e3b8ed7519d927454d6fa363379deac752a20420ec68b9062d0f685c4b933f77,320,240,augmented_v9
train/plastic/augv9_plastic_train_aug_055_sensor_noise.jpg,train,plastic,1,generated_augmentation,plastic/b4ca0803-1367-4347-82fb-a029c4f08bc1.jpg,b4ca0803-1367-4347-82fb-a029c4f08bc1,augmented_v9/plastic/b4ca0803-1367-4347-82fb-a029c4f08bc1,plastic_bottle,sensor_noise,False,7d8f62a0a05cc31ec3afe2aa0a0bb117ff7095cb25abd0a0b3ace48dcb1e117d,20d18bbce35df27809a12273348ed7457165e9be125cf0e4adcb0e9cb533f2a0,320,240,augmented_v9
train/plastic/augv9_plastic_train_aug_056_soft_focus_scale.jpg,train,plastic,1,generated_augmentation,plastic/9184b7f9-df02-436d-ba3d-50cf44f369ac.jpg,9184b7f9-df02-436d-ba3d-50cf44f369ac,augmented_v9/plastic/9184b7f9-df02-436d-ba3d-50cf44f369ac,plastic_bottle,soft_focus_scale,False,d393023550c073c7fc06deec4d76491b89bdec15fc24c04c26fbeacfe676038f,5962d1ff1172fa4ea379eb4a39b9b64a9a0ca9464fd0aeba2fdb447f02b619ed,320,240,augmented_v9
train/plastic/augv9_plastic_train_aug_057_v9_color_noise.jpg,train,plastic,1,generated_augmentation,plastic/24071e66-9fad-4962-9097-b99cd571913f.jpg,24071e66-9fad-4962-9097-b99cd571913f,augmented_v9/plastic/24071e66-9fad-4962-9097-b99cd571913f,plastic_bottle,v9_color_noise,False,56530378608748ad520ada639974603e31b9f4222b167a65ffcab7363b3dacc1,b32bc46d68f9802229f2bb884509fd9de56ff182effb1eff884769d0cf53e82d,320,240,augmented_v9
train/plastic/augv9_plastic_train_aug_058_rotate_zoom.jpg,train,plastic,1,generated_augmentation,plastic/6aa83614-a438-45fd-9ca8-ec4e346a6839.jpg,6aa83614-a438-45fd-9ca8-ec4e346a6839,augmented_v9/plastic/6aa83614-a438-45fd-9ca8-ec4e346a6839,plastic_bottle,rotate_zoom,False,b18cb082b2ce9efeb892dec11f9b9189a47a96cdf47ac1dcba00f699bab2b486,d783d6469d3876b1d032a4cf5e3d06e6bd020d7111bd733da09576fa4e13c58a,320,240,augmented_v9
train/plastic/augv9_plastic_train_aug_059_low_light_blur.jpg,train,plastic,1,generated_augmentation,plastic/33828efa-4dba-4a74-8e35-91a16d6fcc9f.jpg,33828efa-4dba-4a74-8e35-91a16d6fcc9f,augmented_v9/plastic/33828efa-4dba-4a74-8e35-91a16d6fcc9f,plastic_bottle,low_light_blur,False,9253a3b9c8ce8103652adf455ba21709d6c5fc6556ef1051f592ac4fe6dd1878,2a98ab798a1d135974a5bfb4080ce69ba1144e529cbea9b98a4fdff28f9d039b,320,240,augmented_v9
train/plastic/augv9_plastic_train_aug_060_bright_warm.jpg,train,plastic,1,generated_augmentation,plastic/452d2422-0142-41bd-9144-9f43ad82fcb2.jpg,452d2422-0142-41bd-9144-9f43ad82fcb2,augmented_v9/plastic/452d2422-0142-41bd-9144-9f43ad82fcb2,plastic_bottle,bright_warm,False,8e8a771970eba292b1f4657f05df10f71e9270fc23c38d4ee6f9d11b8af648bc,48e6ac9ca992a37c137c883f643df37b80896df9c115a0706c7d8566fb7e77b0,320,240,augmented_v9
train/plastic/augv9_plastic_train_aug_061_cool_cast.jpg,train,plastic,1,generated_augmentation,plastic/ff7a19d6-c1f2-438f-b7d3-9b1990963d2d.jpg,ff7a19d6-c1f2-438f-b7d3-9b1990963d2d,augmented_v9/plastic/ff7a19d6-c1f2-438f-b7d3-9b1990963d2d,plastic_bottle,cool_cast,False,74e0cebbf7769c98f9fdee68f8af85c4d8d76aaa89b75d9c4c777c74e0f8056b,9816649af476d9556908edcdf3f68b275fcc2c29952b0b0fbf8e6f0bf6db2398,320,240,augmented_v9
train/plastic/augv9_plastic_train_aug_062_sensor_noise.jpg,train,plastic,1,generated_augmentation,plastic/2118a584-485e-46d8-ae18-262b8b7cf11a.jpg,2118a584-485e-46d8-ae18-262b8b7cf11a,augmented_v9/plastic/2118a584-485e-46d8-ae18-262b8b7cf11a,plastic_bottle,sensor_noise,False,e911ab479454daf153bdd112498138b7034ec67648e41a9586e0104dab1f90c1,9b2686d8a88adeb7e0bb24a3df97db87f62652c91812a39d382fc7a6cca6d300,320,240,augmented_v9
train/plastic/augv9_plastic_train_aug_063_soft_focus_scale.jpg,train,plastic,1,generated_augmentation,plastic/dbbb8d63-b989-4f0b-b66a-9cc42f278b7f.jpg,dbbb8d63-b989-4f0b-b66a-9cc42f278b7f,augmented_v9/plastic/dbbb8d63-b989-4f0b-b66a-9cc42f278b7f,plastic_bottle,soft_focus_scale,False,49cae257c33212ee9a43fa5aaf8aca6de2e2c1eb032dcbbdf9b988922106de21,df6fd0ca71bcc35a83fe2941cc2173863f7426944de8089e0ac0967924ebca13,320,240,augmented_v9
train/plastic/augv9_plastic_train_aug_064_v9_color_noise.jpg,train,plastic,1,generated_augmentation,plastic/eab0f090-735d-4db0-b430-99d673597039.jpg,eab0f090-735d-4db0-b430-99d673597039,augmented_v9/plastic/eab0f090-735d-4db0-b430-99d673597039,plastic_bottle,v9_color_noise,False,28d90b526b754f5514c9ad189fdfb7344ce2e01bcdc7672b46970a20b410974f,ebab8a4bd412fb14911ec726c39fcaa22a547427c3ac4bc2a4158f3489dbe3b4,320,240,augmented_v9
train/plastic/augv9_plastic_train_aug_065_rotate_zoom.jpg,train,plastic,1,generated_augmentation,plastic/72591b70-ec20-4240-96dc-ce5ccb4387e3.jpg,72591b70-ec20-4240-96dc-ce5ccb4387e3,augmented_v9/plastic/72591b70-ec20-4240-96dc-ce5ccb4387e3,plastic_bottle,rotate_zoom,False,ce8a2b8095df8cc12ceda90af691675544d779269e2d498c33b77d4124ec0901,35e180cfc1b181c1a336aed2e147db7eb026007ac1a7ebd89f3df146d8b67f8a,320,240,augmented_v9
train/plastic/augv9_plastic_train_aug_066_low_light_blur.jpg,train,plastic,1,generated_augmentation,plastic/6f1441cc-933b-4c05-821b-2edc26351c1e.jpg,6f1441cc-933b-4c05-821b-2edc26351c1e,augmented_v9/plastic/6f1441cc-933b-4c05-821b-2edc26351c1e,plastic_bottle,low_light_blur,False,cf06d13c0f417f862a9f505a2fccfa3c4b5b7580a5f3d3a1faca1a6f99d37a40,1d52a22862bcd3c1190a8e58b61fd976c924ddeeefff1cb7ce0cf403d20eb1ea,320,240,augmented_v9
train/plastic/augv9_plastic_train_aug_067_bright_warm.jpg,train,plastic,1,generated_augmentation,plastic/72bb7b1c-11e0-4a75-bc48-f0d75a511015.jpg,72bb7b1c-11e0-4a75-bc48-f0d75a511015,augmented_v9/plastic/72bb7b1c-11e0-4a75-bc48-f0d75a511015,plastic_bottle,bright_warm,False,14ba9c6b79543508e35431f86a7d7fe9206a2becd5913686faec1d59dbf7e1ab,575ccaa6ff78d78fed7a02735f80d642b049c49e80c2d30bcb0aba366adbdc0b,320,240,augmented_v9
train/plastic/augv9_plastic_train_aug_068_cool_cast.jpg,train,plastic,1,generated_augmentation,plastic/68a1c345-6540-4b93-a842-5a95aa252f91.jpg,68a1c345-6540-4b93-a842-5a95aa252f91,augmented_v9/plastic/68a1c345-6540-4b93-a842-5a95aa252f91,plastic_bottle,cool_cast,False,7314299f31035eceb739b92868f944e1f574d15219acacdd325faac7c7f79db9,79340b20cdfc481256b498527f762161f6c93303c6f603c42bc8df12e4af2a81,320,240,augmented_v9
train/plastic/augv9_plastic_train_aug_069_sensor_noise.jpg,train,plastic,1,generated_augmentation,plastic/50d1fc10-d6bd-4b6b-a6a1-faff943e4a0a.jpg,50d1fc10-d6bd-4b6b-a6a1-faff943e4a0a,augmented_v9/plastic/50d1fc10-d6bd-4b6b-a6a1-faff943e4a0a,plastic_bottle,sensor_noise,False,b854bec656c10ae2036600abd37858327406441ec419f4b35f2b47033ba46ca6,00a98ac34aa442b73f32d20e27fca0ad366edeab891ee6e9fdea0fe58870e04f,320,240,augmented_v9
train/plastic/augv9_plastic_train_aug_070_soft_focus_scale.jpg,train,plastic,1,generated_augmentation,plastic/96f7fb79-54b9-4269-9712-dcd543fb38dd.jpg,96f7fb79-54b9-4269-9712-dcd543fb38dd,augmented_v9/plastic/96f7fb79-54b9-4269-9712-dcd543fb38dd,plastic_bottle,soft_focus_scale,False,5a7d2ba1a95f1c6423f82275a4e034161fbb17adba077da9f86f98ed73cb41a6,22c6749fcc98199cf21b7944367a0bf04a88be35dfa3673f3057ea64faa87017,320,240,augmented_v9
train/plastic/augv9_plastic_train_aug_071_v9_color_noise.jpg,train,plastic,1,generated_augmentation,plastic/f879b907-4010-433a-bd63-27062b7ae7c6.jpg,f879b907-4010-433a-bd63-27062b7ae7c6,augmented_v9/plastic/f879b907-4010-433a-bd63-27062b7ae7c6,plastic_bottle,v9_color_noise,False,367a00173d1ecceebcb07a4bd1ffce29d46990b98a7bc1111f5572e16409c136,acadde290c63a0390a2fc34396e017589599cc29e3c631d074f7c7886abd2be2,320,240,augmented_v9
train/plastic/augv9_plastic_train_existing_aug_001.jpg,train,plastic,1,existing_augmentation,plastic/plastic_016__aug_v2_01.jpg,plastic_016,augmented_v9/plastic/plastic_016,plastic_film_or_bag,none,False,8fff348274e3fd6dd6eec3787c37c76c19c581c8fd4e78fd50176baeb7db974c,8fff348274e3fd6dd6eec3787c37c76c19c581c8fd4e78fd50176baeb7db974c,320,240,augmented_v9
train/plastic/augv9_plastic_train_existing_aug_002.jpg,train,plastic,1,existing_augmentation,plastic/plastic_016__aug_v2_02.jpg,plastic_016,augmented_v9/plastic/plastic_016,plastic_film_or_bag,none,False,2c4589e09f73cde5da2476b6a2311eff412cb66d2dd7101b00c104d5bb547633,2c4589e09f73cde5da2476b6a2311eff412cb66d2dd7101b00c104d5bb547633,320,240,augmented_v9
train/plastic/augv9_plastic_train_existing_aug_003.jpg,train,plastic,1,existing_augmentation,plastic/plastic_016__aug_v2_03.jpg,plastic_016,augmented_v9/plastic/plastic_016,plastic_film_or_bag,none,False,0405a766e3dc127a52c3007adcc1a148e84d68db8a20f14722332697afd31b54,0405a766e3dc127a52c3007adcc1a148e84d68db8a20f14722332697afd31b54,320,240,augmented_v9
train/plastic/augv9_plastic_train_existing_aug_004.jpg,train,plastic,1,existing_augmentation,plastic/plastic_016__aug_v2_04.jpg,plastic_016,augmented_v9/plastic/plastic_016,plastic_film_or_bag,none,False,4e2211135bdb53bcc105f1344e5a7520450b97b54c0a125db744e329f32ee6ef,4e2211135bdb53bcc105f1344e5a7520450b97b54c0a125db744e329f32ee6ef,320,240,augmented_v9
train/plastic/augv9_plastic_train_existing_aug_005.jpg,train,plastic,1,existing_augmentation,plastic/plastic_016__aug_v2_05.jpg,plastic_016,augmented_v9/plastic/plastic_016,plastic_film_or_bag,none,False,3542d1936501b1c34104fc74e0e45bebfc30f902872929588a26eb1bb9920d1a,3542d1936501b1c34104fc74e0e45bebfc30f902872929588a26eb1bb9920d1a,320,240,augmented_v9
train/plastic/augv9_plastic_train_existing_aug_006.jpg,train,plastic,1,existing_augmentation,plastic/plastic_016__aug_v2_06.jpg,plastic_016,augmented_v9/plastic/plastic_016,plastic_film_or_bag,none,False,13087ead3a1777a5dac1ce9078146b8bb33e8eb535e59fdde20f70d0b2742625,13087ead3a1777a5dac1ce9078146b8bb33e8eb535e59fdde20f70d0b2742625,320,240,augmented_v9
train/plastic/augv9_plastic_train_existing_aug_007.jpg,train,plastic,1,existing_augmentation,plastic/plastic_016__aug_v2_07.jpg,plastic_016,augmented_v9/plastic/plastic_016,plastic_film_or_bag,none,False,66e4687cf8d277ecbc495a5c315d9c8f063c779768bc4faeb24a53fdf4595155,66e4687cf8d277ecbc495a5c315d9c8f063c779768bc4faeb24a53fdf4595155,320,240,augmented_v9
train/plastic/augv9_plastic_train_existing_aug_008.jpg,train,plastic,1,existing_augmentation,plastic/plastic_016__aug_v2_08.jpg,plastic_016,augmented_v9/plastic/plastic_016,plastic_film_or_bag,none,False,bcbc2c083e065849b0fd04b98a0338138844dcca79cebdb7326917147a67dc7f,bcbc2c083e065849b0fd04b98a0338138844dcca79cebdb7326917147a67dc7f,320,240,augmented_v9
train/plastic/augv9_plastic_train_existing_aug_009.jpg,train,plastic,1,existing_augmentation,plastic/plastic_016__aug_v2_09.jpg,plastic_016,augmented_v9/plastic/plastic_016,plastic_film_or_bag,none,False,be2fd487669cba87c1e08462b930a5bcc6a3bd25e85bd6a9005b9603aa16bc1a,be2fd487669cba87c1e08462b930a5bcc6a3bd25e85bd6a9005b9603aa16bc1a,320,240,augmented_v9
train/plastic/augv9_plastic_train_existing_aug_010.jpg,train,plastic,1,existing_augmentation,plastic/plastic_017__aug_v2_01.jpg,plastic_017,augmented_v9/plastic/plastic_017,plastic_film_or_bag,none,False,093009c539a3aff2de0c6a96ea3d799e81c9c4886e31a0755750a3a7d77dd7ea,093009c539a3aff2de0c6a96ea3d799e81c9c4886e31a0755750a3a7d77dd7ea,320,240,augmented_v9
train/plastic/augv9_plastic_train_existing_aug_011.jpg,train,plastic,1,existing_augmentation,plastic/plastic_017__aug_v2_02.jpg,plastic_017,augmented_v9/plastic/plastic_017,plastic_film_or_bag,none,False,e0eb5e9892c0f218d86ab55a449a0dae21b959bd6a0e9a2dd2f44818548cc938,e0eb5e9892c0f218d86ab55a449a0dae21b959bd6a0e9a2dd2f44818548cc938,320,240,augmented_v9
train/plastic/augv9_plastic_train_existing_aug_012.jpg,train,plastic,1,existing_augmentation,plastic/plastic_017__aug_v2_03.jpg,plastic_017,augmented_v9/plastic/plastic_017,plastic_film_or_bag,none,False,14a2bb9460bbcfc27f7da369361b3d7a3530e77f90434f4e8f3097335d13a723,14a2bb9460bbcfc27f7da369361b3d7a3530e77f90434f4e8f3097335d13a723,320,240,augmented_v9
train/plastic/augv9_plastic_train_existing_aug_013.jpg,train,plastic,1,existing_augmentation,plastic/plastic_017__aug_v2_04.jpg,plastic_017,augmented_v9/plastic/plastic_017,plastic_film_or_bag,none,False,586f253305810df2a3dfd6318b9a41c2ba76e2b53d6963d1245509b16a6d84f5,586f253305810df2a3dfd6318b9a41c2ba76e2b53d6963d1245509b16a6d84f5,320,240,augmented_v9
train/plastic/augv9_plastic_train_existing_aug_014.jpg,train,plastic,1,existing_augmentation,plastic/plastic_017__aug_v2_05.jpg,plastic_017,augmented_v9/plastic/plastic_017,plastic_film_or_bag,none,False,1c3a8d072f32de915356b729d7eca7ab24ce0f1a12e197fbd7e140b989e6460f,1c3a8d072f32de915356b729d7eca7ab24ce0f1a12e197fbd7e140b989e6460f,320,240,augmented_v9
train/plastic/augv9_plastic_train_existing_aug_015.jpg,train,plastic,1,existing_augmentation,plastic/plastic_017__aug_v2_06.jpg,plastic_017,augmented_v9/plastic/plastic_017,plastic_film_or_bag,none,False,4d4faada90e0487aa5c1d52f0056629739deed8d70e498104952ca5cf19142bd,4d4faada90e0487aa5c1d52f0056629739deed8d70e498104952ca5cf19142bd,320,240,augmented_v9
train/plastic/augv9_plastic_train_existing_aug_016.jpg,train,plastic,1,existing_augmentation,plastic/plastic_017__aug_v2_07.jpg,plastic_017,augmented_v9/plastic/plastic_017,plastic_film_or_bag,none,False,8378208d202070d88ef72784eb569dfd815ca89dd036ee1af1172e69beb056f8,8378208d202070d88ef72784eb569dfd815ca89dd036ee1af1172e69beb056f8,320,240,augmented_v9
train/plastic/augv9_plastic_train_existing_aug_017.jpg,train,plastic,1,existing_augmentation,plastic/plastic_017__aug_v2_08.jpg,plastic_017,augmented_v9/plastic/plastic_017,plastic_film_or_bag,none,False,b1d4591b417fbc56acd70c30712f78c74932d6a11d3ba89893958e4cba8c460a,b1d4591b417fbc56acd70c30712f78c74932d6a11d3ba89893958e4cba8c460a,320,240,augmented_v9
train/plastic/augv9_plastic_train_existing_aug_018.jpg,train,plastic,1,existing_augmentation,plastic/plastic_017__aug_v2_09.jpg,plastic_017,augmented_v9/plastic/plastic_017,plastic_film_or_bag,none,False,e926ada5730108460afbc6e7fa4f4df63d777d2563855a3986d3c38c6e099fa7,e926ada5730108460afbc6e7fa4f4df63d777d2563855a3986d3c38c6e099fa7,320,240,augmented_v9
train/plastic/augv9_plastic_train_existing_aug_019.jpg,train,plastic,1,existing_augmentation,plastic/plastic_018__aug_v2_01.jpg,plastic_018,augmented_v9/plastic/plastic_018,plastic_film_or_bag,none,False,7cf6640f3e8aa538efb77c6c2e04ae30696d93d177ad43acd714c79e47842dfa,7cf6640f3e8aa538efb77c6c2e04ae30696d93d177ad43acd714c79e47842dfa,320,240,augmented_v9
train/plastic/augv9_plastic_train_existing_aug_020.jpg,train,plastic,1,existing_augmentation,plastic/plastic_018__aug_v2_02.jpg,plastic_018,augmented_v9/plastic/plastic_018,plastic_film_or_bag,none,False,2c7413f76e8c7a0215005fad529c363899dff3f0a2fa6cdf7894734edb22d364,2c7413f76e8c7a0215005fad529c363899dff3f0a2fa6cdf7894734edb22d364,320,240,augmented_v9
train/plastic/augv9_plastic_train_existing_aug_021.jpg,train,plastic,1,existing_augmentation,plastic/plastic_018__aug_v2_03.jpg,plastic_018,augmented_v9/plastic/plastic_018,plastic_film_or_bag,none,False,c1603d5ed78ff087d280c15dd03741719dfc5ef4cbeca6e4e4a47d7f835cdbec,c1603d5ed78ff087d280c15dd03741719dfc5ef4cbeca6e4e4a47d7f835cdbec,320,240,augmented_v9
train/plastic/augv9_plastic_train_existing_aug_022.jpg,train,plastic,1,existing_augmentation,plastic/plastic_018__aug_v2_04.jpg,plastic_018,augmented_v9/plastic/plastic_018,plastic_film_or_bag,none,False,1270b65f2a19c1cacb0f192c88bf76f80977fca5bfd080eb9a1dd7e045634dfe,1270b65f2a19c1cacb0f192c88bf76f80977fca5bfd080eb9a1dd7e045634dfe,320,240,augmented_v9
train/plastic/augv9_plastic_train_existing_aug_023.jpg,train,plastic,1,existing_augmentation,plastic/plastic_018__aug_v2_05.jpg,plastic_018,augmented_v9/plastic/plastic_018,plastic_film_or_bag,none,False,b7670a44bade5e63881d44c315ed92c0b7cf38df3eedf81e84b4a01c932bff62,b7670a44bade5e63881d44c315ed92c0b7cf38df3eedf81e84b4a01c932bff62,320,240,augmented_v9
train/plastic/augv9_plastic_train_existing_aug_024.jpg,train,plastic,1,existing_augmentation,plastic/plastic_018__aug_v2_06.jpg,plastic_018,augmented_v9/plastic/plastic_018,plastic_film_or_bag,none,False,19dfb5535108824a40e3f2e62226c873301f300c1d73b84fde53f92df703598e,19dfb5535108824a40e3f2e62226c873301f300c1d73b84fde53f92df703598e,320,240,augmented_v9
train/plastic/augv9_plastic_train_existing_aug_025.jpg,train,plastic,1,existing_augmentation,plastic/plastic_018__aug_v2_07.jpg,plastic_018,augmented_v9/plastic/plastic_018,plastic_film_or_bag,none,False,6d441087919ee78c268135acf66f1b360efa4fdcfaca25d48f76a4bc033293e8,6d441087919ee78c268135acf66f1b360efa4fdcfaca25d48f76a4bc033293e8,320,240,augmented_v9
train/plastic/augv9_plastic_train_existing_aug_026.jpg,train,plastic,1,existing_augmentation,plastic/plastic_018__aug_v2_08.jpg,plastic_018,augmented_v9/plastic/plastic_018,plastic_film_or_bag,none,False,431047835f20c15b0293c4da4ac1ff9e088670cc7f06e60d8fb866e1279af163,431047835f20c15b0293c4da4ac1ff9e088670cc7f06e60d8fb866e1279af163,320,240,augmented_v9
train/plastic/augv9_plastic_train_existing_aug_027.jpg,train,plastic,1,existing_augmentation,plastic/plastic_018__aug_v2_09.jpg,plastic_018,augmented_v9/plastic/plastic_018,plastic_film_or_bag,none,False,778353e28e6ccd36040fe90031bceb893f3bdb7cc9787806fcf0eefb77e5bb09,778353e28e6ccd36040fe90031bceb893f3bdb7cc9787806fcf0eefb77e5bb09,320,240,augmented_v9
train/plastic/augv9_plastic_train_existing_aug_028.jpg,train,plastic,1,existing_augmentation,plastic/plastic_019__aug_v2_01.jpg,plastic_019,augmented_v9/plastic/plastic_019,plastic_film_or_bag,none,False,97c71a60aa116da6275db4d537e02a51990e88e51d1e2fabfb99595589b4b125,97c71a60aa116da6275db4d537e02a51990e88e51d1e2fabfb99595589b4b125,320,240,augmented_v9
train/plastic/augv9_plastic_train_existing_aug_029.jpg,train,plastic,1,existing_augmentation,plastic/plastic_019__aug_v2_02.jpg,plastic_019,augmented_v9/plastic/plastic_019,plastic_film_or_bag,none,False,a0a38fc1ab89bb0de218891493fbde72d2e72b0ce39d4408518f746a2cea0685,a0a38fc1ab89bb0de218891493fbde72d2e72b0ce39d4408518f746a2cea0685,320,240,augmented_v9
train/plastic/augv9_plastic_train_existing_aug_030.jpg,train,plastic,1,existing_augmentation,plastic/plastic_019__aug_v2_03.jpg,plastic_019,augmented_v9/plastic/plastic_019,plastic_film_or_bag,none,False,cb2b8f2976f6fa77c47250a1cc152bb4e218599445db0bb4a382e79a19fe801a,cb2b8f2976f6fa77c47250a1cc152bb4e218599445db0bb4a382e79a19fe801a,320,240,augmented_v9
train/plastic/augv9_plastic_train_existing_aug_031.jpg,train,plastic,1,existing_augmentation,plastic/plastic_019__aug_v2_04.jpg,plastic_019,augmented_v9/plastic/plastic_019,plastic_film_or_bag,none,False,7f3e8a427d2f58e1c27553ff6b971e13406e00c995145a0c48cce89350eef61c,7f3e8a427d2f58e1c27553ff6b971e13406e00c995145a0c48cce89350eef61c,320,240,augmented_v9
train/plastic/augv9_plastic_train_existing_aug_032.jpg,train,plastic,1,existing_augmentation,plastic/plastic_019__aug_v2_05.jpg,plastic_019,augmented_v9/plastic/plastic_019,plastic_film_or_bag,none,False,903f7187bf4e7bff8c46ad1bd212fcba39c33b7e8e2366637e6479182245661c,903f7187bf4e7bff8c46ad1bd212fcba39c33b7e8e2366637e6479182245661c,320,240,augmented_v9
train/plastic/augv9_plastic_train_existing_aug_033.jpg,train,plastic,1,existing_augmentation,plastic/plastic_019__aug_v2_06.jpg,plastic_019,augmented_v9/plastic/plastic_019,plastic_film_or_bag,none,False,c65cb48ecab00b5690b7d94d3f4a55995d6b4644a36f84b0cf7adc646e7b1ce3,c65cb48ecab00b5690b7d94d3f4a55995d6b4644a36f84b0cf7adc646e7b1ce3,320,240,augmented_v9
train/plastic/augv9_plastic_train_existing_aug_034.jpg,train,plastic,1,existing_augmentation,plastic/plastic_019__aug_v2_07.jpg,plastic_019,augmented_v9/plastic/plastic_019,plastic_film_or_bag,none,False,b05feed4af54795e2261b5177a9c9bea42b793bb2625a780c1c7e19d527a3e89,b05feed4af54795e2261b5177a9c9bea42b793bb2625a780c1c7e19d527a3e89,320,240,augmented_v9
train/plastic/augv9_plastic_train_existing_aug_035.jpg,train,plastic,1,existing_augmentation,plastic/plastic_019__aug_v2_08.jpg,plastic_019,augmented_v9/plastic/plastic_019,plastic_film_or_bag,none,False,f60ff584e5520fdcba486d856a6944468590195c5b717cabdac27f7ffb42ee4b,f60ff584e5520fdcba486d856a6944468590195c5b717cabdac27f7ffb42ee4b,320,240,augmented_v9
train/plastic/augv9_plastic_train_existing_aug_036.jpg,train,plastic,1,existing_augmentation,plastic/plastic_019__aug_v2_09.jpg,plastic_019,augmented_v9/plastic/plastic_019,plastic_film_or_bag,none,False,61868be3dd0a5790926214babec2d531ae4001c6e414ed63ef536a72e211b161,61868be3dd0a5790926214babec2d531ae4001c6e414ed63ef536a72e211b161,320,240,augmented_v9
train/plastic/augv9_plastic_train_existing_aug_037.jpg,train,plastic,1,existing_augmentation,plastic/plastic_020__aug_v2_01.jpg,plastic_020,augmented_v9/plastic/plastic_020,plastic_film_or_bag,none,False,f2a430214d8278135c5bc3444fc265344ce290014de8f5d8713cca5b91beaac7,f2a430214d8278135c5bc3444fc265344ce290014de8f5d8713cca5b91beaac7,320,240,augmented_v9
train/plastic/augv9_plastic_train_existing_aug_038.jpg,train,plastic,1,existing_augmentation,plastic/plastic_020__aug_v2_02.jpg,plastic_020,augmented_v9/plastic/plastic_020,plastic_film_or_bag,none,False,933a2768d6c375cafeb066cb6c2d8292956be3ee629d0d142d23bece1212518e,933a2768d6c375cafeb066cb6c2d8292956be3ee629d0d142d23bece1212518e,320,240,augmented_v9
train/plastic/augv9_plastic_train_existing_aug_039.jpg,train,plastic,1,existing_augmentation,plastic/plastic_020__aug_v2_03.jpg,plastic_020,augmented_v9/plastic/plastic_020,plastic_film_or_bag,none,False,47a395dacd6e534feafeef5b417c5f12a195a3452a98400f01748a6376e97491,47a395dacd6e534feafeef5b417c5f12a195a3452a98400f01748a6376e97491,320,240,augmented_v9
train/plastic/augv9_plastic_train_existing_aug_040.jpg,train,plastic,1,existing_augmentation,plastic/plastic_020__aug_v2_04.jpg,plastic_020,augmented_v9/plastic/plastic_020,plastic_film_or_bag,none,False,16349326f07679fdaf0f78859da76acfa840d307c6ea565dfde90696654afe8d,16349326f07679fdaf0f78859da76acfa840d307c6ea565dfde90696654afe8d,320,240,augmented_v9
train/plastic/augv9_plastic_train_existing_aug_041.jpg,train,plastic,1,existing_augmentation,plastic/plastic_020__aug_v2_05.jpg,plastic_020,augmented_v9/plastic/plastic_020,plastic_film_or_bag,none,False,313b888bac5b061b2ce3399a36d144d69b896ba8960d264a065b3d5931d9547e,313b888bac5b061b2ce3399a36d144d69b896ba8960d264a065b3d5931d9547e,320,240,augmented_v9
train/plastic/augv9_plastic_train_existing_aug_042.jpg,train,plastic,1,existing_augmentation,plastic/plastic_020__aug_v2_06.jpg,plastic_020,augmented_v9/plastic/plastic_020,plastic_film_or_bag,none,False,7531092ca254499807028cbff26b52261016ad2a2fc182002ee1cc11f5a6a19d,7531092ca254499807028cbff26b52261016ad2a2fc182002ee1cc11f5a6a19d,320,240,augmented_v9
train/plastic/augv9_plastic_train_existing_aug_043.jpg,train,plastic,1,existing_augmentation,plastic/plastic_020__aug_v2_07.jpg,plastic_020,augmented_v9/plastic/plastic_020,plastic_film_or_bag,none,False,24d49dfdf1a901117fa66a90c102a6bd4d89162700e91ebfec2a2130c7821aec,24d49dfdf1a901117fa66a90c102a6bd4d89162700e91ebfec2a2130c7821aec,320,240,augmented_v9
train/plastic/augv9_plastic_train_existing_aug_044.jpg,train,plastic,1,existing_augmentation,plastic/plastic_020__aug_v2_08.jpg,plastic_020,augmented_v9/plastic/plastic_020,plastic_film_or_bag,none,False,defb9f5252b1f555e6b56f3a6a468e6cd5b79ee9b2ad79bd98977c2163900957,defb9f5252b1f555e6b56f3a6a468e6cd5b79ee9b2ad79bd98977c2163900957,320,240,augmented_v9
train/plastic/augv9_plastic_train_existing_aug_045.jpg,train,plastic,1,existing_augmentation,plastic/plastic_020__aug_v2_09.jpg,plastic_020,augmented_v9/plastic/plastic_020,plastic_film_or_bag,none,False,c4bb950bcf5351344daedfd08da4514296399665ce1aba05ef887e252fe7c8cb,c4bb950bcf5351344daedfd08da4514296399665ce1aba05ef887e252fe7c8cb,320,240,augmented_v9
train/plastic/augv9_plastic_train_original_001.jpg,train,plastic,1,original,plastic/2118a584-485e-46d8-ae18-262b8b7cf11a.jpg,2118a584-485e-46d8-ae18-262b8b7cf11a,augmented_v9/plastic/2118a584-485e-46d8-ae18-262b8b7cf11a,plastic_bottle,none,False,9b2686d8a88adeb7e0bb24a3df97db87f62652c91812a39d382fc7a6cca6d300,9b2686d8a88adeb7e0bb24a3df97db87f62652c91812a39d382fc7a6cca6d300,320,240,augmented_v9
train/plastic/augv9_plastic_train_original_002.jpg,train,plastic,1,original,plastic/24071e66-9fad-4962-9097-b99cd571913f.jpg,24071e66-9fad-4962-9097-b99cd571913f,augmented_v9/plastic/24071e66-9fad-4962-9097-b99cd571913f,plastic_bottle,none,False,b32bc46d68f9802229f2bb884509fd9de56ff182effb1eff884769d0cf53e82d,b32bc46d68f9802229f2bb884509fd9de56ff182effb1eff884769d0cf53e82d,320,240,augmented_v9
train/plastic/augv9_plastic_train_original_003.jpg,train,plastic,1,original,plastic/33828efa-4dba-4a74-8e35-91a16d6fcc9f.jpg,33828efa-4dba-4a74-8e35-91a16d6fcc9f,augmented_v9/plastic/33828efa-4dba-4a74-8e35-91a16d6fcc9f,plastic_bottle,none,False,2a98ab798a1d135974a5bfb4080ce69ba1144e529cbea9b98a4fdff28f9d039b,2a98ab798a1d135974a5bfb4080ce69ba1144e529cbea9b98a4fdff28f9d039b,320,240,augmented_v9
train/plastic/augv9_plastic_train_original_004.jpg,train,plastic,1,original,plastic/40bd6de7-f23a-41c3-9a9f-2d96d3883649.jpg,40bd6de7-f23a-41c3-9a9f-2d96d3883649,augmented_v9/plastic/40bd6de7-f23a-41c3-9a9f-2d96d3883649,plastic_bottle,none,False,bcfeb7e9e399615cd1ca0059b08337e20da12cb9215618a094a9a21cee39ecb9,bcfeb7e9e399615cd1ca0059b08337e20da12cb9215618a094a9a21cee39ecb9,320,240,augmented_v9
train/plastic/augv9_plastic_train_original_005.jpg,train,plastic,1,original,plastic/452d2422-0142-41bd-9144-9f43ad82fcb2.jpg,452d2422-0142-41bd-9144-9f43ad82fcb2,augmented_v9/plastic/452d2422-0142-41bd-9144-9f43ad82fcb2,plastic_bottle,none,False,48e6ac9ca992a37c137c883f643df37b80896df9c115a0706c7d8566fb7e77b0,48e6ac9ca992a37c137c883f643df37b80896df9c115a0706c7d8566fb7e77b0,320,240,augmented_v9
train/plastic/augv9_plastic_train_original_006.jpg,train,plastic,1,original,plastic/4c5909a4-a9e8-4c99-a1ac-73b8937f56d7.jpg,4c5909a4-a9e8-4c99-a1ac-73b8937f56d7,augmented_v9/plastic/4c5909a4-a9e8-4c99-a1ac-73b8937f56d7,plastic_bottle,none,False,c3a8f5fde9ab0cd7dcd5b522a874897c466d1724076325e7686ca236a2b1b790,c3a8f5fde9ab0cd7dcd5b522a874897c466d1724076325e7686ca236a2b1b790,320,240,augmented_v9
train/plastic/augv9_plastic_train_original_007.jpg,train,plastic,1,original,plastic/50d1fc10-d6bd-4b6b-a6a1-faff943e4a0a.jpg,50d1fc10-d6bd-4b6b-a6a1-faff943e4a0a,augmented_v9/plastic/50d1fc10-d6bd-4b6b-a6a1-faff943e4a0a,plastic_bottle,none,False,00a98ac34aa442b73f32d20e27fca0ad366edeab891ee6e9fdea0fe58870e04f,00a98ac34aa442b73f32d20e27fca0ad366edeab891ee6e9fdea0fe58870e04f,320,240,augmented_v9
train/plastic/augv9_plastic_train_original_008.jpg,train,plastic,1,original,plastic/5d7b84e1-7787-4663-a9af-5ed3b576538a.jpg,5d7b84e1-7787-4663-a9af-5ed3b576538a,augmented_v9/plastic/5d7b84e1-7787-4663-a9af-5ed3b576538a,plastic_bottle,none,False,a34893fd693bee519c2c33106961d31fae2dbf754bd615116a404136109510f3,a34893fd693bee519c2c33106961d31fae2dbf754bd615116a404136109510f3,320,240,augmented_v9
train/plastic/augv9_plastic_train_original_009.jpg,train,plastic,1,original,plastic/68a1c345-6540-4b93-a842-5a95aa252f91.jpg,68a1c345-6540-4b93-a842-5a95aa252f91,augmented_v9/plastic/68a1c345-6540-4b93-a842-5a95aa252f91,plastic_bottle,none,False,79340b20cdfc481256b498527f762161f6c93303c6f603c42bc8df12e4af2a81,79340b20cdfc481256b498527f762161f6c93303c6f603c42bc8df12e4af2a81,320,240,augmented_v9
train/plastic/augv9_plastic_train_original_010.jpg,train,plastic,1,original,plastic/6aa83614-a438-45fd-9ca8-ec4e346a6839.jpg,6aa83614-a438-45fd-9ca8-ec4e346a6839,augmented_v9/plastic/6aa83614-a438-45fd-9ca8-ec4e346a6839,plastic_bottle,none,False,d783d6469d3876b1d032a4cf5e3d06e6bd020d7111bd733da09576fa4e13c58a,d783d6469d3876b1d032a4cf5e3d06e6bd020d7111bd733da09576fa4e13c58a,320,240,augmented_v9
train/plastic/augv9_plastic_train_original_011.jpg,train,plastic,1,original,plastic/6bb14734-8d8a-4f75-956e-97a8638b50b6.jpg,6bb14734-8d8a-4f75-956e-97a8638b50b6,augmented_v9/plastic/6bb14734-8d8a-4f75-956e-97a8638b50b6,plastic_bottle,none,False,3f9bb35465ce2b88b8f60a33a01029a0c4e7f530d34f3fe0556deeae4c7a3b10,3f9bb35465ce2b88b8f60a33a01029a0c4e7f530d34f3fe0556deeae4c7a3b10,320,240,augmented_v9
train/plastic/augv9_plastic_train_original_012.jpg,train,plastic,1,original,plastic/6f1441cc-933b-4c05-821b-2edc26351c1e.jpg,6f1441cc-933b-4c05-821b-2edc26351c1e,augmented_v9/plastic/6f1441cc-933b-4c05-821b-2edc26351c1e,plastic_bottle,none,False,1d52a22862bcd3c1190a8e58b61fd976c924ddeeefff1cb7ce0cf403d20eb1ea,1d52a22862bcd3c1190a8e58b61fd976c924ddeeefff1cb7ce0cf403d20eb1ea,320,240,augmented_v9
train/plastic/augv9_plastic_train_original_013.jpg,train,plastic,1,original,plastic/72591b70-ec20-4240-96dc-ce5ccb4387e3.jpg,72591b70-ec20-4240-96dc-ce5ccb4387e3,augmented_v9/plastic/72591b70-ec20-4240-96dc-ce5ccb4387e3,plastic_bottle,none,False,35e180cfc1b181c1a336aed2e147db7eb026007ac1a7ebd89f3df146d8b67f8a,35e180cfc1b181c1a336aed2e147db7eb026007ac1a7ebd89f3df146d8b67f8a,320,240,augmented_v9
train/plastic/augv9_plastic_train_original_014.jpg,train,plastic,1,original,plastic/72bb7b1c-11e0-4a75-bc48-f0d75a511015.jpg,72bb7b1c-11e0-4a75-bc48-f0d75a511015,augmented_v9/plastic/72bb7b1c-11e0-4a75-bc48-f0d75a511015,plastic_bottle,none,False,575ccaa6ff78d78fed7a02735f80d642b049c49e80c2d30bcb0aba366adbdc0b,575ccaa6ff78d78fed7a02735f80d642b049c49e80c2d30bcb0aba366adbdc0b,320,240,augmented_v9
train/plastic/augv9_plastic_train_original_015.jpg,train,plastic,1,original,plastic/7a629096-8f2d-414c-8ea7-1e18fcbeb59c.jpg,7a629096-8f2d-414c-8ea7-1e18fcbeb59c,augmented_v9/plastic/7a629096-8f2d-414c-8ea7-1e18fcbeb59c,plastic_bottle,none,False,58d748350c7325680afe8e6a4db71f3fc51c10b6f92a05e639bf00dc76cb348e,58d748350c7325680afe8e6a4db71f3fc51c10b6f92a05e639bf00dc76cb348e,320,240,augmented_v9
train/plastic/augv9_plastic_train_original_016.jpg,train,plastic,1,original,plastic/9184b7f9-df02-436d-ba3d-50cf44f369ac.jpg,9184b7f9-df02-436d-ba3d-50cf44f369ac,augmented_v9/plastic/9184b7f9-df02-436d-ba3d-50cf44f369ac,plastic_bottle,none,False,5962d1ff1172fa4ea379eb4a39b9b64a9a0ca9464fd0aeba2fdb447f02b619ed,5962d1ff1172fa4ea379eb4a39b9b64a9a0ca9464fd0aeba2fdb447f02b619ed,320,240,augmented_v9
train/plastic/augv9_plastic_train_original_017.jpg,train,plastic,1,original,plastic/96f7fb79-54b9-4269-9712-dcd543fb38dd.jpg,96f7fb79-54b9-4269-9712-dcd543fb38dd,augmented_v9/plastic/96f7fb79-54b9-4269-9712-dcd543fb38dd,plastic_bottle,none,False,22c6749fcc98199cf21b7944367a0bf04a88be35dfa3673f3057ea64faa87017,22c6749fcc98199cf21b7944367a0bf04a88be35dfa3673f3057ea64faa87017,320,240,augmented_v9
train/plastic/augv9_plastic_train_original_018.jpg,train,plastic,1,original,plastic/9b24a51d-8349-4eb8-883a-56670864fe25.jpg,9b24a51d-8349-4eb8-883a-56670864fe25,augmented_v9/plastic/9b24a51d-8349-4eb8-883a-56670864fe25,plastic_bottle,none,False,a57b3174eaff370737b4463c865896f61933a9b8a03df58f4d881ae02d874935,a57b3174eaff370737b4463c865896f61933a9b8a03df58f4d881ae02d874935,320,240,augmented_v9
train/plastic/augv9_plastic_train_original_019.jpg,train,plastic,1,original,plastic/ad8dbdbc-f95a-42dc-95ad-e567d1eca200.jpg,ad8dbdbc-f95a-42dc-95ad-e567d1eca200,augmented_v9/plastic/ad8dbdbc-f95a-42dc-95ad-e567d1eca200,plastic_bottle,none,False,b0c0471fb819a2d5c0669e83685e775fefd0e8e1ed4050ca06c2d213cd5bea8c,b0c0471fb819a2d5c0669e83685e775fefd0e8e1ed4050ca06c2d213cd5bea8c,320,240,augmented_v9
train/plastic/augv9_plastic_train_original_020.jpg,train,plastic,1,original,plastic/b4ca0803-1367-4347-82fb-a029c4f08bc1.jpg,b4ca0803-1367-4347-82fb-a029c4f08bc1,augmented_v9/plastic/b4ca0803-1367-4347-82fb-a029c4f08bc1,plastic_bottle,none,False,20d18bbce35df27809a12273348ed7457165e9be125cf0e4adcb0e9cb533f2a0,20d18bbce35df27809a12273348ed7457165e9be125cf0e4adcb0e9cb533f2a0,320,240,augmented_v9
train/plastic/augv9_plastic_train_original_021.jpg,train,plastic,1,original,plastic/d61ce994-23b3-4d1e-8c24-e90ef6aa15de.jpg,d61ce994-23b3-4d1e-8c24-e90ef6aa15de,augmented_v9/plastic/d61ce994-23b3-4d1e-8c24-e90ef6aa15de,plastic_bottle,none,False,b4e40471c7bdcd1bbf17b677d744b0bdde3d58a0b978c64d20184c6c6ea747e3,b4e40471c7bdcd1bbf17b677d744b0bdde3d58a0b978c64d20184c6c6ea747e3,320,240,augmented_v9
train/plastic/augv9_plastic_train_original_022.jpg,train,plastic,1,original,plastic/dbbb8d63-b989-4f0b-b66a-9cc42f278b7f.jpg,dbbb8d63-b989-4f0b-b66a-9cc42f278b7f,augmented_v9/plastic/dbbb8d63-b989-4f0b-b66a-9cc42f278b7f,plastic_bottle,none,False,df6fd0ca71bcc35a83fe2941cc2173863f7426944de8089e0ac0967924ebca13,df6fd0ca71bcc35a83fe2941cc2173863f7426944de8089e0ac0967924ebca13,320,240,augmented_v9
train/plastic/augv9_plastic_train_original_023.jpg,train,plastic,1,original,plastic/dc34a99f-d23b-4725-b222-0b0bf853e536.jpg,dc34a99f-d23b-4725-b222-0b0bf853e536,augmented_v9/plastic/dc34a99f-d23b-4725-b222-0b0bf853e536,plastic_bottle,none,False,e3b8ed7519d927454d6fa363379deac752a20420ec68b9062d0f685c4b933f77,e3b8ed7519d927454d6fa363379deac752a20420ec68b9062d0f685c4b933f77,320,240,augmented_v9
train/plastic/augv9_plastic_train_original_024.jpg,train,plastic,1,original,plastic/dd279e87-5e91-4ed2-bb99-281b855da4c3.jpg,dd279e87-5e91-4ed2-bb99-281b855da4c3,augmented_v9/plastic/dd279e87-5e91-4ed2-bb99-281b855da4c3,plastic_bottle,none,False,54d7affe38289cd0792ebb9b1eaae5cea9e9e5856dfe1274d0b1e88c4c615cc8,54d7affe38289cd0792ebb9b1eaae5cea9e9e5856dfe1274d0b1e88c4c615cc8,320,240,augmented_v9
train/plastic/augv9_plastic_train_original_025.jpg,train,plastic,1,original,plastic/e50f7aba-3d3f-4ead-8521-9b01bbceb8d9.jpg,e50f7aba-3d3f-4ead-8521-9b01bbceb8d9,augmented_v9/plastic/e50f7aba-3d3f-4ead-8521-9b01bbceb8d9,plastic_bottle,none,False,671785e95598e414e7bbc44d3906466416ee77ff433a22d715304e2dc63167d1,671785e95598e414e7bbc44d3906466416ee77ff433a22d715304e2dc63167d1,320,240,augmented_v9
train/plastic/augv9_plastic_train_original_026.jpg,train,plastic,1,original,plastic/e6b75e5a-e089-421b-905b-5e0f3d0e512a.jpg,e6b75e5a-e089-421b-905b-5e0f3d0e512a,augmented_v9/plastic/e6b75e5a-e089-421b-905b-5e0f3d0e512a,plastic_bottle,none,False,e5110884b7be7ad48a361087f8f40b13c91a60b14e55a83c9b615e943a1ab9bd,e5110884b7be7ad48a361087f8f40b13c91a60b14e55a83c9b615e943a1ab9bd,320,240,augmented_v9
train/plastic/augv9_plastic_train_original_027.jpg,train,plastic,1,original,plastic/eab0f090-735d-4db0-b430-99d673597039.jpg,eab0f090-735d-4db0-b430-99d673597039,augmented_v9/plastic/eab0f090-735d-4db0-b430-99d673597039,plastic_bottle,none,False,ebab8a4bd412fb14911ec726c39fcaa22a547427c3ac4bc2a4158f3489dbe3b4,ebab8a4bd412fb14911ec726c39fcaa22a547427c3ac4bc2a4158f3489dbe3b4,320,240,augmented_v9
train/plastic/augv9_plastic_train_original_028.jpg,train,plastic,1,original,plastic/f879b907-4010-433a-bd63-27062b7ae7c6.jpg,f879b907-4010-433a-bd63-27062b7ae7c6,augmented_v9/plastic/f879b907-4010-433a-bd63-27062b7ae7c6,plastic_bottle,none,False,acadde290c63a0390a2fc34396e017589599cc29e3c631d074f7c7886abd2be2,acadde290c63a0390a2fc34396e017589599cc29e3c631d074f7c7886abd2be2,320,240,augmented_v9
train/plastic/augv9_plastic_train_original_029.jpg,train,plastic,1,original,plastic/ff7a19d6-c1f2-438f-b7d3-9b1990963d2d.jpg,ff7a19d6-c1f2-438f-b7d3-9b1990963d2d,augmented_v9/plastic/ff7a19d6-c1f2-438f-b7d3-9b1990963d2d,plastic_bottle,none,False,9816649af476d9556908edcdf3f68b275fcc2c29952b0b0fbf8e6f0bf6db2398,9816649af476d9556908edcdf3f68b275fcc2c29952b0b0fbf8e6f0bf6db2398,320,240,augmented_v9
train/plastic/augv9_plastic_train_original_030.jpg,train,plastic,1,original,plastic/plastic_016.jpg,plastic_016,augmented_v9/plastic/plastic_016,plastic_film_or_bag,none,False,0448f2e96e05114e872218d42dafc0a357cbdc1e61f15fac1f0f9ed760667eeb,0448f2e96e05114e872218d42dafc0a357cbdc1e61f15fac1f0f9ed760667eeb,320,240,augmented_v9
train/plastic/augv9_plastic_train_original_031.jpg,train,plastic,1,original,plastic/plastic_017.jpg,plastic_017,augmented_v9/plastic/plastic_017,plastic_film_or_bag,none,False,0de66f0e59a872cb1da878ea706b800e7fb66ac2d11b372d1c9621d7282891f8,0de66f0e59a872cb1da878ea706b800e7fb66ac2d11b372d1c9621d7282891f8,320,240,augmented_v9
train/plastic/augv9_plastic_train_original_032.jpg,train,plastic,1,original,plastic/plastic_018.jpg,plastic_018,augmented_v9/plastic/plastic_018,plastic_film_or_bag,none,False,ec18ec84c93afde36d70cb559b13648fe558215bbbd484880253d227b910f034,ec18ec84c93afde36d70cb559b13648fe558215bbbd484880253d227b910f034,320,240,augmented_v9
train/plastic/augv9_plastic_train_original_033.jpg,train,plastic,1,original,plastic/plastic_019.jpg,plastic_019,augmented_v9/plastic/plastic_019,plastic_film_or_bag,none,False,08ca09140859d8878a54e757ef27554eb7eb803c6efb41ea8e4f48cff67913f6,08ca09140859d8878a54e757ef27554eb7eb803c6efb41ea8e4f48cff67913f6,320,240,augmented_v9
train/plastic/augv9_plastic_train_original_034.jpg,train,plastic,1,original,plastic/plastic_020.jpg,plastic_020,augmented_v9/plastic/plastic_020,plastic_film_or_bag,none,False,c6f34ff06842eea0c5ba63a03ff1ba2659f272398359659671ba5cbc09200259,c6f34ff06842eea0c5ba63a03ff1ba2659f272398359659671ba5cbc09200259,320,240,augmented_v9
train/plastic/plastic_train_existing_aug_001.jpg,train,plastic,1,existing_augmentation,train/plastic/v4_plastic_6f3e40fe110b1817c9813f9b.jpg,v4_plastic_6f3e40fe110b1817c9813f9b,prepared_v9/plastic/plastic_001,plastic_bottle,,False,6f3e40fe110b1817c9813f9bf8bf95c7802de0006a7ffbd1a9823ec633e73d99,6f3e40fe110b1817c9813f9bf8bf95c7802de0006a7ffbd1a9823ec633e73d99,320,240,prepared_v9
train/plastic/plastic_train_existing_aug_002.jpg,train,plastic,1,existing_augmentation,train/plastic/v4_plastic_7ab9b575f43f9749a557beb7.jpg,v4_plastic_7ab9b575f43f9749a557beb7,prepared_v9/plastic/plastic_001,plastic_bottle,,False,7ab9b575f43f9749a557beb76b4a4921c8182cd9ca15fd7049ad6f000c52e1c6,7ab9b575f43f9749a557beb76b4a4921c8182cd9ca15fd7049ad6f000c52e1c6,320,240,prepared_v9
train/plastic/plastic_train_existing_aug_003.jpg,train,plastic,1,existing_augmentation,train/plastic/v4_plastic_0bbaa267affad6daf4b364c8.jpg,v4_plastic_0bbaa267affad6daf4b364c8,prepared_v9/plastic/plastic_002,plastic_bottle,,False,0bbaa267affad6daf4b364c824d18e61204195cc859d95897660968d2c3adea8,0bbaa267affad6daf4b364c824d18e61204195cc859d95897660968d2c3adea8,320,240,prepared_v9
train/plastic/plastic_train_existing_aug_004.jpg,train,plastic,1,existing_augmentation,train/plastic/v4_plastic_3a3c479b3539a02e4362299f.jpg,v4_plastic_3a3c479b3539a02e4362299f,prepared_v9/plastic/plastic_004,plastic_bottle,,False,3a3c479b3539a02e4362299f3a9dca9a43fb9df0ae0e61313be6d3c80555dede,3a3c479b3539a02e4362299f3a9dca9a43fb9df0ae0e61313be6d3c80555dede,320,240,prepared_v9
train/plastic/plastic_train_existing_aug_005.jpg,train,plastic,1,existing_augmentation,train/plastic/v4_plastic_5dfb20110fb486442f1851a6.jpg,v4_plastic_5dfb20110fb486442f1851a6,prepared_v9/plastic/plastic_004,plastic_bottle,,False,5dfb20110fb486442f1851a66a7f69c35ca331db6c596530645958cf78969b92,5dfb20110fb486442f1851a66a7f69c35ca331db6c596530645958cf78969b92,320,240,prepared_v9
train/plastic/plastic_train_existing_aug_006.jpg,train,plastic,1,existing_augmentation,train/plastic/v4_plastic_07ca2504f8f62955d37b1de1.jpg,v4_plastic_07ca2504f8f62955d37b1de1,prepared_v9/plastic/plastic_007,plastic_bottle,,False,07ca2504f8f62955d37b1de12d9370656708bcfcdc08f27d8e70914a744ed268,07ca2504f8f62955d37b1de12d9370656708bcfcdc08f27d8e70914a744ed268,320,240,prepared_v9
train/plastic/plastic_train_existing_aug_007.jpg,train,plastic,1,existing_augmentation,train/plastic/v4_plastic_2e4aba0dbc630ef3a71f0ddb.jpg,v4_plastic_2e4aba0dbc630ef3a71f0ddb,prepared_v9/plastic/plastic_007,plastic_bottle,,False,2e4aba0dbc630ef3a71f0ddb6be598ecf6baacf4d3189ec6d52931b6954bb86e,2e4aba0dbc630ef3a71f0ddb6be598ecf6baacf4d3189ec6d52931b6954bb86e,320,240,prepared_v9
train/plastic/plastic_train_existing_aug_008.jpg,train,plastic,1,existing_augmentation,train/plastic/v4_plastic_5af8c58a37ddae081a0620c7.jpg,v4_plastic_5af8c58a37ddae081a0620c7,prepared_v9/plastic/plastic_007,plastic_bottle,,False,5af8c58a37ddae081a0620c73975fd4eb3f04c2d412a4e4ab3030aab8293428f,5af8c58a37ddae081a0620c73975fd4eb3f04c2d412a4e4ab3030aab8293428f,320,240,prepared_v9
train/plastic/plastic_train_existing_aug_009.jpg,train,plastic,1,existing_augmentation,train/plastic/v4_plastic_1f7ed4ad5065986e3219262b.jpg,v4_plastic_1f7ed4ad5065986e3219262b,prepared_v9/plastic/plastic_009,plastic_bottle,,False,1f7ed4ad5065986e3219262b2ab72a98f9e3584a595b4fa6d390234e5fb33bbc,1f7ed4ad5065986e3219262b2ab72a98f9e3584a595b4fa6d390234e5fb33bbc,320,240,prepared_v9
train/plastic/plastic_train_existing_aug_010.jpg,train,plastic,1,existing_augmentation,train/plastic/v4_plastic_4d5bd92723384ff9a55858b1.jpg,v4_plastic_4d5bd92723384ff9a55858b1,prepared_v9/plastic/plastic_009,plastic_bottle,,False,4d5bd92723384ff9a55858b1f077f986d0d8fefe88d8a2d2a8d9b678c7587b49,4d5bd92723384ff9a55858b1f077f986d0d8fefe88d8a2d2a8d9b678c7587b49,320,240,prepared_v9
train/plastic/plastic_train_existing_aug_011.jpg,train,plastic,1,existing_augmentation,train/plastic/v4_plastic_5b648dbb2927744cf98a8e4b.jpg,v4_plastic_5b648dbb2927744cf98a8e4b,prepared_v9/plastic/plastic_009,plastic_bottle,,False,5b648dbb2927744cf98a8e4b382c3714225ec8acdc3f2a3cf5144effe0638d55,5b648dbb2927744cf98a8e4b382c3714225ec8acdc3f2a3cf5144effe0638d55,320,240,prepared_v9
train/plastic/plastic_train_existing_aug_012.jpg,train,plastic,1,existing_augmentation,train/plastic/plastic_014__aug_v2_01.jpg,plastic_014__aug_v2_01,prepared_v9/plastic/plastic_014,plastic_bottle,,False,9ebad4ae53a8d0eeacc31ee4f02272754afb6670a05fb480c30113901b2d06f8,9ebad4ae53a8d0eeacc31ee4f02272754afb6670a05fb480c30113901b2d06f8,320,240,prepared_v9
train/plastic/plastic_train_existing_aug_013.jpg,train,plastic,1,existing_augmentation,train/plastic/plastic_014__aug_v2_02.jpg,plastic_014__aug_v2_02,prepared_v9/plastic/plastic_014,plastic_bottle,,False,393b8498b439f98ae6fc178bf10dbfb9fd0f9e2bd2372f0cebbd0285ad413346,393b8498b439f98ae6fc178bf10dbfb9fd0f9e2bd2372f0cebbd0285ad413346,320,240,prepared_v9
train/plastic/plastic_train_existing_aug_014.jpg,train,plastic,1,existing_augmentation,train/plastic/plastic_014__aug_v2_03.jpg,plastic_014__aug_v2_03,prepared_v9/plastic/plastic_014,plastic_bottle,,False,7c8bfc79fbfa23ccf2343572b9b0ac362a893082ad21301de7751eb1971e2157,7c8bfc79fbfa23ccf2343572b9b0ac362a893082ad21301de7751eb1971e2157,320,240,prepared_v9
train/plastic/plastic_train_existing_aug_015.jpg,train,plastic,1,existing_augmentation,train/plastic/plastic_014__aug_v2_04.jpg,plastic_014__aug_v2_04,prepared_v9/plastic/plastic_014,plastic_bottle,,False,e280941fe6812edd5d127690dd78d68729855e05bf9bbb4fa1d25d89e3f48ebb,e280941fe6812edd5d127690dd78d68729855e05bf9bbb4fa1d25d89e3f48ebb,320,240,prepared_v9
train/plastic/plastic_train_existing_aug_016.jpg,train,plastic,1,existing_augmentation,train/plastic/plastic_014__aug_v2_05.jpg,plastic_014__aug_v2_05,prepared_v9/plastic/plastic_014,plastic_bottle,,False,69894a5ef9ac7bc9c146b90f308076c7c238fd7c2d87d5f5da802107a24aff06,69894a5ef9ac7bc9c146b90f308076c7c238fd7c2d87d5f5da802107a24aff06,320,240,prepared_v9
train/plastic/plastic_train_existing_aug_017.jpg,train,plastic,1,existing_augmentation,train/plastic/plastic_014__aug_v2_06.jpg,plastic_014__aug_v2_06,prepared_v9/plastic/plastic_014,plastic_bottle,,False,ad21cc6baf91f774faf3d7deed8574921c704914f964f7b7a31e7c6bbc87f56c,ad21cc6baf91f774faf3d7deed8574921c704914f964f7b7a31e7c6bbc87f56c,320,240,prepared_v9
train/plastic/plastic_train_existing_aug_018.jpg,train,plastic,1,existing_augmentation,train/plastic/plastic_014__aug_v2_07.jpg,plastic_014__aug_v2_07,prepared_v9/plastic/plastic_014,plastic_bottle,,False,d612c254dc7df35928e028a3cae567fe81747df3140413f1eb46382bbac45021,d612c254dc7df35928e028a3cae567fe81747df3140413f1eb46382bbac45021,320,240,prepared_v9
train/plastic/plastic_train_existing_aug_019.jpg,train,plastic,1,existing_augmentation,train/plastic/plastic_014__aug_v2_08.jpg,plastic_014__aug_v2_08,prepared_v9/plastic/plastic_014,plastic_bottle,,False,32b4be74e2f101f5b50d710fd40b95d9064785845f07e4945b6c8f9ef6ecc40e,32b4be74e2f101f5b50d710fd40b95d9064785845f07e4945b6c8f9ef6ecc40e,320,240,prepared_v9
train/plastic/plastic_train_existing_aug_020.jpg,train,plastic,1,existing_augmentation,train/plastic/plastic_014__aug_v2_09.jpg,plastic_014__aug_v2_09,prepared_v9/plastic/plastic_014,plastic_bottle,,False,c875279852828e89db47d4f07ce8510581e60c38a961a8a4876c9affc4a8928c,c875279852828e89db47d4f07ce8510581e60c38a961a8a4876c9affc4a8928c,320,240,prepared_v9
train/plastic/plastic_train_original_001.jpg,train,plastic,1,original,train/plastic/camera_plastic_21270466c954512fef8852ef.jpg,camera_plastic_21270466c954512fef8852ef,prepared_v9/plastic/camera_plastic_21270466c954512fef8852ef,plastic_bottle,,False,21270466c954512fef8852ef4c6c1ba24c774bc1272795301749e75cf11ceb9f,21270466c954512fef8852ef4c6c1ba24c774bc1272795301749e75cf11ceb9f,320,240,prepared_v9
train/plastic/plastic_train_original_002.jpg,train,plastic,1,original,train/plastic/camera_plastic_42bf63f8f4178ebcc50108ee.jpg,camera_plastic_42bf63f8f4178ebcc50108ee,prepared_v9/plastic/camera_plastic_42bf63f8f4178ebcc50108ee,plastic_bottle,,False,42bf63f8f4178ebcc50108eee998ab49caa1b579445104a36d852609e3358871,42bf63f8f4178ebcc50108eee998ab49caa1b579445104a36d852609e3358871,320,240,prepared_v9
train/plastic/plastic_train_original_003.jpg,train,plastic,1,original,train/plastic/camera_plastic_43a0bd2c3b192c8511726f69.jpg,camera_plastic_43a0bd2c3b192c8511726f69,prepared_v9/plastic/camera_plastic_43a0bd2c3b192c8511726f69,plastic_bottle,,False,43a0bd2c3b192c8511726f696eadeac9ba12198fa2bfd8182edaf3b9434d36b9,43a0bd2c3b192c8511726f696eadeac9ba12198fa2bfd8182edaf3b9434d36b9,320,240,prepared_v9
train/plastic/plastic_train_original_004.jpg,train,plastic,1,original,train/plastic/camera_plastic_49eed3b3c6942bf9809b38bb.jpg,camera_plastic_49eed3b3c6942bf9809b38bb,prepared_v9/plastic/camera_plastic_49eed3b3c6942bf9809b38bb,plastic_bottle,,False,49eed3b3c6942bf9809b38bbea82bb93c7a2a479fbe3c6713b1d67121e503c7f,49eed3b3c6942bf9809b38bbea82bb93c7a2a479fbe3c6713b1d67121e503c7f,320,240,prepared_v9
train/plastic/plastic_train_original_005.jpg,train,plastic,1,original,train/plastic/camera_plastic_6a96988ff82ed609e7d8eaf8.jpg,camera_plastic_6a96988ff82ed609e7d8eaf8,prepared_v9/plastic/camera_plastic_6a96988ff82ed609e7d8eaf8,plastic_bottle,,False,6a96988ff82ed609e7d8eaf8777c1721dd3776c25db50bfeed56be3ccf541077,6a96988ff82ed609e7d8eaf8777c1721dd3776c25db50bfeed56be3ccf541077,320,240,prepared_v9
train/plastic/plastic_train_original_006.jpg,train,plastic,1,original,train/plastic/camera_plastic_7d11f7973f60a22846f00611.jpg,camera_plastic_7d11f7973f60a22846f00611,prepared_v9/plastic/camera_plastic_7d11f7973f60a22846f00611,plastic_bottle,,False,7d11f7973f60a22846f00611e89d1990f3e437b6429c9577d5b9592ef9c467d1,7d11f7973f60a22846f00611e89d1990f3e437b6429c9577d5b9592ef9c467d1,320,240,prepared_v9
train/plastic/plastic_train_original_007.jpg,train,plastic,1,original,train/plastic/camera_plastic_ad8a8c8f63e854fb7b85f45e.jpg,camera_plastic_ad8a8c8f63e854fb7b85f45e,prepared_v9/plastic/camera_plastic_ad8a8c8f63e854fb7b85f45e,plastic_bottle,,False,ad8a8c8f63e854fb7b85f45e21ee55a90728e2a2fec79487d8d767b25e3052b4,ad8a8c8f63e854fb7b85f45e21ee55a90728e2a2fec79487d8d767b25e3052b4,320,240,prepared_v9
train/plastic/plastic_train_original_008.jpg,train,plastic,1,original,train/plastic/camera_plastic_bf4dca5a81e0fd325a9beb95.jpg,camera_plastic_bf4dca5a81e0fd325a9beb95,prepared_v9/plastic/camera_plastic_bf4dca5a81e0fd325a9beb95,plastic_bottle,,False,bf4dca5a81e0fd325a9beb95d01ce018d2e811a7b6e7d4624f91417c1a671ff0,bf4dca5a81e0fd325a9beb95d01ce018d2e811a7b6e7d4624f91417c1a671ff0,320,240,prepared_v9
train/plastic/plastic_train_original_009.jpg,train,plastic,1,original,train/plastic/camera_plastic_ed2238a3646e5789a015111d.jpg,camera_plastic_ed2238a3646e5789a015111d,prepared_v9/plastic/camera_plastic_ed2238a3646e5789a015111d,plastic_bottle,,False,ed2238a3646e5789a015111dba424b063053e9829a7ee2fc88bba7c2fbef47c8,ed2238a3646e5789a015111dba424b063053e9829a7ee2fc88bba7c2fbef47c8,320,240,prepared_v9
train/plastic/plastic_train_original_010.jpg,train,plastic,1,original,train/plastic/camera_plastic_ef2717566d8f1daf32e59a8d.jpg,camera_plastic_ef2717566d8f1daf32e59a8d,prepared_v9/plastic/camera_plastic_ef2717566d8f1daf32e59a8d,plastic_bottle,,False,ef2717566d8f1daf32e59a8d40a3fddcc3744c2c517fd488f6f61509c0eff6a6,ef2717566d8f1daf32e59a8d40a3fddcc3744c2c517fd488f6f61509c0eff6a6,320,240,prepared_v9
train/plastic/plastic_train_original_011.jpg,train,plastic,1,original,train/plastic/esp32-cam-2026-08-01T09-18-00-256Z.jpg,esp32-cam-2026-08-01T09-18-00-256Z,prepared_v9/plastic/esp32-cam-2026-08-01T09-18-00-256Z,plastic_bottle,,False,215049dd4039f3d51c2287b62703fbaa9bb5c6a6ad9ab241c099d6707344539a,215049dd4039f3d51c2287b62703fbaa9bb5c6a6ad9ab241c099d6707344539a,320,240,prepared_v9
train/plastic/plastic_train_original_012.jpg,train,plastic,1,original,train/plastic/esp32-cam-2026-08-01T09-18-01-210Z.jpg,esp32-cam-2026-08-01T09-18-01-210Z,prepared_v9/plastic/esp32-cam-2026-08-01T09-18-01-210Z,plastic_bottle,,False,3e9b350fc437ea46d21c5184f20dcf603b9b29094d8aafa726685eb7127c22fe,3e9b350fc437ea46d21c5184f20dcf603b9b29094d8aafa726685eb7127c22fe,320,240,prepared_v9
train/plastic/plastic_train_original_013.jpg,train,plastic,1,original,train/plastic/esp32-cam-2026-08-01T09-18-02-172Z.jpg,esp32-cam-2026-08-01T09-18-02-172Z,prepared_v9/plastic/esp32-cam-2026-08-01T09-18-02-172Z,plastic_bottle,,False,8ea737c2a40f42293952916cb0ffda1b34024635f4959198b9e8eb3b290a5cc1,8ea737c2a40f42293952916cb0ffda1b34024635f4959198b9e8eb3b290a5cc1,320,240,prepared_v9
train/plastic/plastic_train_original_014.jpg,train,plastic,1,original,train/plastic/esp32-cam-2026-08-01T09-18-08-932Z.jpg,esp32-cam-2026-08-01T09-18-08-932Z,prepared_v9/plastic/esp32-cam-2026-08-01T09-18-08-932Z,plastic_bottle,,False,a87bb1d203c151f7a3d4c6d5013bf6c35a613b8396fd1e5fd431ac48a3d6ffda,a87bb1d203c151f7a3d4c6d5013bf6c35a613b8396fd1e5fd431ac48a3d6ffda,320,240,prepared_v9
train/plastic/plastic_train_original_015.jpg,train,plastic,1,original,train/plastic/esp32-cam-2026-08-01T09-18-09-510Z.jpg,esp32-cam-2026-08-01T09-18-09-510Z,prepared_v9/plastic/esp32-cam-2026-08-01T09-18-09-510Z,plastic_bottle,,False,6f9a2d0330dae18b8551c90f6b06511d464882e833fc7c8e246a2c023b937367,6f9a2d0330dae18b8551c90f6b06511d464882e833fc7c8e246a2c023b937367,320,240,prepared_v9
train/plastic/plastic_train_original_016.jpg,train,plastic,1,original,train/plastic/esp32-cam-2026-08-01T09-18-10-482Z.jpg,esp32-cam-2026-08-01T09-18-10-482Z,prepared_v9/plastic/esp32-cam-2026-08-01T09-18-10-482Z,plastic_bottle,,False,025e470edf30838885d7b6500ad033fc081b2b8767b29767e69f80a20dcae62f,025e470edf30838885d7b6500ad033fc081b2b8767b29767e69f80a20dcae62f,320,240,prepared_v9
train/plastic/plastic_train_original_017.jpg,train,plastic,1,original,train/plastic/esp32-cam-2026-08-01T09-18-19-008Z.jpg,esp32-cam-2026-08-01T09-18-19-008Z,prepared_v9/plastic/esp32-cam-2026-08-01T09-18-19-008Z,plastic_bottle,,False,c0d15ac4240aed0c9941ed8374078a034f64fb36f8a7d07304931792c2e47d8f,c0d15ac4240aed0c9941ed8374078a034f64fb36f8a7d07304931792c2e47d8f,320,240,prepared_v9
train/plastic/plastic_train_original_018.jpg,train,plastic,1,original,validation/plastic/esp32-cam-2026-08-01T09-18-19-765Z.jpg,esp32-cam-2026-08-01T09-18-19-765Z,prepared_v9/plastic/esp32-cam-2026-08-01T09-18-19-765Z,plastic_bottle,,False,97aaa692db4c1caf2e5943498b2aeb6104cf80892e7486a312b7532b4ab38ca4,97aaa692db4c1caf2e5943498b2aeb6104cf80892e7486a312b7532b4ab38ca4,320,240,prepared_v9
train/plastic/plastic_train_original_019.jpg,train,plastic,1,original,train/plastic/esp32-cam-2026-08-01T09-18-25-982Z.jpg,esp32-cam-2026-08-01T09-18-25-982Z,prepared_v9/plastic/esp32-cam-2026-08-01T09-18-25-982Z,plastic_bottle,,False,8594f0a569012c1145e8be6746dcf881b30d6b2d1177b347eaff78250ee9aa1b,8594f0a569012c1145e8be6746dcf881b30d6b2d1177b347eaff78250ee9aa1b,320,240,prepared_v9
train/plastic/plastic_train_original_020.jpg,train,plastic,1,original,train/plastic/esp32-cam-2026-08-01T09-18-28-587Z.jpg,esp32-cam-2026-08-01T09-18-28-587Z,prepared_v9/plastic/esp32-cam-2026-08-01T09-18-28-587Z,plastic_bottle,,False,85b558fad6619eb8923b403b6ee2dc49c34a0e8eabf71bc87dff32e8395e16e2,85b558fad6619eb8923b403b6ee2dc49c34a0e8eabf71bc87dff32e8395e16e2,320,240,prepared_v9
train/plastic/plastic_train_original_021.jpg,train,plastic,1,original,train/plastic/esp32-cam-2026-08-01T09-18-34-428Z.jpg,esp32-cam-2026-08-01T09-18-34-428Z,prepared_v9/plastic/esp32-cam-2026-08-01T09-18-34-428Z,plastic_bottle,,False,7dc14e69fba746693cfc394ad6d7325779fcc804c8125671c2563d793fbdefa7,7dc14e69fba746693cfc394ad6d7325779fcc804c8125671c2563d793fbdefa7,320,240,prepared_v9
train/plastic/plastic_train_original_022.jpg,train,plastic,1,original,train/plastic/esp32-cam-2026-08-01T09-18-35-112Z.jpg,esp32-cam-2026-08-01T09-18-35-112Z,prepared_v9/plastic/esp32-cam-2026-08-01T09-18-35-112Z,plastic_bottle,,False,d9ff8d5109570dd027fc74df30f9c48e9965548422edcdeefa70ea4c11da710a,d9ff8d5109570dd027fc74df30f9c48e9965548422edcdeefa70ea4c11da710a,320,240,prepared_v9
train/plastic/plastic_train_original_023.jpg,train,plastic,1,original,train/plastic/esp32-cam-2026-08-01T09-18-48-725Z.jpg,esp32-cam-2026-08-01T09-18-48-725Z,prepared_v9/plastic/esp32-cam-2026-08-01T09-18-48-725Z,plastic_bottle,,False,641a65585b37573c3bc270a114218d6d64e4b562312b5272f7ddca7d04c13120,641a65585b37573c3bc270a114218d6d64e4b562312b5272f7ddca7d04c13120,320,240,prepared_v9
train/plastic/plastic_train_original_024.jpg,train,plastic,1,original,train/plastic/esp32-cam-2026-08-01T09-18-51-779Z.jpg,esp32-cam-2026-08-01T09-18-51-779Z,prepared_v9/plastic/esp32-cam-2026-08-01T09-18-51-779Z,plastic_bottle,,False,050e2420378665514c040a7c99a9ec4519d50ed340256e4977ca4181b1c18aee,050e2420378665514c040a7c99a9ec4519d50ed340256e4977ca4181b1c18aee,320,240,prepared_v9
train/plastic/plastic_train_original_025.jpg,train,plastic,1,original,train/plastic/esp32-cam-2026-08-01T09-19-16-734Z.jpg,esp32-cam-2026-08-01T09-19-16-734Z,prepared_v9/plastic/esp32-cam-2026-08-01T09-19-16-734Z,plastic_bottle,,False,a5aa802f7a1a2bb2b7410dec0951dec2a2b4bc8c0ebe6bc614be900530cdb244,a5aa802f7a1a2bb2b7410dec0951dec2a2b4bc8c0ebe6bc614be900530cdb244,320,240,prepared_v9
train/plastic/plastic_train_original_026.jpg,train,plastic,1,original,train/plastic/esp32-cam-2026-08-01T09-20-15-163Z.jpg,esp32-cam-2026-08-01T09-20-15-163Z,prepared_v9/plastic/esp32-cam-2026-08-01T09-20-15-163Z,plastic_bottle,,False,86d21e2ace2835dfd1fec14ed8617067011635c9e196e4e7fc069a5dc9a95739,86d21e2ace2835dfd1fec14ed8617067011635c9e196e4e7fc069a5dc9a95739,320,240,prepared_v9
train/plastic/plastic_train_original_027.jpg,train,plastic,1,original,train/plastic/v4_plastic_0d141ec360175d25f115774e.jpg,v4_plastic_0d141ec360175d25f115774e,prepared_v9/plastic/plastic_008,plastic_bottle,,False,0d141ec360175d25f115774e92de4a9bbca07a7c204cded9792a830478c7896b,0d141ec360175d25f115774e92de4a9bbca07a7c204cded9792a830478c7896b,320,240,prepared_v9
train/plastic/plastic_train_original_028.jpg,train,plastic,1,original,train/plastic/plastic_014.jpg,plastic_014,prepared_v9/plastic/plastic_014,plastic_bottle,,False,6402bd901967d79e41faad1cc0b6103e1a7d57f31786445392d914259d12e364,6402bd901967d79e41faad1cc0b6103e1a7d57f31786445392d914259d12e364,320,240,prepared_v9
train/plastic/plastic_train_v9_aug_001.jpg,train,plastic,1,v9_augmentation,train/plastic/camera_plastic_21270466c954512fef8852ef.jpg,camera_plastic_21270466c954512fef8852ef,prepared_v9/plastic/camera_plastic_21270466c954512fef8852ef,plastic_bottle,,False,f2f407f921679ae29dd858f371e81085c92e9de4194aa3b4ff754137502e7508,21270466c954512fef8852ef4c6c1ba24c774bc1272795301749e75cf11ceb9f,320,240,prepared_v9
train/plastic/plastic_train_v9_aug_002.jpg,train,plastic,1,v9_augmentation,train/plastic/camera_plastic_42bf63f8f4178ebcc50108ee.jpg,camera_plastic_42bf63f8f4178ebcc50108ee,prepared_v9/plastic/camera_plastic_42bf63f8f4178ebcc50108ee,plastic_bottle,,False,c3d8aa9812402b41880c34cf4129d98c90a29167f7a29c7df47dca4db9089312,42bf63f8f4178ebcc50108eee998ab49caa1b579445104a36d852609e3358871,320,240,prepared_v9
train/plastic/plastic_train_v9_aug_003.jpg,train,plastic,1,v9_augmentation,train/plastic/camera_plastic_43a0bd2c3b192c8511726f69.jpg,camera_plastic_43a0bd2c3b192c8511726f69,prepared_v9/plastic/camera_plastic_43a0bd2c3b192c8511726f69,plastic_bottle,,False,bd4b936082ba8e65028680d6dbdfda068fe646471d4fa92ea276490a60971ab3,43a0bd2c3b192c8511726f696eadeac9ba12198fa2bfd8182edaf3b9434d36b9,320,240,prepared_v9
train/plastic/plastic_train_v9_aug_004.jpg,train,plastic,1,v9_augmentation,train/plastic/camera_plastic_49eed3b3c6942bf9809b38bb.jpg,camera_plastic_49eed3b3c6942bf9809b38bb,prepared_v9/plastic/camera_plastic_49eed3b3c6942bf9809b38bb,plastic_bottle,,False,f1e86a0fcc17a8f3ed641044c7f407f9fbb477c277d5993c2b066a882f5a6def,49eed3b3c6942bf9809b38bbea82bb93c7a2a479fbe3c6713b1d67121e503c7f,320,240,prepared_v9
train/plastic/plastic_train_v9_aug_005.jpg,train,plastic,1,v9_augmentation,train/plastic/camera_plastic_6a96988ff82ed609e7d8eaf8.jpg,camera_plastic_6a96988ff82ed609e7d8eaf8,prepared_v9/plastic/camera_plastic_6a96988ff82ed609e7d8eaf8,plastic_bottle,,False,077af37413b7498425a8d1ad034d600d128be0d61a7e78b08cf4450b617fb5c1,6a96988ff82ed609e7d8eaf8777c1721dd3776c25db50bfeed56be3ccf541077,320,240,prepared_v9
train/plastic/plastic_train_v9_aug_006.jpg,train,plastic,1,v9_augmentation,train/plastic/camera_plastic_7d11f7973f60a22846f00611.jpg,camera_plastic_7d11f7973f60a22846f00611,prepared_v9/plastic/camera_plastic_7d11f7973f60a22846f00611,plastic_bottle,,False,94b5924e5ae4ed4e96e67b2c817d0ff26e4054164116d0328b2cde82cd3c4899,7d11f7973f60a22846f00611e89d1990f3e437b6429c9577d5b9592ef9c467d1,320,240,prepared_v9
train/plastic/plastic_train_v9_aug_007.jpg,train,plastic,1,v9_augmentation,train/plastic/camera_plastic_ad8a8c8f63e854fb7b85f45e.jpg,camera_plastic_ad8a8c8f63e854fb7b85f45e,prepared_v9/plastic/camera_plastic_ad8a8c8f63e854fb7b85f45e,plastic_bottle,,False,1ced061e7b901eb786c21094da3a710cc64d203ebc60ba379f20c0fde20d2845,ad8a8c8f63e854fb7b85f45e21ee55a90728e2a2fec79487d8d767b25e3052b4,320,240,prepared_v9
train/plastic/plastic_train_v9_aug_008.jpg,train,plastic,1,v9_augmentation,train/plastic/camera_plastic_bf4dca5a81e0fd325a9beb95.jpg,camera_plastic_bf4dca5a81e0fd325a9beb95,prepared_v9/plastic/camera_plastic_bf4dca5a81e0fd325a9beb95,plastic_bottle,,False,b4f02c61ef801226fdb0e4e2d760f939e428fefa0632d910b6ef1052e48c834c,bf4dca5a81e0fd325a9beb95d01ce018d2e811a7b6e7d4624f91417c1a671ff0,320,240,prepared_v9
train/plastic/plastic_train_v9_aug_009.jpg,train,plastic,1,v9_augmentation,train/plastic/camera_plastic_ed2238a3646e5789a015111d.jpg,camera_plastic_ed2238a3646e5789a015111d,prepared_v9/plastic/camera_plastic_ed2238a3646e5789a015111d,plastic_bottle,,False,6f786f687819e8f53a9d2f360ec7f315d863d1657c509a41d2949fa66d47c66a,ed2238a3646e5789a015111dba424b063053e9829a7ee2fc88bba7c2fbef47c8,320,240,prepared_v9
train/plastic/plastic_train_v9_aug_010.jpg,train,plastic,1,v9_augmentation,train/plastic/camera_plastic_ef2717566d8f1daf32e59a8d.jpg,camera_plastic_ef2717566d8f1daf32e59a8d,prepared_v9/plastic/camera_plastic_ef2717566d8f1daf32e59a8d,plastic_bottle,,False,5f78bf4de55e80db18a3240892de87af851b17d9621b71108e66d25568aa9d39,ef2717566d8f1daf32e59a8d40a3fddcc3744c2c517fd488f6f61509c0eff6a6,320,240,prepared_v9
train/plastic/plastic_train_v9_aug_011.jpg,train,plastic,1,v9_augmentation,train/plastic/esp32-cam-2026-08-01T09-18-00-256Z.jpg,esp32-cam-2026-08-01T09-18-00-256Z,prepared_v9/plastic/esp32-cam-2026-08-01T09-18-00-256Z,plastic_bottle,,False,b4c1b268fc97d16fbe1eb323431aeab1dd7780f2a548cb93f95214b177bc7ba6,215049dd4039f3d51c2287b62703fbaa9bb5c6a6ad9ab241c099d6707344539a,320,240,prepared_v9
train/plastic/plastic_train_v9_aug_012.jpg,train,plastic,1,v9_augmentation,train/plastic/esp32-cam-2026-08-01T09-18-01-210Z.jpg,esp32-cam-2026-08-01T09-18-01-210Z,prepared_v9/plastic/esp32-cam-2026-08-01T09-18-01-210Z,plastic_bottle,,False,6dd7cc594d5c2b1a695cec8bfaf021b9fa7164a5e297386f48845f014f340837,3e9b350fc437ea46d21c5184f20dcf603b9b29094d8aafa726685eb7127c22fe,320,240,prepared_v9
train/plastic/plastic_train_v9_aug_013.jpg,train,plastic,1,v9_augmentation,train/plastic/esp32-cam-2026-08-01T09-18-02-172Z.jpg,esp32-cam-2026-08-01T09-18-02-172Z,prepared_v9/plastic/esp32-cam-2026-08-01T09-18-02-172Z,plastic_bottle,,False,d2a6d05be5397c9a71650126cb501f63ba038f6f527c64cf1176b4c19f8855d7,8ea737c2a40f42293952916cb0ffda1b34024635f4959198b9e8eb3b290a5cc1,320,240,prepared_v9
train/plastic/plastic_train_v9_aug_014.jpg,train,plastic,1,v9_augmentation,train/plastic/esp32-cam-2026-08-01T09-18-08-932Z.jpg,esp32-cam-2026-08-01T09-18-08-932Z,prepared_v9/plastic/esp32-cam-2026-08-01T09-18-08-932Z,plastic_bottle,,False,9f1ae6cfb93fad735da65c53fc3c65411d13b5c06f0ccfc0318a9c436ff002b3,a87bb1d203c151f7a3d4c6d5013bf6c35a613b8396fd1e5fd431ac48a3d6ffda,320,240,prepared_v9
train/plastic/plastic_train_v9_aug_015.jpg,train,plastic,1,v9_augmentation,train/plastic/esp32-cam-2026-08-01T09-18-09-510Z.jpg,esp32-cam-2026-08-01T09-18-09-510Z,prepared_v9/plastic/esp32-cam-2026-08-01T09-18-09-510Z,plastic_bottle,,False,2edd1e52fb03b02a075665bad5864611bc6bccda7293d6914fc011ca14975a17,6f9a2d0330dae18b8551c90f6b06511d464882e833fc7c8e246a2c023b937367,320,240,prepared_v9
train/plastic/plastic_train_v9_aug_016.jpg,train,plastic,1,v9_augmentation,train/plastic/esp32-cam-2026-08-01T09-18-10-482Z.jpg,esp32-cam-2026-08-01T09-18-10-482Z,prepared_v9/plastic/esp32-cam-2026-08-01T09-18-10-482Z,plastic_bottle,,False,8053498844b376d0382960640601d213d1a2ae39578b28507f099461e6d6606d,025e470edf30838885d7b6500ad033fc081b2b8767b29767e69f80a20dcae62f,320,240,prepared_v9
train/plastic/plastic_train_v9_aug_017.jpg,train,plastic,1,v9_augmentation,train/plastic/esp32-cam-2026-08-01T09-18-19-008Z.jpg,esp32-cam-2026-08-01T09-18-19-008Z,prepared_v9/plastic/esp32-cam-2026-08-01T09-18-19-008Z,plastic_bottle,,False,e8ff4175fa181d22e6665690c05fbcadf74d7ea285f3bd233c38482544ddb265,c0d15ac4240aed0c9941ed8374078a034f64fb36f8a7d07304931792c2e47d8f,320,240,prepared_v9
train/plastic/plastic_train_v9_aug_018.jpg,train,plastic,1,v9_augmentation,validation/plastic/esp32-cam-2026-08-01T09-18-19-765Z.jpg,esp32-cam-2026-08-01T09-18-19-765Z,prepared_v9/plastic/esp32-cam-2026-08-01T09-18-19-765Z,plastic_bottle,,False,8811f0ab207ccd82beb8f6c890a7343f7020a8af2513eb3dd903ad8b840c231d,97aaa692db4c1caf2e5943498b2aeb6104cf80892e7486a312b7532b4ab38ca4,320,240,prepared_v9
train/plastic/plastic_train_v9_aug_019.jpg,train,plastic,1,v9_augmentation,train/plastic/esp32-cam-2026-08-01T09-18-25-982Z.jpg,esp32-cam-2026-08-01T09-18-25-982Z,prepared_v9/plastic/esp32-cam-2026-08-01T09-18-25-982Z,plastic_bottle,,False,70e1c86de99c6dc111dcbbdd273bd8801e0f2ee170422141cc900594fe55a2bd,8594f0a569012c1145e8be6746dcf881b30d6b2d1177b347eaff78250ee9aa1b,320,240,prepared_v9
train/plastic/plastic_train_v9_aug_020.jpg,train,plastic,1,v9_augmentation,train/plastic/esp32-cam-2026-08-01T09-18-28-587Z.jpg,esp32-cam-2026-08-01T09-18-28-587Z,prepared_v9/plastic/esp32-cam-2026-08-01T09-18-28-587Z,plastic_bottle,,False,65091df49f9820f9826456444e262b571bfda66319c505868612316908216c86,85b558fad6619eb8923b403b6ee2dc49c34a0e8eabf71bc87dff32e8395e16e2,320,240,prepared_v9
train/plastic/plastic_train_v9_aug_021.jpg,train,plastic,1,v9_augmentation,train/plastic/esp32-cam-2026-08-01T09-18-34-428Z.jpg,esp32-cam-2026-08-01T09-18-34-428Z,prepared_v9/plastic/esp32-cam-2026-08-01T09-18-34-428Z,plastic_bottle,,False,60d7e1427dea0c2b48bbac015d235001bba413b4888e7202741d7e8e318a7688,7dc14e69fba746693cfc394ad6d7325779fcc804c8125671c2563d793fbdefa7,320,240,prepared_v9
train/plastic/plastic_train_v9_aug_022.jpg,train,plastic,1,v9_augmentation,train/plastic/esp32-cam-2026-08-01T09-18-35-112Z.jpg,esp32-cam-2026-08-01T09-18-35-112Z,prepared_v9/plastic/esp32-cam-2026-08-01T09-18-35-112Z,plastic_bottle,,False,64e430f31ef0ce9eae2f40d7ed556b3b9bcfa787eaaf85e400f956af66d29087,d9ff8d5109570dd027fc74df30f9c48e9965548422edcdeefa70ea4c11da710a,320,240,prepared_v9
train/plastic/plastic_train_v9_aug_023.jpg,train,plastic,1,v9_augmentation,train/plastic/esp32-cam-2026-08-01T09-18-48-725Z.jpg,esp32-cam-2026-08-01T09-18-48-725Z,prepared_v9/plastic/esp32-cam-2026-08-01T09-18-48-725Z,plastic_bottle,,False,eccee35afc0bd4a8c56090c7c38af2f872f389962985dd838de2be38132fce3b,641a65585b37573c3bc270a114218d6d64e4b562312b5272f7ddca7d04c13120,320,240,prepared_v9
train/plastic/plastic_train_v9_aug_024.jpg,train,plastic,1,v9_augmentation,train/plastic/esp32-cam-2026-08-01T09-18-51-779Z.jpg,esp32-cam-2026-08-01T09-18-51-779Z,prepared_v9/plastic/esp32-cam-2026-08-01T09-18-51-779Z,plastic_bottle,,False,055af6a712c33783f60e42cb1116a9b3bb74dcbb3d5d0278d2c4bbc471d98a10,050e2420378665514c040a7c99a9ec4519d50ed340256e4977ca4181b1c18aee,320,240,prepared_v9
train/plastic/plastic_train_v9_aug_025.jpg,train,plastic,1,v9_augmentation,train/plastic/esp32-cam-2026-08-01T09-19-16-734Z.jpg,esp32-cam-2026-08-01T09-19-16-734Z,prepared_v9/plastic/esp32-cam-2026-08-01T09-19-16-734Z,plastic_bottle,,False,5e57cbc81a2258d5b7626d76d9ee3855cb06df1a78dc09e3e49f25e1b6ff3c53,a5aa802f7a1a2bb2b7410dec0951dec2a2b4bc8c0ebe6bc614be900530cdb244,320,240,prepared_v9
train/plastic/plastic_train_v9_aug_026.jpg,train,plastic,1,v9_augmentation,train/plastic/esp32-cam-2026-08-01T09-20-15-163Z.jpg,esp32-cam-2026-08-01T09-20-15-163Z,prepared_v9/plastic/esp32-cam-2026-08-01T09-20-15-163Z,plastic_bottle,,False,432cdbaa898ea901865a3af81d44393dc707c8014b492a8412feb08a07482e3d,86d21e2ace2835dfd1fec14ed8617067011635c9e196e4e7fc069a5dc9a95739,320,240,prepared_v9
train/plastic/plastic_train_v9_aug_027.jpg,train,plastic,1,v9_augmentation,train/plastic/v4_plastic_0d141ec360175d25f115774e.jpg,v4_plastic_0d141ec360175d25f115774e,prepared_v9/plastic/plastic_008,plastic_bottle,,False,f70352e3d186dffb9de11a6c905996e614062481852831757f50f1d86b8b3319,0d141ec360175d25f115774e92de4a9bbca07a7c204cded9792a830478c7896b,320,240,prepared_v9
train/plastic/v10data_3ca0fe5d-41ee-40d3-8ac4-8ed10aba5178_color_cool.jpg,train,plastic,1,esp_data_augmentation,data/plastic/3ca0fe5d-41ee-40d3-8ac4-8ed10aba5178.jpg,3ca0fe5d-41ee-40d3-8ac4-8ed10aba5178,v10_labeled_esp_data/plastic/3ca0fe5d-41ee-40d3-8ac4-8ed10aba5178,labeled_esp_edge_case,color_cool,False,3c43b020b657caf48066b41a5f3e6a5eed41b406b3c39fbcbfdf7dcba157c589,7788a372cea84735849fba7f19046d93497e31fd7242ebee288adaa91e992240,320,240,v10_labeled_esp_data
train/plastic/v10data_3ca0fe5d-41ee-40d3-8ac4-8ed10aba5178_color_desaturated.jpg,train,plastic,1,esp_data_augmentation,data/plastic/3ca0fe5d-41ee-40d3-8ac4-8ed10aba5178.jpg,3ca0fe5d-41ee-40d3-8ac4-8ed10aba5178,v10_labeled_esp_data/plastic/3ca0fe5d-41ee-40d3-8ac4-8ed10aba5178,labeled_esp_edge_case,color_desaturated,False,9d1e392d40db577c316ab0a5ef49b8a77ddda493c94e74e542be67069f4184dc,7788a372cea84735849fba7f19046d93497e31fd7242ebee288adaa91e992240,320,240,v10_labeled_esp_data
train/plastic/v10data_3ca0fe5d-41ee-40d3-8ac4-8ed10aba5178_color_warm.jpg,train,plastic,1,esp_data_augmentation,data/plastic/3ca0fe5d-41ee-40d3-8ac4-8ed10aba5178.jpg,3ca0fe5d-41ee-40d3-8ac4-8ed10aba5178,v10_labeled_esp_data/plastic/3ca0fe5d-41ee-40d3-8ac4-8ed10aba5178,labeled_esp_edge_case,color_warm,False,33072271605285bc7d79acbbebc1eb01347d1321ea124d2776e81b069e85e6bc,7788a372cea84735849fba7f19046d93497e31fd7242ebee288adaa91e992240,320,240,v10_labeled_esp_data
train/plastic/v10data_3ca0fe5d-41ee-40d3-8ac4-8ed10aba5178_edge_dark_blur_noise.jpg,train,plastic,1,esp_data_augmentation,data/plastic/3ca0fe5d-41ee-40d3-8ac4-8ed10aba5178.jpg,3ca0fe5d-41ee-40d3-8ac4-8ed10aba5178,v10_labeled_esp_data/plastic/3ca0fe5d-41ee-40d3-8ac4-8ed10aba5178,labeled_esp_edge_case,edge_dark_blur_noise,False,86c1ca840b112b6a03876815a439dc9c4a4c4661358988953ca127993aebc561,7788a372cea84735849fba7f19046d93497e31fd7242ebee288adaa91e992240,320,240,v10_labeled_esp_data
train/plastic/v10data_3ca0fe5d-41ee-40d3-8ac4-8ed10aba5178_gaussian_blur.jpg,train,plastic,1,esp_data_augmentation,data/plastic/3ca0fe5d-41ee-40d3-8ac4-8ed10aba5178.jpg,3ca0fe5d-41ee-40d3-8ac4-8ed10aba5178,v10_labeled_esp_data/plastic/3ca0fe5d-41ee-40d3-8ac4-8ed10aba5178,labeled_esp_edge_case,gaussian_blur,False,c7956f1c7867551a4922ea62809160b1a885db98c7443bce1e112ca1a420d018,7788a372cea84735849fba7f19046d93497e31fd7242ebee288adaa91e992240,320,240,v10_labeled_esp_data
train/plastic/v10data_3ca0fe5d-41ee-40d3-8ac4-8ed10aba5178_jpeg_quality_20.jpg,train,plastic,1,esp_data_augmentation,data/plastic/3ca0fe5d-41ee-40d3-8ac4-8ed10aba5178.jpg,3ca0fe5d-41ee-40d3-8ac4-8ed10aba5178,v10_labeled_esp_data/plastic/3ca0fe5d-41ee-40d3-8ac4-8ed10aba5178,labeled_esp_edge_case,jpeg_quality_20,False,8098444b70a6406c08ade548e89f7e1f53b87d7e4f5008b4bdcd12b7df7f5942,7788a372cea84735849fba7f19046d93497e31fd7242ebee288adaa91e992240,320,240,v10_labeled_esp_data
train/plastic/v10data_3ca0fe5d-41ee-40d3-8ac4-8ed10aba5178_light_bright.jpg,train,plastic,1,esp_data_augmentation,data/plastic/3ca0fe5d-41ee-40d3-8ac4-8ed10aba5178.jpg,3ca0fe5d-41ee-40d3-8ac4-8ed10aba5178,v10_labeled_esp_data/plastic/3ca0fe5d-41ee-40d3-8ac4-8ed10aba5178,labeled_esp_edge_case,light_bright,False,8d1d395a746943556d2eeddd9e1fc874ac2ca40350b54bd9b3ec88db4aa21036,7788a372cea84735849fba7f19046d93497e31fd7242ebee288adaa91e992240,320,240,v10_labeled_esp_data
train/plastic/v10data_3ca0fe5d-41ee-40d3-8ac4-8ed10aba5178_light_dark.jpg,train,plastic,1,esp_data_augmentation,data/plastic/3ca0fe5d-41ee-40d3-8ac4-8ed10aba5178.jpg,3ca0fe5d-41ee-40d3-8ac4-8ed10aba5178,v10_labeled_esp_data/plastic/3ca0fe5d-41ee-40d3-8ac4-8ed10aba5178,labeled_esp_edge_case,light_dark,False,c45653faadea20fbacbbd4ea0c3fb15e2f8af91eeb3e30a2bf889a47e2d5e8a4,7788a372cea84735849fba7f19046d93497e31fd7242ebee288adaa91e992240,320,240,v10_labeled_esp_data
train/plastic/v10data_3ca0fe5d-41ee-40d3-8ac4-8ed10aba5178_original.jpg,train,plastic,1,esp_data_original,data/plastic/3ca0fe5d-41ee-40d3-8ac4-8ed10aba5178.jpg,3ca0fe5d-41ee-40d3-8ac4-8ed10aba5178,v10_labeled_esp_data/plastic/3ca0fe5d-41ee-40d3-8ac4-8ed10aba5178,labeled_esp_edge_case,original,False,7788a372cea84735849fba7f19046d93497e31fd7242ebee288adaa91e992240,7788a372cea84735849fba7f19046d93497e31fd7242ebee288adaa91e992240,320,240,v10_labeled_esp_data
train/plastic/v10data_3ca0fe5d-41ee-40d3-8ac4-8ed10aba5178_resize_lowres.jpg,train,plastic,1,esp_data_augmentation,data/plastic/3ca0fe5d-41ee-40d3-8ac4-8ed10aba5178.jpg,3ca0fe5d-41ee-40d3-8ac4-8ed10aba5178,v10_labeled_esp_data/plastic/3ca0fe5d-41ee-40d3-8ac4-8ed10aba5178,labeled_esp_edge_case,resize_lowres,False,a409709f5fed4c80de32cfc5340b402de74ae9f6845bd66d649e08cda22ab77b,7788a372cea84735849fba7f19046d93497e31fd7242ebee288adaa91e992240,320,240,v10_labeled_esp_data
train/plastic/v10data_3ca0fe5d-41ee-40d3-8ac4-8ed10aba5178_rotate_left.jpg,train,plastic,1,esp_data_augmentation,data/plastic/3ca0fe5d-41ee-40d3-8ac4-8ed10aba5178.jpg,3ca0fe5d-41ee-40d3-8ac4-8ed10aba5178,v10_labeled_esp_data/plastic/3ca0fe5d-41ee-40d3-8ac4-8ed10aba5178,labeled_esp_edge_case,rotate_left,False,0ff35dd13220228bee5eed4612909da5de2a37885f3cfb1d800c099aa7f3906c,7788a372cea84735849fba7f19046d93497e31fd7242ebee288adaa91e992240,320,240,v10_labeled_esp_data
train/plastic/v10data_3ca0fe5d-41ee-40d3-8ac4-8ed10aba5178_rotate_right.jpg,train,plastic,1,esp_data_augmentation,data/plastic/3ca0fe5d-41ee-40d3-8ac4-8ed10aba5178.jpg,3ca0fe5d-41ee-40d3-8ac4-8ed10aba5178,v10_labeled_esp_data/plastic/3ca0fe5d-41ee-40d3-8ac4-8ed10aba5178,labeled_esp_edge_case,rotate_right,False,da4e7a792bb267b6743c426ea370a5410fd543275fd8e551b4882e702c5adea8,7788a372cea84735849fba7f19046d93497e31fd7242ebee288adaa91e992240,320,240,v10_labeled_esp_data
train/plastic/v10data_3ca0fe5d-41ee-40d3-8ac4-8ed10aba5178_sensor_noise.jpg,train,plastic,1,esp_data_augmentation,data/plastic/3ca0fe5d-41ee-40d3-8ac4-8ed10aba5178.jpg,3ca0fe5d-41ee-40d3-8ac4-8ed10aba5178,v10_labeled_esp_data/plastic/3ca0fe5d-41ee-40d3-8ac4-8ed10aba5178,labeled_esp_edge_case,sensor_noise,False,eca58152a2b0652e3580523416c457340aadb5ba3a106740d4845c790c632bdd,7788a372cea84735849fba7f19046d93497e31fd7242ebee288adaa91e992240,320,240,v10_labeled_esp_data
train/plastic/v10data_bf41de0f-b3fc-4fde-95fe-ab1c416d2b9c_color_cool.jpg,train,plastic,1,esp_data_augmentation,data/plastic/bf41de0f-b3fc-4fde-95fe-ab1c416d2b9c.jpg,bf41de0f-b3fc-4fde-95fe-ab1c416d2b9c,v10_labeled_esp_data/plastic/bf41de0f-b3fc-4fde-95fe-ab1c416d2b9c,labeled_esp_edge_case,color_cool,False,28cc404a9ef493987d91b164611cf063dbef1f14744c51bf8dd323e7259dedc3,28e3a33d4c827c11963674c8543cf20ef46b0f27b6df25f3daf3007ab2480590,320,240,v10_labeled_esp_data
train/plastic/v10data_bf41de0f-b3fc-4fde-95fe-ab1c416d2b9c_color_desaturated.jpg,train,plastic,1,esp_data_augmentation,data/plastic/bf41de0f-b3fc-4fde-95fe-ab1c416d2b9c.jpg,bf41de0f-b3fc-4fde-95fe-ab1c416d2b9c,v10_labeled_esp_data/plastic/bf41de0f-b3fc-4fde-95fe-ab1c416d2b9c,labeled_esp_edge_case,color_desaturated,False,68611c5b873e2f9b98f94678484f5dcbfe477100d79d3720e65fe7f83bddaecb,28e3a33d4c827c11963674c8543cf20ef46b0f27b6df25f3daf3007ab2480590,320,240,v10_labeled_esp_data
train/plastic/v10data_bf41de0f-b3fc-4fde-95fe-ab1c416d2b9c_color_warm.jpg,train,plastic,1,esp_data_augmentation,data/plastic/bf41de0f-b3fc-4fde-95fe-ab1c416d2b9c.jpg,bf41de0f-b3fc-4fde-95fe-ab1c416d2b9c,v10_labeled_esp_data/plastic/bf41de0f-b3fc-4fde-95fe-ab1c416d2b9c,labeled_esp_edge_case,color_warm,False,dc749491f4404616ecb06222d8a93631420df4b06efd2098c162d554b0ebd877,28e3a33d4c827c11963674c8543cf20ef46b0f27b6df25f3daf3007ab2480590,320,240,v10_labeled_esp_data
train/plastic/v10data_bf41de0f-b3fc-4fde-95fe-ab1c416d2b9c_edge_dark_blur_noise.jpg,train,plastic,1,esp_data_augmentation,data/plastic/bf41de0f-b3fc-4fde-95fe-ab1c416d2b9c.jpg,bf41de0f-b3fc-4fde-95fe-ab1c416d2b9c,v10_labeled_esp_data/plastic/bf41de0f-b3fc-4fde-95fe-ab1c416d2b9c,labeled_esp_edge_case,edge_dark_blur_noise,False,75c08ce79e0004e9ee385d3d2c20423e98b8b2c5e8846ecc3c6e9b8510593f7c,28e3a33d4c827c11963674c8543cf20ef46b0f27b6df25f3daf3007ab2480590,320,240,v10_labeled_esp_data
train/plastic/v10data_bf41de0f-b3fc-4fde-95fe-ab1c416d2b9c_gaussian_blur.jpg,train,plastic,1,esp_data_augmentation,data/plastic/bf41de0f-b3fc-4fde-95fe-ab1c416d2b9c.jpg,bf41de0f-b3fc-4fde-95fe-ab1c416d2b9c,v10_labeled_esp_data/plastic/bf41de0f-b3fc-4fde-95fe-ab1c416d2b9c,labeled_esp_edge_case,gaussian_blur,False,e88083861d6aa583050cd57d14f3da8fd93960cc3786cf8024aed774de17f95a,28e3a33d4c827c11963674c8543cf20ef46b0f27b6df25f3daf3007ab2480590,320,240,v10_labeled_esp_data
train/plastic/v10data_bf41de0f-b3fc-4fde-95fe-ab1c416d2b9c_jpeg_quality_20.jpg,train,plastic,1,esp_data_augmentation,data/plastic/bf41de0f-b3fc-4fde-95fe-ab1c416d2b9c.jpg,bf41de0f-b3fc-4fde-95fe-ab1c416d2b9c,v10_labeled_esp_data/plastic/bf41de0f-b3fc-4fde-95fe-ab1c416d2b9c,labeled_esp_edge_case,jpeg_quality_20,False,0861fa02b5238c8d1885bc122d725d3bd32c9c337a8214446819a85cd3e08fc1,28e3a33d4c827c11963674c8543cf20ef46b0f27b6df25f3daf3007ab2480590,320,240,v10_labeled_esp_data
train/plastic/v10data_bf41de0f-b3fc-4fde-95fe-ab1c416d2b9c_light_bright.jpg,train,plastic,1,esp_data_augmentation,data/plastic/bf41de0f-b3fc-4fde-95fe-ab1c416d2b9c.jpg,bf41de0f-b3fc-4fde-95fe-ab1c416d2b9c,v10_labeled_esp_data/plastic/bf41de0f-b3fc-4fde-95fe-ab1c416d2b9c,labeled_esp_edge_case,light_bright,False,da6cec5782f41edf45c0bc1a1cb53453e076e827b2d4135610e3e76f2ab29145,28e3a33d4c827c11963674c8543cf20ef46b0f27b6df25f3daf3007ab2480590,320,240,v10_labeled_esp_data
train/plastic/v10data_bf41de0f-b3fc-4fde-95fe-ab1c416d2b9c_light_dark.jpg,train,plastic,1,esp_data_augmentation,data/plastic/bf41de0f-b3fc-4fde-95fe-ab1c416d2b9c.jpg,bf41de0f-b3fc-4fde-95fe-ab1c416d2b9c,v10_labeled_esp_data/plastic/bf41de0f-b3fc-4fde-95fe-ab1c416d2b9c,labeled_esp_edge_case,light_dark,False,02928f3d7eb18974ba174d1ee3b7bb18b54ad2887ce086dbbabe3ec3e50d6e3e,28e3a33d4c827c11963674c8543cf20ef46b0f27b6df25f3daf3007ab2480590,320,240,v10_labeled_esp_data
train/plastic/v10data_bf41de0f-b3fc-4fde-95fe-ab1c416d2b9c_original.jpg,train,plastic,1,esp_data_original,data/plastic/bf41de0f-b3fc-4fde-95fe-ab1c416d2b9c.jpg,bf41de0f-b3fc-4fde-95fe-ab1c416d2b9c,v10_labeled_esp_data/plastic/bf41de0f-b3fc-4fde-95fe-ab1c416d2b9c,labeled_esp_edge_case,original,False,28e3a33d4c827c11963674c8543cf20ef46b0f27b6df25f3daf3007ab2480590,28e3a33d4c827c11963674c8543cf20ef46b0f27b6df25f3daf3007ab2480590,320,240,v10_labeled_esp_data
train/plastic/v10data_bf41de0f-b3fc-4fde-95fe-ab1c416d2b9c_resize_lowres.jpg,train,plastic,1,esp_data_augmentation,data/plastic/bf41de0f-b3fc-4fde-95fe-ab1c416d2b9c.jpg,bf41de0f-b3fc-4fde-95fe-ab1c416d2b9c,v10_labeled_esp_data/plastic/bf41de0f-b3fc-4fde-95fe-ab1c416d2b9c,labeled_esp_edge_case,resize_lowres,False,b1580eb8fad7938fdfd8341c7a4657c2f91782d22ec13aa83f8774709e8e8094,28e3a33d4c827c11963674c8543cf20ef46b0f27b6df25f3daf3007ab2480590,320,240,v10_labeled_esp_data
train/plastic/v10data_bf41de0f-b3fc-4fde-95fe-ab1c416d2b9c_rotate_left.jpg,train,plastic,1,esp_data_augmentation,data/plastic/bf41de0f-b3fc-4fde-95fe-ab1c416d2b9c.jpg,bf41de0f-b3fc-4fde-95fe-ab1c416d2b9c,v10_labeled_esp_data/plastic/bf41de0f-b3fc-4fde-95fe-ab1c416d2b9c,labeled_esp_edge_case,rotate_left,False,4d1a7fa1b185180f2e550933d98cec9d2f803ef48439d461bfb985b003898407,28e3a33d4c827c11963674c8543cf20ef46b0f27b6df25f3daf3007ab2480590,320,240,v10_labeled_esp_data
train/plastic/v10data_bf41de0f-b3fc-4fde-95fe-ab1c416d2b9c_rotate_right.jpg,train,plastic,1,esp_data_augmentation,data/plastic/bf41de0f-b3fc-4fde-95fe-ab1c416d2b9c.jpg,bf41de0f-b3fc-4fde-95fe-ab1c416d2b9c,v10_labeled_esp_data/plastic/bf41de0f-b3fc-4fde-95fe-ab1c416d2b9c,labeled_esp_edge_case,rotate_right,False,44ffd126c8beaa26edfe17b37145db0c9492d10b874f31e4c50e7f733408fddc,28e3a33d4c827c11963674c8543cf20ef46b0f27b6df25f3daf3007ab2480590,320,240,v10_labeled_esp_data
train/plastic/v10data_bf41de0f-b3fc-4fde-95fe-ab1c416d2b9c_sensor_noise.jpg,train,plastic,1,esp_data_augmentation,data/plastic/bf41de0f-b3fc-4fde-95fe-ab1c416d2b9c.jpg,bf41de0f-b3fc-4fde-95fe-ab1c416d2b9c,v10_labeled_esp_data/plastic/bf41de0f-b3fc-4fde-95fe-ab1c416d2b9c,labeled_esp_edge_case,sensor_noise,False,91817f53932c5d6d30d54c96064289b6a5eba6f2fd72aad2919bdf44451b97e5,28e3a33d4c827c11963674c8543cf20ef46b0f27b6df25f3daf3007ab2480590,320,240,v10_labeled_esp_data
train/organic/augv9_organic_train_aug_001_v9_color_noise.jpg,train,organic,2,generated_augmentation,organic/b2585b68-2a94-480d-b8bd-c1a7e3f3e997.jpg,b2585b68-2a94-480d-b8bd-c1a7e3f3e997,augmented_v9/organic/b2585b68-2a94-480d-b8bd-c1a7e3f3e997,cucumber,v9_color_noise,False,4b4f1657bbf65a43ed00479b723c78d09a0a2280c79b3ebaea15d2b03bbbfd32,2b82ef08b61cbf1f6803cd57c243609fddaf4e4d6e4ab1f4ef05545e17cf82bd,320,240,augmented_v9
train/organic/augv9_organic_train_aug_002_rotate_zoom.jpg,train,organic,2,generated_augmentation,organic/6fe2210f-9266-462c-84d7-1810e02d795e.jpg,6fe2210f-9266-462c-84d7-1810e02d795e,augmented_v9/organic/6fe2210f-9266-462c-84d7-1810e02d795e,cucumber,rotate_zoom,False,91e5bae2b5173615deb8b35049f34adf86dc03fb4d23597f1c83b09288bf5c66,5184984424f4bbd57780a16b90b296a51d7b6e0780359c2b80102139dfeec322,320,240,augmented_v9
train/organic/augv9_organic_train_aug_003_low_light_blur.jpg,train,organic,2,generated_augmentation,organic/2ce2ee73-d1b7-4e56-87c3-d2bcbad90c45.jpg,2ce2ee73-d1b7-4e56-87c3-d2bcbad90c45,augmented_v9/organic/2ce2ee73-d1b7-4e56-87c3-d2bcbad90c45,cucumber,low_light_blur,False,e447295018254ab49794072366f5fb336f922bc914ef29f8c0e627692e0c86f2,b2b03d9a9fe6c13fe7bb0ccd73e2a560b019019d8cc8a98b259f17ae55ab3269,320,240,augmented_v9
train/organic/augv9_organic_train_aug_004_bright_warm.jpg,train,organic,2,generated_augmentation,organic/6da78c88-e719-4ce5-8884-af59627a06e5.jpg,6da78c88-e719-4ce5-8884-af59627a06e5,augmented_v9/organic/6da78c88-e719-4ce5-8884-af59627a06e5,small_fruit,bright_warm,False,e0c2efe688f4aefdc1a3f0ca41d08c438e508859ab4d363c299085f0ef5a0fee,33c0326cb1824fa5350c14ace2c4f14225708442fbb5091abffa5a377a1415a0,320,240,augmented_v9
train/organic/augv9_organic_train_aug_005_cool_cast.jpg,train,organic,2,generated_augmentation,organic/e7e5cb6d-bffd-4214-aa21-da05d6741d00.jpg,e7e5cb6d-bffd-4214-aa21-da05d6741d00,augmented_v9/organic/e7e5cb6d-bffd-4214-aa21-da05d6741d00,lime,cool_cast,False,4bc9141977d4b4d3e71cfe99358b2c99f9ca0cba7c5ca98076fb3c222ff71858,5b5e695af58d17117607bacd2949f46c7d3e348f59e9303597cce6e2dc574644,320,240,augmented_v9
train/organic/augv9_organic_train_aug_006_sensor_noise.jpg,train,organic,2,generated_augmentation,organic/5b19b28c-d021-45ad-80a7-1609642dc69b.jpg,5b19b28c-d021-45ad-80a7-1609642dc69b,augmented_v9/organic/5b19b28c-d021-45ad-80a7-1609642dc69b,chili,sensor_noise,False,712c1cc47d263548ee160b531bdc7a11ccfc793ded6ba99a75035b2c58ad0925,9e793bf0bdcfc4609a8b00a5458f0c1be2f4180f860e320aa6cf111fafca45e4,320,240,augmented_v9
train/organic/augv9_organic_train_aug_007_soft_focus_scale.jpg,train,organic,2,generated_augmentation,organic/38901fe7-33a3-46e1-acd9-1e3113e395f0.jpg,38901fe7-33a3-46e1-acd9-1e3113e395f0,augmented_v9/organic/38901fe7-33a3-46e1-acd9-1e3113e395f0,cucumber,soft_focus_scale,False,229353b7d7c257178ec2419da801590e43f6b2fbd519abf27aeef963d36e93fe,621ade6e55376fd27261f110bfa2cc2b57b6f42299224c339816c42a73326fa9,320,240,augmented_v9
train/organic/augv9_organic_train_aug_008_v9_color_noise.jpg,train,organic,2,generated_augmentation,organic/afa1a907-bc43-4caf-8b03-16f253ade7f5.jpg,afa1a907-bc43-4caf-8b03-16f253ade7f5,augmented_v9/organic/afa1a907-bc43-4caf-8b03-16f253ade7f5,chili,v9_color_noise,False,b2e86e31166b947907c21238e2c6317d3b68d889840cf6e74ae65815fa9b025f,934504c4a65a6feb19151ad21a64fb9d91887da9697cb0468c3608a55900e1ff,320,240,augmented_v9
train/organic/augv9_organic_train_aug_009_rotate_zoom.jpg,train,organic,2,generated_augmentation,organic/c364827b-3a38-46d8-961b-fbe6e2b5ea59.jpg,c364827b-3a38-46d8-961b-fbe6e2b5ea59,augmented_v9/organic/c364827b-3a38-46d8-961b-fbe6e2b5ea59,lime,rotate_zoom,False,b2fdd7cb20f5b3945ad7a94b9b438c2c6a44b7eb05f8b7734af8eb85e4b68986,8bb604bcee753ddfc857661349d3dd5bb72e4fa3677d9290abeb42e22025054b,320,240,augmented_v9
train/organic/augv9_organic_train_aug_010_low_light_blur.jpg,train,organic,2,generated_augmentation,organic/c8b51d2b-e3d3-449b-a924-6ffb71cea846.jpg,c8b51d2b-e3d3-449b-a924-6ffb71cea846,augmented_v9/organic/c8b51d2b-e3d3-449b-a924-6ffb71cea846,cucumber,low_light_blur,False,d6cdfffb5a3355101a191bd0ca37b7688822fe4a2af77ed00cb459284476b681,12a4845386f0d6ecc304c496fa8de91bee864e3ae04df68b79f31cd6f1cff9a0,320,240,augmented_v9
train/organic/augv9_organic_train_aug_011_bright_warm.jpg,train,organic,2,generated_augmentation,organic/d1e769cc-f9bc-4644-8af5-829dff6f9729.jpg,d1e769cc-f9bc-4644-8af5-829dff6f9729,augmented_v9/organic/d1e769cc-f9bc-4644-8af5-829dff6f9729,lime,bright_warm,False,74b25b9fef4e9ce8cd918ae4b6a86bbbae036558074f44f00d9c30e43776d25b,cf9da5f62433c74a216834366e01747cc414c84c3941373cef62fcd910310aba,320,240,augmented_v9
train/organic/augv9_organic_train_aug_012_cool_cast.jpg,train,organic,2,generated_augmentation,organic/1bbe3524-aed4-4163-b2d9-8368fc54429f.jpg,1bbe3524-aed4-4163-b2d9-8368fc54429f,augmented_v9/organic/1bbe3524-aed4-4163-b2d9-8368fc54429f,cucumber,cool_cast,False,c5d730d151d18784a18d808f43865f83568ebe775e4a1cb436a4421260c81d90,1cd209997e4e4859676cfe8623ef1dd6d96dbb27e630e462fe1956aa57d9befe,320,240,augmented_v9
train/organic/augv9_organic_train_aug_013_sensor_noise.jpg,train,organic,2,generated_augmentation,organic/de5ac588-8dc7-42f3-92df-ba5203d84191.jpg,de5ac588-8dc7-42f3-92df-ba5203d84191,augmented_v9/organic/de5ac588-8dc7-42f3-92df-ba5203d84191,lime,sensor_noise,False,6e918709efbbb82ce28045733e9b781bd3e292a0c1c5017275220a20f13bc6a3,9b4af0592163fbc74425f01492ad188d540b0d2d58c25dd754287f9c0571390d,320,240,augmented_v9
train/organic/augv9_organic_train_aug_014_soft_focus_scale.jpg,train,organic,2,generated_augmentation,organic/9cb80350-e1f8-4d23-ba06-c67746404c9c.jpg,9cb80350-e1f8-4d23-ba06-c67746404c9c,augmented_v9/organic/9cb80350-e1f8-4d23-ba06-c67746404c9c,lime,soft_focus_scale,False,e729431b435cd6611b8ae39d8056ea8a23bc223d9ec54bdae312c1935d078ccc,caea67389d7c21010494cada20405d12fa7356e2e1bd4df64c339a3d31eed81d,320,240,augmented_v9
train/organic/augv9_organic_train_aug_015_v9_color_noise.jpg,train,organic,2,generated_augmentation,organic/ed180c1a-cd62-43e2-b424-c6143bd24eb8.jpg,ed180c1a-cd62-43e2-b424-c6143bd24eb8,augmented_v9/organic/ed180c1a-cd62-43e2-b424-c6143bd24eb8,cucumber,v9_color_noise,False,19e8f52c556d62eab135a972d44e4e2cc06432f5fc7ecb78e50be881a327f9f2,35b6626ab2d5f6d27733072a0ff69d73594d3ef251aecc61553694b83ee65806,320,240,augmented_v9
train/organic/augv9_organic_train_aug_016_rotate_zoom.jpg,train,organic,2,generated_augmentation,organic/37e8f933-178d-492c-b341-e40bb83dcc1e.jpg,37e8f933-178d-492c-b341-e40bb83dcc1e,augmented_v9/organic/37e8f933-178d-492c-b341-e40bb83dcc1e,cucumber,rotate_zoom,False,e90b976d7ee871addb1ee85fa96848db2640dc9614b70e4d2eb2f7d695a572ca,287e237fdf77ed28c1c86983e02282156c53fa5c165676e204d5ddc2244e5912,320,240,augmented_v9
train/organic/augv9_organic_train_aug_017_low_light_blur.jpg,train,organic,2,generated_augmentation,organic/e8cac581-2db8-498a-84dc-2ed19b828365.jpg,e8cac581-2db8-498a-84dc-2ed19b828365,augmented_v9/organic/e8cac581-2db8-498a-84dc-2ed19b828365,cucumber,low_light_blur,False,f00b600f4cae7bf114c026f425c172dc6fcff1a35de7e776205f63978ecfa743,7f16b638ed7ecdeac1cc64436b25cbcf6e60dd2a217b7d7610f76354a5f70705,320,240,augmented_v9
train/organic/augv9_organic_train_aug_018_bright_warm.jpg,train,organic,2,generated_augmentation,organic/ab069714-7214-4253-b632-59afae5663ed.jpg,ab069714-7214-4253-b632-59afae5663ed,augmented_v9/organic/ab069714-7214-4253-b632-59afae5663ed,lime,bright_warm,False,13ef8bb910a26071d7c55ecf8bf8000ce7e32483dfe191cb4657a35a25433ae7,0796b457a4536fbbc5cd157b9434190379360165c5f02ddd19d41c439c4d4a9f,320,240,augmented_v9
train/organic/augv9_organic_train_aug_019_cool_cast.jpg,train,organic,2,generated_augmentation,organic/d11aafc7-3a59-45c8-a333-ad9b762f2a3f.jpg,d11aafc7-3a59-45c8-a333-ad9b762f2a3f,augmented_v9/organic/d11aafc7-3a59-45c8-a333-ad9b762f2a3f,lime,cool_cast,False,e7b3b83732a6155f5c71a1cd084ce45de2d5545da51ea8280199cab236b381f4,d92ca08777646e1c5bcfe06a7b4ec85f4b9b740d9a83fb94a1a8ac8b7bf0bd19,320,240,augmented_v9
train/organic/augv9_organic_train_aug_020_sensor_noise.jpg,train,organic,2,generated_augmentation,organic/dad1b121-8cd0-4287-9842-d0304bb62253.jpg,dad1b121-8cd0-4287-9842-d0304bb62253,augmented_v9/organic/dad1b121-8cd0-4287-9842-d0304bb62253,cucumber,sensor_noise,False,d278e7b98c1e8af0d57cae64d308f0fee996834d40a3dbcaea789b45e1a414b4,19d7b05e365ac75aee4b3a6e83616ae8d075dc35a12f8ff950ebd80dbd314066,320,240,augmented_v9
train/organic/augv9_organic_train_aug_021_soft_focus_scale.jpg,train,organic,2,generated_augmentation,organic/b2585b68-2a94-480d-b8bd-c1a7e3f3e997.jpg,b2585b68-2a94-480d-b8bd-c1a7e3f3e997,augmented_v9/organic/b2585b68-2a94-480d-b8bd-c1a7e3f3e997,cucumber,soft_focus_scale,False,aa9fb8328c0550ee7ff0b37e76c9cedafcdb1742ee1767b8f4852df317aa6ef1,2b82ef08b61cbf1f6803cd57c243609fddaf4e4d6e4ab1f4ef05545e17cf82bd,320,240,augmented_v9
train/organic/augv9_organic_train_aug_022_v9_color_noise.jpg,train,organic,2,generated_augmentation,organic/6fe2210f-9266-462c-84d7-1810e02d795e.jpg,6fe2210f-9266-462c-84d7-1810e02d795e,augmented_v9/organic/6fe2210f-9266-462c-84d7-1810e02d795e,cucumber,v9_color_noise,False,d984f1e0f8e09fae4f697cfcc44548977a64d87c6e6225f9a7bcb930a5ab3a5e,5184984424f4bbd57780a16b90b296a51d7b6e0780359c2b80102139dfeec322,320,240,augmented_v9
train/organic/augv9_organic_train_aug_023_rotate_zoom.jpg,train,organic,2,generated_augmentation,organic/2ce2ee73-d1b7-4e56-87c3-d2bcbad90c45.jpg,2ce2ee73-d1b7-4e56-87c3-d2bcbad90c45,augmented_v9/organic/2ce2ee73-d1b7-4e56-87c3-d2bcbad90c45,cucumber,rotate_zoom,False,c29b06225a4a5ce11aa0ff92b6f77ec814007851d217bc70b5f85b57d8d43f7c,b2b03d9a9fe6c13fe7bb0ccd73e2a560b019019d8cc8a98b259f17ae55ab3269,320,240,augmented_v9
train/organic/augv9_organic_train_aug_024_low_light_blur.jpg,train,organic,2,generated_augmentation,organic/6da78c88-e719-4ce5-8884-af59627a06e5.jpg,6da78c88-e719-4ce5-8884-af59627a06e5,augmented_v9/organic/6da78c88-e719-4ce5-8884-af59627a06e5,small_fruit,low_light_blur,False,5d87acab0ca2fdd879897c9954a0b91d38a8eddd7a4c8fcd8acb4eed5050189a,33c0326cb1824fa5350c14ace2c4f14225708442fbb5091abffa5a377a1415a0,320,240,augmented_v9
train/organic/augv9_organic_train_aug_025_bright_warm.jpg,train,organic,2,generated_augmentation,organic/e7e5cb6d-bffd-4214-aa21-da05d6741d00.jpg,e7e5cb6d-bffd-4214-aa21-da05d6741d00,augmented_v9/organic/e7e5cb6d-bffd-4214-aa21-da05d6741d00,lime,bright_warm,False,56d5cc3947f0c5361d68ec13f7112b3125f8557ac0922782ee2e42679648bcca,5b5e695af58d17117607bacd2949f46c7d3e348f59e9303597cce6e2dc574644,320,240,augmented_v9
train/organic/augv9_organic_train_aug_026_cool_cast.jpg,train,organic,2,generated_augmentation,organic/5b19b28c-d021-45ad-80a7-1609642dc69b.jpg,5b19b28c-d021-45ad-80a7-1609642dc69b,augmented_v9/organic/5b19b28c-d021-45ad-80a7-1609642dc69b,chili,cool_cast,False,3a4df5a02709f5003391a7a1e56664f52a075208b0d6c01d7d530beed1edd34f,9e793bf0bdcfc4609a8b00a5458f0c1be2f4180f860e320aa6cf111fafca45e4,320,240,augmented_v9
train/organic/augv9_organic_train_aug_027_sensor_noise.jpg,train,organic,2,generated_augmentation,organic/38901fe7-33a3-46e1-acd9-1e3113e395f0.jpg,38901fe7-33a3-46e1-acd9-1e3113e395f0,augmented_v9/organic/38901fe7-33a3-46e1-acd9-1e3113e395f0,cucumber,sensor_noise,False,c322f519f9b087c8f0d0df4911a7639836974d44f0f7c6b6297e0421b733c89d,621ade6e55376fd27261f110bfa2cc2b57b6f42299224c339816c42a73326fa9,320,240,augmented_v9
train/organic/augv9_organic_train_aug_028_soft_focus_scale.jpg,train,organic,2,generated_augmentation,organic/afa1a907-bc43-4caf-8b03-16f253ade7f5.jpg,afa1a907-bc43-4caf-8b03-16f253ade7f5,augmented_v9/organic/afa1a907-bc43-4caf-8b03-16f253ade7f5,chili,soft_focus_scale,False,b86658dfd294492f73ca1d6bd25302d8659d7ccac42c648e7f760360f0966e56,934504c4a65a6feb19151ad21a64fb9d91887da9697cb0468c3608a55900e1ff,320,240,augmented_v9
train/organic/augv9_organic_train_aug_029_v9_color_noise.jpg,train,organic,2,generated_augmentation,organic/c364827b-3a38-46d8-961b-fbe6e2b5ea59.jpg,c364827b-3a38-46d8-961b-fbe6e2b5ea59,augmented_v9/organic/c364827b-3a38-46d8-961b-fbe6e2b5ea59,lime,v9_color_noise,False,16a216c051940cadbd44d798f1a41909e580f056279a08152dc9a282b49e810c,8bb604bcee753ddfc857661349d3dd5bb72e4fa3677d9290abeb42e22025054b,320,240,augmented_v9
train/organic/augv9_organic_train_aug_030_rotate_zoom.jpg,train,organic,2,generated_augmentation,organic/c8b51d2b-e3d3-449b-a924-6ffb71cea846.jpg,c8b51d2b-e3d3-449b-a924-6ffb71cea846,augmented_v9/organic/c8b51d2b-e3d3-449b-a924-6ffb71cea846,cucumber,rotate_zoom,False,79f147a71a92596a4f38cb989898fb54fa7232a0f9de12a1758366307eec795d,12a4845386f0d6ecc304c496fa8de91bee864e3ae04df68b79f31cd6f1cff9a0,320,240,augmented_v9
train/organic/augv9_organic_train_aug_031_low_light_blur.jpg,train,organic,2,generated_augmentation,organic/d1e769cc-f9bc-4644-8af5-829dff6f9729.jpg,d1e769cc-f9bc-4644-8af5-829dff6f9729,augmented_v9/organic/d1e769cc-f9bc-4644-8af5-829dff6f9729,lime,low_light_blur,False,b161ae48b88c7a3d1dd436f9e892555a827f95d38a5731be24a0994e6579a59b,cf9da5f62433c74a216834366e01747cc414c84c3941373cef62fcd910310aba,320,240,augmented_v9
train/organic/augv9_organic_train_aug_032_bright_warm.jpg,train,organic,2,generated_augmentation,organic/1bbe3524-aed4-4163-b2d9-8368fc54429f.jpg,1bbe3524-aed4-4163-b2d9-8368fc54429f,augmented_v9/organic/1bbe3524-aed4-4163-b2d9-8368fc54429f,cucumber,bright_warm,False,bf6f0e62acc6916b7626d32c747722be29f640adb8258e76a210aa21baa614ec,1cd209997e4e4859676cfe8623ef1dd6d96dbb27e630e462fe1956aa57d9befe,320,240,augmented_v9
train/organic/augv9_organic_train_aug_033_cool_cast.jpg,train,organic,2,generated_augmentation,organic/de5ac588-8dc7-42f3-92df-ba5203d84191.jpg,de5ac588-8dc7-42f3-92df-ba5203d84191,augmented_v9/organic/de5ac588-8dc7-42f3-92df-ba5203d84191,lime,cool_cast,False,b0bd498dca98d26cfa62d3c18d3fbfecb9d5c0baaafd098c35036680a0f43d82,9b4af0592163fbc74425f01492ad188d540b0d2d58c25dd754287f9c0571390d,320,240,augmented_v9
train/organic/augv9_organic_train_aug_034_sensor_noise.jpg,train,organic,2,generated_augmentation,organic/9cb80350-e1f8-4d23-ba06-c67746404c9c.jpg,9cb80350-e1f8-4d23-ba06-c67746404c9c,augmented_v9/organic/9cb80350-e1f8-4d23-ba06-c67746404c9c,lime,sensor_noise,False,02e743179936143fcc1fda9e471a62d5efcb1346e49c0780599effda7c794c33,caea67389d7c21010494cada20405d12fa7356e2e1bd4df64c339a3d31eed81d,320,240,augmented_v9
train/organic/augv9_organic_train_aug_035_soft_focus_scale.jpg,train,organic,2,generated_augmentation,organic/ed180c1a-cd62-43e2-b424-c6143bd24eb8.jpg,ed180c1a-cd62-43e2-b424-c6143bd24eb8,augmented_v9/organic/ed180c1a-cd62-43e2-b424-c6143bd24eb8,cucumber,soft_focus_scale,False,a9f7c2c7422339a60dbb5af4a9775f501d64390bd92ef68682f3aa3de8575d7f,35b6626ab2d5f6d27733072a0ff69d73594d3ef251aecc61553694b83ee65806,320,240,augmented_v9
train/organic/augv9_organic_train_aug_036_v9_color_noise.jpg,train,organic,2,generated_augmentation,organic/37e8f933-178d-492c-b341-e40bb83dcc1e.jpg,37e8f933-178d-492c-b341-e40bb83dcc1e,augmented_v9/organic/37e8f933-178d-492c-b341-e40bb83dcc1e,cucumber,v9_color_noise,False,fe6e184b8f26f67a2608b775cee4fc7d15f7588adbc9def350530baad9410675,287e237fdf77ed28c1c86983e02282156c53fa5c165676e204d5ddc2244e5912,320,240,augmented_v9
train/organic/augv9_organic_train_aug_037_rotate_zoom.jpg,train,organic,2,generated_augmentation,organic/e8cac581-2db8-498a-84dc-2ed19b828365.jpg,e8cac581-2db8-498a-84dc-2ed19b828365,augmented_v9/organic/e8cac581-2db8-498a-84dc-2ed19b828365,cucumber,rotate_zoom,False,ae4e770b399bdd0b6656ab54fc1fd3b57ce94663ffdf26e12c191cfcd984d78d,7f16b638ed7ecdeac1cc64436b25cbcf6e60dd2a217b7d7610f76354a5f70705,320,240,augmented_v9
train/organic/augv9_organic_train_aug_038_low_light_blur.jpg,train,organic,2,generated_augmentation,organic/ab069714-7214-4253-b632-59afae5663ed.jpg,ab069714-7214-4253-b632-59afae5663ed,augmented_v9/organic/ab069714-7214-4253-b632-59afae5663ed,lime,low_light_blur,False,9030b865fa1bed65c8aa160afebea6c5e10df8ea9952b1d0b2026bfd4bc73c5a,0796b457a4536fbbc5cd157b9434190379360165c5f02ddd19d41c439c4d4a9f,320,240,augmented_v9
train/organic/augv9_organic_train_aug_039_bright_warm.jpg,train,organic,2,generated_augmentation,organic/d11aafc7-3a59-45c8-a333-ad9b762f2a3f.jpg,d11aafc7-3a59-45c8-a333-ad9b762f2a3f,augmented_v9/organic/d11aafc7-3a59-45c8-a333-ad9b762f2a3f,lime,bright_warm,False,9e0a4e62e672dcbaeaa09d94c7519bcf44c9e65f906fd9cf2cb2fbbee4b8a084,d92ca08777646e1c5bcfe06a7b4ec85f4b9b740d9a83fb94a1a8ac8b7bf0bd19,320,240,augmented_v9
train/organic/augv9_organic_train_aug_040_cool_cast.jpg,train,organic,2,generated_augmentation,organic/dad1b121-8cd0-4287-9842-d0304bb62253.jpg,dad1b121-8cd0-4287-9842-d0304bb62253,augmented_v9/organic/dad1b121-8cd0-4287-9842-d0304bb62253,cucumber,cool_cast,False,450fb4da552c946fd90a988e4212f1f6cf588f83b39e935ed571a9d544050659,19d7b05e365ac75aee4b3a6e83616ae8d075dc35a12f8ff950ebd80dbd314066,320,240,augmented_v9
train/organic/augv9_organic_train_aug_041_sensor_noise.jpg,train,organic,2,generated_augmentation,organic/b2585b68-2a94-480d-b8bd-c1a7e3f3e997.jpg,b2585b68-2a94-480d-b8bd-c1a7e3f3e997,augmented_v9/organic/b2585b68-2a94-480d-b8bd-c1a7e3f3e997,cucumber,sensor_noise,False,89eebcba523c944504417551997294c47f89505eeaab3b15c49a4f342b378ef8,2b82ef08b61cbf1f6803cd57c243609fddaf4e4d6e4ab1f4ef05545e17cf82bd,320,240,augmented_v9
train/organic/augv9_organic_train_aug_042_soft_focus_scale.jpg,train,organic,2,generated_augmentation,organic/6fe2210f-9266-462c-84d7-1810e02d795e.jpg,6fe2210f-9266-462c-84d7-1810e02d795e,augmented_v9/organic/6fe2210f-9266-462c-84d7-1810e02d795e,cucumber,soft_focus_scale,False,47e8ae7608b30b026d0733cb09d505c0786e20eecc640e1533f3a1bdc1bb347e,5184984424f4bbd57780a16b90b296a51d7b6e0780359c2b80102139dfeec322,320,240,augmented_v9
train/organic/augv9_organic_train_aug_043_v9_color_noise.jpg,train,organic,2,generated_augmentation,organic/2ce2ee73-d1b7-4e56-87c3-d2bcbad90c45.jpg,2ce2ee73-d1b7-4e56-87c3-d2bcbad90c45,augmented_v9/organic/2ce2ee73-d1b7-4e56-87c3-d2bcbad90c45,cucumber,v9_color_noise,False,477fb8ccc7fc5ff6e749b735b4ca5a0d00093c241efbbe96b553b5fdca209d6a,b2b03d9a9fe6c13fe7bb0ccd73e2a560b019019d8cc8a98b259f17ae55ab3269,320,240,augmented_v9
train/organic/augv9_organic_train_aug_044_rotate_zoom.jpg,train,organic,2,generated_augmentation,organic/6da78c88-e719-4ce5-8884-af59627a06e5.jpg,6da78c88-e719-4ce5-8884-af59627a06e5,augmented_v9/organic/6da78c88-e719-4ce5-8884-af59627a06e5,small_fruit,rotate_zoom,False,c543bace6bd01ae5601af515d794186074c3386ef84f6e35eac1226c0b4f7606,33c0326cb1824fa5350c14ace2c4f14225708442fbb5091abffa5a377a1415a0,320,240,augmented_v9
train/organic/augv9_organic_train_aug_045_low_light_blur.jpg,train,organic,2,generated_augmentation,organic/e7e5cb6d-bffd-4214-aa21-da05d6741d00.jpg,e7e5cb6d-bffd-4214-aa21-da05d6741d00,augmented_v9/organic/e7e5cb6d-bffd-4214-aa21-da05d6741d00,lime,low_light_blur,False,a58c2f33aff5ad97d4d2315379fcf3e52f0fb32159933c087218337b53b8979e,5b5e695af58d17117607bacd2949f46c7d3e348f59e9303597cce6e2dc574644,320,240,augmented_v9
train/organic/augv9_organic_train_aug_046_bright_warm.jpg,train,organic,2,generated_augmentation,organic/5b19b28c-d021-45ad-80a7-1609642dc69b.jpg,5b19b28c-d021-45ad-80a7-1609642dc69b,augmented_v9/organic/5b19b28c-d021-45ad-80a7-1609642dc69b,chili,bright_warm,False,88884aaeabf192634cc5bcb8f8c6ccd26a45a5f3ceea9326391adfcb11574551,9e793bf0bdcfc4609a8b00a5458f0c1be2f4180f860e320aa6cf111fafca45e4,320,240,augmented_v9
train/organic/augv9_organic_train_aug_047_cool_cast.jpg,train,organic,2,generated_augmentation,organic/38901fe7-33a3-46e1-acd9-1e3113e395f0.jpg,38901fe7-33a3-46e1-acd9-1e3113e395f0,augmented_v9/organic/38901fe7-33a3-46e1-acd9-1e3113e395f0,cucumber,cool_cast,False,83f58a32538f274532a1715f5fbfbbd7a03b16c11baeae2e93932a25a2e8d315,621ade6e55376fd27261f110bfa2cc2b57b6f42299224c339816c42a73326fa9,320,240,augmented_v9
train/organic/augv9_organic_train_aug_048_sensor_noise.jpg,train,organic,2,generated_augmentation,organic/afa1a907-bc43-4caf-8b03-16f253ade7f5.jpg,afa1a907-bc43-4caf-8b03-16f253ade7f5,augmented_v9/organic/afa1a907-bc43-4caf-8b03-16f253ade7f5,chili,sensor_noise,False,9a29903f74a9f2a757abb494d592f929829d0b75a847ef7e79006e47fc3dec86,934504c4a65a6feb19151ad21a64fb9d91887da9697cb0468c3608a55900e1ff,320,240,augmented_v9
train/organic/augv9_organic_train_aug_049_soft_focus_scale.jpg,train,organic,2,generated_augmentation,organic/c364827b-3a38-46d8-961b-fbe6e2b5ea59.jpg,c364827b-3a38-46d8-961b-fbe6e2b5ea59,augmented_v9/organic/c364827b-3a38-46d8-961b-fbe6e2b5ea59,lime,soft_focus_scale,False,0bd260e396f83624362c153b1a7482308c282fd945398e66ec548a7335a7cd34,8bb604bcee753ddfc857661349d3dd5bb72e4fa3677d9290abeb42e22025054b,320,240,augmented_v9
train/organic/augv9_organic_train_aug_050_v9_color_noise.jpg,train,organic,2,generated_augmentation,organic/c8b51d2b-e3d3-449b-a924-6ffb71cea846.jpg,c8b51d2b-e3d3-449b-a924-6ffb71cea846,augmented_v9/organic/c8b51d2b-e3d3-449b-a924-6ffb71cea846,cucumber,v9_color_noise,False,70fdaa599f40abf2cd5521d1978b209dc352798d2c43a61bd4c187a75b30ebed,12a4845386f0d6ecc304c496fa8de91bee864e3ae04df68b79f31cd6f1cff9a0,320,240,augmented_v9
train/organic/augv9_organic_train_aug_051_rotate_zoom.jpg,train,organic,2,generated_augmentation,organic/d1e769cc-f9bc-4644-8af5-829dff6f9729.jpg,d1e769cc-f9bc-4644-8af5-829dff6f9729,augmented_v9/organic/d1e769cc-f9bc-4644-8af5-829dff6f9729,lime,rotate_zoom,False,53bf84de0fe7cc3ebed93d30d158aae44199ceedae6834e63bf680a0eefb6c25,cf9da5f62433c74a216834366e01747cc414c84c3941373cef62fcd910310aba,320,240,augmented_v9
train/organic/augv9_organic_train_aug_052_low_light_blur.jpg,train,organic,2,generated_augmentation,organic/1bbe3524-aed4-4163-b2d9-8368fc54429f.jpg,1bbe3524-aed4-4163-b2d9-8368fc54429f,augmented_v9/organic/1bbe3524-aed4-4163-b2d9-8368fc54429f,cucumber,low_light_blur,False,24391079a1c3a1f4abc09f0aebf1470ce684c34decad9bfae7252a5e25ced83d,1cd209997e4e4859676cfe8623ef1dd6d96dbb27e630e462fe1956aa57d9befe,320,240,augmented_v9
train/organic/augv9_organic_train_aug_053_bright_warm.jpg,train,organic,2,generated_augmentation,organic/de5ac588-8dc7-42f3-92df-ba5203d84191.jpg,de5ac588-8dc7-42f3-92df-ba5203d84191,augmented_v9/organic/de5ac588-8dc7-42f3-92df-ba5203d84191,lime,bright_warm,False,cab1fd73a5124617661d6c6ea32275f4905072af0b44d78a7cd74d0107daa7b0,9b4af0592163fbc74425f01492ad188d540b0d2d58c25dd754287f9c0571390d,320,240,augmented_v9
train/organic/augv9_organic_train_aug_054_cool_cast.jpg,train,organic,2,generated_augmentation,organic/9cb80350-e1f8-4d23-ba06-c67746404c9c.jpg,9cb80350-e1f8-4d23-ba06-c67746404c9c,augmented_v9/organic/9cb80350-e1f8-4d23-ba06-c67746404c9c,lime,cool_cast,False,1da948564f6913f31c3dd225cf5215eb3fe0c5953094b16660f9b8751605515b,caea67389d7c21010494cada20405d12fa7356e2e1bd4df64c339a3d31eed81d,320,240,augmented_v9
train/organic/augv9_organic_train_aug_055_sensor_noise.jpg,train,organic,2,generated_augmentation,organic/ed180c1a-cd62-43e2-b424-c6143bd24eb8.jpg,ed180c1a-cd62-43e2-b424-c6143bd24eb8,augmented_v9/organic/ed180c1a-cd62-43e2-b424-c6143bd24eb8,cucumber,sensor_noise,False,16b86d2421f571ac8e86d2bcaf7daa4050d9c83345039d572fa6d7b28e5dd5f8,35b6626ab2d5f6d27733072a0ff69d73594d3ef251aecc61553694b83ee65806,320,240,augmented_v9
train/organic/augv9_organic_train_aug_056_soft_focus_scale.jpg,train,organic,2,generated_augmentation,organic/37e8f933-178d-492c-b341-e40bb83dcc1e.jpg,37e8f933-178d-492c-b341-e40bb83dcc1e,augmented_v9/organic/37e8f933-178d-492c-b341-e40bb83dcc1e,cucumber,soft_focus_scale,False,c6fa33fb5a525d652041b1d80fed5d401a5477c1ec904161c683ffd1fdc48ada,287e237fdf77ed28c1c86983e02282156c53fa5c165676e204d5ddc2244e5912,320,240,augmented_v9
train/organic/augv9_organic_train_aug_057_v9_color_noise.jpg,train,organic,2,generated_augmentation,organic/e8cac581-2db8-498a-84dc-2ed19b828365.jpg,e8cac581-2db8-498a-84dc-2ed19b828365,augmented_v9/organic/e8cac581-2db8-498a-84dc-2ed19b828365,cucumber,v9_color_noise,False,7072fb55ba1ae5f7c37b2cec4c15ce528032d596c3bd77f4bdf02a3a52816879,7f16b638ed7ecdeac1cc64436b25cbcf6e60dd2a217b7d7610f76354a5f70705,320,240,augmented_v9
train/organic/augv9_organic_train_aug_058_rotate_zoom.jpg,train,organic,2,generated_augmentation,organic/ab069714-7214-4253-b632-59afae5663ed.jpg,ab069714-7214-4253-b632-59afae5663ed,augmented_v9/organic/ab069714-7214-4253-b632-59afae5663ed,lime,rotate_zoom,False,e0c60141ab306b511e36214bc8f5fb790d3b2d7b51c1444decf0a66baab1630c,0796b457a4536fbbc5cd157b9434190379360165c5f02ddd19d41c439c4d4a9f,320,240,augmented_v9
train/organic/augv9_organic_train_aug_059_low_light_blur.jpg,train,organic,2,generated_augmentation,organic/d11aafc7-3a59-45c8-a333-ad9b762f2a3f.jpg,d11aafc7-3a59-45c8-a333-ad9b762f2a3f,augmented_v9/organic/d11aafc7-3a59-45c8-a333-ad9b762f2a3f,lime,low_light_blur,False,0990d05d961956684a3dcf8d7d82ae9c1831dcf7d0739ea1e297ba233246962f,d92ca08777646e1c5bcfe06a7b4ec85f4b9b740d9a83fb94a1a8ac8b7bf0bd19,320,240,augmented_v9
train/organic/augv9_organic_train_aug_060_bright_warm.jpg,train,organic,2,generated_augmentation,organic/dad1b121-8cd0-4287-9842-d0304bb62253.jpg,dad1b121-8cd0-4287-9842-d0304bb62253,augmented_v9/organic/dad1b121-8cd0-4287-9842-d0304bb62253,cucumber,bright_warm,False,ed0cdb6589807d79b091e31e66a1ce402fd03c4da3445afabb326e65a7745191,19d7b05e365ac75aee4b3a6e83616ae8d075dc35a12f8ff950ebd80dbd314066,320,240,augmented_v9
train/organic/augv9_organic_train_aug_061_cool_cast.jpg,train,organic,2,generated_augmentation,organic/b2585b68-2a94-480d-b8bd-c1a7e3f3e997.jpg,b2585b68-2a94-480d-b8bd-c1a7e3f3e997,augmented_v9/organic/b2585b68-2a94-480d-b8bd-c1a7e3f3e997,cucumber,cool_cast,False,18d9fba1c0a93186cb6685214d8e657643ab2799594f1406ed5d2a038c33f27a,2b82ef08b61cbf1f6803cd57c243609fddaf4e4d6e4ab1f4ef05545e17cf82bd,320,240,augmented_v9
train/organic/augv9_organic_train_aug_062_sensor_noise.jpg,train,organic,2,generated_augmentation,organic/6fe2210f-9266-462c-84d7-1810e02d795e.jpg,6fe2210f-9266-462c-84d7-1810e02d795e,augmented_v9/organic/6fe2210f-9266-462c-84d7-1810e02d795e,cucumber,sensor_noise,False,d960b195472dc6983d292fa4cd4d511d1a85d12fbc056b649a41a5ae53f095c7,5184984424f4bbd57780a16b90b296a51d7b6e0780359c2b80102139dfeec322,320,240,augmented_v9
train/organic/augv9_organic_train_aug_063_soft_focus_scale.jpg,train,organic,2,generated_augmentation,organic/2ce2ee73-d1b7-4e56-87c3-d2bcbad90c45.jpg,2ce2ee73-d1b7-4e56-87c3-d2bcbad90c45,augmented_v9/organic/2ce2ee73-d1b7-4e56-87c3-d2bcbad90c45,cucumber,soft_focus_scale,False,15f7b54dbd79e508a85f86ad579aa6fe12f214ce8446421b2ac6adf3222f6324,b2b03d9a9fe6c13fe7bb0ccd73e2a560b019019d8cc8a98b259f17ae55ab3269,320,240,augmented_v9
train/organic/augv9_organic_train_aug_064_v9_color_noise.jpg,train,organic,2,generated_augmentation,organic/6da78c88-e719-4ce5-8884-af59627a06e5.jpg,6da78c88-e719-4ce5-8884-af59627a06e5,augmented_v9/organic/6da78c88-e719-4ce5-8884-af59627a06e5,small_fruit,v9_color_noise,False,7847bca78c7829129ef392fec7dc9094450d4c6679a22d21fedb105a39ed2678,33c0326cb1824fa5350c14ace2c4f14225708442fbb5091abffa5a377a1415a0,320,240,augmented_v9
train/organic/augv9_organic_train_aug_065_rotate_zoom.jpg,train,organic,2,generated_augmentation,organic/e7e5cb6d-bffd-4214-aa21-da05d6741d00.jpg,e7e5cb6d-bffd-4214-aa21-da05d6741d00,augmented_v9/organic/e7e5cb6d-bffd-4214-aa21-da05d6741d00,lime,rotate_zoom,False,10442511fa00ee026570bc74beda71377c3d895ce40a76b17f02cc2fffcaf649,5b5e695af58d17117607bacd2949f46c7d3e348f59e9303597cce6e2dc574644,320,240,augmented_v9
train/organic/augv9_organic_train_aug_066_low_light_blur.jpg,train,organic,2,generated_augmentation,organic/5b19b28c-d021-45ad-80a7-1609642dc69b.jpg,5b19b28c-d021-45ad-80a7-1609642dc69b,augmented_v9/organic/5b19b28c-d021-45ad-80a7-1609642dc69b,chili,low_light_blur,False,a8faf8b8546f79068e2ace4f091bc6b31c29738fef9d2a924bb91dfed5bfe2c2,9e793bf0bdcfc4609a8b00a5458f0c1be2f4180f860e320aa6cf111fafca45e4,320,240,augmented_v9
train/organic/augv9_organic_train_aug_067_bright_warm.jpg,train,organic,2,generated_augmentation,organic/38901fe7-33a3-46e1-acd9-1e3113e395f0.jpg,38901fe7-33a3-46e1-acd9-1e3113e395f0,augmented_v9/organic/38901fe7-33a3-46e1-acd9-1e3113e395f0,cucumber,bright_warm,False,a4c485157907cd06bb18d2be659a7d339c3502f7ece16cb138022e5b9ee247fd,621ade6e55376fd27261f110bfa2cc2b57b6f42299224c339816c42a73326fa9,320,240,augmented_v9
train/organic/augv9_organic_train_aug_068_cool_cast.jpg,train,organic,2,generated_augmentation,organic/afa1a907-bc43-4caf-8b03-16f253ade7f5.jpg,afa1a907-bc43-4caf-8b03-16f253ade7f5,augmented_v9/organic/afa1a907-bc43-4caf-8b03-16f253ade7f5,chili,cool_cast,False,b464f93dbbc7ab481340017e9c558298e8c1fcc91434ed543c22252a6a5cf291,934504c4a65a6feb19151ad21a64fb9d91887da9697cb0468c3608a55900e1ff,320,240,augmented_v9
train/organic/augv9_organic_train_aug_069_sensor_noise.jpg,train,organic,2,generated_augmentation,organic/c364827b-3a38-46d8-961b-fbe6e2b5ea59.jpg,c364827b-3a38-46d8-961b-fbe6e2b5ea59,augmented_v9/organic/c364827b-3a38-46d8-961b-fbe6e2b5ea59,lime,sensor_noise,False,781f52f0c00f3e26ffb7d9fbc6062f8e70810115934819d849d9d852d0443c6a,8bb604bcee753ddfc857661349d3dd5bb72e4fa3677d9290abeb42e22025054b,320,240,augmented_v9
train/organic/augv9_organic_train_aug_070_soft_focus_scale.jpg,train,organic,2,generated_augmentation,organic/c8b51d2b-e3d3-449b-a924-6ffb71cea846.jpg,c8b51d2b-e3d3-449b-a924-6ffb71cea846,augmented_v9/organic/c8b51d2b-e3d3-449b-a924-6ffb71cea846,cucumber,soft_focus_scale,False,07ecb15ee1fb7a8c73fba9e37593f3a4d0994c03d5123dba21999936558f98f2,12a4845386f0d6ecc304c496fa8de91bee864e3ae04df68b79f31cd6f1cff9a0,320,240,augmented_v9
train/organic/augv9_organic_train_aug_071_v9_color_noise.jpg,train,organic,2,generated_augmentation,organic/d1e769cc-f9bc-4644-8af5-829dff6f9729.jpg,d1e769cc-f9bc-4644-8af5-829dff6f9729,augmented_v9/organic/d1e769cc-f9bc-4644-8af5-829dff6f9729,lime,v9_color_noise,False,2ebf7deb41dddeffcca99583891f1153b37c58fb038f030594ab674fa1aa297b,cf9da5f62433c74a216834366e01747cc414c84c3941373cef62fcd910310aba,320,240,augmented_v9
train/organic/augv9_organic_train_aug_072_rotate_zoom.jpg,train,organic,2,generated_augmentation,organic/1bbe3524-aed4-4163-b2d9-8368fc54429f.jpg,1bbe3524-aed4-4163-b2d9-8368fc54429f,augmented_v9/organic/1bbe3524-aed4-4163-b2d9-8368fc54429f,cucumber,rotate_zoom,False,f7e6da53e8923bfa556d798fe02f76e497514ee713be6db1160d5b4ec3df2954,1cd209997e4e4859676cfe8623ef1dd6d96dbb27e630e462fe1956aa57d9befe,320,240,augmented_v9
train/organic/augv9_organic_train_aug_073_low_light_blur.jpg,train,organic,2,generated_augmentation,organic/de5ac588-8dc7-42f3-92df-ba5203d84191.jpg,de5ac588-8dc7-42f3-92df-ba5203d84191,augmented_v9/organic/de5ac588-8dc7-42f3-92df-ba5203d84191,lime,low_light_blur,False,5c54756f69e03cc1b4c9703caf9a40b4735a2df827d217c2d1da66426ce4a1ae,9b4af0592163fbc74425f01492ad188d540b0d2d58c25dd754287f9c0571390d,320,240,augmented_v9
train/organic/augv9_organic_train_aug_074_bright_warm.jpg,train,organic,2,generated_augmentation,organic/9cb80350-e1f8-4d23-ba06-c67746404c9c.jpg,9cb80350-e1f8-4d23-ba06-c67746404c9c,augmented_v9/organic/9cb80350-e1f8-4d23-ba06-c67746404c9c,lime,bright_warm,False,e4871dc1bdd5298c89d1b55768e4451523202f565dfef60a3b97ad59adb7db21,caea67389d7c21010494cada20405d12fa7356e2e1bd4df64c339a3d31eed81d,320,240,augmented_v9
train/organic/augv9_organic_train_aug_075_cool_cast.jpg,train,organic,2,generated_augmentation,organic/ed180c1a-cd62-43e2-b424-c6143bd24eb8.jpg,ed180c1a-cd62-43e2-b424-c6143bd24eb8,augmented_v9/organic/ed180c1a-cd62-43e2-b424-c6143bd24eb8,cucumber,cool_cast,False,c04baf412af992a7a30fc3fc0f59526077a451cfa18e34c11cd2acea3e7b1e4c,35b6626ab2d5f6d27733072a0ff69d73594d3ef251aecc61553694b83ee65806,320,240,augmented_v9
train/organic/augv9_organic_train_aug_076_sensor_noise.jpg,train,organic,2,generated_augmentation,organic/37e8f933-178d-492c-b341-e40bb83dcc1e.jpg,37e8f933-178d-492c-b341-e40bb83dcc1e,augmented_v9/organic/37e8f933-178d-492c-b341-e40bb83dcc1e,cucumber,sensor_noise,False,f1fd99ef680ad4dbe3d31096c58b0366c790920392da81214ffbdbb22239872b,287e237fdf77ed28c1c86983e02282156c53fa5c165676e204d5ddc2244e5912,320,240,augmented_v9
train/organic/augv9_organic_train_aug_077_soft_focus_scale.jpg,train,organic,2,generated_augmentation,organic/e8cac581-2db8-498a-84dc-2ed19b828365.jpg,e8cac581-2db8-498a-84dc-2ed19b828365,augmented_v9/organic/e8cac581-2db8-498a-84dc-2ed19b828365,cucumber,soft_focus_scale,False,ae0f457e2104a93368e4fc08b37c34f74b420e1355bc1c0f28982ebe936d61ab,7f16b638ed7ecdeac1cc64436b25cbcf6e60dd2a217b7d7610f76354a5f70705,320,240,augmented_v9
train/organic/augv9_organic_train_aug_078_v9_color_noise.jpg,train,organic,2,generated_augmentation,organic/ab069714-7214-4253-b632-59afae5663ed.jpg,ab069714-7214-4253-b632-59afae5663ed,augmented_v9/organic/ab069714-7214-4253-b632-59afae5663ed,lime,v9_color_noise,False,46d358101dac05d38e9f11e9bf8e1895849667e06b1f86e96cae3ee336861ae8,0796b457a4536fbbc5cd157b9434190379360165c5f02ddd19d41c439c4d4a9f,320,240,augmented_v9
train/organic/augv9_organic_train_aug_079_rotate_zoom.jpg,train,organic,2,generated_augmentation,organic/d11aafc7-3a59-45c8-a333-ad9b762f2a3f.jpg,d11aafc7-3a59-45c8-a333-ad9b762f2a3f,augmented_v9/organic/d11aafc7-3a59-45c8-a333-ad9b762f2a3f,lime,rotate_zoom,False,91a0aaa69aee757cf64612716f52f5aa8aadb1803f94c3628aacfe629af7c4f2,d92ca08777646e1c5bcfe06a7b4ec85f4b9b740d9a83fb94a1a8ac8b7bf0bd19,320,240,augmented_v9
train/organic/augv9_organic_train_aug_080_low_light_blur.jpg,train,organic,2,generated_augmentation,organic/dad1b121-8cd0-4287-9842-d0304bb62253.jpg,dad1b121-8cd0-4287-9842-d0304bb62253,augmented_v9/organic/dad1b121-8cd0-4287-9842-d0304bb62253,cucumber,low_light_blur,False,c4d37f12b82c6f63e4c45763fabc4889e6aea67b95e8db95248e7b4ac13f3b75,19d7b05e365ac75aee4b3a6e83616ae8d075dc35a12f8ff950ebd80dbd314066,320,240,augmented_v9
train/organic/augv9_organic_train_aug_081_bright_warm.jpg,train,organic,2,generated_augmentation,organic/b2585b68-2a94-480d-b8bd-c1a7e3f3e997.jpg,b2585b68-2a94-480d-b8bd-c1a7e3f3e997,augmented_v9/organic/b2585b68-2a94-480d-b8bd-c1a7e3f3e997,cucumber,bright_warm,False,ca0fcfd2b1f5505549bdd8f2937ca71fcaab80591b985745a79d9d42d0eed49f,2b82ef08b61cbf1f6803cd57c243609fddaf4e4d6e4ab1f4ef05545e17cf82bd,320,240,augmented_v9
train/organic/augv9_organic_train_aug_082_cool_cast.jpg,train,organic,2,generated_augmentation,organic/6fe2210f-9266-462c-84d7-1810e02d795e.jpg,6fe2210f-9266-462c-84d7-1810e02d795e,augmented_v9/organic/6fe2210f-9266-462c-84d7-1810e02d795e,cucumber,cool_cast,False,d5faee4851fd0638baf87b2c5d465afec9c4889ed8ec058a58d04db025226f12,5184984424f4bbd57780a16b90b296a51d7b6e0780359c2b80102139dfeec322,320,240,augmented_v9
train/organic/augv9_organic_train_aug_083_sensor_noise.jpg,train,organic,2,generated_augmentation,organic/2ce2ee73-d1b7-4e56-87c3-d2bcbad90c45.jpg,2ce2ee73-d1b7-4e56-87c3-d2bcbad90c45,augmented_v9/organic/2ce2ee73-d1b7-4e56-87c3-d2bcbad90c45,cucumber,sensor_noise,False,5e9c16a2889af91f6c28a68ea1fe8f149d3cbcbf392b3188055bda233caf8565,b2b03d9a9fe6c13fe7bb0ccd73e2a560b019019d8cc8a98b259f17ae55ab3269,320,240,augmented_v9
train/organic/augv9_organic_train_aug_084_soft_focus_scale.jpg,train,organic,2,generated_augmentation,organic/6da78c88-e719-4ce5-8884-af59627a06e5.jpg,6da78c88-e719-4ce5-8884-af59627a06e5,augmented_v9/organic/6da78c88-e719-4ce5-8884-af59627a06e5,small_fruit,soft_focus_scale,False,239d9386b4772b7d84371317d35f1ec18ae42a0fa619ca891c3ad56ae28c3e8e,33c0326cb1824fa5350c14ace2c4f14225708442fbb5091abffa5a377a1415a0,320,240,augmented_v9
train/organic/augv9_organic_train_aug_085_v9_color_noise.jpg,train,organic,2,generated_augmentation,organic/e7e5cb6d-bffd-4214-aa21-da05d6741d00.jpg,e7e5cb6d-bffd-4214-aa21-da05d6741d00,augmented_v9/organic/e7e5cb6d-bffd-4214-aa21-da05d6741d00,lime,v9_color_noise,False,44cdd846414e4b66ef362d05d95e98e59fc5e7831d211134c22b82cbc9079081,5b5e695af58d17117607bacd2949f46c7d3e348f59e9303597cce6e2dc574644,320,240,augmented_v9
train/organic/augv9_organic_train_aug_086_rotate_zoom.jpg,train,organic,2,generated_augmentation,organic/5b19b28c-d021-45ad-80a7-1609642dc69b.jpg,5b19b28c-d021-45ad-80a7-1609642dc69b,augmented_v9/organic/5b19b28c-d021-45ad-80a7-1609642dc69b,chili,rotate_zoom,False,f06c48cffd18ba603f23a80f491e3490eb45b20dbd81b650f147d5a7478bf45f,9e793bf0bdcfc4609a8b00a5458f0c1be2f4180f860e320aa6cf111fafca45e4,320,240,augmented_v9
train/organic/augv9_organic_train_aug_087_low_light_blur.jpg,train,organic,2,generated_augmentation,organic/38901fe7-33a3-46e1-acd9-1e3113e395f0.jpg,38901fe7-33a3-46e1-acd9-1e3113e395f0,augmented_v9/organic/38901fe7-33a3-46e1-acd9-1e3113e395f0,cucumber,low_light_blur,False,fc6f9541bff27a664048d5fdc762c5199f3a4ab8ff51c1f05c4ca214edc6c101,621ade6e55376fd27261f110bfa2cc2b57b6f42299224c339816c42a73326fa9,320,240,augmented_v9
train/organic/augv9_organic_train_aug_088_bright_warm.jpg,train,organic,2,generated_augmentation,organic/afa1a907-bc43-4caf-8b03-16f253ade7f5.jpg,afa1a907-bc43-4caf-8b03-16f253ade7f5,augmented_v9/organic/afa1a907-bc43-4caf-8b03-16f253ade7f5,chili,bright_warm,False,2cab064a5043fc38f362cb9a69d2635c78c275857053d2b0e971d822761a2f7e,934504c4a65a6feb19151ad21a64fb9d91887da9697cb0468c3608a55900e1ff,320,240,augmented_v9
train/organic/augv9_organic_train_aug_089_cool_cast.jpg,train,organic,2,generated_augmentation,organic/c364827b-3a38-46d8-961b-fbe6e2b5ea59.jpg,c364827b-3a38-46d8-961b-fbe6e2b5ea59,augmented_v9/organic/c364827b-3a38-46d8-961b-fbe6e2b5ea59,lime,cool_cast,False,187e3372e0211f8f3b673bbdcb08faaeaa6f18ad20e2db8601a722baaed0d940,8bb604bcee753ddfc857661349d3dd5bb72e4fa3677d9290abeb42e22025054b,320,240,augmented_v9
train/organic/augv9_organic_train_aug_090_sensor_noise.jpg,train,organic,2,generated_augmentation,organic/c8b51d2b-e3d3-449b-a924-6ffb71cea846.jpg,c8b51d2b-e3d3-449b-a924-6ffb71cea846,augmented_v9/organic/c8b51d2b-e3d3-449b-a924-6ffb71cea846,cucumber,sensor_noise,False,a13c11faf83042dc8f31a95622304d9e0704ed016165709483464858a4671eac,12a4845386f0d6ecc304c496fa8de91bee864e3ae04df68b79f31cd6f1cff9a0,320,240,augmented_v9
train/organic/augv9_organic_train_aug_091_soft_focus_scale.jpg,train,organic,2,generated_augmentation,organic/d1e769cc-f9bc-4644-8af5-829dff6f9729.jpg,d1e769cc-f9bc-4644-8af5-829dff6f9729,augmented_v9/organic/d1e769cc-f9bc-4644-8af5-829dff6f9729,lime,soft_focus_scale,False,0147c7c1ab03285dd1849e5a048c84905fae7a522d93f8adc376756e39516b45,cf9da5f62433c74a216834366e01747cc414c84c3941373cef62fcd910310aba,320,240,augmented_v9
train/organic/augv9_organic_train_aug_092_v9_color_noise.jpg,train,organic,2,generated_augmentation,organic/1bbe3524-aed4-4163-b2d9-8368fc54429f.jpg,1bbe3524-aed4-4163-b2d9-8368fc54429f,augmented_v9/organic/1bbe3524-aed4-4163-b2d9-8368fc54429f,cucumber,v9_color_noise,False,688205cba9a5578f4c1a77218e6491cd0ca2ee54d6ec8ec9c230e92301e3d30a,1cd209997e4e4859676cfe8623ef1dd6d96dbb27e630e462fe1956aa57d9befe,320,240,augmented_v9
train/organic/augv9_organic_train_aug_093_rotate_zoom.jpg,train,organic,2,generated_augmentation,organic/de5ac588-8dc7-42f3-92df-ba5203d84191.jpg,de5ac588-8dc7-42f3-92df-ba5203d84191,augmented_v9/organic/de5ac588-8dc7-42f3-92df-ba5203d84191,lime,rotate_zoom,False,414fe038ab20d9cecf4e59ad7ca2e3476a314c87a9bdad7b0d5b9d88837015ed,9b4af0592163fbc74425f01492ad188d540b0d2d58c25dd754287f9c0571390d,320,240,augmented_v9
train/organic/augv9_organic_train_aug_094_low_light_blur.jpg,train,organic,2,generated_augmentation,organic/9cb80350-e1f8-4d23-ba06-c67746404c9c.jpg,9cb80350-e1f8-4d23-ba06-c67746404c9c,augmented_v9/organic/9cb80350-e1f8-4d23-ba06-c67746404c9c,lime,low_light_blur,False,698153c5be479f9b66cafc5a2d2697fc7fde143160d9958080ca0c0ee624bdf9,caea67389d7c21010494cada20405d12fa7356e2e1bd4df64c339a3d31eed81d,320,240,augmented_v9
train/organic/augv9_organic_train_aug_095_bright_warm.jpg,train,organic,2,generated_augmentation,organic/ed180c1a-cd62-43e2-b424-c6143bd24eb8.jpg,ed180c1a-cd62-43e2-b424-c6143bd24eb8,augmented_v9/organic/ed180c1a-cd62-43e2-b424-c6143bd24eb8,cucumber,bright_warm,False,a82df5b339a3d0e74fec2b9c86c3dce0c0125bdfd815b24d2d2459a3a3ea2e24,35b6626ab2d5f6d27733072a0ff69d73594d3ef251aecc61553694b83ee65806,320,240,augmented_v9
train/organic/augv9_organic_train_aug_096_cool_cast.jpg,train,organic,2,generated_augmentation,organic/37e8f933-178d-492c-b341-e40bb83dcc1e.jpg,37e8f933-178d-492c-b341-e40bb83dcc1e,augmented_v9/organic/37e8f933-178d-492c-b341-e40bb83dcc1e,cucumber,cool_cast,False,907c53fa7c73fe696dd3b3a9e19d233970cbd48286cc868268c867a4750b40c0,287e237fdf77ed28c1c86983e02282156c53fa5c165676e204d5ddc2244e5912,320,240,augmented_v9
train/organic/augv9_organic_train_aug_097_sensor_noise.jpg,train,organic,2,generated_augmentation,organic/e8cac581-2db8-498a-84dc-2ed19b828365.jpg,e8cac581-2db8-498a-84dc-2ed19b828365,augmented_v9/organic/e8cac581-2db8-498a-84dc-2ed19b828365,cucumber,sensor_noise,False,9f3cd633b8de68a61f622bd6935bc696653d3c7d27def403fb6d571d5068e24f,7f16b638ed7ecdeac1cc64436b25cbcf6e60dd2a217b7d7610f76354a5f70705,320,240,augmented_v9
train/organic/augv9_organic_train_aug_098_soft_focus_scale.jpg,train,organic,2,generated_augmentation,organic/ab069714-7214-4253-b632-59afae5663ed.jpg,ab069714-7214-4253-b632-59afae5663ed,augmented_v9/organic/ab069714-7214-4253-b632-59afae5663ed,lime,soft_focus_scale,False,b4b898fc1a5bea024f8e8481bf19f6a7f5be22b45a99b0917259fc9a6c2082d4,0796b457a4536fbbc5cd157b9434190379360165c5f02ddd19d41c439c4d4a9f,320,240,augmented_v9
train/organic/augv9_organic_train_aug_099_v9_color_noise.jpg,train,organic,2,generated_augmentation,organic/d11aafc7-3a59-45c8-a333-ad9b762f2a3f.jpg,d11aafc7-3a59-45c8-a333-ad9b762f2a3f,augmented_v9/organic/d11aafc7-3a59-45c8-a333-ad9b762f2a3f,lime,v9_color_noise,False,5c15609d0e5b7965925605bd6ff14e1569c8928e6ffc2544e013b3f141f08e84,d92ca08777646e1c5bcfe06a7b4ec85f4b9b740d9a83fb94a1a8ac8b7bf0bd19,320,240,augmented_v9
train/organic/augv9_organic_train_aug_100_rotate_zoom.jpg,train,organic,2,generated_augmentation,organic/dad1b121-8cd0-4287-9842-d0304bb62253.jpg,dad1b121-8cd0-4287-9842-d0304bb62253,augmented_v9/organic/dad1b121-8cd0-4287-9842-d0304bb62253,cucumber,rotate_zoom,False,a2ac541965e1cfb644a719dab8c8db85c3447039349f72c65e721858bf2147cb,19d7b05e365ac75aee4b3a6e83616ae8d075dc35a12f8ff950ebd80dbd314066,320,240,augmented_v9
train/organic/augv9_organic_train_aug_101_low_light_blur.jpg,train,organic,2,generated_augmentation,organic/b2585b68-2a94-480d-b8bd-c1a7e3f3e997.jpg,b2585b68-2a94-480d-b8bd-c1a7e3f3e997,augmented_v9/organic/b2585b68-2a94-480d-b8bd-c1a7e3f3e997,cucumber,low_light_blur,False,9be568f19b4b010ce9804c7c2d4a0bdfa710e696922c68054c063ecec792afa4,2b82ef08b61cbf1f6803cd57c243609fddaf4e4d6e4ab1f4ef05545e17cf82bd,320,240,augmented_v9
train/organic/augv9_organic_train_aug_102_bright_warm.jpg,train,organic,2,generated_augmentation,organic/6fe2210f-9266-462c-84d7-1810e02d795e.jpg,6fe2210f-9266-462c-84d7-1810e02d795e,augmented_v9/organic/6fe2210f-9266-462c-84d7-1810e02d795e,cucumber,bright_warm,False,bbc6e38aacf09b8735770a9d03e0a89af77d0f81cae74cce08e46697717e154a,5184984424f4bbd57780a16b90b296a51d7b6e0780359c2b80102139dfeec322,320,240,augmented_v9
train/organic/augv9_organic_train_aug_103_cool_cast.jpg,train,organic,2,generated_augmentation,organic/2ce2ee73-d1b7-4e56-87c3-d2bcbad90c45.jpg,2ce2ee73-d1b7-4e56-87c3-d2bcbad90c45,augmented_v9/organic/2ce2ee73-d1b7-4e56-87c3-d2bcbad90c45,cucumber,cool_cast,False,123610b8bcff3337aad3dfe6c372d9b85fac13cb08df7083d2b889cd5e6200b8,b2b03d9a9fe6c13fe7bb0ccd73e2a560b019019d8cc8a98b259f17ae55ab3269,320,240,augmented_v9
train/organic/augv9_organic_train_aug_104_sensor_noise.jpg,train,organic,2,generated_augmentation,organic/6da78c88-e719-4ce5-8884-af59627a06e5.jpg,6da78c88-e719-4ce5-8884-af59627a06e5,augmented_v9/organic/6da78c88-e719-4ce5-8884-af59627a06e5,small_fruit,sensor_noise,False,d87807ee73b33c54f997fce2477255d4677b9327689b05a0cb76a36edb6380f3,33c0326cb1824fa5350c14ace2c4f14225708442fbb5091abffa5a377a1415a0,320,240,augmented_v9
train/organic/augv9_organic_train_aug_105_soft_focus_scale.jpg,train,organic,2,generated_augmentation,organic/e7e5cb6d-bffd-4214-aa21-da05d6741d00.jpg,e7e5cb6d-bffd-4214-aa21-da05d6741d00,augmented_v9/organic/e7e5cb6d-bffd-4214-aa21-da05d6741d00,lime,soft_focus_scale,False,239c44f8a1dd914c35cf5a4ef2b86009eeead1f97dd9f28c1caaea66564eb9e5,5b5e695af58d17117607bacd2949f46c7d3e348f59e9303597cce6e2dc574644,320,240,augmented_v9
train/organic/augv9_organic_train_aug_106_v9_color_noise.jpg,train,organic,2,generated_augmentation,organic/5b19b28c-d021-45ad-80a7-1609642dc69b.jpg,5b19b28c-d021-45ad-80a7-1609642dc69b,augmented_v9/organic/5b19b28c-d021-45ad-80a7-1609642dc69b,chili,v9_color_noise,False,5d1c7703d83e5a0f61d3eb1a2026906d3f9cf5eff31b1ef28819833cb71d0cdd,9e793bf0bdcfc4609a8b00a5458f0c1be2f4180f860e320aa6cf111fafca45e4,320,240,augmented_v9
train/organic/augv9_organic_train_aug_107_rotate_zoom.jpg,train,organic,2,generated_augmentation,organic/38901fe7-33a3-46e1-acd9-1e3113e395f0.jpg,38901fe7-33a3-46e1-acd9-1e3113e395f0,augmented_v9/organic/38901fe7-33a3-46e1-acd9-1e3113e395f0,cucumber,rotate_zoom,False,4887582913b13c714f88833635882aaaee4bf5c778748a1d568edaec2031c75c,621ade6e55376fd27261f110bfa2cc2b57b6f42299224c339816c42a73326fa9,320,240,augmented_v9
train/organic/augv9_organic_train_aug_108_low_light_blur.jpg,train,organic,2,generated_augmentation,organic/afa1a907-bc43-4caf-8b03-16f253ade7f5.jpg,afa1a907-bc43-4caf-8b03-16f253ade7f5,augmented_v9/organic/afa1a907-bc43-4caf-8b03-16f253ade7f5,chili,low_light_blur,False,5403af2162de2d607098ddba00d2da59464937924bbe43ca8d3b240579488b14,934504c4a65a6feb19151ad21a64fb9d91887da9697cb0468c3608a55900e1ff,320,240,augmented_v9
train/organic/augv9_organic_train_aug_109_bright_warm.jpg,train,organic,2,generated_augmentation,organic/c364827b-3a38-46d8-961b-fbe6e2b5ea59.jpg,c364827b-3a38-46d8-961b-fbe6e2b5ea59,augmented_v9/organic/c364827b-3a38-46d8-961b-fbe6e2b5ea59,lime,bright_warm,False,1ee56767b4c8a32e26402f5c0a7294924a8cc8cb9d5cb2fd6ae68c79c9e6a80e,8bb604bcee753ddfc857661349d3dd5bb72e4fa3677d9290abeb42e22025054b,320,240,augmented_v9
train/organic/augv9_organic_train_aug_110_cool_cast.jpg,train,organic,2,generated_augmentation,organic/c8b51d2b-e3d3-449b-a924-6ffb71cea846.jpg,c8b51d2b-e3d3-449b-a924-6ffb71cea846,augmented_v9/organic/c8b51d2b-e3d3-449b-a924-6ffb71cea846,cucumber,cool_cast,False,49c3f1a160ebe3519c47a19643d2a77ca9c7e058dbb86b64b9d6f20a728e7501,12a4845386f0d6ecc304c496fa8de91bee864e3ae04df68b79f31cd6f1cff9a0,320,240,augmented_v9
train/organic/augv9_organic_train_aug_111_sensor_noise.jpg,train,organic,2,generated_augmentation,organic/d1e769cc-f9bc-4644-8af5-829dff6f9729.jpg,d1e769cc-f9bc-4644-8af5-829dff6f9729,augmented_v9/organic/d1e769cc-f9bc-4644-8af5-829dff6f9729,lime,sensor_noise,False,ee2b0e0b4dfe98a0659bb0324df48fe66e45465e3a34e21b7d172c18b4805941,cf9da5f62433c74a216834366e01747cc414c84c3941373cef62fcd910310aba,320,240,augmented_v9
train/organic/augv9_organic_train_aug_112_soft_focus_scale.jpg,train,organic,2,generated_augmentation,organic/1bbe3524-aed4-4163-b2d9-8368fc54429f.jpg,1bbe3524-aed4-4163-b2d9-8368fc54429f,augmented_v9/organic/1bbe3524-aed4-4163-b2d9-8368fc54429f,cucumber,soft_focus_scale,False,3f36c43945ca07abe0e05cc836e9dbe380a454f8890ca4ed4fecc19323156cb6,1cd209997e4e4859676cfe8623ef1dd6d96dbb27e630e462fe1956aa57d9befe,320,240,augmented_v9
train/organic/augv9_organic_train_aug_113_v9_color_noise.jpg,train,organic,2,generated_augmentation,organic/de5ac588-8dc7-42f3-92df-ba5203d84191.jpg,de5ac588-8dc7-42f3-92df-ba5203d84191,augmented_v9/organic/de5ac588-8dc7-42f3-92df-ba5203d84191,lime,v9_color_noise,False,dfe1b986f0065da08b562604991c7cf8f4fb00b01b35f4a883f6789fc1a74fe9,9b4af0592163fbc74425f01492ad188d540b0d2d58c25dd754287f9c0571390d,320,240,augmented_v9
train/organic/augv9_organic_train_aug_114_rotate_zoom.jpg,train,organic,2,generated_augmentation,organic/9cb80350-e1f8-4d23-ba06-c67746404c9c.jpg,9cb80350-e1f8-4d23-ba06-c67746404c9c,augmented_v9/organic/9cb80350-e1f8-4d23-ba06-c67746404c9c,lime,rotate_zoom,False,951a2149a9370e78299793068a5af05f31258c03e0e345354e1d904b178467f7,caea67389d7c21010494cada20405d12fa7356e2e1bd4df64c339a3d31eed81d,320,240,augmented_v9
train/organic/augv9_organic_train_aug_115_low_light_blur.jpg,train,organic,2,generated_augmentation,organic/ed180c1a-cd62-43e2-b424-c6143bd24eb8.jpg,ed180c1a-cd62-43e2-b424-c6143bd24eb8,augmented_v9/organic/ed180c1a-cd62-43e2-b424-c6143bd24eb8,cucumber,low_light_blur,False,25457a0c6687c3bd51dfd5cf4ab0f62747aa3cfc6ed46faae93eec3be81fe361,35b6626ab2d5f6d27733072a0ff69d73594d3ef251aecc61553694b83ee65806,320,240,augmented_v9
train/organic/augv9_organic_train_aug_116_bright_warm.jpg,train,organic,2,generated_augmentation,organic/37e8f933-178d-492c-b341-e40bb83dcc1e.jpg,37e8f933-178d-492c-b341-e40bb83dcc1e,augmented_v9/organic/37e8f933-178d-492c-b341-e40bb83dcc1e,cucumber,bright_warm,False,0d6df0f9c56e1ff0a67904975a3c9d4c485b4e5cd8e91e37025a90ce6701c1b4,287e237fdf77ed28c1c86983e02282156c53fa5c165676e204d5ddc2244e5912,320,240,augmented_v9
train/organic/augv9_organic_train_aug_117_cool_cast.jpg,train,organic,2,generated_augmentation,organic/e8cac581-2db8-498a-84dc-2ed19b828365.jpg,e8cac581-2db8-498a-84dc-2ed19b828365,augmented_v9/organic/e8cac581-2db8-498a-84dc-2ed19b828365,cucumber,cool_cast,False,f49c8bc965a4a2c4fda188f761163ce4bf991cb94c630aac3d453af99f2003b0,7f16b638ed7ecdeac1cc64436b25cbcf6e60dd2a217b7d7610f76354a5f70705,320,240,augmented_v9
train/organic/augv9_organic_train_aug_118_sensor_noise.jpg,train,organic,2,generated_augmentation,organic/ab069714-7214-4253-b632-59afae5663ed.jpg,ab069714-7214-4253-b632-59afae5663ed,augmented_v9/organic/ab069714-7214-4253-b632-59afae5663ed,lime,sensor_noise,False,8845c80b190282a820d2be2208e1a34711efefe59606de68d1f90c98d4396fd9,0796b457a4536fbbc5cd157b9434190379360165c5f02ddd19d41c439c4d4a9f,320,240,augmented_v9
train/organic/augv9_organic_train_aug_119_soft_focus_scale.jpg,train,organic,2,generated_augmentation,organic/d11aafc7-3a59-45c8-a333-ad9b762f2a3f.jpg,d11aafc7-3a59-45c8-a333-ad9b762f2a3f,augmented_v9/organic/d11aafc7-3a59-45c8-a333-ad9b762f2a3f,lime,soft_focus_scale,False,2269f6bdfe66a2a7c14aae26e618fbe529062863864bb0733cb96f83a36eacbc,d92ca08777646e1c5bcfe06a7b4ec85f4b9b740d9a83fb94a1a8ac8b7bf0bd19,320,240,augmented_v9
train/organic/augv9_organic_train_aug_120_v9_color_noise.jpg,train,organic,2,generated_augmentation,organic/dad1b121-8cd0-4287-9842-d0304bb62253.jpg,dad1b121-8cd0-4287-9842-d0304bb62253,augmented_v9/organic/dad1b121-8cd0-4287-9842-d0304bb62253,cucumber,v9_color_noise,False,e335ed09bc1690b8b3d2ff382acd0cd8931125120fcce440ebd291c88934302a,19d7b05e365ac75aee4b3a6e83616ae8d075dc35a12f8ff950ebd80dbd314066,320,240,augmented_v9
train/organic/augv9_organic_train_aug_121_rotate_zoom.jpg,train,organic,2,generated_augmentation,organic/b2585b68-2a94-480d-b8bd-c1a7e3f3e997.jpg,b2585b68-2a94-480d-b8bd-c1a7e3f3e997,augmented_v9/organic/b2585b68-2a94-480d-b8bd-c1a7e3f3e997,cucumber,rotate_zoom,False,2d72e68e117008de60df68eacb88bd898ed8956817d5dc8de96e3bacdf533737,2b82ef08b61cbf1f6803cd57c243609fddaf4e4d6e4ab1f4ef05545e17cf82bd,320,240,augmented_v9
train/organic/augv9_organic_train_aug_122_low_light_blur.jpg,train,organic,2,generated_augmentation,organic/6fe2210f-9266-462c-84d7-1810e02d795e.jpg,6fe2210f-9266-462c-84d7-1810e02d795e,augmented_v9/organic/6fe2210f-9266-462c-84d7-1810e02d795e,cucumber,low_light_blur,False,d1103901b0eea8d686536cc03bbc174e5255f86ee805701593958502e1cb0638,5184984424f4bbd57780a16b90b296a51d7b6e0780359c2b80102139dfeec322,320,240,augmented_v9
train/organic/augv9_organic_train_aug_123_bright_warm.jpg,train,organic,2,generated_augmentation,organic/2ce2ee73-d1b7-4e56-87c3-d2bcbad90c45.jpg,2ce2ee73-d1b7-4e56-87c3-d2bcbad90c45,augmented_v9/organic/2ce2ee73-d1b7-4e56-87c3-d2bcbad90c45,cucumber,bright_warm,False,e509bf9932f5bd79ae24b014065f0991e831fb4a4a9a1e68ccfb883c123cd19a,b2b03d9a9fe6c13fe7bb0ccd73e2a560b019019d8cc8a98b259f17ae55ab3269,320,240,augmented_v9
train/organic/augv9_organic_train_aug_124_cool_cast.jpg,train,organic,2,generated_augmentation,organic/6da78c88-e719-4ce5-8884-af59627a06e5.jpg,6da78c88-e719-4ce5-8884-af59627a06e5,augmented_v9/organic/6da78c88-e719-4ce5-8884-af59627a06e5,small_fruit,cool_cast,False,71396109793988f362aae9dca658f77186d39ccc49660118a3b06f5ec0c367e0,33c0326cb1824fa5350c14ace2c4f14225708442fbb5091abffa5a377a1415a0,320,240,augmented_v9
train/organic/augv9_organic_train_aug_125_sensor_noise.jpg,train,organic,2,generated_augmentation,organic/e7e5cb6d-bffd-4214-aa21-da05d6741d00.jpg,e7e5cb6d-bffd-4214-aa21-da05d6741d00,augmented_v9/organic/e7e5cb6d-bffd-4214-aa21-da05d6741d00,lime,sensor_noise,False,0ce99c8ea36407182ca76c26610f81a399b359cabfa6fa66109f4801b81d1ece,5b5e695af58d17117607bacd2949f46c7d3e348f59e9303597cce6e2dc574644,320,240,augmented_v9
train/organic/augv9_organic_train_aug_126_soft_focus_scale.jpg,train,organic,2,generated_augmentation,organic/5b19b28c-d021-45ad-80a7-1609642dc69b.jpg,5b19b28c-d021-45ad-80a7-1609642dc69b,augmented_v9/organic/5b19b28c-d021-45ad-80a7-1609642dc69b,chili,soft_focus_scale,False,57a89f67815d4d1dd0455b02149016143bd3f5aa791c08e6c83836396328129f,9e793bf0bdcfc4609a8b00a5458f0c1be2f4180f860e320aa6cf111fafca45e4,320,240,augmented_v9
train/organic/augv9_organic_train_aug_127_v9_color_noise.jpg,train,organic,2,generated_augmentation,organic/38901fe7-33a3-46e1-acd9-1e3113e395f0.jpg,38901fe7-33a3-46e1-acd9-1e3113e395f0,augmented_v9/organic/38901fe7-33a3-46e1-acd9-1e3113e395f0,cucumber,v9_color_noise,False,c200cbc22b57126d95018ce62f83649a9510b83ad69f314847d2292a77f925a3,621ade6e55376fd27261f110bfa2cc2b57b6f42299224c339816c42a73326fa9,320,240,augmented_v9
train/organic/augv9_organic_train_aug_128_rotate_zoom.jpg,train,organic,2,generated_augmentation,organic/afa1a907-bc43-4caf-8b03-16f253ade7f5.jpg,afa1a907-bc43-4caf-8b03-16f253ade7f5,augmented_v9/organic/afa1a907-bc43-4caf-8b03-16f253ade7f5,chili,rotate_zoom,False,66b4e2f34e47ac39e0c171d26dad15bb5ff818ab9fde9afc6cddb085694cf2e9,934504c4a65a6feb19151ad21a64fb9d91887da9697cb0468c3608a55900e1ff,320,240,augmented_v9
train/organic/augv9_organic_train_aug_129_low_light_blur.jpg,train,organic,2,generated_augmentation,organic/c364827b-3a38-46d8-961b-fbe6e2b5ea59.jpg,c364827b-3a38-46d8-961b-fbe6e2b5ea59,augmented_v9/organic/c364827b-3a38-46d8-961b-fbe6e2b5ea59,lime,low_light_blur,False,91b5744f83dea72fd904793df07832545445c12351bfc5901b5ad4a98d83dcfa,8bb604bcee753ddfc857661349d3dd5bb72e4fa3677d9290abeb42e22025054b,320,240,augmented_v9
train/organic/augv9_organic_train_aug_130_bright_warm.jpg,train,organic,2,generated_augmentation,organic/c8b51d2b-e3d3-449b-a924-6ffb71cea846.jpg,c8b51d2b-e3d3-449b-a924-6ffb71cea846,augmented_v9/organic/c8b51d2b-e3d3-449b-a924-6ffb71cea846,cucumber,bright_warm,False,028b0f42c9b6cbdeb3315e47739632f229806689664c8310fd55db4e2b44d38b,12a4845386f0d6ecc304c496fa8de91bee864e3ae04df68b79f31cd6f1cff9a0,320,240,augmented_v9
train/organic/augv9_organic_train_original_001.jpg,train,organic,2,original,organic/1bbe3524-aed4-4163-b2d9-8368fc54429f.jpg,1bbe3524-aed4-4163-b2d9-8368fc54429f,augmented_v9/organic/1bbe3524-aed4-4163-b2d9-8368fc54429f,cucumber,none,False,1cd209997e4e4859676cfe8623ef1dd6d96dbb27e630e462fe1956aa57d9befe,1cd209997e4e4859676cfe8623ef1dd6d96dbb27e630e462fe1956aa57d9befe,320,240,augmented_v9
train/organic/augv9_organic_train_original_002.jpg,train,organic,2,original,organic/2ce2ee73-d1b7-4e56-87c3-d2bcbad90c45.jpg,2ce2ee73-d1b7-4e56-87c3-d2bcbad90c45,augmented_v9/organic/2ce2ee73-d1b7-4e56-87c3-d2bcbad90c45,cucumber,none,False,b2b03d9a9fe6c13fe7bb0ccd73e2a560b019019d8cc8a98b259f17ae55ab3269,b2b03d9a9fe6c13fe7bb0ccd73e2a560b019019d8cc8a98b259f17ae55ab3269,320,240,augmented_v9
train/organic/augv9_organic_train_original_003.jpg,train,organic,2,original,organic/37e8f933-178d-492c-b341-e40bb83dcc1e.jpg,37e8f933-178d-492c-b341-e40bb83dcc1e,augmented_v9/organic/37e8f933-178d-492c-b341-e40bb83dcc1e,cucumber,none,False,287e237fdf77ed28c1c86983e02282156c53fa5c165676e204d5ddc2244e5912,287e237fdf77ed28c1c86983e02282156c53fa5c165676e204d5ddc2244e5912,320,240,augmented_v9
train/organic/augv9_organic_train_original_004.jpg,train,organic,2,original,organic/38901fe7-33a3-46e1-acd9-1e3113e395f0.jpg,38901fe7-33a3-46e1-acd9-1e3113e395f0,augmented_v9/organic/38901fe7-33a3-46e1-acd9-1e3113e395f0,cucumber,none,False,621ade6e55376fd27261f110bfa2cc2b57b6f42299224c339816c42a73326fa9,621ade6e55376fd27261f110bfa2cc2b57b6f42299224c339816c42a73326fa9,320,240,augmented_v9
train/organic/augv9_organic_train_original_005.jpg,train,organic,2,original,organic/5b19b28c-d021-45ad-80a7-1609642dc69b.jpg,5b19b28c-d021-45ad-80a7-1609642dc69b,augmented_v9/organic/5b19b28c-d021-45ad-80a7-1609642dc69b,chili,none,False,9e793bf0bdcfc4609a8b00a5458f0c1be2f4180f860e320aa6cf111fafca45e4,9e793bf0bdcfc4609a8b00a5458f0c1be2f4180f860e320aa6cf111fafca45e4,320,240,augmented_v9
train/organic/augv9_organic_train_original_006.jpg,train,organic,2,original,organic/6da78c88-e719-4ce5-8884-af59627a06e5.jpg,6da78c88-e719-4ce5-8884-af59627a06e5,augmented_v9/organic/6da78c88-e719-4ce5-8884-af59627a06e5,small_fruit,none,False,33c0326cb1824fa5350c14ace2c4f14225708442fbb5091abffa5a377a1415a0,33c0326cb1824fa5350c14ace2c4f14225708442fbb5091abffa5a377a1415a0,320,240,augmented_v9
train/organic/augv9_organic_train_original_007.jpg,train,organic,2,original,organic/6fe2210f-9266-462c-84d7-1810e02d795e.jpg,6fe2210f-9266-462c-84d7-1810e02d795e,augmented_v9/organic/6fe2210f-9266-462c-84d7-1810e02d795e,cucumber,none,False,5184984424f4bbd57780a16b90b296a51d7b6e0780359c2b80102139dfeec322,5184984424f4bbd57780a16b90b296a51d7b6e0780359c2b80102139dfeec322,320,240,augmented_v9
train/organic/augv9_organic_train_original_008.jpg,train,organic,2,original,organic/9cb80350-e1f8-4d23-ba06-c67746404c9c.jpg,9cb80350-e1f8-4d23-ba06-c67746404c9c,augmented_v9/organic/9cb80350-e1f8-4d23-ba06-c67746404c9c,lime,none,False,caea67389d7c21010494cada20405d12fa7356e2e1bd4df64c339a3d31eed81d,caea67389d7c21010494cada20405d12fa7356e2e1bd4df64c339a3d31eed81d,320,240,augmented_v9
train/organic/augv9_organic_train_original_009.jpg,train,organic,2,original,organic/ab069714-7214-4253-b632-59afae5663ed.jpg,ab069714-7214-4253-b632-59afae5663ed,augmented_v9/organic/ab069714-7214-4253-b632-59afae5663ed,lime,none,False,0796b457a4536fbbc5cd157b9434190379360165c5f02ddd19d41c439c4d4a9f,0796b457a4536fbbc5cd157b9434190379360165c5f02ddd19d41c439c4d4a9f,320,240,augmented_v9
train/organic/augv9_organic_train_original_010.jpg,train,organic,2,original,organic/afa1a907-bc43-4caf-8b03-16f253ade7f5.jpg,afa1a907-bc43-4caf-8b03-16f253ade7f5,augmented_v9/organic/afa1a907-bc43-4caf-8b03-16f253ade7f5,chili,none,False,934504c4a65a6feb19151ad21a64fb9d91887da9697cb0468c3608a55900e1ff,934504c4a65a6feb19151ad21a64fb9d91887da9697cb0468c3608a55900e1ff,320,240,augmented_v9
train/organic/augv9_organic_train_original_011.jpg,train,organic,2,original,organic/b2585b68-2a94-480d-b8bd-c1a7e3f3e997.jpg,b2585b68-2a94-480d-b8bd-c1a7e3f3e997,augmented_v9/organic/b2585b68-2a94-480d-b8bd-c1a7e3f3e997,cucumber,none,False,2b82ef08b61cbf1f6803cd57c243609fddaf4e4d6e4ab1f4ef05545e17cf82bd,2b82ef08b61cbf1f6803cd57c243609fddaf4e4d6e4ab1f4ef05545e17cf82bd,320,240,augmented_v9
train/organic/augv9_organic_train_original_012.jpg,train,organic,2,original,organic/c364827b-3a38-46d8-961b-fbe6e2b5ea59.jpg,c364827b-3a38-46d8-961b-fbe6e2b5ea59,augmented_v9/organic/c364827b-3a38-46d8-961b-fbe6e2b5ea59,lime,none,False,8bb604bcee753ddfc857661349d3dd5bb72e4fa3677d9290abeb42e22025054b,8bb604bcee753ddfc857661349d3dd5bb72e4fa3677d9290abeb42e22025054b,320,240,augmented_v9
train/organic/augv9_organic_train_original_013.jpg,train,organic,2,original,organic/c8b51d2b-e3d3-449b-a924-6ffb71cea846.jpg,c8b51d2b-e3d3-449b-a924-6ffb71cea846,augmented_v9/organic/c8b51d2b-e3d3-449b-a924-6ffb71cea846,cucumber,none,False,12a4845386f0d6ecc304c496fa8de91bee864e3ae04df68b79f31cd6f1cff9a0,12a4845386f0d6ecc304c496fa8de91bee864e3ae04df68b79f31cd6f1cff9a0,320,240,augmented_v9
train/organic/augv9_organic_train_original_014.jpg,train,organic,2,original,organic/d11aafc7-3a59-45c8-a333-ad9b762f2a3f.jpg,d11aafc7-3a59-45c8-a333-ad9b762f2a3f,augmented_v9/organic/d11aafc7-3a59-45c8-a333-ad9b762f2a3f,lime,none,False,d92ca08777646e1c5bcfe06a7b4ec85f4b9b740d9a83fb94a1a8ac8b7bf0bd19,d92ca08777646e1c5bcfe06a7b4ec85f4b9b740d9a83fb94a1a8ac8b7bf0bd19,320,240,augmented_v9
train/organic/augv9_organic_train_original_015.jpg,train,organic,2,original,organic/d1e769cc-f9bc-4644-8af5-829dff6f9729.jpg,d1e769cc-f9bc-4644-8af5-829dff6f9729,augmented_v9/organic/d1e769cc-f9bc-4644-8af5-829dff6f9729,lime,none,False,cf9da5f62433c74a216834366e01747cc414c84c3941373cef62fcd910310aba,cf9da5f62433c74a216834366e01747cc414c84c3941373cef62fcd910310aba,320,240,augmented_v9
train/organic/augv9_organic_train_original_016.jpg,train,organic,2,original,organic/dad1b121-8cd0-4287-9842-d0304bb62253.jpg,dad1b121-8cd0-4287-9842-d0304bb62253,augmented_v9/organic/dad1b121-8cd0-4287-9842-d0304bb62253,cucumber,none,False,19d7b05e365ac75aee4b3a6e83616ae8d075dc35a12f8ff950ebd80dbd314066,19d7b05e365ac75aee4b3a6e83616ae8d075dc35a12f8ff950ebd80dbd314066,320,240,augmented_v9
train/organic/augv9_organic_train_original_017.jpg,train,organic,2,original,organic/de5ac588-8dc7-42f3-92df-ba5203d84191.jpg,de5ac588-8dc7-42f3-92df-ba5203d84191,augmented_v9/organic/de5ac588-8dc7-42f3-92df-ba5203d84191,lime,none,False,9b4af0592163fbc74425f01492ad188d540b0d2d58c25dd754287f9c0571390d,9b4af0592163fbc74425f01492ad188d540b0d2d58c25dd754287f9c0571390d,320,240,augmented_v9
train/organic/augv9_organic_train_original_018.jpg,train,organic,2,original,organic/e7e5cb6d-bffd-4214-aa21-da05d6741d00.jpg,e7e5cb6d-bffd-4214-aa21-da05d6741d00,augmented_v9/organic/e7e5cb6d-bffd-4214-aa21-da05d6741d00,lime,none,False,5b5e695af58d17117607bacd2949f46c7d3e348f59e9303597cce6e2dc574644,5b5e695af58d17117607bacd2949f46c7d3e348f59e9303597cce6e2dc574644,320,240,augmented_v9
train/organic/augv9_organic_train_original_019.jpg,train,organic,2,original,organic/e8cac581-2db8-498a-84dc-2ed19b828365.jpg,e8cac581-2db8-498a-84dc-2ed19b828365,augmented_v9/organic/e8cac581-2db8-498a-84dc-2ed19b828365,cucumber,none,False,7f16b638ed7ecdeac1cc64436b25cbcf6e60dd2a217b7d7610f76354a5f70705,7f16b638ed7ecdeac1cc64436b25cbcf6e60dd2a217b7d7610f76354a5f70705,320,240,augmented_v9
train/organic/augv9_organic_train_original_020.jpg,train,organic,2,original,organic/ed180c1a-cd62-43e2-b424-c6143bd24eb8.jpg,ed180c1a-cd62-43e2-b424-c6143bd24eb8,augmented_v9/organic/ed180c1a-cd62-43e2-b424-c6143bd24eb8,cucumber,none,False,35b6626ab2d5f6d27733072a0ff69d73594d3ef251aecc61553694b83ee65806,35b6626ab2d5f6d27733072a0ff69d73594d3ef251aecc61553694b83ee65806,320,240,augmented_v9
train/organic/organic_train_existing_aug_001.jpg,train,organic,2,existing_augmentation,train/organic/organic_008__aug_v2_01.jpg,organic_008__aug_v2_01,prepared_v9/organic/organic_008,lime_legacy,,False,e366a472fcb65241015233e2c09e79be7e163ac8ffd8fb5d4bbf72a42bd90c59,e366a472fcb65241015233e2c09e79be7e163ac8ffd8fb5d4bbf72a42bd90c59,320,240,prepared_v9
train/organic/organic_train_existing_aug_002.jpg,train,organic,2,existing_augmentation,train/organic/organic_008__aug_v2_02.jpg,organic_008__aug_v2_02,prepared_v9/organic/organic_008,lime_legacy,,False,7df4a531453a919e40fc2c796975251d125967eb708c9402c068466e589c2852,7df4a531453a919e40fc2c796975251d125967eb708c9402c068466e589c2852,320,240,prepared_v9
train/organic/organic_train_existing_aug_003.jpg,train,organic,2,existing_augmentation,train/organic/organic_008__aug_v2_03.jpg,organic_008__aug_v2_03,prepared_v9/organic/organic_008,lime_legacy,,False,02a86b308926fc0b4e1335e70afe483d24e2a993a8ce9529f1bb39943953e300,02a86b308926fc0b4e1335e70afe483d24e2a993a8ce9529f1bb39943953e300,320,240,prepared_v9
train/organic/organic_train_existing_aug_004.jpg,train,organic,2,existing_augmentation,train/organic/organic_008__aug_v2_04.jpg,organic_008__aug_v2_04,prepared_v9/organic/organic_008,lime_legacy,,False,f5aeba754be224bba27ceb2385dc316266ff3109c85fff84b9cc2121d586c940,f5aeba754be224bba27ceb2385dc316266ff3109c85fff84b9cc2121d586c940,320,240,prepared_v9
train/organic/organic_train_existing_aug_005.jpg,train,organic,2,existing_augmentation,train/organic/organic_008__aug_v2_05.jpg,organic_008__aug_v2_05,prepared_v9/organic/organic_008,lime_legacy,,False,eac33f9bc3b0d486a0cbe9aa4e229a4252dff316cc7a5376fff1ee1768ee61e7,eac33f9bc3b0d486a0cbe9aa4e229a4252dff316cc7a5376fff1ee1768ee61e7,320,240,prepared_v9
train/organic/organic_train_existing_aug_006.jpg,train,organic,2,existing_augmentation,train/organic/organic_008__aug_v2_06.jpg,organic_008__aug_v2_06,prepared_v9/organic/organic_008,lime_legacy,,False,b43519f18462380b3f537e5d3e7e9ee49d38d379db38bd597965abc46152ced5,b43519f18462380b3f537e5d3e7e9ee49d38d379db38bd597965abc46152ced5,320,240,prepared_v9
train/organic/organic_train_existing_aug_007.jpg,train,organic,2,existing_augmentation,train/organic/organic_008__aug_v2_07.jpg,organic_008__aug_v2_07,prepared_v9/organic/organic_008,lime_legacy,,False,8ec55c33dc0c6a746e3de1affdfb6337e0cb4c0eefbbe2dc2dd962cbb29d1e43,8ec55c33dc0c6a746e3de1affdfb6337e0cb4c0eefbbe2dc2dd962cbb29d1e43,320,240,prepared_v9
train/organic/organic_train_existing_aug_008.jpg,train,organic,2,existing_augmentation,train/organic/organic_008__aug_v2_08.jpg,organic_008__aug_v2_08,prepared_v9/organic/organic_008,lime_legacy,,False,9b98a878a5d25a3cf6f6e75a7c3f1ec1ba678432be23ffc9ff636c2dc3729801,9b98a878a5d25a3cf6f6e75a7c3f1ec1ba678432be23ffc9ff636c2dc3729801,320,240,prepared_v9
train/organic/organic_train_existing_aug_009.jpg,train,organic,2,existing_augmentation,train/organic/organic_008__aug_v2_09.jpg,organic_008__aug_v2_09,prepared_v9/organic/organic_008,lime_legacy,,False,13f1b5308507a6c42d06c9c2df597c6a2cb6cddee6e9e2e43ba69984e956ffee,13f1b5308507a6c42d06c9c2df597c6a2cb6cddee6e9e2e43ba69984e956ffee,320,240,prepared_v9
train/organic/organic_train_existing_aug_010.jpg,train,organic,2,existing_augmentation,train/organic/organic_009__aug_v2_01.jpg,organic_009__aug_v2_01,prepared_v9/organic/organic_009,lime_legacy,,False,9e568217a40d8fa22022788db68b99b40442a187dda6afa46b6b1612865209c3,9e568217a40d8fa22022788db68b99b40442a187dda6afa46b6b1612865209c3,320,240,prepared_v9
train/organic/organic_train_existing_aug_011.jpg,train,organic,2,existing_augmentation,train/organic/organic_009__aug_v2_02.jpg,organic_009__aug_v2_02,prepared_v9/organic/organic_009,lime_legacy,,False,e39f0bc8ebf3666805f6a6b9c84e570b1557966d0fae44178e1249c063dab306,e39f0bc8ebf3666805f6a6b9c84e570b1557966d0fae44178e1249c063dab306,320,240,prepared_v9
train/organic/organic_train_existing_aug_012.jpg,train,organic,2,existing_augmentation,train/organic/organic_009__aug_v2_03.jpg,organic_009__aug_v2_03,prepared_v9/organic/organic_009,lime_legacy,,False,c8695fe676e68915552e6342acc1634acb450c534779d209b110b4b149c373f1,c8695fe676e68915552e6342acc1634acb450c534779d209b110b4b149c373f1,320,240,prepared_v9
train/organic/organic_train_existing_aug_013.jpg,train,organic,2,existing_augmentation,train/organic/organic_009__aug_v2_04.jpg,organic_009__aug_v2_04,prepared_v9/organic/organic_009,lime_legacy,,False,88948688786196805d5826c139f4516fd386bd8f197c8947ba3d6a7de199812f,88948688786196805d5826c139f4516fd386bd8f197c8947ba3d6a7de199812f,320,240,prepared_v9
train/organic/organic_train_existing_aug_014.jpg,train,organic,2,existing_augmentation,train/organic/organic_009__aug_v2_05.jpg,organic_009__aug_v2_05,prepared_v9/organic/organic_009,lime_legacy,,False,9b978b0a6f41c606508a2db6b117ca7b50fddbf11dc0b443c05b99df66f3b907,9b978b0a6f41c606508a2db6b117ca7b50fddbf11dc0b443c05b99df66f3b907,320,240,prepared_v9
train/organic/organic_train_existing_aug_015.jpg,train,organic,2,existing_augmentation,train/organic/organic_009__aug_v2_06.jpg,organic_009__aug_v2_06,prepared_v9/organic/organic_009,lime_legacy,,False,64e62c33679c594723ec173ded044a4fe2541a2b4e1ed7f694993839c4db5123,64e62c33679c594723ec173ded044a4fe2541a2b4e1ed7f694993839c4db5123,320,240,prepared_v9
train/organic/organic_train_existing_aug_016.jpg,train,organic,2,existing_augmentation,train/organic/organic_009__aug_v2_07.jpg,organic_009__aug_v2_07,prepared_v9/organic/organic_009,lime_legacy,,False,c788f437543853891bcc915ec5f6c328dbfd1870b764a5f5352f43344d09988d,c788f437543853891bcc915ec5f6c328dbfd1870b764a5f5352f43344d09988d,320,240,prepared_v9
train/organic/organic_train_existing_aug_017.jpg,train,organic,2,existing_augmentation,train/organic/organic_009__aug_v2_08.jpg,organic_009__aug_v2_08,prepared_v9/organic/organic_009,lime_legacy,,False,778df973776d2979d0d2db879b5a66cdfd47a4afa21dd2c1ce2e0bb98c2beeba,778df973776d2979d0d2db879b5a66cdfd47a4afa21dd2c1ce2e0bb98c2beeba,320,240,prepared_v9
train/organic/organic_train_existing_aug_018.jpg,train,organic,2,existing_augmentation,train/organic/organic_009__aug_v2_09.jpg,organic_009__aug_v2_09,prepared_v9/organic/organic_009,lime_legacy,,False,5f63d288613d5962d0956e525bd77b962f26b0a59e8f376a3e80aff531e624a3,5f63d288613d5962d0956e525bd77b962f26b0a59e8f376a3e80aff531e624a3,320,240,prepared_v9
train/organic/organic_train_existing_aug_019.jpg,train,organic,2,existing_augmentation,train/organic/organic_019__aug_v2_01.jpg,organic_019__aug_v2_01,prepared_v9/organic/organic_019,rambutan,,False,c779cf6737c2ca1b5e68fea2da8dd2db80d9c316d32b86c9b0b9693c14b228cc,c779cf6737c2ca1b5e68fea2da8dd2db80d9c316d32b86c9b0b9693c14b228cc,320,240,prepared_v9
train/organic/organic_train_existing_aug_020.jpg,train,organic,2,existing_augmentation,train/organic/organic_019__aug_v2_02.jpg,organic_019__aug_v2_02,prepared_v9/organic/organic_019,rambutan,,False,dadc012a1a80ca56f72768f1de926cbd35befa29a5429f8c426da378b6e3275a,dadc012a1a80ca56f72768f1de926cbd35befa29a5429f8c426da378b6e3275a,320,240,prepared_v9
train/organic/organic_train_existing_aug_021.jpg,train,organic,2,existing_augmentation,train/organic/organic_019__aug_v2_03.jpg,organic_019__aug_v2_03,prepared_v9/organic/organic_019,rambutan,,False,3ca4306da26cab1a88f8f8b962ea675c17c713a3f927dca4578a735943af8ee0,3ca4306da26cab1a88f8f8b962ea675c17c713a3f927dca4578a735943af8ee0,320,240,prepared_v9
train/organic/organic_train_existing_aug_022.jpg,train,organic,2,existing_augmentation,train/organic/organic_019__aug_v2_04.jpg,organic_019__aug_v2_04,prepared_v9/organic/organic_019,rambutan,,False,d6e25da327ec25ed889415f40f3ae5491d2bfec5643bded7bbacddcad0eca7e2,d6e25da327ec25ed889415f40f3ae5491d2bfec5643bded7bbacddcad0eca7e2,320,240,prepared_v9
train/organic/organic_train_existing_aug_023.jpg,train,organic,2,existing_augmentation,train/organic/organic_019__aug_v2_05.jpg,organic_019__aug_v2_05,prepared_v9/organic/organic_019,rambutan,,False,65bbc54e488ccf24d114ace2090124826e164d23825ae906a925fb01348106aa,65bbc54e488ccf24d114ace2090124826e164d23825ae906a925fb01348106aa,320,240,prepared_v9
train/organic/organic_train_existing_aug_024.jpg,train,organic,2,existing_augmentation,test/organic/organic_019__aug_v2_06.jpg,organic_019__aug_v2_06,prepared_v9/organic/organic_019,rambutan,,False,3f8dedfe581982fc09d5ae87e4be81f870d28d9e703b37bca577327452cfdffc,3f8dedfe581982fc09d5ae87e4be81f870d28d9e703b37bca577327452cfdffc,320,240,prepared_v9
train/organic/organic_train_existing_aug_025.jpg,train,organic,2,existing_augmentation,test/organic/organic_019__aug_v2_07.jpg,organic_019__aug_v2_07,prepared_v9/organic/organic_019,rambutan,,False,84e37681a312ef485f09cae5974a2b129a3438835020d789343847911f2ace0f,84e37681a312ef485f09cae5974a2b129a3438835020d789343847911f2ace0f,320,240,prepared_v9
train/organic/organic_train_existing_aug_026.jpg,train,organic,2,existing_augmentation,validation/organic/organic_019__aug_v2_08.jpg,organic_019__aug_v2_08,prepared_v9/organic/organic_019,rambutan,,False,0a4c270c9aa622e561bfa7b4da5ac476cbd2e44679cd188f08de11dc0bd70af7,0a4c270c9aa622e561bfa7b4da5ac476cbd2e44679cd188f08de11dc0bd70af7,320,240,prepared_v9
train/organic/organic_train_existing_aug_027.jpg,train,organic,2,existing_augmentation,validation/organic/organic_019__aug_v2_09.jpg,organic_019__aug_v2_09,prepared_v9/organic/organic_019,rambutan,,False,852f5dbd5507f2c911e89740de00b6120256929fae26a3350b5d7f2f2263c3c8,852f5dbd5507f2c911e89740de00b6120256929fae26a3350b5d7f2f2263c3c8,320,240,prepared_v9
train/organic/organic_train_existing_aug_028.jpg,train,organic,2,existing_augmentation,train/organic/organic_020__aug_v2_01.jpg,organic_020__aug_v2_01,prepared_v9/organic/organic_020,rambutan,,False,018859a4684ed59b69fa084d313ddee045d8ad99f090ace6963ec5553df3e9f6,018859a4684ed59b69fa084d313ddee045d8ad99f090ace6963ec5553df3e9f6,320,240,prepared_v9
train/organic/organic_train_existing_aug_029.jpg,train,organic,2,existing_augmentation,train/organic/organic_020__aug_v2_02.jpg,organic_020__aug_v2_02,prepared_v9/organic/organic_020,rambutan,,False,f57586d8077b64cc1e25d2a19c379eadf49fd3f8be7fd9a7f9aba46f12ec3457,f57586d8077b64cc1e25d2a19c379eadf49fd3f8be7fd9a7f9aba46f12ec3457,320,240,prepared_v9
train/organic/organic_train_existing_aug_030.jpg,train,organic,2,existing_augmentation,train/organic/organic_020__aug_v2_03.jpg,organic_020__aug_v2_03,prepared_v9/organic/organic_020,rambutan,,False,b212c98c7a35ed3551e8be86dee6d8d0f2cb9daff9e1c5f091408109c8968273,b212c98c7a35ed3551e8be86dee6d8d0f2cb9daff9e1c5f091408109c8968273,320,240,prepared_v9
train/organic/organic_train_existing_aug_031.jpg,train,organic,2,existing_augmentation,train/organic/organic_020__aug_v2_04.jpg,organic_020__aug_v2_04,prepared_v9/organic/organic_020,rambutan,,False,f4c5cd9162e1d20d374aa191d5bdf168159366f53ea4e7b5142554cc832aab5f,f4c5cd9162e1d20d374aa191d5bdf168159366f53ea4e7b5142554cc832aab5f,320,240,prepared_v9
train/organic/organic_train_existing_aug_032.jpg,train,organic,2,existing_augmentation,train/organic/organic_020__aug_v2_05.jpg,organic_020__aug_v2_05,prepared_v9/organic/organic_020,rambutan,,False,32a293b224c5fc2e2fa707bbecd210c787dd294776f2246c0aef6fbcac12d1db,32a293b224c5fc2e2fa707bbecd210c787dd294776f2246c0aef6fbcac12d1db,320,240,prepared_v9
train/organic/organic_train_existing_aug_033.jpg,train,organic,2,existing_augmentation,test/organic/organic_020__aug_v2_06.jpg,organic_020__aug_v2_06,prepared_v9/organic/organic_020,rambutan,,False,fe55c3eaebd92380eb36658db5fcc7ec496ca6725d96afa8dc4cf9e888c5c3a6,fe55c3eaebd92380eb36658db5fcc7ec496ca6725d96afa8dc4cf9e888c5c3a6,320,240,prepared_v9
train/organic/organic_train_existing_aug_034.jpg,train,organic,2,existing_augmentation,test/organic/organic_020__aug_v2_07.jpg,organic_020__aug_v2_07,prepared_v9/organic/organic_020,rambutan,,False,8b10d58608ba34666016b86bb576bd684cdb1c7763e3759640538fc76a0d9b09,8b10d58608ba34666016b86bb576bd684cdb1c7763e3759640538fc76a0d9b09,320,240,prepared_v9
train/organic/organic_train_existing_aug_035.jpg,train,organic,2,existing_augmentation,validation/organic/organic_020__aug_v2_08.jpg,organic_020__aug_v2_08,prepared_v9/organic/organic_020,rambutan,,False,d0985b5ec7c12bc81d01d60cd4918fea2b0353db96981d15674f0d54caddff78,d0985b5ec7c12bc81d01d60cd4918fea2b0353db96981d15674f0d54caddff78,320,240,prepared_v9
train/organic/organic_train_existing_aug_036.jpg,train,organic,2,existing_augmentation,validation/organic/organic_020__aug_v2_09.jpg,organic_020__aug_v2_09,prepared_v9/organic/organic_020,rambutan,,False,04dccabc864cfbd24ae43362895e73e88276775fd73a2d1c6a1ad5d7e1ca3399,04dccabc864cfbd24ae43362895e73e88276775fd73a2d1c6a1ad5d7e1ca3399,320,240,prepared_v9
train/organic/organic_train_original_001.jpg,train,organic,2,original,train/organic/esp32-cam-2026-08-01T09-23-33-165Z.jpg,esp32-cam-2026-08-01T09-23-33-165Z,prepared_v9/organic/esp32-cam-2026-08-01T09-23-33-165Z,lime_3_plus,,False,9ad65c7f13407fdf2faacc3417982bdbe3bd14fb4b5dfbec2793191012bf5b37,9ad65c7f13407fdf2faacc3417982bdbe3bd14fb4b5dfbec2793191012bf5b37,320,240,prepared_v9
train/organic/organic_train_original_002.jpg,train,organic,2,original,train/organic/esp32-cam-2026-08-01T09-23-46-307Z.jpg,esp32-cam-2026-08-01T09-23-46-307Z,prepared_v9/organic/esp32-cam-2026-08-01T09-23-46-307Z,lime_3_plus,,False,c4607765413007a73bcdda8f987dee15b4112defc6e3b855c94d3ed1b4045f47,c4607765413007a73bcdda8f987dee15b4112defc6e3b855c94d3ed1b4045f47,320,240,prepared_v9
train/organic/organic_train_original_003.jpg,train,organic,2,original,train/organic/esp32-cam-2026-08-01T09-23-59-242Z.jpg,esp32-cam-2026-08-01T09-23-59-242Z,prepared_v9/organic/esp32-cam-2026-08-01T09-23-59-242Z,lime_2,,False,1293f206ed51132bf3c40c4330d73768121a17ddfbfbfffb894ecd2ece170a1c,1293f206ed51132bf3c40c4330d73768121a17ddfbfbfffb894ecd2ece170a1c,320,240,prepared_v9
train/organic/organic_train_original_004.jpg,train,organic,2,original,train/organic/esp32-cam-2026-08-01T09-24-07-057Z.jpg,esp32-cam-2026-08-01T09-24-07-057Z,prepared_v9/organic/esp32-cam-2026-08-01T09-24-07-057Z,lime_3_plus,,False,db24142a4166f20643b2e4d57d4974a5ec25e0a71a6e9a2294a8bda86a2700c7,db24142a4166f20643b2e4d57d4974a5ec25e0a71a6e9a2294a8bda86a2700c7,320,240,prepared_v9
train/organic/organic_train_original_005.jpg,train,organic,2,original,train/organic/esp32-cam-2026-08-01T09-24-14-272Z.jpg,esp32-cam-2026-08-01T09-24-14-272Z,prepared_v9/organic/esp32-cam-2026-08-01T09-24-14-272Z,lime_1,,False,d77c0abacfe7dfb381d5c048aefda92818ab6f4e4881f2db2a850297a8d3c8c5,d77c0abacfe7dfb381d5c048aefda92818ab6f4e4881f2db2a850297a8d3c8c5,320,240,prepared_v9
train/organic/organic_train_original_006.jpg,train,organic,2,original,train/organic/esp32-cam-2026-08-01T09-25-50-582Z.jpg,esp32-cam-2026-08-01T09-25-50-582Z,prepared_v9/organic/esp32-cam-2026-08-01T09-25-50-582Z,lime_1,,False,f6a751a8405791cae42c50011af05a691b578e45c30b239b946b608d0206c2a6,f6a751a8405791cae42c50011af05a691b578e45c30b239b946b608d0206c2a6,320,240,prepared_v9
train/organic/organic_train_original_007.jpg,train,organic,2,original,train/organic/organic_008.jpg,organic_008,prepared_v9/organic/organic_008,lime_legacy,,False,709a70d2fe432204a1dd53e469ea26e3f8fe57a528618a07a62fd290bf976968,709a70d2fe432204a1dd53e469ea26e3f8fe57a528618a07a62fd290bf976968,320,240,prepared_v9
train/organic/organic_train_original_008.jpg,train,organic,2,original,train/organic/organic_009.jpg,organic_009,prepared_v9/organic/organic_009,lime_legacy,,False,35bafa66855ec66a1803bc7a6896caeed5dc6e586ab2448985805723b5c5e2d2,35bafa66855ec66a1803bc7a6896caeed5dc6e586ab2448985805723b5c5e2d2,320,240,prepared_v9
train/organic/organic_train_original_009.jpg,train,organic,2,original,train/organic/organic_019.jpg,organic_019,prepared_v9/organic/organic_019,rambutan,,False,948778b39403c6ec087f7e972d7c31766e1c48f0d62c4c5e058a416c67294b68,948778b39403c6ec087f7e972d7c31766e1c48f0d62c4c5e058a416c67294b68,320,240,prepared_v9
train/organic/organic_train_original_010.jpg,train,organic,2,original,train/organic/organic_020.jpg,organic_020,prepared_v9/organic/organic_020,rambutan,,False,b54790c8025a6646ed0c81c9d005de18cc70cbbeee04ac4e93951e77b183ff42,b54790c8025a6646ed0c81c9d005de18cc70cbbeee04ac4e93951e77b183ff42,320,240,prepared_v9
train/organic/organic_train_v9_aug_001.jpg,train,organic,2,v9_augmentation,train/organic/esp32-cam-2026-08-01T09-23-33-165Z.jpg,esp32-cam-2026-08-01T09-23-33-165Z,prepared_v9/organic/esp32-cam-2026-08-01T09-23-33-165Z,lime_3_plus,,False,2f6014a473b9aca2a0e8d12acacfea3aeb4df64e7d2da654cab50b8476577067,9ad65c7f13407fdf2faacc3417982bdbe3bd14fb4b5dfbec2793191012bf5b37,320,240,prepared_v9
train/organic/organic_train_v9_aug_002.jpg,train,organic,2,v9_augmentation,train/organic/esp32-cam-2026-08-01T09-24-14-272Z.jpg,esp32-cam-2026-08-01T09-24-14-272Z,prepared_v9/organic/esp32-cam-2026-08-01T09-24-14-272Z,lime_1,,False,702eb8004988ea9af8cbb8e8a8aacb845376d747de8ef1d5ea521d78e0dbe018,d77c0abacfe7dfb381d5c048aefda92818ab6f4e4881f2db2a850297a8d3c8c5,320,240,prepared_v9
train/organic/organic_train_v9_aug_003.jpg,train,organic,2,v9_augmentation,train/organic/esp32-cam-2026-08-01T09-23-33-165Z.jpg,esp32-cam-2026-08-01T09-23-33-165Z,prepared_v9/organic/esp32-cam-2026-08-01T09-23-33-165Z,lime_3_plus,,False,80be92d9399c1ddd944747b6326dd0a3e30d202a64d13236843d269e78bec446,9ad65c7f13407fdf2faacc3417982bdbe3bd14fb4b5dfbec2793191012bf5b37,320,240,prepared_v9
train/organic/organic_train_v9_aug_004.jpg,train,organic,2,v9_augmentation,train/organic/esp32-cam-2026-08-01T09-23-33-165Z.jpg,esp32-cam-2026-08-01T09-23-33-165Z,prepared_v9/organic/esp32-cam-2026-08-01T09-23-33-165Z,lime_3_plus,,False,0f061a19ce6eff816020648376a23c1d129c13968eb02440244d17557dd69b53,9ad65c7f13407fdf2faacc3417982bdbe3bd14fb4b5dfbec2793191012bf5b37,320,240,prepared_v9
train/organic/organic_train_v9_aug_005.jpg,train,organic,2,v9_augmentation,train/organic/esp32-cam-2026-08-01T09-23-33-165Z.jpg,esp32-cam-2026-08-01T09-23-33-165Z,prepared_v9/organic/esp32-cam-2026-08-01T09-23-33-165Z,lime_3_plus,,False,1d3f1b1d37f6102193beb809ac3dba557a604842234a50e001337c6c37be2a3f,9ad65c7f13407fdf2faacc3417982bdbe3bd14fb4b5dfbec2793191012bf5b37,320,240,prepared_v9
train/organic/organic_train_v9_aug_006.jpg,train,organic,2,v9_augmentation,train/organic/esp32-cam-2026-08-01T09-23-33-165Z.jpg,esp32-cam-2026-08-01T09-23-33-165Z,prepared_v9/organic/esp32-cam-2026-08-01T09-23-33-165Z,lime_3_plus,,False,dbab156de2556bd501f1fb82383b6134a53bb3ae40776b5bee390559ca02014a,9ad65c7f13407fdf2faacc3417982bdbe3bd14fb4b5dfbec2793191012bf5b37,320,240,prepared_v9
train/organic/organic_train_v9_aug_007.jpg,train,organic,2,v9_augmentation,train/organic/esp32-cam-2026-08-01T09-23-46-307Z.jpg,esp32-cam-2026-08-01T09-23-46-307Z,prepared_v9/organic/esp32-cam-2026-08-01T09-23-46-307Z,lime_3_plus,,False,cf8ccfb52a55d7f2688a7a98b34e8cf326a64bd514a0ff5d8e6da8eaec06a75d,c4607765413007a73bcdda8f987dee15b4112defc6e3b855c94d3ed1b4045f47,320,240,prepared_v9
train/organic/organic_train_v9_aug_008.jpg,train,organic,2,v9_augmentation,train/organic/esp32-cam-2026-08-01T09-23-46-307Z.jpg,esp32-cam-2026-08-01T09-23-46-307Z,prepared_v9/organic/esp32-cam-2026-08-01T09-23-46-307Z,lime_3_plus,,False,62d2d40bf63a66fd272fafd5a047225d14e79a6ec214acf54046fefc6f29cd9f,c4607765413007a73bcdda8f987dee15b4112defc6e3b855c94d3ed1b4045f47,320,240,prepared_v9
train/organic/organic_train_v9_aug_009.jpg,train,organic,2,v9_augmentation,train/organic/esp32-cam-2026-08-01T09-23-46-307Z.jpg,esp32-cam-2026-08-01T09-23-46-307Z,prepared_v9/organic/esp32-cam-2026-08-01T09-23-46-307Z,lime_3_plus,,False,d0100438b66e7c7175d4b8f897d19afda719a43807f3428472ecc2a251c20771,c4607765413007a73bcdda8f987dee15b4112defc6e3b855c94d3ed1b4045f47,320,240,prepared_v9
train/organic/organic_train_v9_aug_010.jpg,train,organic,2,v9_augmentation,train/organic/esp32-cam-2026-08-01T09-23-46-307Z.jpg,esp32-cam-2026-08-01T09-23-46-307Z,prepared_v9/organic/esp32-cam-2026-08-01T09-23-46-307Z,lime_3_plus,,False,ccd300ff6a8b58a4bb71d567bcbac734c36cab03882a2245b5e700c88ea3e6d3,c4607765413007a73bcdda8f987dee15b4112defc6e3b855c94d3ed1b4045f47,320,240,prepared_v9
train/organic/organic_train_v9_aug_011.jpg,train,organic,2,v9_augmentation,train/organic/esp32-cam-2026-08-01T09-23-46-307Z.jpg,esp32-cam-2026-08-01T09-23-46-307Z,prepared_v9/organic/esp32-cam-2026-08-01T09-23-46-307Z,lime_3_plus,,False,dd2c91a5c75f3ba80f542376adc06f5e0173e1064572d565ab2792f75d497a50,c4607765413007a73bcdda8f987dee15b4112defc6e3b855c94d3ed1b4045f47,320,240,prepared_v9
train/organic/organic_train_v9_aug_012.jpg,train,organic,2,v9_augmentation,train/organic/esp32-cam-2026-08-01T09-23-59-242Z.jpg,esp32-cam-2026-08-01T09-23-59-242Z,prepared_v9/organic/esp32-cam-2026-08-01T09-23-59-242Z,lime_2,,False,7f7fabc911304d2739dd13c7a54763096b991073197e020e4c3f4665d43a58a2,1293f206ed51132bf3c40c4330d73768121a17ddfbfbfffb894ecd2ece170a1c,320,240,prepared_v9
train/organic/organic_train_v9_aug_013.jpg,train,organic,2,v9_augmentation,train/organic/esp32-cam-2026-08-01T09-23-59-242Z.jpg,esp32-cam-2026-08-01T09-23-59-242Z,prepared_v9/organic/esp32-cam-2026-08-01T09-23-59-242Z,lime_2,,False,e69b3a30f986db71d9d9bb32cc3a4c1b469e4601780650d2c5ea09b471cdcc80,1293f206ed51132bf3c40c4330d73768121a17ddfbfbfffb894ecd2ece170a1c,320,240,prepared_v9
train/organic/organic_train_v9_aug_014.jpg,train,organic,2,v9_augmentation,train/organic/esp32-cam-2026-08-01T09-23-59-242Z.jpg,esp32-cam-2026-08-01T09-23-59-242Z,prepared_v9/organic/esp32-cam-2026-08-01T09-23-59-242Z,lime_2,,False,515004af544f5a7d4e1657e698936a14705a12d32bfdefe03329c4115d0536a2,1293f206ed51132bf3c40c4330d73768121a17ddfbfbfffb894ecd2ece170a1c,320,240,prepared_v9
train/organic/organic_train_v9_aug_015.jpg,train,organic,2,v9_augmentation,train/organic/esp32-cam-2026-08-01T09-23-59-242Z.jpg,esp32-cam-2026-08-01T09-23-59-242Z,prepared_v9/organic/esp32-cam-2026-08-01T09-23-59-242Z,lime_2,,False,e9c18ceaa6c4bdeedb71b0cca44d45bb40f9962aad87abc2ae41a1e4675b289f,1293f206ed51132bf3c40c4330d73768121a17ddfbfbfffb894ecd2ece170a1c,320,240,prepared_v9
train/organic/organic_train_v9_aug_016.jpg,train,organic,2,v9_augmentation,train/organic/esp32-cam-2026-08-01T09-23-59-242Z.jpg,esp32-cam-2026-08-01T09-23-59-242Z,prepared_v9/organic/esp32-cam-2026-08-01T09-23-59-242Z,lime_2,,False,4987ac212e0e6c94b8312a60eec3d97158c3c6a0baebab6cf7601c1ea2893579,1293f206ed51132bf3c40c4330d73768121a17ddfbfbfffb894ecd2ece170a1c,320,240,prepared_v9
train/organic/organic_train_v9_aug_017.jpg,train,organic,2,v9_augmentation,train/organic/esp32-cam-2026-08-01T09-24-07-057Z.jpg,esp32-cam-2026-08-01T09-24-07-057Z,prepared_v9/organic/esp32-cam-2026-08-01T09-24-07-057Z,lime_3_plus,,False,538ce13ee412c37a70e9672b06558c9d3904ad9d71203985034b15dc945fa8f9,db24142a4166f20643b2e4d57d4974a5ec25e0a71a6e9a2294a8bda86a2700c7,320,240,prepared_v9
train/organic/organic_train_v9_aug_018.jpg,train,organic,2,v9_augmentation,train/organic/esp32-cam-2026-08-01T09-24-07-057Z.jpg,esp32-cam-2026-08-01T09-24-07-057Z,prepared_v9/organic/esp32-cam-2026-08-01T09-24-07-057Z,lime_3_plus,,False,6a7803cbaafc989e57fce2c0f4c2b276d5855c59533cb4ae4d121f758b9dedea,db24142a4166f20643b2e4d57d4974a5ec25e0a71a6e9a2294a8bda86a2700c7,320,240,prepared_v9
train/organic/organic_train_v9_aug_019.jpg,train,organic,2,v9_augmentation,train/organic/esp32-cam-2026-08-01T09-24-07-057Z.jpg,esp32-cam-2026-08-01T09-24-07-057Z,prepared_v9/organic/esp32-cam-2026-08-01T09-24-07-057Z,lime_3_plus,,False,95c0c88284b6ee2d03bf066daeaae5b447e8d8653136da569880d9b29b75e8b5,db24142a4166f20643b2e4d57d4974a5ec25e0a71a6e9a2294a8bda86a2700c7,320,240,prepared_v9
train/organic/organic_train_v9_aug_020.jpg,train,organic,2,v9_augmentation,train/organic/esp32-cam-2026-08-01T09-24-07-057Z.jpg,esp32-cam-2026-08-01T09-24-07-057Z,prepared_v9/organic/esp32-cam-2026-08-01T09-24-07-057Z,lime_3_plus,,False,374f59fb7f7c785a0ef5373520b2e6c9441dc20257ecaf988d27e76a61ab3692,db24142a4166f20643b2e4d57d4974a5ec25e0a71a6e9a2294a8bda86a2700c7,320,240,prepared_v9
train/organic/organic_train_v9_aug_021.jpg,train,organic,2,v9_augmentation,train/organic/esp32-cam-2026-08-01T09-24-07-057Z.jpg,esp32-cam-2026-08-01T09-24-07-057Z,prepared_v9/organic/esp32-cam-2026-08-01T09-24-07-057Z,lime_3_plus,,False,5563c442774cba7d5f430d3c3230c167cd3830f874a3ab7e2aada0ac83be20f7,db24142a4166f20643b2e4d57d4974a5ec25e0a71a6e9a2294a8bda86a2700c7,320,240,prepared_v9
train/organic/organic_train_v9_aug_022.jpg,train,organic,2,v9_augmentation,train/organic/esp32-cam-2026-08-01T09-24-14-272Z.jpg,esp32-cam-2026-08-01T09-24-14-272Z,prepared_v9/organic/esp32-cam-2026-08-01T09-24-14-272Z,lime_1,,False,664dd008c30f78be43844c416ed2299ec409c561170690ff240d0eef062b474c,d77c0abacfe7dfb381d5c048aefda92818ab6f4e4881f2db2a850297a8d3c8c5,320,240,prepared_v9
train/organic/organic_train_v9_aug_023.jpg,train,organic,2,v9_augmentation,train/organic/esp32-cam-2026-08-01T09-24-14-272Z.jpg,esp32-cam-2026-08-01T09-24-14-272Z,prepared_v9/organic/esp32-cam-2026-08-01T09-24-14-272Z,lime_1,,False,c5b01d0a3bf50368b6040d30a8ede10e79ec11ebb22a217db2b93751dc351d7b,d77c0abacfe7dfb381d5c048aefda92818ab6f4e4881f2db2a850297a8d3c8c5,320,240,prepared_v9
train/organic/organic_train_v9_aug_024.jpg,train,organic,2,v9_augmentation,train/organic/esp32-cam-2026-08-01T09-24-14-272Z.jpg,esp32-cam-2026-08-01T09-24-14-272Z,prepared_v9/organic/esp32-cam-2026-08-01T09-24-14-272Z,lime_1,,False,b26ab597a3f0bdc271a82e2750094df6ec01444205a701c248112ffde27bd91e,d77c0abacfe7dfb381d5c048aefda92818ab6f4e4881f2db2a850297a8d3c8c5,320,240,prepared_v9
train/organic/organic_train_v9_aug_025.jpg,train,organic,2,v9_augmentation,train/organic/esp32-cam-2026-08-01T09-24-14-272Z.jpg,esp32-cam-2026-08-01T09-24-14-272Z,prepared_v9/organic/esp32-cam-2026-08-01T09-24-14-272Z,lime_1,,False,fc1d9e1f6a71d08fbca00c80a92afe97c2c6074ca0deaa8f5f5f34810d6b4016,d77c0abacfe7dfb381d5c048aefda92818ab6f4e4881f2db2a850297a8d3c8c5,320,240,prepared_v9
train/organic/organic_train_v9_aug_026.jpg,train,organic,2,v9_augmentation,train/organic/esp32-cam-2026-08-01T09-25-50-582Z.jpg,esp32-cam-2026-08-01T09-25-50-582Z,prepared_v9/organic/esp32-cam-2026-08-01T09-25-50-582Z,lime_1,,False,da84a71fab35003d9167f73b7d2ffac0bede35b4ae304dec3887d5290b5e9908,f6a751a8405791cae42c50011af05a691b578e45c30b239b946b608d0206c2a6,320,240,prepared_v9
train/organic/organic_train_v9_aug_027.jpg,train,organic,2,v9_augmentation,train/organic/esp32-cam-2026-08-01T09-25-50-582Z.jpg,esp32-cam-2026-08-01T09-25-50-582Z,prepared_v9/organic/esp32-cam-2026-08-01T09-25-50-582Z,lime_1,,False,b2f280aed29107ddea2338e3cfb9e1193954bcc30ba731992941064de005bfa0,f6a751a8405791cae42c50011af05a691b578e45c30b239b946b608d0206c2a6,320,240,prepared_v9
train/organic/organic_train_v9_aug_028.jpg,train,organic,2,v9_augmentation,train/organic/esp32-cam-2026-08-01T09-25-50-582Z.jpg,esp32-cam-2026-08-01T09-25-50-582Z,prepared_v9/organic/esp32-cam-2026-08-01T09-25-50-582Z,lime_1,,False,05f4c93051812dd116965a12f61e62c9eaebda1006a84f59ad6c6802600e8553,f6a751a8405791cae42c50011af05a691b578e45c30b239b946b608d0206c2a6,320,240,prepared_v9
train/organic/organic_train_v9_aug_029.jpg,train,organic,2,v9_augmentation,train/organic/esp32-cam-2026-08-01T09-25-50-582Z.jpg,esp32-cam-2026-08-01T09-25-50-582Z,prepared_v9/organic/esp32-cam-2026-08-01T09-25-50-582Z,lime_1,,False,8f06e8d3e7c81da8f3edc59d00bb19f97436edcc72655596dd5c8dcf1d62a005,f6a751a8405791cae42c50011af05a691b578e45c30b239b946b608d0206c2a6,320,240,prepared_v9
train/organic/v10data_075b4c96-0e45-4fc1-85e8-b45f01322bc8_color_cool.jpg,train,organic,2,esp_data_augmentation,data/organic/075b4c96-0e45-4fc1-85e8-b45f01322bc8.jpg,075b4c96-0e45-4fc1-85e8-b45f01322bc8,v10_labeled_esp_data/organic/075b4c96-0e45-4fc1-85e8-b45f01322bc8,labeled_esp_edge_case,color_cool,False,754716cfd137b582cee0321662305fb9f5fcfa091948e326c819c6cd23cb1920,1d6d15871c0517611eaf33169b09936d6ce3dbb7e9bf2ab753cd1a011f8ff16c,320,240,v10_labeled_esp_data
train/organic/v10data_075b4c96-0e45-4fc1-85e8-b45f01322bc8_color_desaturated.jpg,train,organic,2,esp_data_augmentation,data/organic/075b4c96-0e45-4fc1-85e8-b45f01322bc8.jpg,075b4c96-0e45-4fc1-85e8-b45f01322bc8,v10_labeled_esp_data/organic/075b4c96-0e45-4fc1-85e8-b45f01322bc8,labeled_esp_edge_case,color_desaturated,False,15e88287595b6c49aef808cb139e6d6a1911160a67233f9e7b7e387b1c9dba2c,1d6d15871c0517611eaf33169b09936d6ce3dbb7e9bf2ab753cd1a011f8ff16c,320,240,v10_labeled_esp_data
train/organic/v10data_075b4c96-0e45-4fc1-85e8-b45f01322bc8_color_warm.jpg,train,organic,2,esp_data_augmentation,data/organic/075b4c96-0e45-4fc1-85e8-b45f01322bc8.jpg,075b4c96-0e45-4fc1-85e8-b45f01322bc8,v10_labeled_esp_data/organic/075b4c96-0e45-4fc1-85e8-b45f01322bc8,labeled_esp_edge_case,color_warm,False,32d7bab1885173e8eb2544abeb78a9905a2519235b04ccc6513c78d090b7a582,1d6d15871c0517611eaf33169b09936d6ce3dbb7e9bf2ab753cd1a011f8ff16c,320,240,v10_labeled_esp_data
train/organic/v10data_075b4c96-0e45-4fc1-85e8-b45f01322bc8_edge_dark_blur_noise.jpg,train,organic,2,esp_data_augmentation,data/organic/075b4c96-0e45-4fc1-85e8-b45f01322bc8.jpg,075b4c96-0e45-4fc1-85e8-b45f01322bc8,v10_labeled_esp_data/organic/075b4c96-0e45-4fc1-85e8-b45f01322bc8,labeled_esp_edge_case,edge_dark_blur_noise,False,55c5b73828b82381088b8e2158cca6a30e95ae26d97fbf10cb6ef1d8f4a290f1,1d6d15871c0517611eaf33169b09936d6ce3dbb7e9bf2ab753cd1a011f8ff16c,320,240,v10_labeled_esp_data
train/organic/v10data_075b4c96-0e45-4fc1-85e8-b45f01322bc8_gaussian_blur.jpg,train,organic,2,esp_data_augmentation,data/organic/075b4c96-0e45-4fc1-85e8-b45f01322bc8.jpg,075b4c96-0e45-4fc1-85e8-b45f01322bc8,v10_labeled_esp_data/organic/075b4c96-0e45-4fc1-85e8-b45f01322bc8,labeled_esp_edge_case,gaussian_blur,False,4b1b8b5eb7dc6d07206f96ebebb7f703c073bba9d2251b3b9fc727446f8bb69d,1d6d15871c0517611eaf33169b09936d6ce3dbb7e9bf2ab753cd1a011f8ff16c,320,240,v10_labeled_esp_data
train/organic/v10data_075b4c96-0e45-4fc1-85e8-b45f01322bc8_jpeg_quality_20.jpg,train,organic,2,esp_data_augmentation,data/organic/075b4c96-0e45-4fc1-85e8-b45f01322bc8.jpg,075b4c96-0e45-4fc1-85e8-b45f01322bc8,v10_labeled_esp_data/organic/075b4c96-0e45-4fc1-85e8-b45f01322bc8,labeled_esp_edge_case,jpeg_quality_20,False,fcd9139bf34c0d4608df741e4b033c1f0a7be44411bd35e3f9ecf7ed96e56beb,1d6d15871c0517611eaf33169b09936d6ce3dbb7e9bf2ab753cd1a011f8ff16c,320,240,v10_labeled_esp_data
train/organic/v10data_075b4c96-0e45-4fc1-85e8-b45f01322bc8_light_bright.jpg,train,organic,2,esp_data_augmentation,data/organic/075b4c96-0e45-4fc1-85e8-b45f01322bc8.jpg,075b4c96-0e45-4fc1-85e8-b45f01322bc8,v10_labeled_esp_data/organic/075b4c96-0e45-4fc1-85e8-b45f01322bc8,labeled_esp_edge_case,light_bright,False,e43d7bf6fe73c0b285fc3c68a22392f158e26f0c356fca2df6c987ebe902c69b,1d6d15871c0517611eaf33169b09936d6ce3dbb7e9bf2ab753cd1a011f8ff16c,320,240,v10_labeled_esp_data
train/organic/v10data_075b4c96-0e45-4fc1-85e8-b45f01322bc8_light_dark.jpg,train,organic,2,esp_data_augmentation,data/organic/075b4c96-0e45-4fc1-85e8-b45f01322bc8.jpg,075b4c96-0e45-4fc1-85e8-b45f01322bc8,v10_labeled_esp_data/organic/075b4c96-0e45-4fc1-85e8-b45f01322bc8,labeled_esp_edge_case,light_dark,False,ca7e624170ad775d75818719e32b54545ae1f6da2608b8fea859158bf06cd977,1d6d15871c0517611eaf33169b09936d6ce3dbb7e9bf2ab753cd1a011f8ff16c,320,240,v10_labeled_esp_data
train/organic/v10data_075b4c96-0e45-4fc1-85e8-b45f01322bc8_original.jpg,train,organic,2,esp_data_original,data/organic/075b4c96-0e45-4fc1-85e8-b45f01322bc8.jpg,075b4c96-0e45-4fc1-85e8-b45f01322bc8,v10_labeled_esp_data/organic/075b4c96-0e45-4fc1-85e8-b45f01322bc8,labeled_esp_edge_case,original,False,1d6d15871c0517611eaf33169b09936d6ce3dbb7e9bf2ab753cd1a011f8ff16c,1d6d15871c0517611eaf33169b09936d6ce3dbb7e9bf2ab753cd1a011f8ff16c,320,240,v10_labeled_esp_data
train/organic/v10data_075b4c96-0e45-4fc1-85e8-b45f01322bc8_resize_lowres.jpg,train,organic,2,esp_data_augmentation,data/organic/075b4c96-0e45-4fc1-85e8-b45f01322bc8.jpg,075b4c96-0e45-4fc1-85e8-b45f01322bc8,v10_labeled_esp_data/organic/075b4c96-0e45-4fc1-85e8-b45f01322bc8,labeled_esp_edge_case,resize_lowres,False,2fa5ca35864d5ebcb7d88961e9de52793da84a6b919553fecb1e329ecab324e0,1d6d15871c0517611eaf33169b09936d6ce3dbb7e9bf2ab753cd1a011f8ff16c,320,240,v10_labeled_esp_data
train/organic/v10data_075b4c96-0e45-4fc1-85e8-b45f01322bc8_rotate_left.jpg,train,organic,2,esp_data_augmentation,data/organic/075b4c96-0e45-4fc1-85e8-b45f01322bc8.jpg,075b4c96-0e45-4fc1-85e8-b45f01322bc8,v10_labeled_esp_data/organic/075b4c96-0e45-4fc1-85e8-b45f01322bc8,labeled_esp_edge_case,rotate_left,False,723cafc5a64cab6a4d8fcb3b34c4dcd63138898350befe669b1f226be6c479a9,1d6d15871c0517611eaf33169b09936d6ce3dbb7e9bf2ab753cd1a011f8ff16c,320,240,v10_labeled_esp_data
train/organic/v10data_075b4c96-0e45-4fc1-85e8-b45f01322bc8_rotate_right.jpg,train,organic,2,esp_data_augmentation,data/organic/075b4c96-0e45-4fc1-85e8-b45f01322bc8.jpg,075b4c96-0e45-4fc1-85e8-b45f01322bc8,v10_labeled_esp_data/organic/075b4c96-0e45-4fc1-85e8-b45f01322bc8,labeled_esp_edge_case,rotate_right,False,1919d59fafe193d681bc4759c6b42ef6b05118233fd057fa7ac836b4381dd0a7,1d6d15871c0517611eaf33169b09936d6ce3dbb7e9bf2ab753cd1a011f8ff16c,320,240,v10_labeled_esp_data
train/organic/v10data_075b4c96-0e45-4fc1-85e8-b45f01322bc8_sensor_noise.jpg,train,organic,2,esp_data_augmentation,data/organic/075b4c96-0e45-4fc1-85e8-b45f01322bc8.jpg,075b4c96-0e45-4fc1-85e8-b45f01322bc8,v10_labeled_esp_data/organic/075b4c96-0e45-4fc1-85e8-b45f01322bc8,labeled_esp_edge_case,sensor_noise,False,20448c79fc7be504d9fb27c63962d51f9efe3517764e62798f4b08c5fab676d2,1d6d15871c0517611eaf33169b09936d6ce3dbb7e9bf2ab753cd1a011f8ff16c,320,240,v10_labeled_esp_data
validation/paper/augv9_paper_validation_original_001.jpg,validation,paper,0,original,paper/01c454eb-99b9-4341-99cb-2bcb6ef2fdfc.jpg,01c454eb-99b9-4341-99cb-2bcb6ef2fdfc,augmented_v9/paper/01c454eb-99b9-4341-99cb-2bcb6ef2fdfc,paper_crumpled_or_sheet,none,False,4b6b67bd4ec41ab3756352d506adece42201ab225fe0365ac7e26017c2dc4115,4b6b67bd4ec41ab3756352d506adece42201ab225fe0365ac7e26017c2dc4115,320,240,augmented_v9
validation/paper/augv9_paper_validation_original_002.jpg,validation,paper,0,original,paper/0e5b3bdc-d170-48fc-b51b-e98eaa5a2948.jpg,0e5b3bdc-d170-48fc-b51b-e98eaa5a2948,augmented_v9/paper/0e5b3bdc-d170-48fc-b51b-e98eaa5a2948,paper_cardboard_or_box,none,False,199378120e02281f20a3df9ad8edd7a481dbc5faafcbc6ec83895a9509b95aae,199378120e02281f20a3df9ad8edd7a481dbc5faafcbc6ec83895a9509b95aae,320,240,augmented_v9
validation/paper/augv9_paper_validation_original_003.jpg,validation,paper,0,original,paper/1a9c1cdc-beaf-4a6a-b8bc-bc005188d77d.jpg,1a9c1cdc-beaf-4a6a-b8bc-bc005188d77d,augmented_v9/paper/1a9c1cdc-beaf-4a6a-b8bc-bc005188d77d,paper_cardboard_or_box,none,False,d58a2f3a6e605500a353fc5bf1802d0251d8f8261303d3592851c2fd78c87322,d58a2f3a6e605500a353fc5bf1802d0251d8f8261303d3592851c2fd78c87322,320,240,augmented_v9
validation/paper/augv9_paper_validation_original_004.jpg,validation,paper,0,original,paper/32d970c8-9856-4e05-b143-4b746724ec76.jpg,32d970c8-9856-4e05-b143-4b746724ec76,augmented_v9/paper/32d970c8-9856-4e05-b143-4b746724ec76,paper_crumpled_or_sheet,none,False,9aaf5d9d24add6e3d06cc02f4c410333d995a09c4be661df5aa91b821ff73624,9aaf5d9d24add6e3d06cc02f4c410333d995a09c4be661df5aa91b821ff73624,320,240,augmented_v9
validation/paper/augv9_paper_validation_original_005.jpg,validation,paper,0,original,paper/701719a3-bf67-44ce-a9a5-8bea9179ea36.jpg,701719a3-bf67-44ce-a9a5-8bea9179ea36,augmented_v9/paper/701719a3-bf67-44ce-a9a5-8bea9179ea36,paper_cardboard_or_box,none,False,5360220e8ae5ec888cafc0085efb892001642523d0b02aaa35bf0bde02c3b3d3,5360220e8ae5ec888cafc0085efb892001642523d0b02aaa35bf0bde02c3b3d3,320,240,augmented_v9
validation/paper/augv9_paper_validation_original_006.jpg,validation,paper,0,original,paper/83d1d81b-af4e-4edd-873c-899e3ff3a910.jpg,83d1d81b-af4e-4edd-873c-899e3ff3a910,augmented_v9/paper/83d1d81b-af4e-4edd-873c-899e3ff3a910,paper_crumpled_or_sheet,none,False,9fe1f5214ca8af80b71ccfc4717a4f9b7554d0fb924d95fdb034cd011feab5fb,9fe1f5214ca8af80b71ccfc4717a4f9b7554d0fb924d95fdb034cd011feab5fb,320,240,augmented_v9
validation/paper/paper_validation_original_001.jpg,validation,paper,0,original,train/paper/esp32-cam-2026-08-01T09-20-56-169Z.jpg,esp32-cam-2026-08-01T09-20-56-169Z,prepared_v9/paper/esp32-cam-2026-08-01T09-20-56-169Z,paper_esp32_varied_pose,,False,ba3ec781bfa2966c327444b191460b0c6b74b95126e0068b21bdee5c5773f344,ba3ec781bfa2966c327444b191460b0c6b74b95126e0068b21bdee5c5773f344,320,240,prepared_v9
validation/paper/paper_validation_original_002.jpg,validation,paper,0,original,train/paper/esp32-cam-2026-08-01T09-21-08-060Z.jpg,esp32-cam-2026-08-01T09-21-08-060Z,prepared_v9/paper/esp32-cam-2026-08-01T09-21-08-060Z,paper_esp32_varied_pose,,False,e2834d0257298bfa33c50213ed5c46711bcfa00b56641bd4b37538d99ed65f52,e2834d0257298bfa33c50213ed5c46711bcfa00b56641bd4b37538d99ed65f52,320,240,prepared_v9
validation/paper/paper_validation_original_003.jpg,validation,paper,0,original,validation/paper/esp32-cam-2026-08-01T09-21-26-275Z.jpg,esp32-cam-2026-08-01T09-21-26-275Z,prepared_v9/paper/esp32-cam-2026-08-01T09-21-26-275Z,paper_esp32_varied_pose,,False,7ab465d6737116b2efc14ea74b4430b13744c3e3280adbb21c5c61c69e6b8b35,7ab465d6737116b2efc14ea74b4430b13744c3e3280adbb21c5c61c69e6b8b35,320,240,prepared_v9
validation/paper/paper_validation_original_004.jpg,validation,paper,0,original,validation/paper/esp32-cam-2026-08-01T09-21-32-945Z.jpg,esp32-cam-2026-08-01T09-21-32-945Z,prepared_v9/paper/esp32-cam-2026-08-01T09-21-32-945Z,paper_esp32_varied_pose,,False,ae828013084f49b7a744734696896ae61b913d626c7c6d55101f557adeb3592a,ae828013084f49b7a744734696896ae61b913d626c7c6d55101f557adeb3592a,320,240,prepared_v9
validation/paper/paper_validation_original_005.jpg,validation,paper,0,original,train/paper/esp32-cam-2026-08-01T09-21-41-368Z.jpg,esp32-cam-2026-08-01T09-21-41-368Z,prepared_v9/paper/esp32-cam-2026-08-01T09-21-41-368Z,paper_esp32_varied_pose,,False,446722779f0bc6c1115a64463de4aa6d801e55f835580e1145fe0f97c47924ab,446722779f0bc6c1115a64463de4aa6d801e55f835580e1145fe0f97c47924ab,320,240,prepared_v9
validation/paper/paper_validation_original_006.jpg,validation,paper,0,original,validation/paper/esp32-cam-2026-08-01T09-21-48-763Z.jpg,esp32-cam-2026-08-01T09-21-48-763Z,prepared_v9/paper/esp32-cam-2026-08-01T09-21-48-763Z,paper_esp32_varied_pose,,False,e216ea5f9f1b6c9b4c26059e2c1c0203cf0082c5cf8ed5e7201f4f90ffb57581,e216ea5f9f1b6c9b4c26059e2c1c0203cf0082c5cf8ed5e7201f4f90ffb57581,320,240,prepared_v9
validation/paper/paper_validation_original_007.jpg,validation,paper,0,original,test/paper/esp32-cam-2026-08-01T09-22-42-501Z.jpg,esp32-cam-2026-08-01T09-22-42-501Z,prepared_v9/paper/esp32-cam-2026-08-01T09-22-42-501Z,paper_esp32_varied_pose,,False,dd2c2b60131041cdeb032d266e88b48e2ad92758895fe3e59a8663e53cb12e69,dd2c2b60131041cdeb032d266e88b48e2ad92758895fe3e59a8663e53cb12e69,320,240,prepared_v9
validation/plastic/augv9_plastic_validation_original_001.jpg,validation,plastic,1,original,plastic/0e2388bc-635a-4704-aebf-ee34fe70a5d8.jpg,0e2388bc-635a-4704-aebf-ee34fe70a5d8,augmented_v9/plastic/0e2388bc-635a-4704-aebf-ee34fe70a5d8,plastic_bottle,none,False,4906b4568d617faa7d97d79004d50c3e038f58e492b8c1b0f8836b2f860776f7,4906b4568d617faa7d97d79004d50c3e038f58e492b8c1b0f8836b2f860776f7,320,240,augmented_v9
validation/plastic/augv9_plastic_validation_original_002.jpg,validation,plastic,1,original,plastic/2e185fae-4482-41ee-b8ea-d6a090dd32f7.jpg,2e185fae-4482-41ee-b8ea-d6a090dd32f7,augmented_v9/plastic/2e185fae-4482-41ee-b8ea-d6a090dd32f7,plastic_bottle,none,False,edcd64d47d69f68d2718f934f93d3c0a859489855bc77c3aacfcda425a9f1051,edcd64d47d69f68d2718f934f93d3c0a859489855bc77c3aacfcda425a9f1051,320,240,augmented_v9
validation/plastic/augv9_plastic_validation_original_003.jpg,validation,plastic,1,original,plastic/6a300772-f7c2-4905-a435-fbda86b5e7df.jpg,6a300772-f7c2-4905-a435-fbda86b5e7df,augmented_v9/plastic/6a300772-f7c2-4905-a435-fbda86b5e7df,plastic_bottle,none,False,dbec3f1965b404ebc8760d35051051f9444269f00a3026b99f9f9849a11e3c68,dbec3f1965b404ebc8760d35051051f9444269f00a3026b99f9f9849a11e3c68,320,240,augmented_v9
validation/plastic/augv9_plastic_validation_original_004.jpg,validation,plastic,1,original,plastic/7f459649-2df5-4551-b2e5-8010e3e69531.jpg,7f459649-2df5-4551-b2e5-8010e3e69531,augmented_v9/plastic/7f459649-2df5-4551-b2e5-8010e3e69531,plastic_film_or_bag,none,False,926a2e61397ee622ff97cbf8c78591353626ee95ef6ac74900f0286764755757,926a2e61397ee622ff97cbf8c78591353626ee95ef6ac74900f0286764755757,320,240,augmented_v9
validation/plastic/augv9_plastic_validation_original_005.jpg,validation,plastic,1,original,plastic/9aacf7c8-789a-4f9e-ae6c-d60aaccc9f60.jpg,9aacf7c8-789a-4f9e-ae6c-d60aaccc9f60,augmented_v9/plastic/9aacf7c8-789a-4f9e-ae6c-d60aaccc9f60,plastic_film_or_bag,none,False,dda76e7c996631e1381d7d936d436a9b375bba2972ab651b97f08ad54c2b35dd,dda76e7c996631e1381d7d936d436a9b375bba2972ab651b97f08ad54c2b35dd,320,240,augmented_v9
validation/plastic/augv9_plastic_validation_original_006.jpg,validation,plastic,1,original,plastic/be1a672c-873b-4117-b7af-daa4599b8390.jpg,be1a672c-873b-4117-b7af-daa4599b8390,augmented_v9/plastic/be1a672c-873b-4117-b7af-daa4599b8390,plastic_bottle,none,False,12518badcdb61e3cbe99e5522d43096715607a1a519b5ef82ac301a1e468a25d,12518badcdb61e3cbe99e5522d43096715607a1a519b5ef82ac301a1e468a25d,320,240,augmented_v9
validation/plastic/plastic_validation_original_001.jpg,validation,plastic,1,original,validation/plastic/esp32-cam-2026-08-01T09-18-27-447Z.jpg,esp32-cam-2026-08-01T09-18-27-447Z,prepared_v9/plastic/esp32-cam-2026-08-01T09-18-27-447Z,plastic_bottle,,False,6ae5cbf8379c7d83dd52d4bd35d9a9be902b32c53e21789c35b35f083195daec,6ae5cbf8379c7d83dd52d4bd35d9a9be902b32c53e21789c35b35f083195daec,320,240,prepared_v9
validation/plastic/plastic_validation_original_002.jpg,validation,plastic,1,original,validation/plastic/esp32-cam-2026-08-01T09-18-35-939Z.jpg,esp32-cam-2026-08-01T09-18-35-939Z,prepared_v9/plastic/esp32-cam-2026-08-01T09-18-35-939Z,plastic_bottle,,False,1aec29c38cb975995c65a8ea9c22fe3eb52a2d8dc6d9ea0645d337e53421cb7c,1aec29c38cb975995c65a8ea9c22fe3eb52a2d8dc6d9ea0645d337e53421cb7c,320,240,prepared_v9
validation/plastic/plastic_validation_original_003.jpg,validation,plastic,1,original,validation/plastic/esp32-cam-2026-08-01T09-18-49-442Z.jpg,esp32-cam-2026-08-01T09-18-49-442Z,prepared_v9/plastic/esp32-cam-2026-08-01T09-18-49-442Z,plastic_bottle,,False,fabd8bd57235f376a56954d22b61445c7a15d611c38421f69cc164eb4502fbfc,fabd8bd57235f376a56954d22b61445c7a15d611c38421f69cc164eb4502fbfc,320,240,prepared_v9
validation/plastic/plastic_validation_original_004.jpg,validation,plastic,1,original,validation/plastic/esp32-cam-2026-08-01T09-19-22-225Z.jpg,esp32-cam-2026-08-01T09-19-22-225Z,prepared_v9/plastic/esp32-cam-2026-08-01T09-19-22-225Z,plastic_bottle,,False,1b12f665337b7a9dbca807c4f3a4b1d809998d5fbdf0b28ab4a83eb103509edc,1b12f665337b7a9dbca807c4f3a4b1d809998d5fbdf0b28ab4a83eb103509edc,320,240,prepared_v9
validation/plastic/plastic_validation_original_005.jpg,validation,plastic,1,original,validation/plastic/esp32-cam-2026-08-01T09-19-29-965Z.jpg,esp32-cam-2026-08-01T09-19-29-965Z,prepared_v9/plastic/esp32-cam-2026-08-01T09-19-29-965Z,plastic_bottle,,False,b13335b38e02236cecf1fda34c03a844ea762a9967735872d4917e901d3da57a,b13335b38e02236cecf1fda34c03a844ea762a9967735872d4917e901d3da57a,320,240,prepared_v9
validation/plastic/plastic_validation_original_006.jpg,validation,plastic,1,original,validation/plastic/esp32-cam-2026-08-01T09-19-34-536Z.jpg,esp32-cam-2026-08-01T09-19-34-536Z,prepared_v9/plastic/esp32-cam-2026-08-01T09-19-34-536Z,plastic_bottle,,False,53dabaf6fc692abb57a989d3f013d2764ce68149e932e6a5ac02ac2c0c91c7d1,53dabaf6fc692abb57a989d3f013d2764ce68149e932e6a5ac02ac2c0c91c7d1,320,240,prepared_v9
validation/plastic/plastic_validation_original_007.jpg,validation,plastic,1,original,validation/plastic/esp32-cam-2026-08-01T09-19-43-238Z.jpg,esp32-cam-2026-08-01T09-19-43-238Z,prepared_v9/plastic/esp32-cam-2026-08-01T09-19-43-238Z,plastic_bottle,,False,688e0dc5f54f5c57868c7afac2a5af4996f0ee4871449557f1cfe354be1b9e07,688e0dc5f54f5c57868c7afac2a5af4996f0ee4871449557f1cfe354be1b9e07,320,240,prepared_v9
validation/organic/augv9_organic_validation_original_001.jpg,validation,organic,2,original,organic/029cbe89-92f1-4d66-a857-5dbc8be06200.jpg,029cbe89-92f1-4d66-a857-5dbc8be06200,augmented_v9/organic/029cbe89-92f1-4d66-a857-5dbc8be06200,lime,none,False,e565ca3707879767263d5c2f7bf4729e1b968fc956f192b80533c9a1cd41f9e2,e565ca3707879767263d5c2f7bf4729e1b968fc956f192b80533c9a1cd41f9e2,320,240,augmented_v9
validation/organic/augv9_organic_validation_original_002.jpg,validation,organic,2,original,organic/0fbc4754-ce81-4c56-94b7-bf4205ba1dfa.jpg,0fbc4754-ce81-4c56-94b7-bf4205ba1dfa,augmented_v9/organic/0fbc4754-ce81-4c56-94b7-bf4205ba1dfa,cucumber,none,False,d6b1c54c5560d6fe70445ccf89b0b3c5d715a957ccc4e954b67727901d0f8777,d6b1c54c5560d6fe70445ccf89b0b3c5d715a957ccc4e954b67727901d0f8777,320,240,augmented_v9
validation/organic/augv9_organic_validation_original_003.jpg,validation,organic,2,original,organic/174eb404-de45-41c8-926f-a0a3d817782b.jpg,174eb404-de45-41c8-926f-a0a3d817782b,augmented_v9/organic/174eb404-de45-41c8-926f-a0a3d817782b,lime,none,False,da664ebfd9b306fae3ca3de53487741c52fde8f0d61e4644c5a0e3a0698d5c77,da664ebfd9b306fae3ca3de53487741c52fde8f0d61e4644c5a0e3a0698d5c77,320,240,augmented_v9
validation/organic/augv9_organic_validation_original_004.jpg,validation,organic,2,original,organic/31bf9d4a-5c8e-4780-a75e-cf05090b8a6b.jpg,31bf9d4a-5c8e-4780-a75e-cf05090b8a6b,augmented_v9/organic/31bf9d4a-5c8e-4780-a75e-cf05090b8a6b,cucumber,none,False,c97463d8f9be8ef2415472216c8871d65595fe98bd6c6ae53ba2777c9d3aad5c,c97463d8f9be8ef2415472216c8871d65595fe98bd6c6ae53ba2777c9d3aad5c,320,240,augmented_v9
validation/organic/augv9_organic_validation_original_005.jpg,validation,organic,2,original,organic/58705416-20d3-4458-aa50-16977a209e9e.jpg,58705416-20d3-4458-aa50-16977a209e9e,augmented_v9/organic/58705416-20d3-4458-aa50-16977a209e9e,lime,none,False,3ac8da31f4752b6251c9fbd36c567a224862a6a9a859a8bf375a8ad58d0ec6e1,3ac8da31f4752b6251c9fbd36c567a224862a6a9a859a8bf375a8ad58d0ec6e1,320,240,augmented_v9
validation/organic/augv9_organic_validation_original_006.jpg,validation,organic,2,original,organic/8e258721-91b6-47c6-99ba-365d2224cdfd.jpg,8e258721-91b6-47c6-99ba-365d2224cdfd,augmented_v9/organic/8e258721-91b6-47c6-99ba-365d2224cdfd,cucumber,none,False,94ac975ad0c8def0a646712469924f4bfb864975dc0156b32688e44826a6c16d,94ac975ad0c8def0a646712469924f4bfb864975dc0156b32688e44826a6c16d,320,240,augmented_v9
validation/organic/organic_validation_original_001.jpg,validation,organic,2,original,train/organic/esp32-cam-2026-08-01T09-23-38-834Z.jpg,esp32-cam-2026-08-01T09-23-38-834Z,prepared_v9/organic/esp32-cam-2026-08-01T09-23-38-834Z,lime_3_plus,,False,2c4710685071bfd37c45e3873ab498f786ab260e474fdde223692bdfb79ad90b,2c4710685071bfd37c45e3873ab498f786ab260e474fdde223692bdfb79ad90b,320,240,prepared_v9
validation/organic/organic_validation_original_002.jpg,validation,organic,2,original,train/organic/esp32-cam-2026-08-01T09-24-01-064Z.jpg,esp32-cam-2026-08-01T09-24-01-064Z,prepared_v9/organic/esp32-cam-2026-08-01T09-24-01-064Z,lime_2,,False,5e8fd0644cc933ca38fe1e69a04a99895675de59e0f2e15f016b1d24ba3325a6,5e8fd0644cc933ca38fe1e69a04a99895675de59e0f2e15f016b1d24ba3325a6,320,240,prepared_v9
validation/organic/organic_validation_original_003.jpg,validation,organic,2,original,train/organic/esp32-cam-2026-08-01T09-24-19-364Z.jpg,esp32-cam-2026-08-01T09-24-19-364Z,prepared_v9/organic/esp32-cam-2026-08-01T09-24-19-364Z,lime_1,,False,033a4974d6876650dbe209df9b9d3deed9c6ddec7fbd6d02c28653b043c88aa4,033a4974d6876650dbe209df9b9d3deed9c6ddec7fbd6d02c28653b043c88aa4,320,240,prepared_v9
validation/organic/organic_validation_original_004.jpg,validation,organic,2,original,train/organic/esp32-cam-2026-08-01T09-25-06-442Z.jpg,esp32-cam-2026-08-01T09-25-06-442Z,prepared_v9/organic/esp32-cam-2026-08-01T09-25-06-442Z,lime_2,,False,5598e49e93d83789a6f8c692a656dacb0eeae122d73192b9c7b34ab68fd5285f,5598e49e93d83789a6f8c692a656dacb0eeae122d73192b9c7b34ab68fd5285f,320,240,prepared_v9
validation/organic/organic_validation_original_005.jpg,validation,organic,2,original,train/organic/esp32-cam-2026-08-01T09-25-15-394Z.jpg,esp32-cam-2026-08-01T09-25-15-394Z,prepared_v9/organic/esp32-cam-2026-08-01T09-25-15-394Z,lime_3_plus,,False,e5cd048d54e5f06d288116a2a60e080192b3ca8dcf94d6d52ff1e794e1ab8d81,e5cd048d54e5f06d288116a2a60e080192b3ca8dcf94d6d52ff1e794e1ab8d81,320,240,prepared_v9
validation/organic/organic_validation_original_006.jpg,validation,organic,2,original,validation/organic/esp32-cam-2026-08-01T09-25-45-682Z.jpg,esp32-cam-2026-08-01T09-25-45-682Z,prepared_v9/organic/esp32-cam-2026-08-01T09-25-45-682Z,lime_1,,False,c48e4a0b42284156bb05d8ad36ee354ae6c6b470069600de86f2def5e40772aa,c48e4a0b42284156bb05d8ad36ee354ae6c6b470069600de86f2def5e40772aa,320,240,prepared_v9
validation/organic/organic_validation_original_007.jpg,validation,organic,2,original,test/organic/esp32-cam-2026-08-01T09-26-13-328Z.jpg,esp32-cam-2026-08-01T09-26-13-328Z,prepared_v9/organic/esp32-cam-2026-08-01T09-26-13-328Z,lime_1,,False,050bb1e72ccb2f2996070596abf5fa149516578083b2b3058c165c9fddb8cb44,050bb1e72ccb2f2996070596abf5fa149516578083b2b3058c165c9fddb8cb44,320,240,prepared_v9
test/paper/augv9_paper_test_original_001.jpg,test,paper,0,original,paper/073c6bbb-b467-4b12-b3c0-917e903ab36e.jpg,073c6bbb-b467-4b12-b3c0-917e903ab36e,augmented_v9/paper/073c6bbb-b467-4b12-b3c0-917e903ab36e,paper_crumpled_or_sheet,none,False,a4da80d7ec6c6eb629add4b248339642da565c1dda863e5c349d3ee8ce8813e7,a4da80d7ec6c6eb629add4b248339642da565c1dda863e5c349d3ee8ce8813e7,320,240,augmented_v9
test/paper/augv9_paper_test_original_002.jpg,test,paper,0,original,paper/0f733a16-8745-4c19-9904-f0b5c31b91fa.jpg,0f733a16-8745-4c19-9904-f0b5c31b91fa,augmented_v9/paper/0f733a16-8745-4c19-9904-f0b5c31b91fa,paper_cardboard_or_box,none,False,faadbe8d3b8a4d27b839d47b9041bc080818add823964fbc61f0e2d03bb09a04,faadbe8d3b8a4d27b839d47b9041bc080818add823964fbc61f0e2d03bb09a04,320,240,augmented_v9
test/paper/augv9_paper_test_original_003.jpg,test,paper,0,original,paper/1bec95d6-6a89-46a5-9314-b77b1f4575c5.jpg,1bec95d6-6a89-46a5-9314-b77b1f4575c5,augmented_v9/paper/1bec95d6-6a89-46a5-9314-b77b1f4575c5,paper_crumpled_or_sheet,none,False,2b26f3ad9bff37dda53c664b9b50b693ff6929acfda491487d1106303f88ec65,2b26f3ad9bff37dda53c664b9b50b693ff6929acfda491487d1106303f88ec65,320,240,augmented_v9
test/paper/augv9_paper_test_original_004.jpg,test,paper,0,original,paper/34707b0a-0f5d-4e02-b499-b5e28cfa7c29.jpg,34707b0a-0f5d-4e02-b499-b5e28cfa7c29,augmented_v9/paper/34707b0a-0f5d-4e02-b499-b5e28cfa7c29,paper_crumpled_or_sheet,none,False,7591a63ceae4f274686de51eedd648b3e262dc642fc095a72f78eccbb658a66f,7591a63ceae4f274686de51eedd648b3e262dc642fc095a72f78eccbb658a66f,320,240,augmented_v9
test/paper/augv9_paper_test_original_005.jpg,test,paper,0,original,paper/85dd1ad5-d54d-4ebf-95f1-bcb893d92e2d.jpg,85dd1ad5-d54d-4ebf-95f1-bcb893d92e2d,augmented_v9/paper/85dd1ad5-d54d-4ebf-95f1-bcb893d92e2d,paper_cardboard_or_box,none,False,3e6325ba85d924945e04614d276e1ec2b5021874b86ac01952992a83268908af,3e6325ba85d924945e04614d276e1ec2b5021874b86ac01952992a83268908af,320,240,augmented_v9
test/paper/augv9_paper_test_original_006.jpg,test,paper,0,original,paper/d6c607ff-e54d-4b58-9170-290051e6d6cf.jpg,d6c607ff-e54d-4b58-9170-290051e6d6cf,augmented_v9/paper/d6c607ff-e54d-4b58-9170-290051e6d6cf,paper_cardboard_or_box,none,False,d9a7ee56dc377212ca95550ae3cb40244a96328e51af13a39c26606d75d6e01d,d9a7ee56dc377212ca95550ae3cb40244a96328e51af13a39c26606d75d6e01d,320,240,augmented_v9
test/paper/paper_test_original_001.jpg,test,paper,0,original,train/paper/esp32-cam-2026-08-01T09-20-58-823Z.jpg,esp32-cam-2026-08-01T09-20-58-823Z,prepared_v9/paper/esp32-cam-2026-08-01T09-20-58-823Z,paper_esp32_varied_pose,,False,60c0a08fb63c4a7b4bd02f8fd743cd41fef2474fd26c4979fa53cc0b452f353a,60c0a08fb63c4a7b4bd02f8fd743cd41fef2474fd26c4979fa53cc0b452f353a,320,240,prepared_v9
test/paper/paper_test_original_002.jpg,test,paper,0,original,train/paper/esp32-cam-2026-08-01T09-21-17-077Z.jpg,esp32-cam-2026-08-01T09-21-17-077Z,prepared_v9/paper/esp32-cam-2026-08-01T09-21-17-077Z,paper_esp32_varied_pose,,False,7724d0de866c2530effd764c99d65dc64670555012e5078af1053239e624119a,7724d0de866c2530effd764c99d65dc64670555012e5078af1053239e624119a,320,240,prepared_v9
test/paper/paper_test_original_003.jpg,test,paper,0,original,train/paper/esp32-cam-2026-08-01T09-21-43-340Z.jpg,esp32-cam-2026-08-01T09-21-43-340Z,prepared_v9/paper/esp32-cam-2026-08-01T09-21-43-340Z,paper_esp32_varied_pose,,False,ef4b7d82d7fcb300da283878cf70cf33f02d64a422c8462b36c406a0f64306e1,ef4b7d82d7fcb300da283878cf70cf33f02d64a422c8462b36c406a0f64306e1,320,240,prepared_v9
test/paper/paper_test_original_004.jpg,test,paper,0,original,train/paper/esp32-cam-2026-08-01T09-21-49-767Z.jpg,esp32-cam-2026-08-01T09-21-49-767Z,prepared_v9/paper/esp32-cam-2026-08-01T09-21-49-767Z,paper_esp32_varied_pose,,False,2aa19a5e8c65ad86c24c21aa902c3ac7d9e8280a9f0d1618194e0d9d480b5a98,2aa19a5e8c65ad86c24c21aa902c3ac7d9e8280a9f0d1618194e0d9d480b5a98,320,240,prepared_v9
test/paper/paper_test_original_005.jpg,test,paper,0,original,train/paper/esp32-cam-2026-08-01T09-21-51-510Z.jpg,esp32-cam-2026-08-01T09-21-51-510Z,prepared_v9/paper/esp32-cam-2026-08-01T09-21-51-510Z,paper_esp32_varied_pose,,False,2e562fed16b27556991f8b76769b17a2491442a6eaa8b5fd41e6dd58500fbf00,2e562fed16b27556991f8b76769b17a2491442a6eaa8b5fd41e6dd58500fbf00,320,240,prepared_v9
test/paper/paper_test_original_006.jpg,test,paper,0,original,train/paper/esp32-cam-2026-08-01T09-22-44-117Z.jpg,esp32-cam-2026-08-01T09-22-44-117Z,prepared_v9/paper/esp32-cam-2026-08-01T09-22-44-117Z,paper_esp32_varied_pose,,False,36ba47d2ceb242aee2a26fb36aa7012928e6188823ae225e8277aab81ffb94dc,36ba47d2ceb242aee2a26fb36aa7012928e6188823ae225e8277aab81ffb94dc,320,240,prepared_v9
test/paper/paper_test_original_007.jpg,test,paper,0,original,train/paper/v4_paper_c71d8eeda805285d3b65adcc.jpg,v4_paper_c71d8eeda805285d3b65adcc,prepared_v9/paper/paper_009,paper_legacy_varied_pose,,False,c71d8eeda805285d3b65adccbe0f210a6e9120f8dbd151da2f4c4c621b838119,c71d8eeda805285d3b65adccbe0f210a6e9120f8dbd151da2f4c4c621b838119,320,240,prepared_v9
test/plastic/augv9_plastic_test_original_001.jpg,test,plastic,1,original,plastic/2d923f14-4cc7-4855-b05d-712c80001af2.jpg,2d923f14-4cc7-4855-b05d-712c80001af2,augmented_v9/plastic/2d923f14-4cc7-4855-b05d-712c80001af2,plastic_bottle,none,False,7426a82f023ca0a70a589503c5eac1ce32b49938ac4b26f9e3fa447b18937b85,7426a82f023ca0a70a589503c5eac1ce32b49938ac4b26f9e3fa447b18937b85,320,240,augmented_v9
test/plastic/augv9_plastic_test_original_002.jpg,test,plastic,1,original,plastic/5136d6c4-9577-4d3e-974a-5fe044dcc39b.jpg,5136d6c4-9577-4d3e-974a-5fe044dcc39b,augmented_v9/plastic/5136d6c4-9577-4d3e-974a-5fe044dcc39b,plastic_bottle,none,False,353ee90cb66aa7b97de0135bbae303226e7574f6a359de2c7c38a48e39f8b33b,353ee90cb66aa7b97de0135bbae303226e7574f6a359de2c7c38a48e39f8b33b,320,240,augmented_v9
test/plastic/augv9_plastic_test_original_003.jpg,test,plastic,1,original,plastic/940300ac-7bef-4874-9565-9ed7d0fdd807.jpg,940300ac-7bef-4874-9565-9ed7d0fdd807,augmented_v9/plastic/940300ac-7bef-4874-9565-9ed7d0fdd807,plastic_bottle,none,False,040e13854b7a31804f22b0c71c9a522daf7095958b9b23563ba1878bc854c148,040e13854b7a31804f22b0c71c9a522daf7095958b9b23563ba1878bc854c148,320,240,augmented_v9
test/plastic/augv9_plastic_test_original_004.jpg,test,plastic,1,original,plastic/a6cbcabd-830a-4a57-aa0c-8e617d83193d.jpg,a6cbcabd-830a-4a57-aa0c-8e617d83193d,augmented_v9/plastic/a6cbcabd-830a-4a57-aa0c-8e617d83193d,plastic_film_or_bag,none,False,85ca5a64a18c53165d10ae568c79c008ccc5b2e73b2855616b6c0b416fd465d3,85ca5a64a18c53165d10ae568c79c008ccc5b2e73b2855616b6c0b416fd465d3,320,240,augmented_v9
test/plastic/augv9_plastic_test_original_005.jpg,test,plastic,1,original,plastic/d4ffff31-b85c-4a2f-9684-8fb528456543.jpg,d4ffff31-b85c-4a2f-9684-8fb528456543,augmented_v9/plastic/d4ffff31-b85c-4a2f-9684-8fb528456543,plastic_bottle,none,False,86b1d7a1000e482651d02fc118e9e390f58e3e3002c80d95e938f490b9af8af9,86b1d7a1000e482651d02fc118e9e390f58e3e3002c80d95e938f490b9af8af9,320,240,augmented_v9
test/plastic/augv9_plastic_test_original_006.jpg,test,plastic,1,original,plastic/ea832acc-9f32-4d48-9ad1-a9ad25667819.jpg,ea832acc-9f32-4d48-9ad1-a9ad25667819,augmented_v9/plastic/ea832acc-9f32-4d48-9ad1-a9ad25667819,plastic_film_or_bag,none,False,af74740deaeeb17a8c9a7449fe163b400494405f25d4ae695843cfa78dfbe350,af74740deaeeb17a8c9a7449fe163b400494405f25d4ae695843cfa78dfbe350,320,240,augmented_v9
test/plastic/plastic_test_original_001.jpg,test,plastic,1,original,test/plastic/esp32-cam-2026-08-01T09-18-11-451Z.jpg,esp32-cam-2026-08-01T09-18-11-451Z,prepared_v9/plastic/esp32-cam-2026-08-01T09-18-11-451Z,plastic_bottle,,False,404577ffa6305119ba98fbeb544d2052096e9ee3bf07fdef40ab0c9b7546f279,404577ffa6305119ba98fbeb544d2052096e9ee3bf07fdef40ab0c9b7546f279,320,240,prepared_v9
test/plastic/plastic_test_original_002.jpg,test,plastic,1,original,test/plastic/esp32-cam-2026-08-01T09-18-18-049Z.jpg,esp32-cam-2026-08-01T09-18-18-049Z,prepared_v9/plastic/esp32-cam-2026-08-01T09-18-18-049Z,plastic_bottle,,False,5fac342e784dea746a71faeb63bd5402bf597b951f03ebec4076ccd7ce409c37,5fac342e784dea746a71faeb63bd5402bf597b951f03ebec4076ccd7ce409c37,320,240,prepared_v9
test/plastic/plastic_test_original_003.jpg,test,plastic,1,original,test/plastic/esp32-cam-2026-08-01T09-18-50-193Z.jpg,esp32-cam-2026-08-01T09-18-50-193Z,prepared_v9/plastic/esp32-cam-2026-08-01T09-18-50-193Z,plastic_bottle,,False,545d34fdb8e5991ac6a7c80c265f483c099edac4439148b5adb4e35dca3ca738,545d34fdb8e5991ac6a7c80c265f483c099edac4439148b5adb4e35dca3ca738,320,240,prepared_v9
test/plastic/plastic_test_original_004.jpg,test,plastic,1,original,test/plastic/esp32-cam-2026-08-01T09-19-49-152Z.jpg,esp32-cam-2026-08-01T09-19-49-152Z,prepared_v9/plastic/esp32-cam-2026-08-01T09-19-49-152Z,plastic_bottle,,False,1374e0d17851ff4d9858cf600119f6dedbf509e4cf3dfa782b9bcdd7e0e39861,1374e0d17851ff4d9858cf600119f6dedbf509e4cf3dfa782b9bcdd7e0e39861,320,240,prepared_v9
test/plastic/plastic_test_original_005.jpg,test,plastic,1,original,test/plastic/esp32-cam-2026-08-01T09-20-01-299Z.jpg,esp32-cam-2026-08-01T09-20-01-299Z,prepared_v9/plastic/esp32-cam-2026-08-01T09-20-01-299Z,plastic_bottle,,False,758463845ed7acd2e5af0d24fecf772b4281735a136a75f74e6cb170789a2f64,758463845ed7acd2e5af0d24fecf772b4281735a136a75f74e6cb170789a2f64,320,240,prepared_v9
test/plastic/plastic_test_original_006.jpg,test,plastic,1,original,test/plastic/esp32-cam-2026-08-01T09-20-08-360Z.jpg,esp32-cam-2026-08-01T09-20-08-360Z,prepared_v9/plastic/esp32-cam-2026-08-01T09-20-08-360Z,plastic_bottle,,False,80d175a87d8270c78b5f81da43b0b90a19ae0ec73ad95164e655db74499a28ff,80d175a87d8270c78b5f81da43b0b90a19ae0ec73ad95164e655db74499a28ff,320,240,prepared_v9
test/plastic/plastic_test_original_007.jpg,test,plastic,1,original,test/plastic/esp32-cam-2026-08-01T09-20-14-018Z.jpg,esp32-cam-2026-08-01T09-20-14-018Z,prepared_v9/plastic/esp32-cam-2026-08-01T09-20-14-018Z,plastic_bottle,,False,3a2d8d20c361a90cd08621841fafed1c939d6cb04e228510106bd58d14b0b37a,3a2d8d20c361a90cd08621841fafed1c939d6cb04e228510106bd58d14b0b37a,320,240,prepared_v9
test/organic/augv9_organic_test_original_001.jpg,test,organic,2,original,organic/3de8f373-6b8e-4d8d-a302-543850723399.jpg,3de8f373-6b8e-4d8d-a302-543850723399,augmented_v9/organic/3de8f373-6b8e-4d8d-a302-543850723399,cucumber,none,False,b7bce763e64d510a37b524c8599e9d4faa185ff9c319b6fb38bea4bd6994d642,b7bce763e64d510a37b524c8599e9d4faa185ff9c319b6fb38bea4bd6994d642,320,240,augmented_v9
test/organic/augv9_organic_test_original_002.jpg,test,organic,2,original,organic/4afd3248-c9b2-4404-b523-f770c2598710.jpg,4afd3248-c9b2-4404-b523-f770c2598710,augmented_v9/organic/4afd3248-c9b2-4404-b523-f770c2598710,lime,none,False,003b48185cd763b1929b200a5831e6d4104dbc8db1934be1c01094c77c52d14d,003b48185cd763b1929b200a5831e6d4104dbc8db1934be1c01094c77c52d14d,320,240,augmented_v9
test/organic/augv9_organic_test_original_003.jpg,test,organic,2,original,organic/96fb9347-0c45-43b9-a6fd-cb017402a3fb.jpg,96fb9347-0c45-43b9-a6fd-cb017402a3fb,augmented_v9/organic/96fb9347-0c45-43b9-a6fd-cb017402a3fb,cucumber,none,False,0a68777b4fc1ab15198be26237efa3d1c419fc319acac79286238a0a0448d380,0a68777b4fc1ab15198be26237efa3d1c419fc319acac79286238a0a0448d380,320,240,augmented_v9
test/organic/augv9_organic_test_original_004.jpg,test,organic,2,original,organic/a4221828-f488-4c37-9bc1-174f092ebbc1.jpg,a4221828-f488-4c37-9bc1-174f092ebbc1,augmented_v9/organic/a4221828-f488-4c37-9bc1-174f092ebbc1,lime,none,False,55447fae962ad5bdc16974741eff42264e959941a6932c9d1acca22842431ed0,55447fae962ad5bdc16974741eff42264e959941a6932c9d1acca22842431ed0,320,240,augmented_v9
test/organic/augv9_organic_test_original_005.jpg,test,organic,2,original,organic/cc77529b-271c-4ef7-a047-fb9e8ddb9eb1.jpg,cc77529b-271c-4ef7-a047-fb9e8ddb9eb1,augmented_v9/organic/cc77529b-271c-4ef7-a047-fb9e8ddb9eb1,cucumber,none,False,2fead35444b7b2e11f87015070bc38634c7487c4ed0c889a8e1d1e65e096b0b3,2fead35444b7b2e11f87015070bc38634c7487c4ed0c889a8e1d1e65e096b0b3,320,240,augmented_v9
test/organic/augv9_organic_test_original_006.jpg,test,organic,2,original,organic/eb5adf75-d0f9-4eb3-8f87-18c391eacfaa.jpg,eb5adf75-d0f9-4eb3-8f87-18c391eacfaa,augmented_v9/organic/eb5adf75-d0f9-4eb3-8f87-18c391eacfaa,lime,none,False,6f8f0d3751f83f9bba32791c2b400f463bf949c82bfa4c1625f6627a3e536545,6f8f0d3751f83f9bba32791c2b400f463bf949c82bfa4c1625f6627a3e536545,320,240,augmented_v9
test/organic/organic_test_original_001.jpg,test,organic,2,original,train/organic/esp32-cam-2026-08-01T09-23-52-181Z.jpg,esp32-cam-2026-08-01T09-23-52-181Z,prepared_v9/organic/esp32-cam-2026-08-01T09-23-52-181Z,lime_2,,False,8816d16878d509d964430de9aa264485038184a1749566c34d906f86defa5885,8816d16878d509d964430de9aa264485038184a1749566c34d906f86defa5885,320,240,prepared_v9
test/organic/organic_test_original_002.jpg,test,organic,2,original,train/organic/esp32-cam-2026-08-01T09-24-26-277Z.jpg,esp32-cam-2026-08-01T09-24-26-277Z,prepared_v9/organic/esp32-cam-2026-08-01T09-24-26-277Z,lime_2,,False,756b98a3f905fcf2c810d6cdf760bc9e75b0abcb0680c1fa7df7fc6c25789e6a,756b98a3f905fcf2c810d6cdf760bc9e75b0abcb0680c1fa7df7fc6c25789e6a,320,240,prepared_v9
test/organic/organic_test_original_003.jpg,test,organic,2,original,validation/organic/esp32-cam-2026-08-01T09-25-07-397Z.jpg,esp32-cam-2026-08-01T09-25-07-397Z,prepared_v9/organic/esp32-cam-2026-08-01T09-25-07-397Z,lime_2,,False,4159b234cb58914ee19111729d08d79890bddfcc6858ac7cc9e2dcf7aaba0842,4159b234cb58914ee19111729d08d79890bddfcc6858ac7cc9e2dcf7aaba0842,320,240,prepared_v9
test/organic/organic_test_original_004.jpg,test,organic,2,original,train/organic/esp32-cam-2026-08-01T09-25-16-967Z.jpg,esp32-cam-2026-08-01T09-25-16-967Z,prepared_v9/organic/esp32-cam-2026-08-01T09-25-16-967Z,lime_3_plus,,False,85479a0721702894a11ed4e9855747fcec12d870648f0cdc3a7e1ac139de5976,85479a0721702894a11ed4e9855747fcec12d870648f0cdc3a7e1ac139de5976,320,240,prepared_v9
test/organic/organic_test_original_005.jpg,test,organic,2,original,validation/organic/esp32-cam-2026-08-01T09-25-33-360Z.jpg,esp32-cam-2026-08-01T09-25-33-360Z,prepared_v9/organic/esp32-cam-2026-08-01T09-25-33-360Z,lime_3_plus,,False,7430afc9e0cbf62627f207a0a0371056436183139b2208f4023a71b7fba937c9,7430afc9e0cbf62627f207a0a0371056436183139b2208f4023a71b7fba937c9,320,240,prepared_v9
test/organic/organic_test_original_006.jpg,test,organic,2,original,test/organic/esp32-cam-2026-08-01T09-26-02-308Z.jpg,esp32-cam-2026-08-01T09-26-02-308Z,prepared_v9/organic/esp32-cam-2026-08-01T09-26-02-308Z,lime_1,,False,b9ce1118370072b18b33d051d3974e51090508c0d95d686b01f8867b73e4191f,b9ce1118370072b18b33d051d3974e51090508c0d95d686b01f8867b73e4191f,320,240,prepared_v9
test/organic/organic_test_original_007.jpg,test,organic,2,original,test/organic/esp32-cam-2026-08-01T09-26-34-723Z.jpg,esp32-cam-2026-08-01T09-26-34-723Z,prepared_v9/organic/esp32-cam-2026-08-01T09-26-34-723Z,lime_1,,False,83e3bfdbee7e2315737fd1deb4fd4e2993ea62c52bc1bd699595eb0736aec3ab,83e3bfdbee7e2315737fd1deb4fd4e2993ea62c52bc1bd699595eb0736aec3ab,320,240,prepared_v9
