#include "model_data.h"

#if defined(ARDUINO_ARCH_ESP32)
#include <pgmspace.h>
#define AIOT_MODEL_STORAGE PROGMEM
#else
#define AIOT_MODEL_STORAGE
#endif

alignas(16) const unsigned char g_model[] AIOT_MODEL_STORAGE = {
  0x20, 0x00, 0x00, 0x00, 0x54, 0x46, 0x4c, 0x33, 0x00, 0x00, 0x00, 0x00,
  0x14, 0x00, 0x20, 0x00, 0x1c, 0x00, 0x18, 0x00, 0x14, 0x00, 0x10, 0x00,
  0x0c, 0x00, 0x00, 0x00, 0x08, 0x00, 0x04, 0x00, 0x14, 0x00, 0x00, 0x00,
  0x1c, 0x00, 0x00, 0x00, 0x90, 0x00, 0x00, 0x00, 0xe8, 0x00, 0x00, 0x00,
  0x24, 0x24, 0x00, 0x00, 0x34, 0x24, 0x00, 0x00, 0x50, 0x55, 0x00, 0x00,
  0x03, 0x00, 0x00, 0x00, 0x01, 0x00, 0x00, 0x00, 0x10, 0x00, 0x00, 0x00,
  0x00, 0x00, 0x0a, 0x00, 0x10, 0x00, 0x0c, 0x00, 0x08, 0x00, 0x04, 0x00,
  0x0a, 0x00, 0x00, 0x00, 0x0c, 0x00, 0x00, 0x00, 0x1c, 0x00, 0x00, 0x00,
  0x3c, 0x00, 0x00, 0x00, 0x0f, 0x00, 0x00, 0x00, 0x73, 0x65, 0x72, 0x76,
  0x69, 0x6e, 0x67, 0x5f, 0x64, 0x65, 0x66, 0x61, 0x75, 0x6c, 0x74, 0x00,
  0x01, 0x00, 0x00, 0x00, 0x04, 0x00, 0x00, 0x00, 0x98, 0xff, 0xff, 0xff,
  0x20, 0x00, 0x00, 0x00, 0x04, 0x00, 0x00, 0x00, 0x08, 0x00, 0x00, 0x00,
  0x6f, 0x75, 0x74, 0x70, 0x75, 0x74, 0x5f, 0x30, 0x00, 0x00, 0x00, 0x00,
  0x01, 0x00, 0x00, 0x00, 0x04, 0x00, 0x00, 0x00, 0x72, 0xdc, 0xff, 0xff,
  0x04, 0x00, 0x00, 0x00, 0x05, 0x00, 0x00, 0x00, 0x69, 0x6d, 0x61, 0x67,
  0x65, 0x00, 0x00, 0x00, 0x02, 0x00, 0x00, 0x00, 0x34, 0x00, 0x00, 0x00,
  0x04, 0x00, 0x00, 0x00, 0xdc, 0xff, 0xff, 0xff, 0x23, 0x00, 0x00, 0x00,
  0x04, 0x00, 0x00, 0x00, 0x13, 0x00, 0x00, 0x00, 0x43, 0x4f, 0x4e, 0x56,
  0x45, 0x52, 0x53, 0x49, 0x4f, 0x4e, 0x5f, 0x4d, 0x45, 0x54, 0x41, 0x44,
  0x41, 0x54, 0x41, 0x00, 0x08, 0x00, 0x0c, 0x00, 0x08, 0x00, 0x04, 0x00,
  0x08, 0x00, 0x00, 0x00, 0x22, 0x00, 0x00, 0x00, 0x04, 0x00, 0x00, 0x00,
  0x13, 0x00, 0x00, 0x00, 0x6d, 0x69, 0x6e, 0x5f, 0x72, 0x75, 0x6e, 0x74,
  0x69, 0x6d, 0x65, 0x5f, 0x76, 0x65, 0x72, 0x73, 0x69, 0x6f, 0x6e, 0x00,
  0x24, 0x00, 0x00, 0x00, 0x38, 0x23, 0x00, 0x00, 0x30, 0x23, 0x00, 0x00,
  0x18, 0x23, 0x00, 0x00, 0xf4, 0x22, 0x00, 0x00, 0x24, 0x22, 0x00, 0x00,
  0x14, 0x21, 0x00, 0x00, 0x04, 0x15, 0x00, 0x00, 0x34, 0x14, 0x00, 0x00,
  0x74, 0x12, 0x00, 0x00, 0xa4, 0x11, 0x00, 0x00, 0x94, 0x0b, 0x00, 0x00,
  0x04, 0x0b, 0x00, 0x00, 0xd4, 0x09, 0x00, 0x00, 0x44, 0x09, 0x00, 0x00,
  0x34, 0x06, 0x00, 0x00, 0xc4, 0x05, 0x00, 0x00, 0xdc, 0x04, 0x00, 0x00,
  0x6c, 0x04, 0x00, 0x00, 0x3c, 0x03, 0x00, 0x00, 0xfc, 0x02, 0x00, 0x00,
  0x80, 0x02, 0x00, 0x00, 0x40, 0x02, 0x00, 0x00, 0xec, 0x00, 0x00, 0x00,
  0xe4, 0x00, 0x00, 0x00, 0xdc, 0x00, 0x00, 0x00, 0xd4, 0x00, 0x00, 0x00,
  0xcc, 0x00, 0x00, 0x00, 0xc4, 0x00, 0x00, 0x00, 0xbc, 0x00, 0x00, 0x00,
  0xb4, 0x00, 0x00, 0x00, 0xac, 0x00, 0x00, 0x00, 0xa4, 0x00, 0x00, 0x00,
  0x9c, 0x00, 0x00, 0x00, 0x94, 0x00, 0x00, 0x00, 0x74, 0x00, 0x00, 0x00,
  0x04, 0x00, 0x00, 0x00, 0x76, 0xdd, 0xff, 0xff, 0x04, 0x00, 0x00, 0x00,
  0x60, 0x00, 0x00, 0x00, 0x0c, 0x00, 0x00, 0x00, 0x08, 0x00, 0x0e, 0x00,
  0x08, 0x00, 0x04, 0x00, 0x08, 0x00, 0x00, 0x00, 0x10, 0x00, 0x00, 0x00,
  0x28, 0x00, 0x00, 0x00, 0x00, 0x00, 0x06, 0x00, 0x08, 0x00, 0x04, 0x00,
  0x06, 0x00, 0x00, 0x00, 0x04, 0x00, 0x00, 0x00, 0x01, 0x00, 0x00, 0x00,
  0xeb, 0x03, 0x00, 0x00, 0x0c, 0x00, 0x18, 0x00, 0x14, 0x00, 0x10, 0x00,
  0x0c, 0x00, 0x04, 0x00, 0x0c, 0x00, 0x00, 0x00, 0x96, 0x43, 0x39, 0x22,
  0xd9, 0x0b, 0x09, 0x75, 0x02, 0x00, 0x00, 0x00, 0x02, 0x00, 0x00, 0x00,
  0x04, 0x00, 0x00, 0x00, 0x06, 0x00, 0x00, 0x00, 0x32, 0x2e, 0x32, 0x30,
  0x2e, 0x30, 0x00, 0x00, 0xe2, 0xdd, 0xff, 0xff, 0x04, 0x00, 0x00, 0x00,
  0x10, 0x00, 0x00, 0x00, 0x31, 0x2e, 0x31, 0x34, 0x2e, 0x30, 0x00, 0x00,
  0x00, 0x00, 0x00, 0x00, 0x00, 0x00, 0x00, 0x00, 0x74, 0xad, 0xff, 0xff,
  0x78, 0xad, 0xff, 0xff, 0x7c, 0xad, 0xff, 0xff, 0x80, 0xad, 0xff, 0xff,
  0x84, 0xad, 0xff, 0xff, 0x88, 0xad, 0xff, 0xff, 0x8c, 0xad, 0xff, 0xff,
  0x90, 0xad, 0xff, 0xff, 0x94, 0xad, 0xff, 0xff, 0x98, 0xad, 0xff, 0xff,
  0x9c, 0xad, 0xff, 0xff, 0x2a, 0xde, 0xff, 0xff, 0x04, 0x00, 0x00, 0x00,
  0x44, 0x01, 0x00, 0x00, 0x42, 0x2f, 0x38, 0x1d, 0x81, 0x23, 0x64, 0xba,
  0x43, 0x48, 0xd1, 0xfc, 0x3a, 0x12, 0x27, 0x00, 0xe0, 0xbb, 0x1d, 0xd7,
  0x1c, 0xf5, 0x8d, 0xa8, 0x51, 0x1f, 0x3f, 0x38, 0xd8, 0xba, 0xc2, 0x0b,
  0x55, 0xc7, 0x90, 0x56, 0x1a, 0x81, 0x28, 0x26, 0x99, 0xca, 0x75, 0x0e,
  0xc9, 0xef, 0xa6, 0xff, 0xc7, 0xf4, 0x67, 0x07, 0xec, 0x17, 0xe8, 0x07,
  0xe1, 0x27, 0x18, 0xce, 0x1c, 0x4a, 0xca, 0xb7, 0x9b, 0xb2, 0x07, 0x4c,
  0xb5, 0x9e, 0x64, 0x81, 0x25, 0xd7, 0xfa, 0x5d, 0xe3, 0x20, 0x62, 0x18,
  0x40, 0x22, 0x17, 0xf3, 0x0d, 0x12, 0x33, 0xa3, 0x5d, 0xb5, 0xf9, 0x5b,
  0x9a, 0x60, 0x7f, 0x16, 0xaa, 0x6e, 0xf1, 0xe0, 0x37, 0x4c, 0x6a, 0x65,
  0x0a, 0xf7, 0x1a, 0x68, 0xaa, 0x8f, 0x33, 0xa2, 0x91, 0xfa, 0x65, 0x0e,
  0x7f, 0xf2, 0x43, 0x1e, 0xd5, 0x02, 0x0b, 0xd3, 0xca, 0x10, 0xe0, 0x05,
  0x60, 0x07, 0x45, 0x2c, 0x01, 0x97, 0x57, 0x1e, 0x9d, 0x92, 0xfd, 0x81,
  0x1d, 0x28, 0xee, 0x2f, 0x56, 0xb1, 0xfc, 0xc9, 0xf9, 0xc6, 0xd5, 0xe4,
  0x32, 0xb6, 0xbb, 0x2a, 0x92, 0xa0, 0x04, 0xc6, 0x8e, 0xf4, 0x7f, 0x04,
  0xb1, 0xd9, 0x4a, 0xc3, 0x06, 0xfd, 0xf3, 0x16, 0x55, 0x5e, 0x3c, 0xa6,
  0xc0, 0x11, 0x40, 0xed, 0x66, 0x24, 0xb3, 0x53, 0x9b, 0x2f, 0x54, 0x6b,
  0xb9, 0x99, 0x99, 0x47, 0xcf, 0x43, 0xd4, 0xa4, 0x25, 0xa2, 0xc7, 0xb6,
  0xab, 0x47, 0x43, 0x3d, 0xa7, 0x25, 0x9a, 0x81, 0xc5, 0x21, 0xfb, 0x2d,
  0xff, 0xcc, 0x54, 0xf3, 0x12, 0x81, 0x9a, 0x60, 0xc8, 0x1e, 0xc6, 0xd5,
  0x81, 0x7c, 0x14, 0xa2, 0xc6, 0x5d, 0xf0, 0x09, 0xd0, 0xbb, 0x08, 0xd1,
  0x4e, 0xf0, 0xed, 0xe0, 0x70, 0x31, 0xd1, 0x37, 0x63, 0x00, 0xfc, 0xe6,
  0x50, 0x71, 0xb7, 0x36, 0xa9, 0xb5, 0xb8, 0xf2, 0x9e, 0xbf, 0xdd, 0x0c,
  0x37, 0xee, 0x2c, 0xc4, 0x06, 0x7f, 0x26, 0x46, 0x07, 0x42, 0x93, 0x6c,
  0xc4, 0xfd, 0xa4, 0x23, 0x81, 0x74, 0x90, 0xa5, 0x51, 0x05, 0xa7, 0x51,
  0x24, 0xff, 0x21, 0xc1, 0x16, 0xc6, 0xf6, 0x2e, 0x38, 0x13, 0x87, 0x31,
  0xbf, 0xb5, 0xa1, 0x94, 0xc8, 0xa0, 0x77, 0xf7, 0x0c, 0x0e, 0xe9, 0xf2,
  0x7f, 0x9c, 0x08, 0xb3, 0x8f, 0x35, 0xb9, 0x12, 0x2f, 0x14, 0x09, 0x7b,
  0x1e, 0x3e, 0x75, 0xf6, 0x7a, 0xdf, 0xff, 0xff, 0x04, 0x00, 0x00, 0x00,
  0x30, 0x00, 0x00, 0x00, 0xb6, 0x88, 0xff, 0xff, 0x48, 0x9a, 0x00, 0x00,
  0xe1, 0x17, 0x00, 0x00, 0x19, 0x6c, 0xfe, 0xff, 0x30, 0x17, 0x00, 0x00,
  0xcc, 0xe7, 0x01, 0x00, 0x75, 0x0e, 0xff, 0xff, 0x03, 0x51, 0x01, 0x00,
  0xed, 0xa8, 0x00, 0x00, 0x73, 0x8f, 0xff, 0xff, 0xe3, 0xb1, 0x00, 0x00,
  0xdf, 0x3f, 0x00, 0x00, 0xb6, 0xdf, 0xff, 0xff, 0x04, 0x00, 0x00, 0x00,
  0x6c, 0x00, 0x00, 0x00, 0x7f, 0xd7, 0x31, 0x25, 0x54, 0x98, 0x2d, 0x03,
  0xb3, 0xc8, 0xb1, 0xf3, 0x2c, 0x00, 0xdb, 0x81, 0x46, 0x55, 0x86, 0x1c,
  0x54, 0x65, 0xfe, 0x5f, 0x37, 0x6d, 0xe7, 0xb4, 0x29, 0xf5, 0xb0, 0x08,
  0x7f, 0x64, 0xc0, 0xa2, 0xae, 0x81, 0x81, 0xdc, 0x12, 0x7f, 0xd4, 0x54,
  0x34, 0x7f, 0x8b, 0xbe, 0xc5, 0x8a, 0x12, 0x55, 0x7f, 0xf7, 0x4b, 0x56,
  0x0e, 0x69, 0x09, 0xc1, 0x57, 0x96, 0x91, 0x03, 0x23, 0x03, 0xf0, 0xc0,
  0x4d, 0x9b, 0x7f, 0x22, 0xa1, 0xf8, 0x2a, 0x6f, 0x64, 0xc5, 0xe4, 0x81,
  0x22, 0xeb, 0x53, 0x48, 0x54, 0xbf, 0xa1, 0x4a, 0x37, 0xc2, 0x81, 0x68,
  0x86, 0x4b, 0xe9, 0x81, 0x3d, 0xd5, 0x19, 0x5f, 0x2e, 0xcb, 0x1c, 0xde,
  0x65, 0xb7, 0xaf, 0xbc, 0x2e, 0xe0, 0xff, 0xff, 0x04, 0x00, 0x00, 0x00,
  0x30, 0x00, 0x00, 0x00, 0x00, 0x00, 0x00, 0x00, 0x00, 0x00, 0x00, 0x00,
  0x00, 0x00, 0x00, 0x00, 0x00, 0x00, 0x00, 0x00, 0x00, 0x00, 0x00, 0x00,
  0x00, 0x00, 0x00, 0x00, 0x00, 0x00, 0x00, 0x00, 0x00, 0x00, 0x00, 0x00,
  0x00, 0x00, 0x00, 0x00, 0x00, 0x00, 0x00, 0x00, 0x00, 0x00, 0x00, 0x00,
  0x00, 0x00, 0x00, 0x00, 0x6a, 0xe0, 0xff, 0xff, 0x04, 0x00, 0x00, 0x00,
  0x20, 0x01, 0x00, 0x00, 0x51, 0xb3, 0x40, 0xcb, 0x81, 0xac, 0xdc, 0x65,
  0x9a, 0xa4, 0x07, 0xe2, 0xfd, 0x46, 0x65, 0x81, 0x3e, 0xe6, 0x59, 0xc9,
  0xcb, 0xdf, 0x56, 0x3e, 0x04, 0x56, 0x92, 0xe4, 0x7f, 0x44, 0x06, 0xe8,
  0x49, 0x05, 0x32, 0xe7, 0x9a, 0x09, 0xfd, 0x7f, 0xde, 0x66, 0x35, 0x64,
  0x9b, 0x07, 0xf2, 0x72, 0xe0, 0x54, 0xbd, 0xe5, 0x6c, 0x0f, 0xe6, 0x85,
  0x18, 0xe8, 0x7f, 0x85, 0x3c, 0xc0, 0x1a, 0x29, 0x92, 0xff, 0x32, 0x2e,
  0xef, 0x40, 0xdc, 0x81, 0x81, 0x57, 0xc2, 0x70, 0xf7, 0x64, 0x31, 0xab,
  0x90, 0xf6, 0x5e, 0x0f, 0x22, 0x47, 0x99, 0x7d, 0xd1, 0x68, 0xd0, 0x7f,
  0x56, 0x7f, 0x48, 0xcc, 0x81, 0x8e, 0x28, 0x49, 0x5a, 0xc2, 0xe5, 0x7e,
  0x67, 0xbc, 0x0e, 0xfb, 0xaf, 0x15, 0x93, 0x34, 0xfd, 0x81, 0x08, 0xd9,
  0x07, 0x64, 0x38, 0x64, 0xd5, 0x78, 0x2f, 0xd5, 0x98, 0x1e, 0xa9, 0x39,
  0xc6, 0xa9, 0x44, 0x81, 0x16, 0x4c, 0x1d, 0x81, 0xf7, 0x67, 0x0a, 0x41,
  0x53, 0x7c, 0x48, 0xc1, 0xdb, 0x2c, 0x7f, 0xfe, 0xe0, 0x3c, 0xbc, 0x26,
  0xa2, 0x06, 0xca, 0x56, 0x7f, 0x23, 0xf1, 0x43, 0xe7, 0x4a, 0x0c, 0xcd,
  0x17, 0x4e, 0xaf, 0xe7, 0x24, 0xd6, 0xf2, 0xfb, 0x81, 0x70, 0xb6, 0x82,
  0xf8, 0xf1, 0x95, 0x41, 0xbf, 0xb7, 0xc7, 0x81, 0x59, 0x68, 0x69, 0x0e,
  0x75, 0x18, 0xd9, 0xd3, 0x06, 0x2c, 0x81, 0xc1, 0xc6, 0xf9, 0xce, 0x4b,
  0xda, 0x04, 0xbb, 0x08, 0xe3, 0x7f, 0xaa, 0xe3, 0xa3, 0xcd, 0x18, 0x6a,
  0xbf, 0x8b, 0x92, 0xe5, 0xe5, 0xa9, 0x81, 0xc9, 0xbb, 0x71, 0x41, 0xd0,
  0x01, 0xbb, 0x13, 0x38, 0xd7, 0x84, 0x04, 0xb6, 0x6a, 0x09, 0x2a, 0x72,
  0xc4, 0x7e, 0x81, 0xc7, 0xfe, 0x36, 0x78, 0xec, 0x72, 0xc3, 0x01, 0x7f,
  0xdd, 0x45, 0x2e, 0x1e, 0x5a, 0xf8, 0x0e, 0xb8, 0x1d, 0x43, 0x35, 0x66,
  0x81, 0xd1, 0xfb, 0xab, 0xa6, 0xf0, 0x3f, 0x0d, 0x93, 0x0e, 0x1b, 0xda,
  0x7f, 0x69, 0x25, 0x6f, 0xbd, 0x39, 0xa7, 0xa7, 0xd9, 0xf7, 0x02, 0xc9,
  0x81, 0x5e, 0xcf, 0x70, 0x96, 0xe1, 0xff, 0xff, 0x04, 0x00, 0x00, 0x00,
  0x60, 0x00, 0x00, 0x00, 0xf6, 0x07, 0x00, 0x00, 0x83, 0x08, 0x00, 0x00,
  0x95, 0xf8, 0xff, 0xff, 0x46, 0x07, 0x00, 0x00, 0xc2, 0xfb, 0xff, 0xff,
  0xb8, 0x00, 0x00, 0x00, 0xf6, 0x08, 0x00, 0x00, 0xcb, 0xf8, 0xff, 0xff,
  0xb5, 0xf7, 0xff, 0xff, 0xbd, 0xff, 0xff, 0xff, 0x87, 0x0b, 0x00, 0x00,
  0xf5, 0xfe, 0xff, 0xff, 0xd9, 0x06, 0x00, 0x00, 0x90, 0xfb, 0xff, 0xff,
  0x03, 0x07, 0x00, 0x00, 0x41, 0xfa, 0xff, 0xff, 0x33, 0x01, 0x00, 0x00,
  0xc4, 0x09, 0x00, 0x00, 0xfa, 0x05, 0x00, 0x00, 0x66, 0xf4, 0xff, 0xff,
  0x63, 0xfb, 0xff, 0xff, 0x8e, 0x01, 0x00, 0x00, 0x67, 0x07, 0x00, 0x00,
  0x76, 0x07, 0x00, 0x00, 0x02, 0xe2, 0xff, 0xff, 0x04, 0x00, 0x00, 0x00,
  0xd8, 0x00, 0x00, 0x00, 0x25, 0x1d, 0xe6, 0x2f, 0x38, 0x7b, 0x7f, 0x6a,
  0xbf, 0x46, 0xe3, 0x25, 0xe3, 0xbd, 0x21, 0x8e, 0x05, 0x0b, 0x7f, 0xec,
  0x26, 0x06, 0x47, 0x63, 0x81, 0xc9, 0x4b, 0x81, 0x7f, 0x10, 0x76, 0x07,
  0xa3, 0x81, 0x70, 0x72, 0xa4, 0x0a, 0x6d, 0xfe, 0x18, 0x04, 0x46, 0x38,
  0x0e, 0x7e, 0x81, 0xe1, 0x13, 0xcb, 0xdd, 0x9d, 0x61, 0xc2, 0x44, 0x4d,
  0xf7, 0x26, 0x69, 0x23, 0x47, 0x33, 0x3c, 0xaf, 0xfc, 0x45, 0x06, 0x5a,
  0xe4, 0x2b, 0xb8, 0x51, 0xa3, 0x45, 0x81, 0x6e, 0x1e, 0x3f, 0x98, 0x4f,
  0x16, 0xd7, 0xb3, 0x7f, 0x81, 0x3f, 0xd0, 0x06, 0xc6, 0x18, 0xdd, 0x5f,
  0xe7, 0xdc, 0xfc, 0x62, 0xe8, 0xed, 0xa9, 0x6f, 0xf8, 0xfe, 0x50, 0x81,
  0xc6, 0xc2, 0x2f, 0x39, 0x18, 0x68, 0xbd, 0xa9, 0x81, 0x01, 0xdc, 0x7f,
  0x81, 0x3f, 0x3d, 0x7f, 0x30, 0x9f, 0xe4, 0xf2, 0x3b, 0xc8, 0xff, 0xa9,
  0x3b, 0xfe, 0x4f, 0xde, 0xaa, 0xb4, 0xa0, 0x38, 0xc3, 0x7a, 0xfa, 0x0c,
  0xca, 0x7f, 0xcd, 0x54, 0x50, 0x05, 0xcc, 0xa8, 0xdd, 0xbb, 0x1e, 0xc2,
  0xc3, 0x8e, 0xe8, 0xc3, 0xb9, 0x42, 0xfd, 0x15, 0xd5, 0xcf, 0xb1, 0x10,
  0x24, 0x5d, 0x10, 0xb7, 0xdd, 0x81, 0x11, 0xa5, 0xc0, 0x81, 0xc5, 0x2b,
  0xe7, 0x70, 0x81, 0xbf, 0x31, 0x8e, 0x81, 0x7c, 0x9d, 0x53, 0x11, 0xd4,
  0xbd, 0x47, 0x1b, 0x10, 0x0a, 0x9d, 0xa8, 0x17, 0xdc, 0xe3, 0x28, 0x10,
  0x81, 0x38, 0x87, 0x7e, 0xa6, 0x7f, 0x88, 0x7f, 0xc0, 0x7f, 0xb8, 0x2a,
  0x87, 0xa2, 0x44, 0xf3, 0xe6, 0xe2, 0xff, 0xff, 0x04, 0x00, 0x00, 0x00,
  0x60, 0x00, 0x00, 0x00, 0x00, 0x00, 0x00, 0x00, 0x00, 0x00, 0x00, 0x00,
  0x00, 0x00, 0x00, 0x00, 0x00, 0x00, 0x00, 0x00, 0x00, 0x00, 0x00, 0x00,
  0x00, 0x00, 0x00, 0x00, 0x00, 0x00, 0x00, 0x00, 0x00, 0x00, 0x00, 0x00,
  0x00, 0x00, 0x00, 0x00, 0x00, 0x00, 0x00, 0x00, 0x00, 0x00, 0x00, 0x00,
  0x00, 0x00, 0x00, 0x00, 0x00, 0x00, 0x00, 0x00, 0x00, 0x00, 0x00, 0x00,
  0x00, 0x00, 0x00, 0x00, 0x00, 0x00, 0x00, 0x00, 0x00, 0x00, 0x00, 0x00,
  0x00, 0x00, 0x00, 0x00, 0x00, 0x00, 0x00, 0x00, 0x00, 0x00, 0x00, 0x00,
  0x00, 0x00, 0x00, 0x00, 0x00, 0x00, 0x00, 0x00, 0x00, 0x00, 0x00, 0x00,
  0x00, 0x00, 0x00, 0x00, 0x52, 0xe3, 0xff, 0xff, 0x04, 0x00, 0x00, 0x00,
  0x00, 0x03, 0x00, 0x00, 0x60, 0x05, 0x45, 0x2c, 0xf0, 0xce, 0x1e, 0x4d,
  0x0d, 0x7d, 0xf8, 0x51, 0x12, 0xdf, 0xe9, 0x7f, 0xe8, 0xfe, 0xe8, 0xc3,
  0x9b, 0x14, 0x60, 0xac, 0xa9, 0x16, 0x2e, 0x08, 0xf3, 0x2a, 0xee, 0xcb,
  0x32, 0xe9, 0x22, 0xfd, 0xbe, 0x11, 0xc7, 0xaa, 0x45, 0x25, 0xe2, 0xf3,
  0x7f, 0xe5, 0xb2, 0x24, 0x63, 0x7c, 0xca, 0xa7, 0x8c, 0x69, 0x56, 0x7f,
  0x98, 0x35, 0xdd, 0xb4, 0x8f, 0xd2, 0x2e, 0xdf, 0x0b, 0x3e, 0x2b, 0xe5,
  0x9a, 0x1f, 0x9f, 0x54, 0xc4, 0x25, 0x23, 0xe6, 0x4a, 0x4b, 0xfb, 0xfc,
  0xf8, 0x0d, 0x69, 0x55, 0xf9, 0xc0, 0xc3, 0x20, 0x4c, 0xab, 0xfc, 0x25,
  0xfa, 0x41, 0x7f, 0x30, 0x0d, 0x39, 0x52, 0x25, 0xd0, 0xed, 0xd7, 0x01,
  0xf8, 0x17, 0x2d, 0xc3, 0x36, 0x30, 0x0d, 0x1a, 0xe8, 0x27, 0xab, 0xf2,
  0x7f, 0x29, 0x20, 0xe3, 0x9a, 0x2c, 0xe2, 0xe7, 0xff, 0x40, 0xc6, 0x23,
  0x63, 0x2f, 0x7f, 0x51, 0xec, 0x59, 0x3b, 0xdc, 0x36, 0x0d, 0x05, 0x6a,
  0xdd, 0x49, 0xca, 0x29, 0xbc, 0xa3, 0xd9, 0xb3, 0x8f, 0x12, 0x84, 0x49,
  0x2d, 0x1d, 0x0d, 0x19, 0x02, 0x50, 0x9f, 0xb8, 0x81, 0x2a, 0x0f, 0x00,
  0xae, 0xdd, 0x3f, 0xc2, 0x8e, 0x57, 0x97, 0x15, 0xed, 0xbc, 0xbb, 0xd1,
  0xf2, 0xac, 0xe3, 0x2b, 0x68, 0xbb, 0x5e, 0x13, 0x9f, 0xfc, 0x75, 0x7f,
  0x0f, 0x54, 0x96, 0x67, 0x3a, 0xb3, 0x28, 0xd4, 0xd1, 0x27, 0x7f, 0xc2,
  0x59, 0xc6, 0x72, 0xe7, 0x1d, 0x3e, 0x94, 0xb4, 0x90, 0x90, 0xec, 0x2b,
  0x35, 0xff, 0x16, 0xd9, 0x89, 0x0b, 0x22, 0xbd, 0xef, 0x1c, 0x5c, 0xe2,
  0x55, 0x9e, 0x81, 0xde, 0xb2, 0x1a, 0x13, 0x27, 0xda, 0xa9, 0x36, 0xef,
  0xf2, 0x1f, 0x6a, 0x01, 0x1b, 0xc5, 0x08, 0x12, 0xfc, 0xad, 0x15, 0xfd,
  0x35, 0x11, 0x27, 0xdd, 0xdd, 0xc6, 0xaf, 0x03, 0x81, 0x20, 0xbe, 0x0d,
  0x4c, 0x4c, 0xe3, 0xed, 0x20, 0x69, 0x3a, 0xba, 0x92, 0x59, 0xed, 0xeb,
  0xfa, 0xdb, 0x7a, 0xef, 0x00, 0x3b, 0x38, 0x81, 0x2d, 0x43, 0xd3, 0x46,
  0xc4, 0xe0, 0x40, 0x55, 0xe4, 0x9a, 0x8d, 0xcc, 0x4a, 0x07, 0x13, 0xfc,
  0x7f, 0xe2, 0x2b, 0xdc, 0x2f, 0x3d, 0x72, 0xc5, 0xf4, 0xd7, 0x07, 0x03,
  0xdb, 0xc1, 0xd5, 0x01, 0x56, 0x7b, 0x81, 0xcd, 0xc5, 0x9a, 0x91, 0x3f,
  0x01, 0x25, 0x6b, 0xbb, 0xd0, 0x9a, 0x72, 0xcc, 0xd7, 0x46, 0xd0, 0x78,
  0xfb, 0xc3, 0x73, 0x7e, 0xcd, 0x1c, 0xc5, 0x51, 0xf4, 0x58, 0x52, 0xee,
  0x0b, 0x06, 0xd5, 0x9e, 0x92, 0x7e, 0x81, 0x87, 0x18, 0xb9, 0xdd, 0xf7,
  0xa9, 0xb2, 0xfb, 0x93, 0xfb, 0xd7, 0x81, 0x36, 0x6f, 0x21, 0x19, 0x98,
  0x07, 0xba, 0xc1, 0xfe, 0x49, 0xb1, 0x59, 0x3d, 0x69, 0xc7, 0xbc, 0x30,
  0x18, 0xac, 0xff, 0xf4, 0x17, 0xe3, 0xf5, 0xc3, 0xd0, 0xe3, 0x88, 0xe6,
  0x95, 0x14, 0x59, 0x44, 0x04, 0xf1, 0x1f, 0x7f, 0xbc, 0xf1, 0x17, 0x15,
  0xc9, 0xaa, 0x30, 0x2b, 0x90, 0x3c, 0x3a, 0x8e, 0xe9, 0x29, 0xff, 0x09,
  0xbf, 0xec, 0xf0, 0x74, 0x81, 0xd7, 0xd4, 0x1c, 0xb4, 0x19, 0xe8, 0xac,
  0x34, 0x56, 0x5c, 0x3f, 0xdc, 0xea, 0xcd, 0xd7, 0xf2, 0xcc, 0xbb, 0xb1,
  0xfd, 0x81, 0xf5, 0xf0, 0x1a, 0x4e, 0x0d, 0xf3, 0xfd, 0xea, 0xbe, 0xd7,
  0xe7, 0xce, 0xb2, 0x0d, 0x3d, 0x79, 0xb0, 0x33, 0x1b, 0xe0, 0xf7, 0xe9,
  0xae, 0x26, 0x7f, 0xd0, 0xfd, 0x2b, 0xf9, 0xf0, 0xa4, 0xc9, 0x32, 0xff,
  0xd6, 0xab, 0x53, 0x0f, 0xea, 0x30, 0x16, 0x31, 0x2d, 0x9e, 0xae, 0x43,
  0xc9, 0x0f, 0x7f, 0xf4, 0x0a, 0xfc, 0x9c, 0xa4, 0x31, 0x6a, 0x5f, 0x2e,
  0x30, 0x07, 0x39, 0xd2, 0x23, 0x30, 0x3e, 0x39, 0x61, 0xf8, 0xc5, 0x04,
  0x53, 0x4d, 0x50, 0xf8, 0x47, 0xaf, 0xea, 0xc5, 0x7e, 0xf5, 0xc3, 0x23,
  0x4f, 0xe9, 0x7f, 0x00, 0x02, 0x97, 0x2d, 0xcc, 0xf4, 0xe9, 0x0a, 0xe7,
  0x60, 0x29, 0x7a, 0x89, 0xa7, 0xd9, 0x6c, 0xf2, 0xfc, 0xc4, 0xf2, 0x45,
  0x47, 0x81, 0x28, 0x2b, 0xc0, 0xf3, 0x50, 0xdb, 0x9b, 0x26, 0x12, 0xea,
  0x0a, 0x09, 0xda, 0x20, 0x0b, 0x06, 0x98, 0xe3, 0xb5, 0x53, 0xeb, 0x81,
  0xec, 0x04, 0x2c, 0xd0, 0xca, 0xe1, 0xaa, 0x04, 0x5e, 0xf9, 0xdd, 0x2e,
  0xba, 0xb1, 0xfd, 0x15, 0x2f, 0x27, 0x9f, 0x09, 0x81, 0xd7, 0xdd, 0xd9,
  0x54, 0x13, 0xfb, 0x58, 0xf8, 0xd4, 0x5b, 0xe3, 0x3e, 0xf1, 0x51, 0xb3,
  0x35, 0x0f, 0x81, 0x5d, 0x26, 0x10, 0x08, 0x4c, 0xc8, 0xf5, 0xca, 0x36,
  0x19, 0xe8, 0x66, 0x1d, 0xee, 0x9c, 0x60, 0xb3, 0xaf, 0xfe, 0x91, 0x14,
  0x92, 0x2f, 0x66, 0x63, 0xae, 0xd7, 0x04, 0x8e, 0xc7, 0x15, 0x4d, 0xe9,
  0x0c, 0xed, 0x7f, 0xaf, 0x03, 0x15, 0xb2, 0x31, 0xd2, 0x02, 0xc5, 0x43,
  0xb8, 0xee, 0x6e, 0xd1, 0x58, 0x1d, 0x1e, 0x3f, 0x3c, 0xef, 0x3c, 0xc3,
  0x93, 0xa8, 0xe1, 0x81, 0xfd, 0xc2, 0xce, 0xbb, 0xee, 0x40, 0xbc, 0x48,
  0xe5, 0xb6, 0xf6, 0xae, 0x81, 0x32, 0xae, 0x14, 0x60, 0xd4, 0xa9, 0x10,
  0x22, 0x01, 0x38, 0x3b, 0x7f, 0x1a, 0x3c, 0x98, 0xdd, 0xdd, 0x29, 0x40,
  0xfc, 0xbf, 0xc7, 0x4b, 0x05, 0x56, 0x2a, 0x15, 0xd8, 0xcf, 0x43, 0xd1,
  0xf5, 0xc0, 0x91, 0xf9, 0xf8, 0xa4, 0xb4, 0xd6, 0x46, 0xa8, 0x56, 0x2c,
  0x35, 0xd1, 0x61, 0x28, 0x30, 0x1c, 0x17, 0x14, 0x4c, 0x1b, 0x48, 0xb7,
  0xb8, 0xf7, 0xcb, 0x81, 0xd4, 0xe0, 0xf9, 0x33, 0x90, 0xe2, 0xa0, 0xe3,
  0xa7, 0x01, 0x28, 0x65, 0xe9, 0x06, 0x9d, 0x92, 0x98, 0x00, 0x7f, 0x27,
  0x22, 0x1b, 0xc3, 0xba, 0x5e, 0xe6, 0xff, 0xff, 0x04, 0x00, 0x00, 0x00,
  0x80, 0x00, 0x00, 0x00, 0x7e, 0x02, 0x00, 0x00, 0x3d, 0x04, 0x00, 0x00,
  0xca, 0xf9, 0xff, 0xff, 0xd9, 0xfd, 0xff, 0xff, 0xb4, 0x0a, 0x00, 0x00,
  0x35, 0xfc, 0xff, 0xff, 0x28, 0xf9, 0xff, 0xff, 0x4a, 0xf9, 0xff, 0xff,
  0x25, 0xfe, 0xff, 0xff, 0x52, 0xfe, 0xff, 0xff, 0x64, 0xf9, 0xff, 0xff,
  0x87, 0x03, 0x00, 0x00, 0x25, 0xff, 0xff, 0xff, 0xf5, 0xff, 0xff, 0xff,
  0xde, 0xfe, 0xff, 0xff, 0x2c, 0x05, 0x00, 0x00, 0xfd, 0xfc, 0xff, 0xff,
  0x62, 0xf4, 0xff, 0xff, 0xef, 0xff, 0xff, 0xff, 0x26, 0x00, 0x00, 0x00,
  0xd7, 0xfe, 0xff, 0xff, 0xeb, 0x0e, 0x00, 0x00, 0x75, 0x07, 0x00, 0x00,
  0xd3, 0xff, 0xff, 0xff, 0xe6, 0xf2, 0xff, 0xff, 0xca, 0xfc, 0xff, 0xff,
  0x4b, 0xfd, 0xff, 0xff, 0x7c, 0x09, 0x00, 0x00, 0xf7, 0xfa, 0xff, 0xff,
  0xa3, 0x02, 0x00, 0x00, 0x5a, 0xfe, 0xff, 0xff, 0x52, 0xf8, 0xff, 0xff,
  0xea, 0xe6, 0xff, 0xff, 0x04, 0x00, 0x00, 0x00, 0x20, 0x01, 0x00, 0x00,
  0x6a, 0x89, 0x00, 0xc6, 0x66, 0xd6, 0x7f, 0x5b, 0xfb, 0x38, 0x1d, 0x7f,
  0x90, 0xc1, 0x1b, 0x03, 0x7f, 0xe3, 0x28, 0x2b, 0xf0, 0xec, 0x9e, 0x7c,
  0xde, 0x6a, 0x46, 0x14, 0x48, 0x5c, 0xb6, 0xb7, 0x4d, 0x22, 0x37, 0xc6,
  0xdc, 0xbb, 0x17, 0x26, 0xfc, 0x16, 0x7f, 0x0f, 0xeb, 0x37, 0x25, 0x78,
  0x70, 0xb4, 0xdc, 0xd4, 0xcc, 0x82, 0xff, 0x29, 0x2f, 0x45, 0x7f, 0xdf,
  0x7f, 0x7f, 0x88, 0x2c, 0x34, 0xaa, 0xff, 0x81, 0xc5, 0x37, 0x07, 0x41,
  0x0a, 0x37, 0xa9, 0xd9, 0x54, 0x23, 0x53, 0xe6, 0xec, 0xed, 0xf5, 0xfc,
  0x29, 0xcb, 0xa0, 0x5c, 0x0a, 0x44, 0x44, 0xad, 0x46, 0x27, 0xc1, 0x65,
  0x5d, 0xb0, 0x0c, 0xdd, 0x7f, 0x1d, 0xc4, 0x43, 0xbe, 0x11, 0xea, 0x8d,
  0x81, 0x81, 0xa7, 0x44, 0x63, 0x58, 0x8c, 0x6d, 0xa7, 0xac, 0xac, 0x7f,
  0x81, 0x0f, 0xd3, 0xf4, 0x49, 0x61, 0x90, 0x81, 0x7f, 0xb8, 0xa5, 0xa5,
  0x1c, 0x7f, 0x33, 0x10, 0x84, 0x34, 0xec, 0x01, 0xf3, 0x93, 0x8d, 0x0f,
  0x2e, 0x3c, 0x81, 0x4b, 0xa4, 0x37, 0x96, 0x35, 0x01, 0x4f, 0x99, 0x87,
  0xfb, 0x7c, 0xd9, 0xb1, 0x37, 0x42, 0x53, 0xa5, 0xfe, 0x56, 0x3c, 0x67,
  0x43, 0x19, 0xb0, 0x85, 0x51, 0x25, 0xbf, 0x05, 0xe7, 0x3c, 0xaa, 0xdc,
  0x91, 0xed, 0x1e, 0xc4, 0x1b, 0x7f, 0xc9, 0xe1, 0x39, 0x26, 0x11, 0x51,
  0x5b, 0x3e, 0x7f, 0xfd, 0xba, 0x65, 0x55, 0x7f, 0x7f, 0x2b, 0x3c, 0x2c,
  0xba, 0x94, 0x81, 0xc6, 0xf4, 0x7f, 0x89, 0x7f, 0x7f, 0x81, 0x2d, 0x0a,
  0x0c, 0x23, 0x9d, 0x81, 0x12, 0xe8, 0x28, 0x97, 0xd5, 0x23, 0xee, 0xa7,
  0xd0, 0x14, 0xad, 0xe0, 0x6d, 0x7f, 0x1a, 0x3e, 0x18, 0xa3, 0xb8, 0xfd,
  0x02, 0xe4, 0xce, 0x1d, 0x30, 0x38, 0x60, 0xd2, 0x2a, 0x5e, 0xdb, 0xce,
  0x13, 0x74, 0x81, 0xb3, 0xc3, 0x7f, 0x60, 0xee, 0x9a, 0x52, 0xa0, 0xed,
  0x74, 0xda, 0xf1, 0xa2, 0xf6, 0x2b, 0xa4, 0x81, 0xbd, 0x1b, 0x83, 0xd3,
  0xa1, 0x06, 0x7f, 0x1f, 0xe6, 0x22, 0xf4, 0xa4, 0xfe, 0x50, 0xec, 0x06,
  0x16, 0xe8, 0xff, 0xff, 0x04, 0x00, 0x00, 0x00, 0x80, 0x00, 0x00, 0x00,
  0x00, 0x00, 0x00, 0x00, 0x00, 0x00, 0x00, 0x00, 0x00, 0x00, 0x00, 0x00,
  0x00, 0x00, 0x00, 0x00, 0x00, 0x00, 0x00, 0x00, 0x00, 0x00, 0x00, 0x00,
  0x00, 0x00, 0x00, 0x00, 0x00, 0x00, 0x00, 0x00, 0x00, 0x00, 0x00, 0x00,
  0x00, 0x00, 0x00, 0x00, 0x00, 0x00, 0x00, 0x00, 0x00, 0x00, 0x00, 0x00,
  0x00, 0x00, 0x00, 0x00, 0x00, 0x00, 0x00, 0x00, 0x00, 0x00, 0x00, 0x00,
  0x00, 0x00, 0x00, 0x00, 0x00, 0x00, 0x00, 0x00, 0x00, 0x00, 0x00, 0x00,
  0x00, 0x00, 0x00, 0x00, 0x00, 0x00, 0x00, 0x00, 0x00, 0x00, 0x00, 0x00,
  0x00, 0x00, 0x00, 0x00, 0x00, 0x00, 0x00, 0x00, 0x00, 0x00, 0x00, 0x00,
  0x00, 0x00, 0x00, 0x00, 0x00, 0x00, 0x00, 0x00, 0x00, 0x00, 0x00, 0x00,
  0x00, 0x00, 0x00, 0x00, 0x00, 0x00, 0x00, 0x00, 0x00, 0x00, 0x00, 0x00,
  0x00, 0x00, 0x00, 0x00, 0x00, 0x00, 0x00, 0x00, 0xa2, 0xe8, 0xff, 0xff,
  0x04, 0x00, 0x00, 0x00, 0x00, 0x06, 0x00, 0x00, 0x57, 0xdb, 0xaf, 0xe9,
  0xc9, 0x23, 0xbd, 0x2f, 0x19, 0x39, 0xf6, 0xa4, 0xbe, 0x9a, 0x74, 0x36,
  0x04, 0xd0, 0xcf, 0xe3, 0x10, 0xcf, 0x81, 0xa9, 0xd1, 0xb4, 0x26, 0xa7,
  0x43, 0xdf, 0x4b, 0x54, 0xe5, 0xe6, 0x54, 0x46, 0x7f, 0x3d, 0x9d, 0xd5,
  0xeb, 0x02, 0x3b, 0xa7, 0x36, 0x35, 0x07, 0x26, 0xd4, 0x48, 0x18, 0xb0,
  0xf0, 0x30, 0x4b, 0xe4, 0x3b, 0xc4, 0x58, 0xcd, 0xbe, 0x24, 0x34, 0xf6,
  0x62, 0x8b, 0x33, 0xa9, 0x5c, 0xdb, 0x28, 0x81, 0xa6, 0x71, 0xe9, 0xe5,
  0xbe, 0x8f, 0x3d, 0xb5, 0x45, 0x52, 0xd4, 0x65, 0xa3, 0xca, 0x64, 0x17,
  0x25, 0x07, 0x31, 0x28, 0x4a, 0x44, 0x58, 0x7c, 0xca, 0xad, 0x2a, 0x08,
  0xb7, 0xc9, 0x05, 0xdd, 0x51, 0x32, 0xc9, 0xca, 0xdb, 0x3a, 0x9d, 0x88,
  0xc5, 0x59, 0xc2, 0x29, 0x77, 0xfb, 0x09, 0x7f, 0x4b, 0xe2, 0x36, 0x8f,
  0x8b, 0x0f, 0x95, 0xfe, 0x21, 0x4a, 0xf5, 0x44, 0xe2, 0x07, 0x89, 0xff,
  0x58, 0xe5, 0xa8, 0x42, 0xce, 0x68, 0xaa, 0x09, 0x4e, 0x3c, 0xd5, 0xbc,
  0xe6, 0xb5, 0x32, 0x20, 0x9a, 0x5a, 0x7d, 0x81, 0xde, 0x77, 0x3f, 0xb7,
  0x75, 0x8a, 0x6b, 0xe3, 0x6e, 0x8d, 0x75, 0x8d, 0xe9, 0x47, 0x0e, 0x2c,
  0xc0, 0x3e, 0x45, 0xf9, 0x0a, 0xd4, 0x0c, 0x65, 0x98, 0x1a, 0x81, 0xd0,
  0x6d, 0x30, 0x66, 0xe7, 0xfa, 0x0a, 0x1a, 0xc0, 0x42, 0x90, 0xd5, 0xba,
  0xb5, 0xe6, 0x14, 0xc5, 0x2f, 0x3f, 0x11, 0x27, 0x46, 0x2f, 0x3e, 0x0f,
  0x36, 0xbb, 0xcd, 0x81, 0xf8, 0x59, 0xd2, 0x9d, 0xbe, 0x30, 0xb5, 0x33,
  0xd2, 0xee, 0x3b, 0x6f, 0x30, 0xf6, 0x12, 0xfc, 0x5b, 0xd6, 0x9e, 0xd6,
  0x1d, 0xea, 0x81, 0x62, 0xa8, 0xec, 0xd1, 0xfe, 0x91, 0x3e, 0x5b, 0xa6,
  0xc8, 0xa0, 0xd2, 0x50, 0xaa, 0xed, 0xe4, 0xd8, 0xb8, 0x46, 0x3b, 0xe9,
  0xcc, 0xdb, 0x2f, 0x70, 0x06, 0x76, 0xb8, 0xbe, 0x66, 0x9b, 0xbe, 0x46,
  0x8c, 0x27, 0x1f, 0xb6, 0xfa, 0x85, 0x1a, 0xda, 0x87, 0xcd, 0x91, 0x4f,
  0x7f, 0x31, 0xde, 0xa4, 0xd9, 0xbc, 0xd7, 0x09, 0xdb, 0x0d, 0xe9, 0x31,
  0x98, 0x09, 0xd8, 0xd2, 0xe9, 0xaf, 0x1a, 0xc8, 0x3e, 0x07, 0x7f, 0xdd,
  0x0b, 0x1a, 0x44, 0xa2, 0x3d, 0x40, 0xee, 0xda, 0xfd, 0xe9, 0xba, 0xc7,
  0x0b, 0xdf, 0xfc, 0x12, 0x2b, 0x31, 0x52, 0x6e, 0xf6, 0x8c, 0xb8, 0x0f,
  0xe9, 0xc4, 0x33, 0xf8, 0x43, 0xe2, 0x94, 0x1a, 0xef, 0x0d, 0xd3, 0xdc,
  0xd8, 0x6c, 0xf5, 0x13, 0xc7, 0x94, 0x7f, 0x64, 0x2c, 0x25, 0x3e, 0x5f,
  0x4d, 0x0b, 0x12, 0xee, 0x81, 0x44, 0xf1, 0x3c, 0xe6, 0x9f, 0xf9, 0x98,
  0xcc, 0xd7, 0x22, 0x72, 0x12, 0x14, 0xcb, 0x27, 0xe8, 0x0b, 0xe8, 0x97,
  0x1e, 0xaa, 0x05, 0x2b, 0x1b, 0x39, 0x37, 0x61, 0x29, 0xd8, 0x76, 0x7f,
  0xb4, 0x21, 0xd9, 0x64, 0xd4, 0x42, 0xab, 0xa6, 0x87, 0xa6, 0xd8, 0xe5,
  0x4b, 0xe7, 0x60, 0xde, 0x95, 0xd1, 0xbc, 0x19, 0xbf, 0x67, 0xcd, 0x71,
  0xa1, 0xe8, 0x05, 0xd0, 0xbc, 0x33, 0xd9, 0x12, 0xd3, 0x1e, 0x2e, 0x91,
  0xfe, 0x09, 0x35, 0x45, 0xfc, 0x69, 0xc5, 0xe6, 0xa8, 0x5e, 0x0a, 0x57,
  0x1a, 0x48, 0x0b, 0x7f, 0xb0, 0xb2, 0x63, 0x08, 0xba, 0x9d, 0x96, 0xf7,
  0x25, 0x31, 0x9f, 0x5b, 0x90, 0x85, 0x68, 0x22, 0xe8, 0x25, 0x0b, 0x70,
  0x9d, 0x67, 0x02, 0x3c, 0xca, 0x76, 0x0b, 0x05, 0x3d, 0xfe, 0x3f, 0x22,
  0x0c, 0x1f, 0x58, 0x8d, 0xbd, 0x41, 0x81, 0x26, 0xbf, 0xa8, 0x7f, 0xc4,
  0xf2, 0xd0, 0xb4, 0x23, 0xa5, 0x15, 0xc7, 0x1b, 0x3c, 0xd9, 0x51, 0xff,
  0xb7, 0x21, 0xa8, 0x02, 0xd3, 0x44, 0xfd, 0x32, 0x54, 0x0b, 0xb0, 0x40,
  0xe7, 0xcd, 0x36, 0xd2, 0xf9, 0x4c, 0x5f, 0x46, 0x4b, 0xbb, 0x81, 0x05,
  0xf4, 0x13, 0x09, 0xb8, 0x34, 0x5b, 0xd9, 0x12, 0x1e, 0xcb, 0x40, 0x28,
  0x9e, 0x0a, 0x58, 0xf1, 0xd6, 0x2a, 0x8e, 0x28, 0x21, 0xd2, 0x4e, 0xc0,
  0xb4, 0x1b, 0xe3, 0xd9, 0xea, 0xe6, 0x08, 0x81, 0x53, 0xa3, 0xfa, 0xda,
  0x69, 0x1b, 0xd0, 0xd9, 0x2c, 0xb1, 0x86, 0x5b, 0xbd, 0xe8, 0xb3, 0xb0,
  0xe5, 0x9d, 0x30, 0x71, 0xb3, 0x7c, 0x52, 0x77, 0x49, 0xf5, 0x2a, 0x31,
  0x31, 0xd7, 0x01, 0x60, 0x43, 0x93, 0x50, 0x40, 0x26, 0xd2, 0x34, 0x41,
  0x46, 0x06, 0x6d, 0x2c, 0x3d, 0xb3, 0x22, 0x17, 0xeb, 0x81, 0xbf, 0xab,
  0xf7, 0x89, 0x8f, 0xd8, 0x21, 0xf1, 0xf9, 0xf8, 0xc0, 0x3d, 0xaf, 0x16,
  0x0a, 0x1b, 0xcf, 0x1a, 0xc6, 0xdf, 0xe1, 0x46, 0x21, 0x92, 0xda, 0x96,
  0x15, 0x04, 0x22, 0xb6, 0x71, 0x43, 0x2b, 0xd7, 0xd6, 0xcc, 0x5f, 0x7f,
  0xe0, 0x5d, 0xb0, 0xca, 0x25, 0x0b, 0x00, 0x2d, 0x41, 0xc2, 0xbd, 0xb6,
  0xa9, 0x1b, 0x7f, 0x4a, 0xc2, 0xe7, 0xea, 0x96, 0x2d, 0x2f, 0x38, 0x09,
  0x4d, 0x66, 0xa0, 0xbc, 0x30, 0xdd, 0x6d, 0x01, 0x0f, 0xa8, 0x37, 0xb1,
  0xb7, 0xc4, 0xcf, 0xea, 0x9b, 0xd3, 0xd6, 0xbf, 0x4c, 0x34, 0x59, 0x01,
  0xe8, 0x1a, 0x46, 0x91, 0xe0, 0x37, 0x07, 0xab, 0x44, 0x10, 0x47, 0x1f,
  0x48, 0xcb, 0xc1, 0x7f, 0x41, 0xf9, 0x7f, 0x83, 0xf7, 0x51, 0xe5, 0x2d,
  0x31, 0xf6, 0xfb, 0x18, 0x57, 0xac, 0x73, 0xc8, 0x61, 0xd7, 0x40, 0x20,
  0x59, 0xfc, 0xf0, 0xc0, 0x9a, 0x3a, 0xeb, 0x4a, 0x27, 0xbf, 0xd6, 0x3a,
  0x0b, 0xfb, 0xbe, 0x03, 0x31, 0xba, 0x04, 0x10, 0x6c, 0x81, 0x4b, 0x15,
  0x0c, 0xe8, 0xb8, 0xf4, 0xeb, 0xbf, 0x54, 0x12, 0x10, 0x2c, 0x56, 0x02,
  0xc7, 0xf0, 0x40, 0x5e, 0x10, 0xc9, 0x11, 0x1c, 0x39, 0x1c, 0x63, 0x62,
  0xd1, 0xfc, 0x2e, 0x05, 0x8d, 0x7f, 0x22, 0x02, 0x29, 0xd4, 0xa8, 0x82,
  0x19, 0x59, 0xee, 0x22, 0x3c, 0x6b, 0xdf, 0x37, 0x51, 0xc1, 0x0d, 0xe8,
  0xf8, 0x57, 0x63, 0xe3, 0xec, 0x7f, 0xee, 0x19, 0xb9, 0xe2, 0xca, 0xd3,
  0x3c, 0x06, 0x46, 0xf8, 0xcd, 0xd9, 0x22, 0xca, 0xb7, 0xfe, 0x5e, 0xdf,
  0x0f, 0xbc, 0x63, 0x1c, 0xd5, 0xb7, 0x08, 0x36, 0x6d, 0x11, 0xf2, 0x26,
  0x8c, 0x81, 0x13, 0x4f, 0x21, 0x4a, 0xe8, 0xf9, 0x27, 0xb5, 0x37, 0xb0,
  0x46, 0xc8, 0xf4, 0x3d, 0x4a, 0x5f, 0xc8, 0x03, 0x21, 0xa8, 0xc7, 0x16,
  0x15, 0x26, 0x13, 0x96, 0xd0, 0xe0, 0x17, 0x66, 0x0a, 0x97, 0x2b, 0xd8,
  0x81, 0xc2, 0xd6, 0xd5, 0x23, 0x3e, 0x39, 0xb3, 0xe0, 0xeb, 0xf5, 0x2e,
  0xe1, 0x11, 0x2a, 0xa7, 0x31, 0x4e, 0x66, 0x1a, 0x4c, 0xa6, 0x14, 0x11,
  0xbf, 0x42, 0xeb, 0xe1, 0x81, 0xe9, 0xbb, 0x3a, 0xbf, 0xe5, 0x02, 0xb5,
  0x2b, 0xec, 0x00, 0x63, 0xe6, 0x4a, 0x1f, 0x11, 0xe1, 0xb0, 0x27, 0x39,
  0x06, 0x17, 0x44, 0xb1, 0x3f, 0xe8, 0x44, 0xf2, 0x2f, 0x3e, 0xe0, 0x2c,
  0x2f, 0x25, 0x91, 0x5d, 0x15, 0x96, 0x02, 0xef, 0x50, 0xab, 0x39, 0x53,
  0x59, 0x2e, 0x8b, 0xab, 0x81, 0x3b, 0xdf, 0xf8, 0xdb, 0xe1, 0x81, 0x18,
  0xc4, 0x0c, 0x6d, 0x5f, 0x19, 0x65, 0xf4, 0xec, 0xf5, 0xc7, 0xf5, 0xb6,
  0x21, 0xa9, 0xcc, 0xe7, 0x18, 0xba, 0x6f, 0x44, 0xe5, 0x43, 0xf0, 0x4f,
  0x7f, 0x9f, 0xbd, 0x0c, 0x64, 0xc8, 0x7b, 0x28, 0x1a, 0xd0, 0xb6, 0x40,
  0xfb, 0x04, 0x33, 0xdd, 0x97, 0x82, 0xd4, 0x28, 0xb7, 0x8d, 0x46, 0xe4,
  0xa0, 0xba, 0x49, 0xdc, 0x3d, 0xfc, 0xcd, 0xc7, 0xd5, 0xb0, 0x51, 0xac,
  0x4f, 0x25, 0x0b, 0xcd, 0xbf, 0xf1, 0xf7, 0x0c, 0x73, 0x58, 0x7f, 0x15,
  0x4d, 0x7f, 0x00, 0x66, 0x95, 0x71, 0xcc, 0x5b, 0xb1, 0x09, 0xd7, 0xa4,
  0xba, 0xb2, 0xf3, 0xca, 0x16, 0x76, 0xd6, 0xdf, 0x19, 0xbf, 0x26, 0xe3,
  0x26, 0xf5, 0x5f, 0x66, 0x33, 0xfc, 0x62, 0xf9, 0x2d, 0x40, 0x56, 0x7c,
  0xec, 0x54, 0xb2, 0xc8, 0x2d, 0xbf, 0x4b, 0x2f, 0xef, 0xcb, 0xae, 0xd4,
  0xe6, 0x0d, 0xed, 0x1d, 0x59, 0xdb, 0x1c, 0x41, 0xdb, 0x1e, 0x54, 0x81,
  0x97, 0x17, 0x79, 0xf5, 0xc7, 0xb7, 0xcb, 0x02, 0x50, 0xd2, 0x7c, 0x0b,
  0x69, 0xe0, 0x4d, 0xe2, 0x9d, 0xd7, 0xa0, 0x42, 0x19, 0x28, 0x5e, 0x8a,
  0x88, 0xdc, 0x06, 0x04, 0x7f, 0xf6, 0x5b, 0xca, 0xb5, 0xe7, 0xbb, 0xb0,
  0x5c, 0x42, 0x41, 0xc1, 0x19, 0xe2, 0x64, 0x46, 0x6e, 0xdc, 0x35, 0xc1,
  0x4b, 0x5c, 0x12, 0x0c, 0x4d, 0x4c, 0x79, 0x18, 0xe7, 0x19, 0x1d, 0xa7,
  0x30, 0x81, 0x37, 0xe9, 0xe8, 0x82, 0xe2, 0xa9, 0xff, 0xa9, 0x2d, 0x8f,
  0xe1, 0x00, 0xbe, 0x7f, 0x50, 0xef, 0xd3, 0xbd, 0x6b, 0xfb, 0x2d, 0x56,
  0xd1, 0xda, 0xbd, 0x4d, 0xda, 0xb9, 0x3b, 0x4c, 0xb9, 0xb5, 0x52, 0xfe,
  0xad, 0x17, 0x91, 0xc7, 0x55, 0x3e, 0xf3, 0xc3, 0xa7, 0x88, 0xa7, 0xf3,
  0x63, 0x4c, 0x4f, 0x48, 0x3e, 0xca, 0x81, 0xf3, 0xd6, 0x3f, 0x24, 0x49,
  0x2f, 0x2d, 0x85, 0x02, 0x21, 0x9c, 0xb5, 0x46, 0xa0, 0x16, 0xfb, 0x53,
  0x06, 0x7f, 0x29, 0xf4, 0xb2, 0xf9, 0xe5, 0xc9, 0xf0, 0x02, 0xe0, 0x1f,
  0xf7, 0x0f, 0x0c, 0xe0, 0x10, 0x01, 0xc0, 0xe9, 0x05, 0xc7, 0xd5, 0xe5,
  0x0d, 0x3c, 0xc6, 0xf5, 0x1d, 0x33, 0x2e, 0xda, 0x21, 0x50, 0x02, 0xb4,
  0x33, 0x20, 0xb7, 0x07, 0x3c, 0x50, 0x2b, 0x81, 0xa8, 0x68, 0xb0, 0xb6,
  0x96, 0xd2, 0xa8, 0xcc, 0x6b, 0x2f, 0xf1, 0x27, 0x3d, 0xca, 0xac, 0x5c,
  0xe4, 0xc8, 0x2c, 0x17, 0x08, 0x0b, 0xa0, 0x1c, 0xe4, 0xd3, 0xaf, 0xf5,
  0xe8, 0xef, 0xd9, 0x57, 0x7f, 0x44, 0x42, 0xd0, 0xac, 0x10, 0x6b, 0xbf,
  0x24, 0x1a, 0x41, 0xfd, 0xfa, 0xef, 0xbb, 0x6c, 0x11, 0xf3, 0xe5, 0x07,
  0x77, 0xd8, 0xc1, 0xcd, 0x42, 0x3e, 0x70, 0xfb, 0x2d, 0x33, 0x7f, 0x56,
  0x06, 0x00, 0xbd, 0x86, 0x5f, 0x74, 0x37, 0xdc, 0x20, 0x29, 0xf1, 0xf9,
  0xc3, 0x32, 0xf9, 0xbb, 0x4c, 0x2b, 0xcb, 0xe8, 0x89, 0xb2, 0xbd, 0x55,
  0xcf, 0xc8, 0x40, 0xe7, 0xc1, 0xba, 0x5f, 0xd0, 0x06, 0x57, 0x30, 0xdb,
  0xa8, 0xec, 0x3e, 0x39, 0x0d, 0x2b, 0xc8, 0xb4, 0xd2, 0x81, 0xed, 0x4e,
  0x72, 0x2c, 0x43, 0x0d, 0xc3, 0xc8, 0xc9, 0x75, 0xef, 0xe5, 0xd1, 0x1b,
  0x38, 0x02, 0x2f, 0x22, 0xef, 0x81, 0x45, 0x97, 0xa4, 0xe9, 0x00, 0x00,
  0x5c, 0xf0, 0x31, 0x72, 0xac, 0x4a, 0xcf, 0x14, 0x3b, 0x4f, 0x2a, 0x9d,
  0xfc, 0xab, 0xc7, 0x42, 0x74, 0x6e, 0xf2, 0xd6, 0xda, 0xd9, 0x44, 0xec,
  0x31, 0x2a, 0xd0, 0x0c, 0x7f, 0xab, 0xd5, 0xe1, 0x0e, 0x18, 0x83, 0x39,
  0xd6, 0x60, 0x2d, 0xb2, 0x45, 0x1f, 0x1a, 0x1c, 0xc8, 0xea, 0x45, 0xc6,
  0x18, 0xeb, 0xe1, 0xb0, 0xb9, 0x7f, 0x64, 0x2a, 0x00, 0x4e, 0xb4, 0x0c,
  0xc9, 0xef, 0x47, 0xa8, 0x40, 0x26, 0x17, 0xe0, 0x3b, 0x47, 0xc7, 0x2d,
  0xff, 0x4c, 0x49, 0xce, 0x25, 0x10, 0x9d, 0x23, 0x60, 0xa6, 0xee, 0x48,
  0x05, 0x00, 0xfb, 0x30, 0x36, 0xf2, 0x43, 0x0d, 0xee, 0x32, 0x62, 0x17,
  0x00, 0xfa, 0x0a, 0xa4, 0x23, 0x81, 0xca, 0xd8, 0x36, 0x28, 0x3e, 0xf8,
  0x2b, 0x25, 0xf1, 0x09, 0xe2, 0xfd, 0x16, 0xe7, 0xe8, 0x70, 0xd5, 0xd8,
  0x7f, 0x29, 0x6e, 0x45, 0xe9, 0x30, 0xad, 0x94, 0xd4, 0x90, 0xaf, 0xdb,
  0x30, 0xb1, 0x1d, 0xd9, 0x50, 0x4c, 0x77, 0xd5, 0xae, 0xee, 0xff, 0xff,
  0x04, 0x00, 0x00, 0x00, 0xc0, 0x00, 0x00, 0x00, 0x13, 0xfc, 0xff, 0xff,
  0xee, 0x09, 0x00, 0x00, 0x84, 0xf4, 0xff, 0xff, 0x3b, 0xf7, 0xff, 0xff,
  0x65, 0xf4, 0xff, 0xff, 0x18, 0xfa, 0xff, 0xff, 0x7a, 0x07, 0x00, 0x00,
  0xde, 0x02, 0x00, 0x00, 0x2f, 0x01, 0x00, 0x00, 0x74, 0x0f, 0x00, 0x00,
  0xed, 0x0b, 0x00, 0x00, 0x55, 0x00, 0x00, 0x00, 0x9f, 0xfb, 0xff, 0xff,
  0x88, 0x07, 0x00, 0x00, 0x08, 0xfb, 0xff, 0xff, 0x2b, 0x03, 0x00, 0x00,
  0x8e, 0x07, 0x00, 0x00, 0xc6, 0x0d, 0x00, 0x00, 0x23, 0x03, 0x00, 0x00,
  0x66, 0x01, 0x00, 0x00, 0xf6, 0x02, 0x00, 0x00, 0x6f, 0x0a, 0x00, 0x00,
  0xe5, 0xfb, 0xff, 0xff, 0x9f, 0x0d, 0x00, 0x00, 0x9f, 0xfc, 0xff, 0xff,
  0xc7, 0x09, 0x00, 0x00, 0xfd, 0xfb, 0xff, 0xff, 0x25, 0x05, 0x00, 0x00,
  0x7c, 0x0b, 0x00, 0x00, 0x43, 0x06, 0x00, 0x00, 0xe6, 0x03, 0x00, 0x00,
  0xc1, 0x0c, 0x00, 0x00, 0xda, 0x00, 0x00, 0x00, 0xc0, 0x01, 0x00, 0x00,
  0x79, 0xfc, 0xff, 0xff, 0x37, 0x04, 0x00, 0x00, 0x47, 0xf4, 0xff, 0xff,
  0xdb, 0x04, 0x00, 0x00, 0x8b, 0xfd, 0xff, 0xff, 0x18, 0x05, 0x00, 0x00,
  0xf5, 0x14, 0x00, 0x00, 0x68, 0xec, 0xff, 0xff, 0x32, 0x15, 0x00, 0x00,
  0x1b, 0x00, 0x00, 0x00, 0x8a, 0xf4, 0xff, 0xff, 0xd4, 0x03, 0x00, 0x00,
  0xa8, 0x09, 0x00, 0x00, 0x1e, 0x00, 0x00, 0x00, 0x7a, 0xef, 0xff, 0xff,
  0x04, 0x00, 0x00, 0x00, 0xb0, 0x01, 0x00, 0x00, 0xc8, 0x11, 0x7a, 0x7f,
  0x0a, 0x7f, 0x81, 0x3b, 0x40, 0x2d, 0x15, 0x7f, 0x14, 0x7f, 0xdc, 0x3b,
  0x64, 0xa0, 0x71, 0xd6, 0x22, 0x55, 0x39, 0x81, 0xd8, 0xdc, 0x0a, 0x30,
  0x18, 0x26, 0x8d, 0x81, 0x17, 0x54, 0x37, 0x7f, 0x7b, 0xc3, 0x6a, 0xdf,
  0xea, 0x81, 0x5a, 0x44, 0xb2, 0xfc, 0x32, 0x1e, 0x81, 0x6f, 0xfb, 0xff,
  0x97, 0xe1, 0x5c, 0x72, 0x7f, 0x58, 0x02, 0x01, 0xda, 0x19, 0xbf, 0x11,
  0x60, 0xa1, 0x1d, 0x21, 0x1d, 0x4c, 0xd1, 0xf3, 0xf1, 0xf3, 0x72, 0x81,
  0x22, 0xe0, 0x35, 0x81, 0x7f, 0x26, 0x52, 0xe0, 0x81, 0x8e, 0x50, 0x51,
  0xe0, 0xf2, 0x44, 0xa5, 0x13, 0x09, 0x0b, 0xc2, 0x07, 0xfd, 0x6a, 0x45,
  0xf0, 0x2d, 0xc3, 0x71, 0x79, 0x0a, 0x28, 0x38, 0x0f, 0x4f, 0xc7, 0x31,
  0x17, 0x56, 0x15, 0x2c, 0x7f, 0xdf, 0x5a, 0xc1, 0x11, 0x34, 0x77, 0x3f,
  0x1c, 0x07, 0xca, 0xbb, 0x36, 0x43, 0x46, 0x63, 0x48, 0x0b, 0xf0, 0x40,
  0x7f, 0xfa, 0x01, 0x8e, 0x00, 0x9c, 0x20, 0x85, 0x82, 0x3a, 0x74, 0x0f,
  0x9c, 0x15, 0xa6, 0xb5, 0x07, 0x33, 0xb9, 0xe3, 0x10, 0x27, 0x39, 0x52,
  0x6c, 0xd8, 0x2d, 0x2f, 0x1c, 0x30, 0x0f, 0x33, 0xf7, 0xf6, 0x00, 0x13,
  0x7f, 0xf8, 0x7f, 0xc0, 0x0a, 0x47, 0x6c, 0xf9, 0xee, 0xac, 0x7f, 0x62,
  0xeb, 0xbd, 0x7f, 0x9a, 0x81, 0x15, 0x70, 0x7f, 0xc0, 0x7f, 0x70, 0xb4,
  0x9a, 0xf1, 0x5d, 0x62, 0xd5, 0x65, 0x8c, 0x67, 0xa8, 0x46, 0x51, 0x43,
  0x7f, 0xc6, 0xfe, 0xaf, 0x62, 0x7f, 0xf0, 0x57, 0xc7, 0xbb, 0x90, 0xa9,
  0x7e, 0x01, 0x4c, 0x95, 0xb5, 0x40, 0x38, 0xc1, 0xd9, 0xef, 0x78, 0x43,
  0x6a, 0x23, 0xcc, 0xb5, 0xae, 0x70, 0x4b, 0x64, 0xec, 0xd8, 0x7f, 0xf7,
  0xef, 0x5a, 0xc9, 0x6d, 0xf6, 0x06, 0xb8, 0x84, 0x75, 0x00, 0x7f, 0x4e,
  0xc8, 0x23, 0xfa, 0xc4, 0x32, 0x20, 0x5b, 0x3b, 0x81, 0x5e, 0xd1, 0x0e,
  0xa7, 0xf5, 0xb5, 0xef, 0xea, 0x57, 0x06, 0x6d, 0xbf, 0xe9, 0x22, 0x7f,
  0xdd, 0x2e, 0xf2, 0x8e, 0x96, 0x81, 0x52, 0xf6, 0x27, 0x40, 0x63, 0x65,
  0x36, 0x41, 0xec, 0xfa, 0x17, 0x81, 0x8e, 0x01, 0x3d, 0x1b, 0xe5, 0xed,
  0xcf, 0x7f, 0xa8, 0xfe, 0xea, 0x14, 0x65, 0xfd, 0x8e, 0x03, 0x03, 0x50,
  0x4d, 0xe6, 0x13, 0x50, 0xf5, 0x0f, 0xee, 0x06, 0x15, 0x14, 0x17, 0x64,
  0xaa, 0x10, 0x26, 0x8b, 0x27, 0x9e, 0x4f, 0xfc, 0x0e, 0xd4, 0xa4, 0xec,
  0x7f, 0x50, 0x44, 0xf8, 0x0d, 0x11, 0x81, 0xe0, 0x7f, 0xfc, 0xd6, 0x81,
  0xd5, 0x22, 0x81, 0x11, 0x44, 0xb0, 0x7f, 0x22, 0xc3, 0x6c, 0x13, 0x3c,
  0xdc, 0x14, 0xf9, 0x52, 0xe9, 0xab, 0xd1, 0x62, 0xec, 0x5d, 0x21, 0x5e,
  0xe8, 0x2d, 0x07, 0x28, 0xc1, 0xc6, 0x1c, 0x6c, 0x42, 0xdb, 0x56, 0xf1,
  0xde, 0x10, 0x0f, 0x7f, 0xc8, 0xd9, 0x63, 0xf2, 0x37, 0xf4, 0x23, 0xc7,
  0x16, 0x35, 0xd8, 0x81, 0x37, 0xd4, 0x3d, 0x0e, 0xdd, 0x7f, 0x7f, 0x3a,
  0xcc, 0x81, 0xd6, 0x2d, 0xc1, 0x81, 0x81, 0x19, 0x14, 0x81, 0x1e, 0x6b,
  0x35, 0x0d, 0xbe, 0x7f, 0x0f, 0xe7, 0x7f, 0x2a, 0x36, 0xf1, 0xff, 0xff,
  0x04, 0x00, 0x00, 0x00, 0xc0, 0x00, 0x00, 0x00, 0x00, 0x00, 0x00, 0x00,
  0x00, 0x00, 0x00, 0x00, 0x00, 0x00, 0x00, 0x00, 0x00, 0x00, 0x00, 0x00,
  0x00, 0x00, 0x00, 0x00, 0x00, 0x00, 0x00, 0x00, 0x00, 0x00, 0x00, 0x00,
  0x00, 0x00, 0x00, 0x00, 0x00, 0x00, 0x00, 0x00, 0x00, 0x00, 0x00, 0x00,
  0x00, 0x00, 0x00, 0x00, 0x00, 0x00, 0x00, 0x00, 0x00, 0x00, 0x00, 0x00,
  0x00, 0x00, 0x00, 0x00, 0x00, 0x00, 0x00, 0x00, 0x00, 0x00, 0x00, 0x00,
  0x00, 0x00, 0x00, 0x00, 0x00, 0x00, 0x00, 0x00, 0x00, 0x00, 0x00, 0x00,
  0x00, 0x00, 0x00, 0x00, 0x00, 0x00, 0x00, 0x00, 0x00, 0x00, 0x00, 0x00,
  0x00, 0x00, 0x00, 0x00, 0x00, 0x00, 0x00, 0x00, 0x00, 0x00, 0x00, 0x00,
  0x00, 0x00, 0x00, 0x00, 0x00, 0x00, 0x00, 0x00, 0x00, 0x00, 0x00, 0x00,
  0x00, 0x00, 0x00, 0x00, 0x00, 0x00, 0x00, 0x00, 0x00, 0x00, 0x00, 0x00,
  0x00, 0x00, 0x00, 0x00, 0x00, 0x00, 0x00, 0x00, 0x00, 0x00, 0x00, 0x00,
  0x00, 0x00, 0x00, 0x00, 0x00, 0x00, 0x00, 0x00, 0x00, 0x00, 0x00, 0x00,
  0x00, 0x00, 0x00, 0x00, 0x00, 0x00, 0x00, 0x00, 0x00, 0x00, 0x00, 0x00,
  0x00, 0x00, 0x00, 0x00, 0x00, 0x00, 0x00, 0x00, 0x00, 0x00, 0x00, 0x00,
  0x00, 0x00, 0x00, 0x00, 0x00, 0x00, 0x00, 0x00, 0x00, 0x00, 0x00, 0x00,
  0x00, 0x00, 0x00, 0x00, 0x00, 0x00, 0x00, 0x00, 0x02, 0xf2, 0xff, 0xff,
  0x04, 0x00, 0x00, 0x00, 0x00, 0x0c, 0x00, 0x00, 0xf2, 0xb7, 0x07, 0x3d,
  0x56, 0x3c, 0x0f, 0x5a, 0x56, 0x23, 0x15, 0xc1, 0xc2, 0xf1, 0x91, 0xde,
  0x12, 0x3b, 0x7a, 0xd7, 0xcc, 0x2d, 0xeb, 0x78, 0x00, 0x17, 0x1c, 0x45,
  0x19, 0x0b, 0x0f, 0x40, 0x6e, 0xf1, 0x7f, 0xd3, 0xb7, 0xfe, 0xbb, 0xc6,
  0x3e, 0xf7, 0x94, 0xb0, 0xe8, 0xc9, 0x0a, 0x19, 0xf7, 0xf6, 0xd8, 0x06,
  0xae, 0x16, 0x4e, 0x37, 0x0c, 0x81, 0xc5, 0xa2, 0x21, 0x23, 0x34, 0xe3,
  0xf1, 0x2c, 0xf7, 0x32, 0xe7, 0xf4, 0xb1, 0xf0, 0x0c, 0x24, 0xd3, 0x26,
  0x84, 0xf2, 0xde, 0xca, 0x47, 0x43, 0x14, 0x0a, 0xde, 0xe9, 0x7d, 0x47,
  0xc8, 0xf5, 0xc5, 0xfb, 0x0d, 0xed, 0xd3, 0x29, 0x50, 0x05, 0xb3, 0x08,
  0xd3, 0x43, 0xf7, 0x59, 0x17, 0x7f, 0xe1, 0x04, 0x18, 0xbc, 0x0b, 0x92,
  0x2a, 0x48, 0xf1, 0xfa, 0x29, 0x32, 0x2e, 0x69, 0xf2, 0x3b, 0xd4, 0x0d,
  0xd6, 0xe5, 0xd1, 0xa6, 0x0d, 0xcf, 0x62, 0x39, 0x06, 0x0b, 0xd3, 0xda,
  0x77, 0xc9, 0xf9, 0xaa, 0x2c, 0xfc, 0xf4, 0xd0, 0x61, 0x1f, 0x19, 0x25,
  0x07, 0xfc, 0x33, 0x10, 0x3b, 0x2e, 0xfb, 0x14, 0x48, 0x2b, 0xee, 0x2a,
  0xe8, 0xed, 0x12, 0xf7, 0x0a, 0x37, 0x3c, 0xb0, 0x9c, 0x06, 0x62, 0x12,
  0xdc, 0x2d, 0x01, 0xc9, 0xc9, 0x5d, 0x0b, 0x3f, 0xea, 0x12, 0x20, 0xe5,
  0xb0, 0x7f, 0xea, 0xca, 0xff, 0x51, 0xf9, 0x5c, 0x6a, 0x10, 0xb9, 0xf9,
  0xa0, 0x0a, 0xc8, 0xd4, 0xd4, 0x0c, 0x3b, 0xd1, 0x49, 0xbd, 0x20, 0x05,
  0x14, 0xe1, 0x7f, 0xe9, 0x11, 0xec, 0xb3, 0x2b, 0xd4, 0x0e, 0x7e, 0x0b,
  0x67, 0x23, 0x5d, 0xe9, 0x40, 0xfb, 0x36, 0x3b, 0x19, 0x05, 0xe9, 0xd7,
  0x42, 0x8f, 0x3e, 0x4b, 0x17, 0xba, 0x3b, 0x12, 0xed, 0xc4, 0x34, 0xae,
  0xd3, 0xb6, 0x01, 0xc6, 0xd9, 0x24, 0x1f, 0xe3, 0x43, 0x1e, 0xdc, 0xdd,
  0x2e, 0x4e, 0x18, 0x05, 0x00, 0xff, 0x2f, 0x85, 0xfc, 0xd6, 0xde, 0xe0,
  0x7f, 0x2a, 0xac, 0x85, 0x3b, 0xf1, 0xde, 0x5a, 0x2b, 0xbb, 0xb3, 0x01,
  0xff, 0x45, 0xfe, 0x1e, 0x4c, 0x40, 0x06, 0xfc, 0x36, 0x9c, 0xa9, 0x33,
  0xe7, 0xdd, 0xde, 0x23, 0xdb, 0x04, 0xdd, 0xc5, 0xea, 0x13, 0x9f, 0x06,
  0xde, 0xea, 0xb4, 0x62, 0x09, 0xd8, 0xf7, 0x7f, 0x46, 0xe5, 0x02, 0xaa,
  0x1a, 0x10, 0x88, 0x06, 0x56, 0xa0, 0x4c, 0xee, 0xaf, 0xbd, 0xc6, 0xba,
  0x7f, 0x46, 0xbf, 0x93, 0xbd, 0xfb, 0xf7, 0xc5, 0x36, 0xa9, 0xcd, 0x28,
  0xf4, 0xe4, 0x0f, 0x62, 0x4b, 0x56, 0xe2, 0x96, 0x6a, 0x1b, 0xd2, 0xac,
  0x05, 0x34, 0xb0, 0xb3, 0xf9, 0x37, 0x04, 0x35, 0x2c, 0x21, 0x52, 0xd7,
  0x00, 0x0b, 0xf2, 0x81, 0x03, 0xd3, 0xfe, 0x57, 0xe0, 0xe1, 0x0f, 0xd5,
  0x15, 0x41, 0xcc, 0x09, 0x2f, 0xcf, 0x32, 0xc9, 0x81, 0x21, 0x05, 0xfc,
  0x4b, 0xe5, 0xd2, 0x52, 0xc4, 0x13, 0x46, 0x73, 0x18, 0xde, 0x12, 0xbf,
  0xf6, 0xe6, 0x98, 0xd1, 0x0d, 0xc5, 0x32, 0x2c, 0x45, 0xb8, 0xc1, 0xc4,
  0x48, 0x2f, 0x22, 0x2b, 0xbe, 0xa4, 0xa7, 0xff, 0x00, 0x21, 0x4e, 0xbc,
  0xca, 0x2b, 0xfa, 0xe3, 0x0e, 0xbd, 0x3b, 0x51, 0x96, 0xed, 0xd9, 0x00,
  0x29, 0xed, 0xd8, 0x6b, 0x18, 0xf4, 0xa9, 0x28, 0x0b, 0x94, 0x07, 0x2e,
  0x0f, 0xe8, 0xbf, 0x96, 0x29, 0xef, 0x23, 0xd7, 0xe9, 0x42, 0x12, 0x00,
  0x31, 0xef, 0xf0, 0xab, 0xc9, 0xe0, 0xce, 0x59, 0xc9, 0xf6, 0x93, 0x33,
  0x85, 0xd2, 0x7f, 0xea, 0x54, 0x22, 0x76, 0x10, 0xf7, 0xc2, 0x00, 0x22,
  0xf9, 0x25, 0xc1, 0x12, 0xf2, 0xd3, 0x2e, 0x1e, 0x87, 0xae, 0x0d, 0x94,
  0x6c, 0xc9, 0xde, 0xfb, 0x2f, 0x12, 0x4e, 0x4a, 0x0c, 0x9d, 0xbd, 0x9c,
  0x81, 0xfc, 0x65, 0x2c, 0x29, 0x2e, 0x34, 0x54, 0x4c, 0xc1, 0xf6, 0x9c,
  0x0e, 0xa6, 0x38, 0x68, 0xfe, 0xcc, 0xaf, 0xb4, 0x58, 0xd7, 0x43, 0xd8,
  0xc3, 0x4a, 0xc1, 0x2c, 0x06, 0x81, 0xe1, 0xa4, 0xce, 0x3d, 0x45, 0x3b,
  0xb5, 0xd0, 0x2f, 0x12, 0xd3, 0x0e, 0x81, 0xcb, 0xcf, 0x22, 0x32, 0x02,
  0x27, 0xa0, 0xdd, 0x26, 0x09, 0xbc, 0xf1, 0x2a, 0xe5, 0xa3, 0x1d, 0xf3,
  0xb7, 0xcf, 0x03, 0x0c, 0xdf, 0xc1, 0x1a, 0xf7, 0xd9, 0x1c, 0x59, 0x4f,
  0x99, 0x13, 0x5f, 0x19, 0x47, 0xf9, 0x30, 0x3b, 0x50, 0xd3, 0x06, 0x1e,
  0x3a, 0x11, 0xd8, 0xc0, 0xd0, 0x81, 0x17, 0xc7, 0x8d, 0xe2, 0x11, 0xd9,
  0xea, 0xdb, 0x1d, 0x1d, 0x75, 0x33, 0xc5, 0x13, 0x30, 0x0d, 0x0f, 0x4c,
  0x30, 0xe3, 0xcf, 0xd5, 0xdf, 0x2d, 0x10, 0xea, 0x1b, 0x2b, 0xdc, 0xd0,
  0x1f, 0xd5, 0x03, 0x2f, 0xf5, 0x1e, 0x12, 0xbf, 0x04, 0x32, 0x35, 0xf2,
  0xfd, 0xec, 0xd4, 0xd2, 0x6f, 0x32, 0x0e, 0xd4, 0x0a, 0xdb, 0x29, 0xe5,
  0x44, 0x13, 0x10, 0xfa, 0xd8, 0xf7, 0x14, 0xdd, 0x4f, 0xee, 0xcf, 0x45,
  0x0c, 0xf6, 0x7f, 0xff, 0xf6, 0xf7, 0xe2, 0xd8, 0x46, 0x40, 0x3a, 0x6f,
  0xcb, 0x3f, 0xd1, 0x22, 0x3b, 0xb1, 0x2f, 0x00, 0x53, 0x0c, 0x9f, 0xac,
  0x03, 0x30, 0x2d, 0x0e, 0xff, 0x08, 0x57, 0xf9, 0x51, 0xa3, 0xec, 0xc1,
  0x6b, 0x35, 0x81, 0x9a, 0xc8, 0xca, 0xfb, 0x3e, 0x1f, 0x32, 0x4e, 0x46,
  0xce, 0x11, 0x4c, 0x52, 0x75, 0xf8, 0x5c, 0xbf, 0x03, 0xe1, 0x07, 0x42,
  0xe0, 0x0e, 0x2c, 0xfe, 0x2c, 0x9e, 0x22, 0xb5, 0x0e, 0xf0, 0x1a, 0x26,
  0x4c, 0x23, 0x15, 0xcd, 0x06, 0xbc, 0x03, 0xc5, 0x0c, 0x26, 0x27, 0x14,
  0xa7, 0x40, 0xc0, 0x39, 0xe2, 0x48, 0xf6, 0x04, 0x2f, 0xb1, 0x4a, 0x27,
  0x1a, 0x6a, 0xfa, 0xb1, 0x81, 0x45, 0x48, 0x2b, 0x42, 0xd1, 0x21, 0x62,
  0xbc, 0xed, 0xc0, 0x35, 0xe9, 0xe5, 0x3d, 0xd4, 0x52, 0x78, 0x84, 0xbf,
  0x1f, 0xea, 0xc6, 0x22, 0x3d, 0xbd, 0x3c, 0xff, 0x33, 0x9a, 0xb4, 0x1a,
  0xcb, 0xcc, 0x81, 0x2a, 0xa0, 0x71, 0x08, 0xec, 0x04, 0x25, 0xe6, 0x29,
  0x43, 0x05, 0xd8, 0x2c, 0x05, 0x51, 0xc2, 0x19, 0x08, 0xd9, 0x31, 0xc1,
  0x81, 0x3f, 0x5a, 0x0e, 0xec, 0xc9, 0xee, 0xd9, 0xd9, 0x35, 0xfe, 0x2f,
  0x75, 0xf2, 0x10, 0x1a, 0xe4, 0xe5, 0xcb, 0xf1, 0x88, 0xc9, 0x26, 0x15,
  0x28, 0x4f, 0x52, 0x34, 0xd7, 0x35, 0xe8, 0x5f, 0xd0, 0x09, 0x13, 0xa9,
  0x32, 0xea, 0xb2, 0x6d, 0xd5, 0x8b, 0xdf, 0xee, 0x65, 0x47, 0xef, 0xb1,
  0xed, 0xfa, 0xb3, 0xb2, 0xf0, 0xdb, 0x35, 0x11, 0xab, 0x13, 0x66, 0x83,
  0x4c, 0xce, 0x0a, 0x43, 0xd3, 0xf1, 0xfd, 0x11, 0x19, 0x62, 0x2d, 0x58,
  0xc7, 0x7f, 0x12, 0x4c, 0x17, 0x12, 0x03, 0x9e, 0x24, 0x2b, 0x4a, 0xa5,
  0xc4, 0xe2, 0x00, 0x5d, 0x39, 0x12, 0xbc, 0x1c, 0x20, 0x62, 0x70, 0xd1,
  0x4f, 0xbb, 0xea, 0xed, 0xd0, 0x14, 0x0a, 0x59, 0xf9, 0xab, 0x23, 0x4b,
  0x39, 0x15, 0x32, 0x5d, 0x14, 0x22, 0x59, 0xf5, 0xe3, 0xa5, 0x3b, 0x00,
  0x1c, 0xcd, 0xc4, 0xa3, 0x4f, 0xde, 0x3c, 0x2d, 0xe0, 0x64, 0xac, 0x9f,
  0xe1, 0xe8, 0x81, 0xd8, 0x8e, 0x59, 0x92, 0x10, 0x5d, 0x2e, 0x32, 0x09,
  0x22, 0xb6, 0x35, 0x00, 0x46, 0xab, 0xdb, 0xcc, 0x2e, 0xc8, 0xef, 0x2c,
  0x13, 0x0a, 0x54, 0x0a, 0x3f, 0x30, 0x4c, 0x25, 0xdc, 0x1a, 0x38, 0x22,
  0x53, 0x7f, 0xb6, 0xb6, 0x56, 0x0b, 0x0b, 0xff, 0xc9, 0xc8, 0x0f, 0xc0,
  0xab, 0x33, 0x39, 0xc9, 0x2d, 0x13, 0x0d, 0x3f, 0xc1, 0x2a, 0x0f, 0x17,
  0x0f, 0x53, 0x25, 0x0e, 0x02, 0x21, 0xcd, 0xf3, 0xf7, 0xeb, 0x0e, 0xc9,
  0x40, 0xaf, 0xb9, 0xe0, 0x42, 0xf3, 0xd3, 0x2b, 0x3a, 0xe5, 0x41, 0xa5,
  0x1f, 0xe0, 0x19, 0x37, 0x7f, 0xc8, 0x18, 0x48, 0x1a, 0x40, 0x6b, 0x91,
  0x0d, 0xc2, 0xd1, 0x44, 0xc7, 0xd2, 0x42, 0x55, 0xa2, 0xcc, 0xda, 0xce,
  0x30, 0x7a, 0x35, 0xb0, 0xff, 0x46, 0xb0, 0xd9, 0x0c, 0x81, 0xd0, 0xf6,
  0xb1, 0x01, 0x89, 0x1a, 0xf8, 0xf0, 0xdb, 0x0a, 0x3b, 0xa7, 0x21, 0xee,
  0x27, 0xbd, 0xe7, 0xef, 0x10, 0x9f, 0xfa, 0xef, 0x8e, 0x31, 0x2f, 0xde,
  0xdc, 0xf6, 0x2c, 0x28, 0x26, 0xd5, 0x28, 0x3f, 0xab, 0x24, 0xf5, 0x3c,
  0x0d, 0x51, 0x07, 0x17, 0x22, 0xd6, 0x25, 0x31, 0x6f, 0xbd, 0xfe, 0xb6,
  0x01, 0x4d, 0x27, 0x2a, 0xc7, 0xee, 0x77, 0x93, 0xfd, 0xcb, 0xc3, 0xb0,
  0x69, 0x66, 0xe1, 0xba, 0xe4, 0xb4, 0x04, 0x53, 0x34, 0xdd, 0xe8, 0x36,
  0x0b, 0x0b, 0x7f, 0x3a, 0x40, 0x33, 0x3d, 0x4a, 0xfa, 0xbb, 0xb6, 0x65,
  0xe9, 0x4f, 0xec, 0x52, 0xfb, 0xeb, 0x2b, 0x31, 0xb6, 0x68, 0xbc, 0xa2,
  0xfd, 0xcc, 0x1c, 0xfb, 0x2a, 0xe4, 0xd3, 0xed, 0xc0, 0x1e, 0xf7, 0x18,
  0xd1, 0xdd, 0x4a, 0x20, 0xf6, 0xf0, 0xf0, 0xf9, 0x5f, 0xf5, 0xcf, 0xab,
  0x71, 0xad, 0x81, 0x3b, 0x1a, 0x1e, 0xf2, 0x29, 0xeb, 0x92, 0x11, 0x47,
  0x38, 0xf9, 0xa8, 0x79, 0x64, 0xfe, 0xba, 0xbf, 0xf5, 0x07, 0x90, 0x99,
  0x65, 0x19, 0xd9, 0x81, 0xf2, 0xde, 0x04, 0xc8, 0x37, 0xea, 0xae, 0xbc,
  0x97, 0x94, 0x5f, 0x2d, 0xec, 0x64, 0x5d, 0xab, 0x07, 0x14, 0xd6, 0xde,
  0xd5, 0x59, 0xbe, 0xdf, 0x05, 0xa6, 0xd6, 0xad, 0xf2, 0x39, 0xea, 0x2e,
  0x48, 0x26, 0x46, 0xc9, 0xb0, 0xf6, 0xb8, 0x34, 0x03, 0x95, 0xc9, 0x08,
  0x26, 0x58, 0xa4, 0xd6, 0x2b, 0x9e, 0x21, 0x1e, 0x7f, 0xa2, 0x31, 0x0b,
  0x05, 0x48, 0x13, 0xff, 0x29, 0xdf, 0x26, 0x4c, 0x48, 0xe0, 0x49, 0xa9,
  0xf8, 0x01, 0x97, 0x4f, 0x48, 0xf9, 0x20, 0x2e, 0x68, 0x21, 0x55, 0xb8,
  0x09, 0x45, 0xe2, 0x11, 0xf8, 0xe1, 0xd4, 0x2f, 0x4f, 0x24, 0xa7, 0x25,
  0xac, 0xb5, 0xd4, 0x34, 0x81, 0xbe, 0x88, 0xb5, 0x49, 0x69, 0x03, 0x1f,
  0xac, 0xab, 0x2d, 0x65, 0xbf, 0x3a, 0x15, 0x07, 0x11, 0xab, 0x3d, 0x68,
  0xcc, 0xf3, 0x3c, 0xf7, 0x18, 0xcc, 0xdd, 0xb6, 0x83, 0x07, 0xde, 0x03,
  0xdc, 0xf6, 0x67, 0xe7, 0xbe, 0x57, 0x12, 0x3a, 0x13, 0x4e, 0x02, 0x69,
  0x50, 0x27, 0x34, 0x56, 0xcb, 0xdb, 0x52, 0xb3, 0x0c, 0x81, 0xd1, 0xa2,
  0xe1, 0x28, 0x52, 0xb6, 0x4f, 0xcf, 0xb2, 0x1c, 0xd4, 0x31, 0xdc, 0xd1,
  0xe3, 0xff, 0xd3, 0xb2, 0x2f, 0x9e, 0x1b, 0xa0, 0x04, 0x19, 0x56, 0xf6,
  0xcf, 0xfa, 0x2a, 0xfd, 0x17, 0x81, 0xc6, 0x22, 0x22, 0x26, 0xd6, 0x41,
  0x16, 0xf8, 0xfb, 0x22, 0x19, 0x91, 0x0a, 0xd2, 0xc6, 0xef, 0xe8, 0x2a,
  0x15, 0x1c, 0xf9, 0xef, 0x1a, 0x10, 0x30, 0x18, 0xea, 0xce, 0x18, 0x1e,
  0x36, 0x2e, 0x05, 0x06, 0x04, 0xfa, 0xd6, 0xd1, 0xa3, 0xc2, 0x4c, 0x81,
  0xdc, 0xb0, 0xc8, 0xa9, 0x52, 0x0b, 0x6a, 0xbe, 0xcc, 0xfa, 0x63, 0xd8,
  0xcd, 0xbe, 0xef, 0x19, 0xf4, 0xf9, 0x4b, 0xfc, 0x2c, 0xba, 0x9a, 0xcf,
  0x3c, 0x19, 0x10, 0x11, 0xbf, 0x09, 0xf5, 0x13, 0x24, 0xec, 0x41, 0x70,
  0x0d, 0x1b, 0x4b, 0x18, 0x24, 0x46, 0xe7, 0x31, 0x0b, 0x4b, 0x45, 0xf9,
  0x58, 0xfa, 0x55, 0x81, 0x32, 0xad, 0x08, 0xd5, 0x93, 0x1e, 0xc1, 0xd9,
  0xfa, 0xcd, 0xf7, 0xdd, 0x06, 0xfa, 0x4c, 0xd5, 0x3d, 0x55, 0xc4, 0x34,
  0x9e, 0xec, 0xc9, 0x09, 0xb3, 0xde, 0x9e, 0xe1, 0x06, 0x8d, 0xbf, 0x5e,
  0x3b, 0x5a, 0x4c, 0x4b, 0xa8, 0x40, 0x03, 0x20, 0xca, 0xd7, 0x4c, 0x4d,
  0xc7, 0xe2, 0x5e, 0x50, 0xdb, 0xff, 0xa2, 0x4f, 0x23, 0x81, 0x04, 0xcc,
  0xda, 0xab, 0xb9, 0xfd, 0x3c, 0x9a, 0x04, 0x3a, 0x4a, 0x90, 0x0f, 0x45,
  0x35, 0x5c, 0xf8, 0xea, 0x14, 0xad, 0x5a, 0x20, 0xc6, 0xa2, 0xd4, 0x17,
  0xde, 0xf2, 0x81, 0x24, 0x9d, 0x5a, 0x47, 0xe3, 0xc9, 0xa2, 0xbb, 0xde,
  0x49, 0x77, 0xeb, 0x14, 0xe4, 0x08, 0x07, 0xec, 0xe2, 0xde, 0xbd, 0x82,
  0xa9, 0xee, 0xd2, 0xb7, 0x38, 0xff, 0x66, 0x31, 0xc9, 0x81, 0x04, 0x2e,
  0xba, 0xd1, 0x67, 0x35, 0xd4, 0xc6, 0xdc, 0x8b, 0xeb, 0x30, 0x46, 0x94,
  0xee, 0x2a, 0xf6, 0x2b, 0x38, 0xd6, 0x2d, 0x75, 0xac, 0x0f, 0x3e, 0xee,
  0xb3, 0x2c, 0x81, 0xa1, 0x14, 0xfc, 0x57, 0xc7, 0xd1, 0xb4, 0x2a, 0x68,
  0xb6, 0xb4, 0xe8, 0x49, 0x14, 0x7e, 0xbb, 0xd4, 0x7b, 0x53, 0xad, 0x53,
  0xb8, 0xeb, 0xa6, 0xb5, 0xf3, 0xa6, 0x26, 0x77, 0xae, 0x22, 0x49, 0x57,
  0xae, 0xc9, 0x3e, 0xfd, 0x08, 0xc5, 0x11, 0x08, 0xad, 0x36, 0xbc, 0xee,
  0xe0, 0x3b, 0xcd, 0x2b, 0x00, 0xe5, 0xee, 0xe8, 0xea, 0x2d, 0x04, 0xd5,
  0xc3, 0x7f, 0xc0, 0x01, 0xe5, 0x1d, 0xc5, 0x30, 0x27, 0x34, 0x14, 0x55,
  0xe9, 0x35, 0x18, 0x1a, 0x0f, 0xa1, 0xa6, 0xc8, 0x24, 0x02, 0x3d, 0x27,
  0x21, 0x16, 0x2e, 0x2a, 0x1b, 0x3a, 0xe4, 0x1c, 0x20, 0xce, 0xa9, 0xc1,
  0x07, 0xb7, 0x3b, 0xba, 0x4d, 0x1e, 0xcf, 0xb0, 0x29, 0x0f, 0xe8, 0xdd,
  0xd7, 0xf7, 0xed, 0xd1, 0x1c, 0x16, 0x07, 0xee, 0xe8, 0xd9, 0xe5, 0xa6,
  0x01, 0x1e, 0xbf, 0x92, 0x08, 0xf8, 0x06, 0x14, 0x07, 0x01, 0xe6, 0xfa,
  0x81, 0x19, 0x59, 0xec, 0x05, 0xe6, 0xf2, 0xfd, 0x9d, 0x1d, 0x1e, 0x20,
  0xac, 0xdf, 0x9f, 0xc3, 0xb9, 0x06, 0xc6, 0xfa, 0x0d, 0xdf, 0x06, 0xd4,
  0x39, 0x2f, 0x25, 0x13, 0x36, 0xab, 0xf9, 0xc9, 0xe2, 0xad, 0xc9, 0xb5,
  0xd4, 0xb8, 0xa8, 0x45, 0xd9, 0xfe, 0x2f, 0x0b, 0x3b, 0x37, 0x39, 0x81,
  0x1d, 0xf6, 0x33, 0xd4, 0x3b, 0x53, 0x26, 0xdf, 0x46, 0x9e, 0xda, 0x47,
  0x42, 0x00, 0xc6, 0x59, 0x15, 0xd8, 0x23, 0x3c, 0xd6, 0x73, 0xe2, 0x0c,
  0xc8, 0xdc, 0x01, 0xbd, 0x3c, 0xac, 0xa2, 0xc1, 0x81, 0xc1, 0x34, 0xb8,
  0x61, 0x3d, 0xfd, 0x37, 0x76, 0xd7, 0x5b, 0x2d, 0x54, 0xe7, 0xd4, 0xdc,
  0xe5, 0x24, 0x8f, 0xae, 0xf9, 0xf5, 0x25, 0x04, 0x9a, 0xeb, 0x5a, 0xe2,
  0x03, 0xaa, 0xce, 0xe5, 0x34, 0x3f, 0x0b, 0x6b, 0xa1, 0x48, 0xc2, 0x67,
  0xdc, 0xeb, 0xaa, 0xe9, 0xe1, 0x35, 0xfa, 0x82, 0xaa, 0xdd, 0xad, 0x50,
  0x91, 0x14, 0xc5, 0x1d, 0xbd, 0x8d, 0xea, 0x3c, 0x0e, 0xdc, 0xce, 0x22,
  0x36, 0xc6, 0x5a, 0x7f, 0xf3, 0xc3, 0x4c, 0xd1, 0xf0, 0x08, 0x1d, 0xed,
  0xff, 0x31, 0xe3, 0x07, 0x00, 0x81, 0xef, 0xf3, 0xbf, 0xf2, 0x2d, 0xf8,
  0x25, 0xb6, 0x55, 0x20, 0x10, 0x14, 0x47, 0x45, 0x35, 0xb5, 0xee, 0x29,
  0xcc, 0xd3, 0x32, 0xe0, 0xdf, 0x19, 0x5a, 0xe5, 0x53, 0xfe, 0xd8, 0xac,
  0x37, 0x21, 0x1d, 0x3e, 0xed, 0xe9, 0xcd, 0xcb, 0xf1, 0x06, 0x05, 0xa2,
  0xc6, 0x0f, 0x67, 0xf9, 0x4c, 0x3e, 0x3e, 0x0a, 0xb4, 0x32, 0x50, 0x5c,
  0x26, 0x10, 0x23, 0xd7, 0xda, 0x39, 0xee, 0xf2, 0x1d, 0xba, 0x81, 0x01,
  0x17, 0x0d, 0xe7, 0xdc, 0x18, 0xb1, 0x95, 0xd6, 0xbc, 0xcb, 0x00, 0x52,
  0x9e, 0x3b, 0x24, 0x5c, 0x39, 0x24, 0x2a, 0x69, 0x0b, 0x8f, 0x14, 0xec,
  0x1a, 0xe9, 0xb1, 0x2a, 0xb2, 0xea, 0xf1, 0x5e, 0x0b, 0xab, 0x65, 0x81,
  0x2f, 0xfb, 0xe5, 0xde, 0x45, 0x3c, 0x43, 0xe7, 0x6c, 0x95, 0x25, 0x15,
  0xab, 0xf4, 0xef, 0x30, 0xfd, 0xd0, 0x3e, 0xcd, 0x5a, 0xf6, 0x63, 0xb7,
  0x04, 0xbf, 0xc7, 0x54, 0x5d, 0x62, 0x46, 0xfc, 0x04, 0x1d, 0xb2, 0x0c,
  0xda, 0xb9, 0xe5, 0x0f, 0x7d, 0xcf, 0x36, 0xc3, 0xef, 0x3c, 0x81, 0xdc,
  0xc1, 0xcf, 0xf4, 0x1b, 0x2a, 0xf6, 0x32, 0x36, 0xd9, 0x13, 0x05, 0xb2,
  0xe5, 0x04, 0xd7, 0xdc, 0xef, 0xee, 0xc7, 0xce, 0xff, 0xf4, 0xaf, 0x19,
  0xa5, 0xe3, 0xfd, 0xf3, 0x3d, 0x15, 0xa6, 0xdb, 0x36, 0x32, 0xca, 0xdd,
  0xb2, 0xbf, 0xd8, 0x03, 0x9e, 0x94, 0xc0, 0x4f, 0xd2, 0x25, 0xe0, 0xc4,
  0x12, 0x48, 0x5c, 0xf5, 0xb2, 0xd6, 0xc6, 0x1c, 0x1e, 0xda, 0x04, 0x00,
  0x9f, 0xd1, 0x52, 0x10, 0x7f, 0xf9, 0x5a, 0x60, 0x1e, 0xef, 0x34, 0xcb,
  0xc8, 0xd8, 0x25, 0x22, 0xc9, 0x25, 0xb9, 0x4f, 0xad, 0x22, 0xd8, 0x03,
  0xc0, 0x0e, 0x2e, 0x46, 0xd3, 0xff, 0x01, 0xd3, 0xd3, 0xf8, 0x1d, 0xe1,
  0x08, 0xfb, 0xa8, 0x23, 0x47, 0x1f, 0x41, 0xa8, 0xf9, 0x50, 0xe6, 0x11,
  0x54, 0xda, 0xcc, 0x81, 0x17, 0x18, 0xf4, 0x06, 0x13, 0x24, 0xcf, 0xb9,
  0x1b, 0xca, 0x73, 0xe2, 0x47, 0xdf, 0x6d, 0x02, 0xc0, 0xb8, 0x21, 0x19,
  0xbf, 0x39, 0xec, 0x6d, 0x7f, 0xf3, 0xfb, 0xfc, 0x6d, 0x26, 0xab, 0xe3,
  0xeb, 0xf5, 0x7d, 0xd4, 0x64, 0xfc, 0xe5, 0x40, 0x2b, 0x1b, 0xc6, 0x08,
  0x6d, 0x49, 0xc1, 0xf3, 0x85, 0xd1, 0xe3, 0x90, 0x20, 0x0c, 0x0a, 0xd2,
  0x44, 0x8e, 0x1d, 0xd9, 0x06, 0x96, 0xd8, 0x82, 0xc2, 0x3e, 0xbe, 0x51,
  0xfa, 0xc3, 0xfa, 0xac, 0x47, 0x1c, 0x3b, 0x26, 0x2f, 0x65, 0xe9, 0x14,
  0xce, 0xea, 0xcc, 0x02, 0xde, 0x35, 0xa1, 0x7f, 0xcf, 0xc6, 0x51, 0xf5,
  0xce, 0xc4, 0x15, 0x33, 0x27, 0x30, 0x63, 0x30, 0xee, 0x1e, 0xf3, 0x11,
  0x19, 0x57, 0xa1, 0xc6, 0x37, 0x8d, 0x0a, 0xd2, 0x12, 0x62, 0xe3, 0x08,
  0xce, 0x02, 0xde, 0x31, 0xdd, 0x11, 0x3c, 0x40, 0x37, 0x0b, 0xfb, 0xce,
  0x49, 0x2e, 0xbf, 0x97, 0xfb, 0xbe, 0x4f, 0xa0, 0x81, 0x00, 0xd9, 0x10,
  0xbc, 0xde, 0x1c, 0x2f, 0x1e, 0x35, 0x49, 0xbe, 0x3d, 0xf2, 0x3e, 0x0d,
  0xe8, 0xb0, 0xe7, 0xbb, 0xfa, 0x38, 0x03, 0x2c, 0x7f, 0xe2, 0x25, 0x08,
  0x21, 0x26, 0x3a, 0x58, 0x40, 0x0b, 0xcd, 0x0f, 0xd6, 0xfa, 0xf0, 0xe8,
  0xd4, 0xc6, 0x10, 0x82, 0x30, 0x44, 0x1e, 0x25, 0x17, 0xc5, 0xbf, 0x36,
  0xec, 0x14, 0xb6, 0xb6, 0x38, 0x1c, 0x56, 0x2c, 0x3b, 0xe5, 0x19, 0xdf,
  0x5a, 0x5f, 0x05, 0xa0, 0x20, 0xa3, 0x14, 0xb3, 0x40, 0xc2, 0xd7, 0x07,
  0xcd, 0xfa, 0x46, 0xa6, 0xe8, 0x11, 0x4d, 0xb6, 0x4c, 0x51, 0xc3, 0xdc,
  0x1a, 0x41, 0x2a, 0xad, 0x07, 0x1d, 0x4c, 0xfc, 0x20, 0xb1, 0x1f, 0xa8,
  0x5a, 0x21, 0x0b, 0xc0, 0xe2, 0xf4, 0x27, 0x15, 0xe3, 0xc2, 0xfa, 0x39,
  0xf5, 0xfe, 0x7f, 0x09, 0x14, 0x14, 0x5d, 0x23, 0x89, 0xc5, 0x28, 0x65,
  0x3e, 0xfc, 0x07, 0x1e, 0x10, 0x36, 0x3d, 0x71, 0xc8, 0x3f, 0xd2, 0x30,
  0x18, 0x5f, 0x53, 0x54, 0x27, 0x15, 0xd4, 0x26, 0xd5, 0x38, 0x0c, 0xd3,
  0x5c, 0xd2, 0xfd, 0x7f, 0x91, 0xb9, 0x48, 0x2a, 0x49, 0x0c, 0xe3, 0x52,
  0x50, 0xb8, 0x84, 0xbe, 0x22, 0x0b, 0x44, 0x18, 0xb5, 0x40, 0xfa, 0x55,
  0x0e, 0x3f, 0x2f, 0x51, 0x58, 0x41, 0xfd, 0xda, 0x69, 0x39, 0x11, 0x08,
  0xe6, 0x2f, 0x60, 0xcf, 0x16, 0xcb, 0x2a, 0xfc, 0x03, 0xeb, 0xd9, 0xe5,
  0xf8, 0xe9, 0x11, 0x41, 0x81, 0x0c, 0x4b, 0x44, 0xf7, 0xf8, 0x0f, 0x1a,
  0xe9, 0xd8, 0x4d, 0x23, 0xc3, 0x05, 0x23, 0xc6, 0x15, 0xf4, 0x25, 0xf6,
  0x15, 0xbc, 0x4e, 0x02, 0x29, 0x38, 0xd4, 0xe7, 0xed, 0x04, 0x3a, 0xc1,
  0xfd, 0xdf, 0x19, 0xbd, 0xe6, 0x48, 0x18, 0x81, 0xd1, 0xd4, 0xe2, 0x9a,
  0xc9, 0x2e, 0xfc, 0xc0, 0xb2, 0xa7, 0xed, 0x48, 0xf4, 0x1a, 0xc1, 0x48,
  0xdb, 0x3c, 0x27, 0x22, 0x08, 0x24, 0x1c, 0x30, 0x26, 0xdc, 0xdb, 0xbc,
  0xe0, 0xe2, 0xca, 0xd7, 0xc9, 0x42, 0xbd, 0xcb, 0x99, 0x1a, 0x3d, 0xed,
  0x55, 0x3e, 0x2f, 0x28, 0xed, 0x13, 0x32, 0x7f, 0x14, 0xee, 0x05, 0x10,
  0x04, 0x9a, 0x31, 0x2f, 0xe5, 0x3f, 0x33, 0x26, 0x22, 0xe0, 0xc7, 0xc3,
  0x5e, 0xe9, 0xdf, 0xf5, 0x98, 0xda, 0x07, 0xb5, 0xdc, 0x24, 0xb5, 0x3a,
  0xe3, 0xce, 0xfe, 0xec, 0x37, 0xdf, 0x3f, 0x4c, 0xfe, 0xde, 0x5d, 0xc2,
  0xa6, 0xa3, 0x86, 0x13, 0x1f, 0x85, 0x4d, 0x60, 0x07, 0xe3, 0xbf, 0x7f,
  0x25, 0xdc, 0xc6, 0x22, 0xcc, 0x08, 0xc3, 0x08, 0x55, 0xdf, 0x15, 0x5a,
  0x22, 0xfb, 0xf7, 0xfe, 0x52, 0xd7, 0x04, 0x5d, 0xda, 0xd5, 0x06, 0xca,
  0x58, 0x09, 0xba, 0xfd, 0x6f, 0x6f, 0xb1, 0x53, 0x09, 0x25, 0xc8, 0xd4,
  0xf4, 0x7f, 0xd0, 0x03, 0x79, 0x17, 0xe0, 0x11, 0x0e, 0xe4, 0x38, 0x46,
  0x12, 0xb1, 0x0f, 0xb3, 0x0a, 0x04, 0xfa, 0x4b, 0x0a, 0x2f, 0xdc, 0x4a,
  0x03, 0x21, 0xcc, 0xf5, 0x6a, 0xb2, 0x61, 0xa9, 0x29, 0xc0, 0xb4, 0xa0,
  0xc5, 0xec, 0x03, 0xd8, 0x52, 0xb1, 0xf7, 0xcd, 0xfa, 0xdb, 0x07, 0xd3,
  0xb9, 0xbf, 0xf3, 0x25, 0x69, 0x45, 0xd0, 0x31, 0x15, 0xb7, 0xc7, 0x1e,
  0x9b, 0x36, 0x4f, 0xe2, 0x52, 0xb2, 0xbc, 0x0b, 0x39, 0x17, 0x7e, 0xbb,
  0x58, 0xd6, 0x81, 0x1a, 0xc3, 0xdf, 0x2f, 0x76, 0x26, 0x3b, 0x28, 0xf0,
  0xc3, 0xdc, 0x0c, 0xb2, 0x34, 0x3b, 0x40, 0xbf, 0x12, 0x25, 0xc5, 0x34,
  0xe4, 0x7f, 0x24, 0x41, 0xe4, 0x04, 0xb8, 0xf8, 0xe4, 0x27, 0x25, 0x1c,
  0x2e, 0xed, 0xc5, 0x20, 0xcc, 0xc0, 0xef, 0xc1, 0xc5, 0xee, 0x9b, 0x33,
  0x02, 0x02, 0x61, 0x01, 0x18, 0xed, 0xa7, 0xc7, 0xe4, 0x2a, 0xc1, 0xc4,
  0x33, 0x14, 0xbb, 0x3d, 0x5f, 0xce, 0xb6, 0x00, 0x3e, 0xe4, 0xda, 0x90,
  0xd6, 0xdf, 0x7f, 0x2c, 0x49, 0x47, 0xfe, 0x19, 0x1d, 0x19, 0xc5, 0x31,
  0xf7, 0xce, 0xfb, 0xb6, 0xc3, 0xef, 0xf3, 0x32, 0xf8, 0x07, 0xd0, 0x03,
  0xec, 0xbc, 0x00, 0xba, 0xf1, 0x3e, 0x2b, 0xc9, 0x1a, 0xeb, 0xdf, 0x2b,
  0xdd, 0xb5, 0xaf, 0x6a, 0x71, 0x05, 0x0a, 0x02, 0xc7, 0x1d, 0xb9, 0xd6,
  0xcc, 0x27, 0x5b, 0xf9, 0xd0, 0x49, 0xed, 0x06, 0x1f, 0xdc, 0xaa, 0xd6,
  0x05, 0xa3, 0x2e, 0x52, 0x06, 0xb8, 0x4f, 0x38, 0xbf, 0x43, 0x32, 0x15,
  0x4c, 0xe8, 0x81, 0xa1, 0xf1, 0x84, 0xa1, 0x93, 0xfb, 0xb5, 0x42, 0x4a,
  0x33, 0x63, 0x6c, 0x4c, 0x40, 0x09, 0x9e, 0xc0, 0x8b, 0xb0, 0x13, 0x4b,
  0x6e, 0x5a, 0xcb, 0xa9, 0xa9, 0x87, 0xb5, 0xaa, 0xd6, 0x7f, 0xf1, 0xe2,
  0x55, 0x36, 0x06, 0x06, 0x2c, 0x07, 0x55, 0x43, 0xcd, 0x92, 0x5b, 0xe6,
  0xb8, 0xe3, 0xe7, 0x44, 0xa9, 0xd9, 0xaf, 0x9f, 0xdf, 0x37, 0xc7, 0x05,
  0xc3, 0x54, 0xea, 0x56, 0x9e, 0x81, 0xc9, 0x14, 0xec, 0x19, 0x94, 0xe7,
  0x2e, 0x0a, 0x5c, 0xfe, 0xd3, 0xd9, 0xa8, 0x1e, 0xbb, 0x4f, 0xe7, 0xd2,
  0x20, 0xdd, 0x16, 0x36, 0x19, 0xd7, 0xf9, 0x23, 0xd9, 0xb4, 0x09, 0xf7,
  0xf5, 0xa2, 0x1b, 0x12, 0xd4, 0xc8, 0xe6, 0x18, 0xa6, 0xff, 0x4e, 0x91,
  0x51, 0xea, 0x28, 0xba, 0x51, 0x31, 0xdf, 0xbc, 0x2b, 0x48, 0xf7, 0x68,
  0xea, 0x10, 0xe9, 0x62, 0xce, 0xca, 0x97, 0x81, 0x1e, 0x15, 0x08, 0x42,
  0x55, 0xdd, 0xe0, 0x38, 0x09, 0x4f, 0xf7, 0x9f, 0x57, 0x10, 0xce, 0xd4,
  0xcc, 0xf7, 0x41, 0xd3, 0xef, 0x09, 0xd4, 0x86, 0x0e, 0xfe, 0xff, 0xff,
  0x04, 0x00, 0x00, 0x00, 0x00, 0x01, 0x00, 0x00, 0x7c, 0x01, 0x00, 0x00,
  0x40, 0xf8, 0xff, 0xff, 0xa0, 0xfb, 0xff, 0xff, 0xe2, 0xed, 0xff, 0xff,
  0x9e, 0x00, 0x00, 0x00, 0x5a, 0x03, 0x00, 0x00, 0xfd, 0x0d, 0x00, 0x00,
  0x55, 0xf9, 0xff, 0xff, 0x4c, 0x03, 0x00, 0x00, 0xc7, 0xf4, 0xff, 0xff,
  0x0e, 0x09, 0x00, 0x00, 0x22, 0xff, 0xff, 0xff, 0x87, 0xf0, 0xff, 0xff,
  0x28, 0xf6, 0xff, 0xff, 0x27, 0xf4, 0xff, 0xff, 0x4f, 0xf0, 0xff, 0xff,
  0x91, 0x01, 0x00, 0x00, 0xa1, 0xff, 0xff, 0xff, 0xe4, 0x1a, 0x00, 0x00,
  0xa3, 0x0a, 0x00, 0x00, 0x3c, 0xf4, 0xff, 0xff, 0xe5, 0xf3, 0xff, 0xff,
  0xf4, 0x0b, 0x00, 0x00, 0xd8, 0xf5, 0xff, 0xff, 0x7c, 0x07, 0x00, 0x00,
  0xbf, 0x04, 0x00, 0x00, 0x8d, 0x10, 0x00, 0x00, 0x7d, 0x06, 0x00, 0x00,
  0xdf, 0xff, 0xff, 0xff, 0x69, 0xf6, 0xff, 0xff, 0xf7, 0xfc, 0xff, 0xff,
  0xb8, 0x05, 0x00, 0x00, 0xb6, 0x03, 0x00, 0x00, 0x86, 0x0c, 0x00, 0x00,
  0x50, 0xf7, 0xff, 0xff, 0xd7, 0x04, 0x00, 0x00, 0x26, 0x01, 0x00, 0x00,
  0xf2, 0x03, 0x00, 0x00, 0xb0, 0xfe, 0xff, 0xff, 0x50, 0xf9, 0xff, 0xff,
  0xd8, 0x07, 0x00, 0x00, 0xb1, 0xfd, 0xff, 0xff, 0xf9, 0x0f, 0x00, 0x00,
  0xb3, 0x09, 0x00, 0x00, 0x9d, 0x08, 0x00, 0x00, 0x05, 0xf1, 0xff, 0xff,
  0x89, 0xf4, 0xff, 0xff, 0x52, 0xfb, 0xff, 0xff, 0x31, 0xf0, 0xff, 0xff,
  0xcd, 0xf5, 0xff, 0xff, 0x46, 0xf1, 0xff, 0xff, 0x38, 0xef, 0xff, 0xff,
  0x1f, 0xe7, 0xff, 0xff, 0x84, 0x00, 0x00, 0x00, 0x47, 0x04, 0x00, 0x00,
  0x77, 0x03, 0x00, 0x00, 0xfb, 0xf6, 0xff, 0xff, 0xa8, 0x09, 0x00, 0x00,
  0x05, 0x0b, 0x00, 0x00, 0xa4, 0xfd, 0xff, 0xff, 0xa9, 0x01, 0x00, 0x00,
  0x18, 0xf2, 0xff, 0xff, 0x87, 0xfa, 0xff, 0xff, 0x9e, 0x06, 0x00, 0x00,
  0x1a, 0xff, 0xff, 0xff, 0x04, 0x00, 0x00, 0x00, 0xc0, 0x00, 0x00, 0x00,
  0x85, 0xf5, 0xe6, 0xe3, 0xda, 0x1d, 0xb3, 0x92, 0x56, 0x0b, 0xe1, 0xff,
  0xb8, 0x08, 0xe9, 0xc9, 0x0f, 0xca, 0x5c, 0x18, 0x85, 0xe5, 0xfb, 0xea,
  0xc2, 0x8f, 0x62, 0x6d, 0x5f, 0xa6, 0x25, 0x46, 0x22, 0x42, 0x45, 0x72,
  0x0c, 0x4b, 0x83, 0x6d, 0xf4, 0x31, 0x7f, 0xbc, 0xb6, 0xdd, 0xc2, 0x38,
  0xeb, 0xa9, 0xfb, 0xfc, 0x92, 0x33, 0xbd, 0x3f, 0x04, 0x7a, 0xc1, 0xb2,
  0xb4, 0xa6, 0xaa, 0x73, 0x04, 0xc2, 0x54, 0x39, 0x2d, 0x1c, 0xed, 0x46,
  0x0b, 0x57, 0xc3, 0xbb, 0xbc, 0x46, 0x4b, 0xda, 0x3b, 0xee, 0xb8, 0x9c,
  0x23, 0xb6, 0xdc, 0x06, 0x13, 0x27, 0x81, 0x95, 0xe4, 0x9e, 0x10, 0xc5,
  0xac, 0x05, 0xd2, 0xd1, 0x2b, 0xc1, 0xfb, 0xd1, 0xe7, 0xf6, 0x95, 0xea,
  0xd6, 0xff, 0x4a, 0x4e, 0xf0, 0x36, 0x39, 0x53, 0x37, 0x52, 0x26, 0x08,
  0x43, 0x15, 0xbd, 0x1a, 0x34, 0xaa, 0xac, 0x23, 0xeb, 0x0a, 0x1b, 0x4c,
  0x37, 0x93, 0x03, 0x9c, 0x00, 0xd2, 0x05, 0x28, 0x37, 0x92, 0xa6, 0x11,
  0x34, 0x5c, 0x51, 0x27, 0x0b, 0xec, 0x8c, 0xbe, 0x0f, 0x42, 0xfb, 0x5f,
  0x02, 0x4e, 0xd3, 0xac, 0x69, 0x10, 0xad, 0x9b, 0xb5, 0x3e, 0xec, 0x94,
  0x3b, 0xb2, 0x01, 0x9a, 0x2d, 0x94, 0xca, 0x43, 0x3f, 0x39, 0x94, 0xf8,
  0xb0, 0x81, 0x2b, 0x16, 0x93, 0x4e, 0x84, 0x08, 0xc5, 0x3d, 0x51, 0x26,
  0xe6, 0xff, 0xff, 0xff, 0x04, 0x00, 0x00, 0x00, 0x0c, 0x00, 0x00, 0x00,
  0x5b, 0x03, 0x00, 0x00, 0xe7, 0xfe, 0xff, 0xff, 0xea, 0xfd, 0xff, 0xff,
  0x00, 0x00, 0x06, 0x00, 0x08, 0x00, 0x04, 0x00, 0x06, 0x00, 0x00, 0x00,
  0x04, 0x00, 0x00, 0x00, 0x08, 0x00, 0x00, 0x00, 0x01, 0x00, 0x00, 0x00,
  0x02, 0x00, 0x00, 0x00, 0x90, 0xcf, 0xff, 0xff, 0x94, 0xcf, 0xff, 0xff,
  0x0f, 0x00, 0x00, 0x00, 0x4d, 0x4c, 0x49, 0x52, 0x20, 0x43, 0x6f, 0x6e,
  0x76, 0x65, 0x72, 0x74, 0x65, 0x64, 0x2e, 0x00, 0x01, 0x00, 0x00, 0x00,
  0x14, 0x00, 0x00, 0x00, 0x00, 0x00, 0x0e, 0x00, 0x18, 0x00, 0x14, 0x00,
  0x10, 0x00, 0x0c, 0x00, 0x08, 0x00, 0x04, 0x00, 0x0e, 0x00, 0x00, 0x00,
  0x14, 0x00, 0x00, 0x00, 0x1c, 0x00, 0x00, 0x00, 0x10, 0x03, 0x00, 0x00,
  0x14, 0x03, 0x00, 0x00, 0x18, 0x03, 0x00, 0x00, 0x04, 0x00, 0x00, 0x00,
  0x6d, 0x61, 0x69, 0x6e, 0x00, 0x00, 0x00, 0x00, 0x0b, 0x00, 0x00, 0x00,
  0xac, 0x02, 0x00, 0x00, 0x4c, 0x02, 0x00, 0x00, 0xfc, 0x01, 0x00, 0x00,
  0xb8, 0x01, 0x00, 0x00, 0x78, 0x01, 0x00, 0x00, 0x34, 0x01, 0x00, 0x00,
  0xf4, 0x00, 0x00, 0x00, 0xb0, 0x00, 0x00, 0x00, 0x70, 0x00, 0x00, 0x00,
  0x3c, 0x00, 0x00, 0x00, 0x04, 0x00, 0x00, 0x00, 0xea, 0xfd, 0xff, 0xff,
  0x14, 0x00, 0x00, 0x00, 0x00, 0x00, 0x00, 0x08, 0x10, 0x00, 0x00, 0x00,
  0x14, 0x00, 0x00, 0x00, 0x03, 0x00, 0x00, 0x00, 0x30, 0xd0, 0xff, 0xff,
  0x01, 0x00, 0x00, 0x00, 0x20, 0x00, 0x00, 0x00, 0x03, 0x00, 0x00, 0x00,
  0x1f, 0x00, 0x00, 0x00, 0x03, 0x00, 0x00, 0x00, 0x02, 0x00, 0x00, 0x00,
  0x1e, 0xfe, 0xff, 0xff, 0x14, 0x00, 0x00, 0x00, 0x00, 0x00, 0x00, 0x1b,
  0x10, 0x00, 0x00, 0x00, 0x14, 0x00, 0x00, 0x00, 0x02, 0x00, 0x00, 0x00,
  0x64, 0xd0, 0xff, 0xff, 0x01, 0x00, 0x00, 0x00, 0x1f, 0x00, 0x00, 0x00,
  0x02, 0x00, 0x00, 0x00, 0x1e, 0x00, 0x00, 0x00, 0x01, 0x00, 0x00, 0x00,
  0xf2, 0xfd, 0xff, 0xff, 0x10, 0x00, 0x00, 0x00, 0x00, 0x00, 0x00, 0x01,
  0x18, 0x00, 0x00, 0x00, 0x1c, 0x00, 0x00, 0x00, 0xe4, 0xfd, 0xff, 0xff,
  0x00, 0x00, 0x00, 0x03, 0x01, 0x00, 0x00, 0x00, 0x01, 0x00, 0x00, 0x00,
  0x01, 0x00, 0x00, 0x00, 0x1e, 0x00, 0x00, 0x00, 0x03, 0x00, 0x00, 0x00,
  0x1d, 0x00, 0x00, 0x00, 0x05, 0x00, 0x00, 0x00, 0x04, 0x00, 0x00, 0x00,
  0x8a, 0xfe, 0xff, 0xff, 0x14, 0x00, 0x00, 0x00, 0x00, 0x00, 0x00, 0x02,
  0x1c, 0x00, 0x00, 0x00, 0x20, 0x00, 0x00, 0x00, 0x01, 0x00, 0x00, 0x00,
  0x7c, 0xfe, 0xff, 0xff, 0x01, 0x00, 0x00, 0x00, 0x02, 0x00, 0x00, 0x00,
  0x02, 0x00, 0x00, 0x00, 0x01, 0x00, 0x00, 0x00, 0x1d, 0x00, 0x00, 0x00,
  0x03, 0x00, 0x00, 0x00, 0x1c, 0x00, 0x00, 0x00, 0x07, 0x00, 0x00, 0x00,
  0x06, 0x00, 0x00, 0x00, 0x6e, 0xfe, 0xff, 0xff, 0x10, 0x00, 0x00, 0x00,
  0x00, 0x00, 0x00, 0x01, 0x18, 0x00, 0x00, 0x00, 0x1c, 0x00, 0x00, 0x00,
  0x60, 0xfe, 0xff, 0xff, 0x00, 0x00, 0x00, 0x03, 0x01, 0x00, 0x00, 0x00,
  0x01, 0x00, 0x00, 0x00, 0x01, 0x00, 0x00, 0x00, 0x1c, 0x00, 0x00, 0x00,
  0x03, 0x00, 0x00, 0x00, 0x1b, 0x00, 0x00, 0x00, 0x09, 0x00, 0x00, 0x00,
  0x08, 0x00, 0x00, 0x00, 0x06, 0xff, 0xff, 0xff, 0x14, 0x00, 0x00, 0x00,
  0x00, 0x00, 0x00, 0x02, 0x1c, 0x00, 0x00, 0x00, 0x20, 0x00, 0x00, 0x00,
  0x01, 0x00, 0x00, 0x00, 0xf8, 0xfe, 0xff, 0xff, 0x01, 0x00, 0x00, 0x00,
  0x02, 0x00, 0x00, 0x00, 0x02, 0x00, 0x00, 0x00, 0x01, 0x00, 0x00, 0x00,
  0x1b, 0x00, 0x00, 0x00, 0x03, 0x00, 0x00, 0x00, 0x1a, 0x00, 0x00, 0x00,
  0x0b, 0x00, 0x00, 0x00, 0x0a, 0x00, 0x00, 0x00, 0xea, 0xfe, 0xff, 0xff,
  0x10, 0x00, 0x00, 0x00, 0x00, 0x00, 0x00, 0x01, 0x18, 0x00, 0x00, 0x00,
  0x1c, 0x00, 0x00, 0x00, 0xdc, 0xfe, 0xff, 0xff, 0x00, 0x00, 0x00, 0x03,
  0x01, 0x00, 0x00, 0x00, 0x01, 0x00, 0x00, 0x00, 0x01, 0x00, 0x00, 0x00,
  0x1a, 0x00, 0x00, 0x00, 0x03, 0x00, 0x00, 0x00, 0x19, 0x00, 0x00, 0x00,
  0x0d, 0x00, 0x00, 0x00, 0x0c, 0x00, 0x00, 0x00, 0x82, 0xff, 0xff, 0xff,
  0x14, 0x00, 0x00, 0x00, 0x00, 0x00, 0x00, 0x02, 0x1c, 0x00, 0x00, 0x00,
  0x20, 0x00, 0x00, 0x00, 0x01, 0x00, 0x00, 0x00, 0x74, 0xff, 0xff, 0xff,
  0x01, 0x00, 0x00, 0x00, 0x02, 0x00, 0x00, 0x00, 0x02, 0x00, 0x00, 0x00,
  0x01, 0x00, 0x00, 0x00, 0x19, 0x00, 0x00, 0x00, 0x03, 0x00, 0x00, 0x00,
  0x18, 0x00, 0x00, 0x00, 0x0f, 0x00, 0x00, 0x00, 0x0e, 0x00, 0x00, 0x00,
  0x66, 0xff, 0xff, 0xff, 0x10, 0x00, 0x00, 0x00, 0x00, 0x00, 0x00, 0x01,
  0x18, 0x00, 0x00, 0x00, 0x1c, 0x00, 0x00, 0x00, 0x58, 0xff, 0xff, 0xff,
  0x00, 0x00, 0x00, 0x03, 0x01, 0x00, 0x00, 0x00, 0x01, 0x00, 0x00, 0x00,
  0x01, 0x00, 0x00, 0x00, 0x18, 0x00, 0x00, 0x00, 0x03, 0x00, 0x00, 0x00,
  0x17, 0x00, 0x00, 0x00, 0x11, 0x00, 0x00, 0x00, 0x10, 0x00, 0x00, 0x00,
  0x00, 0x00, 0x0e, 0x00, 0x18, 0x00, 0x14, 0x00, 0x10, 0x00, 0x0c, 0x00,
  0x0b, 0x00, 0x04, 0x00, 0x0e, 0x00, 0x00, 0x00, 0x20, 0x00, 0x00, 0x00,
  0x00, 0x00, 0x00, 0x02, 0x28, 0x00, 0x00, 0x00, 0x2c, 0x00, 0x00, 0x00,
  0x01, 0x00, 0x00, 0x00, 0x0c, 0x00, 0x10, 0x00, 0x00, 0x00, 0x0c, 0x00,
  0x08, 0x00, 0x04, 0x00, 0x0c, 0x00, 0x00, 0x00, 0x01, 0x00, 0x00, 0x00,
  0x02, 0x00, 0x00, 0x00, 0x02, 0x00, 0x00, 0x00, 0x01, 0x00, 0x00, 0x00,
  0x17, 0x00, 0x00, 0x00, 0x03, 0x00, 0x00, 0x00, 0x16, 0x00, 0x00, 0x00,
  0x13, 0x00, 0x00, 0x00, 0x12, 0x00, 0x00, 0x00, 0x00, 0x00, 0x0e, 0x00,
  0x14, 0x00, 0x00, 0x00, 0x10, 0x00, 0x0c, 0x00, 0x0b, 0x00, 0x04, 0x00,
  0x0e, 0x00, 0x00, 0x00, 0x1c, 0x00, 0x00, 0x00, 0x00, 0x00, 0x00, 0x01,
  0x24, 0x00, 0x00, 0x00, 0x28, 0x00, 0x00, 0x00, 0x0c, 0x00, 0x10, 0x00,
  0x00, 0x00, 0x0c, 0x00, 0x08, 0x00, 0x07, 0x00, 0x0c, 0x00, 0x00, 0x00,
  0x00, 0x00, 0x00, 0x03, 0x02, 0x00, 0x00, 0x00, 0x02, 0x00, 0x00, 0x00,
  0x01, 0x00, 0x00, 0x00, 0x16, 0x00, 0x00, 0x00, 0x03, 0x00, 0x00, 0x00,
  0x00, 0x00, 0x00, 0x00, 0x15, 0x00, 0x00, 0x00, 0x14, 0x00, 0x00, 0x00,
  0x01, 0x00, 0x00, 0x00, 0x20, 0x00, 0x00, 0x00, 0x01, 0x00, 0x00, 0x00,
  0x00, 0x00, 0x00, 0x00, 0x21, 0x00, 0x00, 0x00, 0x48, 0x2d, 0x00, 0x00,
  0xec, 0x2c, 0x00, 0x00, 0x5c, 0x2c, 0x00, 0x00, 0xe0, 0x2b, 0x00, 0x00,
  0x8c, 0x28, 0x00, 0x00, 0x28, 0x25, 0x00, 0x00, 0x94, 0x22, 0x00, 0x00,
  0xd8, 0x1f, 0x00, 0x00, 0x44, 0x1d, 0x00, 0x00, 0xa0, 0x1a, 0x00, 0x00,
  0xcc, 0x18, 0x00, 0x00, 0xe4, 0x16, 0x00, 0x00, 0x0c, 0x15, 0x00, 0x00,
  0x28, 0x13, 0x00, 0x00, 0xb4, 0x11, 0x00, 0x00, 0x2c, 0x10, 0x00, 0x00,
  0xb4, 0x0e, 0x00, 0x00, 0x30, 0x0d, 0x00, 0x00, 0x4c, 0x0c, 0x00, 0x00,
  0x54, 0x0b, 0x00, 0x00, 0x6c, 0x0a, 0x00, 0x00, 0x78, 0x09, 0x00, 0x00,
  0x54, 0x08, 0x00, 0x00, 0xb0, 0x07, 0x00, 0x00, 0x84, 0x06, 0x00, 0x00,
  0xe0, 0x05, 0x00, 0x00, 0xb4, 0x04, 0x00, 0x00, 0x10, 0x04, 0x00, 0x00,
  0xe4, 0x02, 0x00, 0x00, 0x40, 0x02, 0x00, 0x00, 0x14, 0x01, 0x00, 0x00,
  0x80, 0x00, 0x00, 0x00, 0x04, 0x00, 0x00, 0x00, 0x52, 0xd3, 0xff, 0xff,
  0x00, 0x00, 0x00, 0x01, 0x18, 0x00, 0x00, 0x00, 0x20, 0x00, 0x00, 0x00,
  0x3c, 0x00, 0x00, 0x00, 0x21, 0x00, 0x00, 0x00, 0x00, 0x00, 0x00, 0x09,
  0x50, 0x00, 0x00, 0x00, 0x02, 0x00, 0x00, 0x00, 0xff, 0xff, 0xff, 0xff,
  0x03, 0x00, 0x00, 0x00, 0x34, 0xd3, 0xff, 0xff, 0x08, 0x00, 0x00, 0x00,
  0x10, 0x00, 0x00, 0x00, 0x01, 0x00, 0x00, 0x00, 0x13, 0x00, 0x00, 0x00,
  0x00, 0x00, 0x00, 0x00, 0x01, 0x00, 0x00, 0x00, 0x5f, 0x2c, 0x1d, 0x3d,
  0x1b, 0x00, 0x00, 0x00, 0x53, 0x74, 0x61, 0x74, 0x65, 0x66, 0x75, 0x6c,
  0x50, 0x61, 0x72, 0x74, 0x69, 0x74, 0x69, 0x6f, 0x6e, 0x65, 0x64, 0x43,
  0x61, 0x6c, 0x6c, 0x5f, 0x31, 0x3a, 0x30, 0x00, 0x02, 0x00, 0x00, 0x00,
  0x01, 0x00, 0x00, 0x00, 0x03, 0x00, 0x00, 0x00, 0xca, 0xd3, 0xff, 0xff,
  0x00, 0x00, 0x00, 0x01, 0x18, 0x00, 0x00, 0x00, 0x20, 0x00, 0x00, 0x00,
  0x3c, 0x00, 0x00, 0x00, 0x20, 0x00, 0x00, 0x00, 0x00, 0x00, 0x00, 0x09,
  0x68, 0x00, 0x00, 0x00, 0x02, 0x00, 0x00, 0x00, 0xff, 0xff, 0xff, 0xff,
  0x40, 0x00, 0x00, 0x00, 0xac, 0xd3, 0xff, 0xff, 0x08, 0x00, 0x00, 0x00,
  0x10, 0x00, 0x00, 0x00, 0x01, 0x00, 0x00, 0x00, 0x80, 0xff, 0xff, 0xff,
  0xff, 0xff, 0xff, 0xff, 0x01, 0x00, 0x00, 0x00, 0x16, 0xd2, 0x3a, 0x3c,
  0x31, 0x00, 0x00, 0x00, 0x74, 0x69, 0x6e, 0x79, 0x63, 0x6e, 0x6e, 0x5f,
  0x76, 0x32, 0x5f, 0x33, 0x63, 0x6c, 0x61, 0x73, 0x73, 0x5f, 0x31, 0x2f,
  0x67, 0x6c, 0x6f, 0x62, 0x61, 0x6c, 0x5f, 0x61, 0x76, 0x65, 0x72, 0x61,
  0x67, 0x65, 0x5f, 0x70, 0x6f, 0x6f, 0x6c, 0x69, 0x6e, 0x67, 0x5f, 0x31,
  0x2f, 0x4d, 0x65, 0x61, 0x6e, 0x00, 0x00, 0x00, 0x02, 0x00, 0x00, 0x00,
  0x01, 0x00, 0x00, 0x00, 0x40, 0x00, 0x00, 0x00, 0x5a, 0xd4, 0xff, 0xff,
  0x00, 0x00, 0x00, 0x01, 0x18, 0x00, 0x00, 0x00, 0x28, 0x00, 0x00, 0x00,
  0x44, 0x00, 0x00, 0x00, 0x1f, 0x00, 0x00, 0x00, 0x00, 0x00, 0x00, 0x09,
  0xf8, 0x00, 0x00, 0x00, 0x04, 0x00, 0x00, 0x00, 0xff, 0xff, 0xff, 0xff,
  0x03, 0x00, 0x00, 0x00, 0x03, 0x00, 0x00, 0x00, 0x40, 0x00, 0x00, 0x00,
  0x44, 0xd4, 0xff, 0xff, 0x08, 0x00, 0x00, 0x00, 0x10, 0x00, 0x00, 0x00,
  0x01, 0x00, 0x00, 0x00, 0x80, 0xff, 0xff, 0xff, 0xff, 0xff, 0xff, 0xff,
  0x01, 0x00, 0x00, 0x00, 0xc1, 0xc0, 0xc0, 0x3c, 0xb9, 0x00, 0x00, 0x00,
  0x74, 0x69, 0x6e, 0x79, 0x63, 0x6e, 0x6e, 0x5f, 0x76, 0x32, 0x5f, 0x33,
  0x63, 0x6c, 0x61, 0x73, 0x73, 0x5f, 0x31, 0x2f, 0x62, 0x6c, 0x6f, 0x63,
  0x6b, 0x34, 0x5f, 0x72, 0x65, 0x6c, 0x75, 0x36, 0x5f, 0x31, 0x2f, 0x52,
  0x65, 0x6c, 0x75, 0x36, 0x3b, 0x74, 0x69, 0x6e, 0x79, 0x63, 0x6e, 0x6e,
  0x5f, 0x76, 0x32, 0x5f, 0x33, 0x63, 0x6c, 0x61, 0x73, 0x73, 0x5f, 0x31,
  0x2f, 0x62, 0x6c, 0x6f, 0x63, 0x6b, 0x34, 0x5f, 0x62, 0x6e, 0x5f, 0x31,
  0x2f, 0x62, 0x61, 0x74, 0x63, 0x68, 0x6e, 0x6f, 0x72, 0x6d, 0x2f, 0x61,
  0x64, 0x64, 0x5f, 0x31, 0x3b, 0x74, 0x69, 0x6e, 0x79, 0x63, 0x6e, 0x6e,
  0x5f, 0x76, 0x32, 0x5f, 0x33, 0x63, 0x6c, 0x61, 0x73, 0x73, 0x5f, 0x31,
  0x2f, 0x62, 0x6c, 0x6f, 0x63, 0x6b, 0x34, 0x5f, 0x70, 0x6f, 0x69, 0x6e,
  0x74, 0x77, 0x69, 0x73, 0x65, 0x5f, 0x31, 0x2f, 0x63, 0x6f, 0x6e, 0x76,
  0x6f, 0x6c, 0x75, 0x74, 0x69, 0x6f, 0x6e, 0x3b, 0x74, 0x69, 0x6e, 0x79,
  0x63, 0x6e, 0x6e, 0x5f, 0x76, 0x32, 0x5f, 0x33, 0x63, 0x6c, 0x61, 0x73,
  0x73, 0x5f, 0x31, 0x2f, 0x62, 0x6c, 0x6f, 0x63, 0x6b, 0x34, 0x5f, 0x62,
  0x6e, 0x5f, 0x31, 0x2f, 0x62, 0x61, 0x74, 0x63, 0x68, 0x6e, 0x6f, 0x72,
  0x6d, 0x2f, 0x73, 0x75, 0x62, 0x00, 0x00, 0x00, 0x04, 0x00, 0x00, 0x00,
  0x01, 0x00, 0x00, 0x00, 0x03, 0x00, 0x00, 0x00, 0x03, 0x00, 0x00, 0x00,
  0x40, 0x00, 0x00, 0x00, 0x82, 0xd5, 0xff, 0xff, 0x00, 0x00, 0x00, 0x01,
  0x18, 0x00, 0x00, 0x00, 0x28, 0x00, 0x00, 0x00, 0x44, 0x00, 0x00, 0x00,
  0x1e, 0x00, 0x00, 0x00, 0x00, 0x00, 0x00, 0x09, 0x70, 0x00, 0x00, 0x00,
  0x04, 0x00, 0x00, 0x00, 0xff, 0xff, 0xff, 0xff, 0x03, 0x00, 0x00, 0x00,
  0x03, 0x00, 0x00, 0x00, 0x30, 0x00, 0x00, 0x00, 0x6c, 0xd5, 0xff, 0xff,
  0x08, 0x00, 0x00, 0x00, 0x10, 0x00, 0x00, 0x00, 0x01, 0x00, 0x00, 0x00,
  0xfe, 0xff, 0xff, 0xff, 0xff, 0xff, 0xff, 0xff, 0x01, 0x00, 0x00, 0x00,
  0x08, 0x58, 0x80, 0x3c, 0x30, 0x00, 0x00, 0x00, 0x74, 0x69, 0x6e, 0x79,
  0x63, 0x6e, 0x6e, 0x5f, 0x76, 0x32, 0x5f, 0x33, 0x63, 0x6c, 0x61, 0x73,
  0x73, 0x5f, 0x31, 0x2f, 0x62, 0x6c, 0x6f, 0x63, 0x6b, 0x34, 0x5f, 0x64,
  0x65, 0x70, 0x74, 0x68, 0x77, 0x69, 0x73, 0x65, 0x5f, 0x31, 0x2f, 0x64,
  0x65, 0x70, 0x74, 0x68, 0x77, 0x69, 0x73, 0x65, 0x00, 0x00, 0x00, 0x00,
  0x04, 0x00, 0x00, 0x00, 0x01, 0x00, 0x00, 0x00, 0x03, 0x00, 0x00, 0x00,
  0x03, 0x00, 0x00, 0x00, 0x30, 0x00, 0x00, 0x00, 0x22, 0xd6, 0xff, 0xff,
  0x00, 0x00, 0x00, 0x01, 0x18, 0x00, 0x00, 0x00, 0x28, 0x00, 0x00, 0x00,
  0x44, 0x00, 0x00, 0x00, 0x1d, 0x00, 0x00, 0x00, 0x00, 0x00, 0x00, 0x09,
  0xf8, 0x00, 0x00, 0x00, 0x04, 0x00, 0x00, 0x00, 0xff, 0xff, 0xff, 0xff,
  0x06, 0x00, 0x00, 0x00, 0x06, 0x00, 0x00, 0x00, 0x30, 0x00, 0x00, 0x00,
  0x0c, 0xd6, 0xff, 0xff, 0x08, 0x00, 0x00, 0x00, 0x10, 0x00, 0x00, 0x00,
  0x01, 0x00, 0x00, 0x00, 0x80, 0xff, 0xff, 0xff, 0xff, 0xff, 0xff, 0xff,
  0x01, 0x00, 0x00, 0x00, 0xc1, 0xc0, 0xc0, 0x3c, 0xb9, 0x00, 0x00, 0x00,
  0x74, 0x69, 0x6e, 0x79, 0x63, 0x6e, 0x6e, 0x5f, 0x76, 0x32, 0x5f, 0x33,
  0x63, 0x6c, 0x61, 0x73, 0x73, 0x5f, 0x31, 0x2f, 0x62, 0x6c, 0x6f, 0x63,
  0x6b, 0x33, 0x5f, 0x72, 0x65, 0x6c, 0x75, 0x36, 0x5f, 0x31, 0x2f, 0x52,
  0x65, 0x6c, 0x75, 0x36, 0x3b, 0x74, 0x69, 0x6e, 0x79, 0x63, 0x6e, 0x6e,
  0x5f, 0x76, 0x32, 0x5f, 0x33, 0x63, 0x6c, 0x61, 0x73, 0x73, 0x5f, 0x31,
  0x2f, 0x62, 0x6c, 0x6f, 0x63, 0x6b, 0x33, 0x5f, 0x62, 0x6e, 0x5f, 0x31,
  0x2f, 0x62, 0x61, 0x74, 0x63, 0x68, 0x6e, 0x6f, 0x72, 0x6d, 0x2f, 0x61,
  0x64, 0x64, 0x5f, 0x31, 0x3b, 0x74, 0x69, 0x6e, 0x79, 0x63, 0x6e, 0x6e,
  0x5f, 0x76, 0x32, 0x5f, 0x33, 0x63, 0x6c, 0x61, 0x73, 0x73, 0x5f, 0x31,
  0x2f, 0x62, 0x6c, 0x6f, 0x63, 0x6b, 0x33, 0x5f, 0x70, 0x6f, 0x69, 0x6e,
  0x74, 0x77, 0x69, 0x73, 0x65, 0x5f, 0x31, 0x2f, 0x63, 0x6f, 0x6e, 0x76,
  0x6f, 0x6c, 0x75, 0x74, 0x69, 0x6f, 0x6e, 0x3b, 0x74, 0x69, 0x6e, 0x79,
  0x63, 0x6e, 0x6e, 0x5f, 0x76, 0x32, 0x5f, 0x33, 0x63, 0x6c, 0x61, 0x73,
  0x73, 0x5f, 0x31, 0x2f, 0x62, 0x6c, 0x6f, 0x63, 0x6b, 0x33, 0x5f, 0x62,
  0x6e, 0x5f, 0x31, 0x2f, 0x62, 0x61, 0x74, 0x63, 0x68, 0x6e, 0x6f, 0x72,
  0x6d, 0x2f, 0x73, 0x75, 0x62, 0x00, 0x00, 0x00, 0x04, 0x00, 0x00, 0x00,
  0x01, 0x00, 0x00, 0x00, 0x06, 0x00, 0x00, 0x00, 0x06, 0x00, 0x00, 0x00,
  0x30, 0x00, 0x00, 0x00, 0x4a, 0xd7, 0xff, 0xff, 0x00, 0x00, 0x00, 0x01,
  0x18, 0x00, 0x00, 0x00, 0x28, 0x00, 0x00, 0x00, 0x44, 0x00, 0x00, 0x00,
  0x1c, 0x00, 0x00, 0x00, 0x00, 0x00, 0x00, 0x09, 0x70, 0x00, 0x00, 0x00,
  0x04, 0x00, 0x00, 0x00, 0xff, 0xff, 0xff, 0xff, 0x06, 0x00, 0x00, 0x00,
  0x06, 0x00, 0x00, 0x00, 0x20, 0x00, 0x00, 0x00, 0x34, 0xd7, 0xff, 0xff,
  0x08, 0x00, 0x00, 0x00, 0x10, 0x00, 0x00, 0x00, 0x01, 0x00, 0x00, 0x00,
  0xf9, 0xff, 0xff, 0xff, 0xff, 0xff, 0xff, 0xff, 0x01, 0x00, 0x00, 0x00,
  0x4b, 0xea, 0xe7, 0x3c, 0x30, 0x00, 0x00, 0x00, 0x74, 0x69, 0x6e, 0x79,
  0x63, 0x6e, 0x6e, 0x5f, 0x76, 0x32, 0x5f, 0x33, 0x63, 0x6c, 0x61, 0x73,
  0x73, 0x5f, 0x31, 0x2f, 0x62, 0x6c, 0x6f, 0x63, 0x6b, 0x33, 0x5f, 0x64,
  0x65, 0x70, 0x74, 0x68, 0x77, 0x69, 0x73, 0x65, 0x5f, 0x31, 0x2f, 0x64,
  0x65, 0x70, 0x74, 0x68, 0x77, 0x69, 0x73, 0x65, 0x00, 0x00, 0x00, 0x00,
  0x04, 0x00, 0x00, 0x00, 0x01, 0x00, 0x00, 0x00, 0x06, 0x00, 0x00, 0x00,
  0x06, 0x00, 0x00, 0x00, 0x20, 0x00, 0x00, 0x00, 0xea, 0xd7, 0xff, 0xff,
  0x00, 0x00, 0x00, 0x01, 0x18, 0x00, 0x00, 0x00, 0x28, 0x00, 0x00, 0x00,
  0x44, 0x00, 0x00, 0x00, 0x1b, 0x00, 0x00, 0x00, 0x00, 0x00, 0x00, 0x09,
  0xf8, 0x00, 0x00, 0x00, 0x04, 0x00, 0x00, 0x00, 0xff, 0xff, 0xff, 0xff,
  0x0c, 0x00, 0x00, 0x00, 0x0c, 0x00, 0x00, 0x00, 0x20, 0x00, 0x00, 0x00,
  0xd4, 0xd7, 0xff, 0xff, 0x08, 0x00, 0x00, 0x00, 0x10, 0x00, 0x00, 0x00,
  0x01, 0x00, 0x00, 0x00, 0x80, 0xff, 0xff, 0xff, 0xff, 0xff, 0xff, 0xff,
  0x01, 0x00, 0x00, 0x00, 0xc1, 0xc0, 0xc0, 0x3c, 0xb9, 0x00, 0x00, 0x00,
  0x74, 0x69, 0x6e, 0x79, 0x63, 0x6e, 0x6e, 0x5f, 0x76, 0x32, 0x5f, 0x33,
  0x63, 0x6c, 0x61, 0x73, 0x73, 0x5f, 0x31, 0x2f, 0x62, 0x6c, 0x6f, 0x63,
  0x6b, 0x32, 0x5f, 0x72, 0x65, 0x6c, 0x75, 0x36, 0x5f, 0x31, 0x2f, 0x52,
  0x65, 0x6c, 0x75, 0x36, 0x3b, 0x74, 0x69, 0x6e, 0x79, 0x63, 0x6e, 0x6e,
  0x5f, 0x76, 0x32, 0x5f, 0x33, 0x63, 0x6c, 0x61, 0x73, 0x73, 0x5f, 0x31,
  0x2f, 0x62, 0x6c, 0x6f, 0x63, 0x6b, 0x32, 0x5f, 0x62, 0x6e, 0x5f, 0x31,
  0x2f, 0x62, 0x61, 0x74, 0x63, 0x68, 0x6e, 0x6f, 0x72, 0x6d, 0x2f, 0x61,
  0x64, 0x64, 0x5f, 0x31, 0x3b, 0x74, 0x69, 0x6e, 0x79, 0x63, 0x6e, 0x6e,
  0x5f, 0x76, 0x32, 0x5f, 0x33, 0x63, 0x6c, 0x61, 0x73, 0x73, 0x5f, 0x31,
  0x2f, 0x62, 0x6c, 0x6f, 0x63, 0x6b, 0x32, 0x5f, 0x70, 0x6f, 0x69, 0x6e,
  0x74, 0x77, 0x69, 0x73, 0x65, 0x5f, 0x31, 0x2f, 0x63, 0x6f, 0x6e, 0x76,
  0x6f, 0x6c, 0x75, 0x74, 0x69, 0x6f, 0x6e, 0x3b, 0x74, 0x69, 0x6e, 0x79,
  0x63, 0x6e, 0x6e, 0x5f, 0x76, 0x32, 0x5f, 0x33, 0x63, 0x6c, 0x61, 0x73,
  0x73, 0x5f, 0x31, 0x2f, 0x62, 0x6c, 0x6f, 0x63, 0x6b, 0x32, 0x5f, 0x62,
  0x6e, 0x5f, 0x31, 0x2f, 0x62, 0x61, 0x74, 0x63, 0x68, 0x6e, 0x6f, 0x72,
  0x6d, 0x2f, 0x73, 0x75, 0x62, 0x00, 0x00, 0x00, 0x04, 0x00, 0x00, 0x00,
  0x01, 0x00, 0x00, 0x00, 0x0c, 0x00, 0x00, 0x00, 0x0c, 0x00, 0x00, 0x00,
  0x20, 0x00, 0x00, 0x00, 0x12, 0xd9, 0xff, 0xff, 0x00, 0x00, 0x00, 0x01,
  0x18, 0x00, 0x00, 0x00, 0x28, 0x00, 0x00, 0x00, 0x44, 0x00, 0x00, 0x00,
  0x1a, 0x00, 0x00, 0x00, 0x00, 0x00, 0x00, 0x09, 0x70, 0x00, 0x00, 0x00,
  0x04, 0x00, 0x00, 0x00, 0xff, 0xff, 0xff, 0xff, 0x0c, 0x00, 0x00, 0x00,
  0x0c, 0x00, 0x00, 0x00, 0x18, 0x00, 0x00, 0x00, 0xfc, 0xd8, 0xff, 0xff,
  0x08, 0x00, 0x00, 0x00, 0x10, 0x00, 0x00, 0x00, 0x01, 0x00, 0x00, 0x00,
  0xf9, 0xff, 0xff, 0xff, 0xff, 0xff, 0xff, 0xff, 0x01, 0x00, 0x00, 0x00,
  0x58, 0xd0, 0xcc, 0x3c, 0x30, 0x00, 0x00, 0x00, 0x74, 0x69, 0x6e, 0x79,
  0x63, 0x6e, 0x6e, 0x5f, 0x76, 0x32, 0x5f, 0x33, 0x63, 0x6c, 0x61, 0x73,
  0x73, 0x5f, 0x31, 0x2f, 0x62, 0x6c, 0x6f, 0x63, 0x6b, 0x32, 0x5f, 0x64,
  0x65, 0x70, 0x74, 0x68, 0x77, 0x69, 0x73, 0x65, 0x5f, 0x31, 0x2f, 0x64,
  0x65, 0x70, 0x74, 0x68, 0x77, 0x69, 0x73, 0x65, 0x00, 0x00, 0x00, 0x00,
  0x04, 0x00, 0x00, 0x00, 0x01, 0x00, 0x00, 0x00, 0x0c, 0x00, 0x00, 0x00,
  0x0c, 0x00, 0x00, 0x00, 0x18, 0x00, 0x00, 0x00, 0xb2, 0xd9, 0xff, 0xff,
  0x00, 0x00, 0x00, 0x01, 0x18, 0x00, 0x00, 0x00, 0x28, 0x00, 0x00, 0x00,
  0x44, 0x00, 0x00, 0x00, 0x19, 0x00, 0x00, 0x00, 0x00, 0x00, 0x00, 0x09,
  0xf8, 0x00, 0x00, 0x00, 0x04, 0x00, 0x00, 0x00, 0xff, 0xff, 0xff, 0xff,
  0x18, 0x00, 0x00, 0x00, 0x18, 0x00, 0x00, 0x00, 0x18, 0x00, 0x00, 0x00,
  0x9c, 0xd9, 0xff, 0xff, 0x08, 0x00, 0x00, 0x00, 0x10, 0x00, 0x00, 0x00,
  0x01, 0x00, 0x00, 0x00, 0x80, 0xff, 0xff, 0xff, 0xff, 0xff, 0xff, 0xff,
  0x01, 0x00, 0x00, 0x00, 0xc1, 0xc0, 0xc0, 0x3c, 0xb9, 0x00, 0x00, 0x00,
  0x74, 0x69, 0x6e, 0x79, 0x63, 0x6e, 0x6e, 0x5f, 0x76, 0x32, 0x5f, 0x33,
  0x63, 0x6c, 0x61, 0x73, 0x73, 0x5f, 0x31, 0x2f, 0x62, 0x6c, 0x6f, 0x63,
  0x6b, 0x31, 0x5f, 0x72, 0x65, 0x6c, 0x75, 0x36, 0x5f, 0x31, 0x2f, 0x52,
  0x65, 0x6c, 0x75, 0x36, 0x3b, 0x74, 0x69, 0x6e, 0x79, 0x63, 0x6e, 0x6e,
  0x5f, 0x76, 0x32, 0x5f, 0x33, 0x63, 0x6c, 0x61, 0x73, 0x73, 0x5f, 0x31,
  0x2f, 0x62, 0x6c, 0x6f, 0x63, 0x6b, 0x31, 0x5f, 0x62, 0x6e, 0x5f, 0x31,
  0x2f, 0x62, 0x61, 0x74, 0x63, 0x68, 0x6e, 0x6f, 0x72, 0x6d, 0x2f, 0x61,
  0x64, 0x64, 0x5f, 0x31, 0x3b, 0x74, 0x69, 0x6e, 0x79, 0x63, 0x6e, 0x6e,
  0x5f, 0x76, 0x32, 0x5f, 0x33, 0x63, 0x6c, 0x61, 0x73, 0x73, 0x5f, 0x31,
  0x2f, 0x62, 0x6c, 0x6f, 0x63, 0x6b, 0x31, 0x5f, 0x70, 0x6f, 0x69, 0x6e,
  0x74, 0x77, 0x69, 0x73, 0x65, 0x5f, 0x31, 0x2f, 0x63, 0x6f, 0x6e, 0x76,
  0x6f, 0x6c, 0x75, 0x74, 0x69, 0x6f, 0x6e, 0x3b, 0x74, 0x69, 0x6e, 0x79,
  0x63, 0x6e, 0x6e, 0x5f, 0x76, 0x32, 0x5f, 0x33, 0x63, 0x6c, 0x61, 0x73,
  0x73, 0x5f, 0x31, 0x2f, 0x62, 0x6c, 0x6f, 0x63, 0x6b, 0x31, 0x5f, 0x62,
  0x6e, 0x5f, 0x31, 0x2f, 0x62, 0x61, 0x74, 0x63, 0x68, 0x6e, 0x6f, 0x72,
  0x6d, 0x2f, 0x73, 0x75, 0x62, 0x00, 0x00, 0x00, 0x04, 0x00, 0x00, 0x00,
  0x01, 0x00, 0x00, 0x00, 0x18, 0x00, 0x00, 0x00, 0x18, 0x00, 0x00, 0x00,
  0x18, 0x00, 0x00, 0x00, 0xda, 0xda, 0xff, 0xff, 0x00, 0x00, 0x00, 0x01,
  0x18, 0x00, 0x00, 0x00, 0x28, 0x00, 0x00, 0x00, 0x44, 0x00, 0x00, 0x00,
  0x18, 0x00, 0x00, 0x00, 0x00, 0x00, 0x00, 0x09, 0x70, 0x00, 0x00, 0x00,
  0x04, 0x00, 0x00, 0x00, 0xff, 0xff, 0xff, 0xff, 0x18, 0x00, 0x00, 0x00,
  0x18, 0x00, 0x00, 0x00, 0x0c, 0x00, 0x00, 0x00, 0xc4, 0xda, 0xff, 0xff,
  0x08, 0x00, 0x00, 0x00, 0x10, 0x00, 0x00, 0x00, 0x01, 0x00, 0x00, 0x00,
  0xd2, 0xff, 0xff, 0xff, 0xff, 0xff, 0xff, 0xff, 0x01, 0x00, 0x00, 0x00,
  0x7d, 0x95, 0x00, 0x3d, 0x30, 0x00, 0x00, 0x00, 0x74, 0x69, 0x6e, 0x79,
  0x63, 0x6e, 0x6e, 0x5f, 0x76, 0x32, 0x5f, 0x33, 0x63, 0x6c, 0x61, 0x73,
  0x73, 0x5f, 0x31, 0x2f, 0x62, 0x6c, 0x6f, 0x63, 0x6b, 0x31, 0x5f, 0x64,
  0x65, 0x70, 0x74, 0x68, 0x77, 0x69, 0x73, 0x65, 0x5f, 0x31, 0x2f, 0x64,
  0x65, 0x70, 0x74, 0x68, 0x77, 0x69, 0x73, 0x65, 0x00, 0x00, 0x00, 0x00,
  0x04, 0x00, 0x00, 0x00, 0x01, 0x00, 0x00, 0x00, 0x18, 0x00, 0x00, 0x00,
  0x18, 0x00, 0x00, 0x00, 0x0c, 0x00, 0x00, 0x00, 0x7a, 0xdb, 0xff, 0xff,
  0x00, 0x00, 0x00, 0x01, 0x18, 0x00, 0x00, 0x00, 0x28, 0x00, 0x00, 0x00,
  0x48, 0x00, 0x00, 0x00, 0x17, 0x00, 0x00, 0x00, 0x00, 0x00, 0x00, 0x09,
  0xf0, 0x00, 0x00, 0x00, 0x04, 0x00, 0x00, 0x00, 0xff, 0xff, 0xff, 0xff,
  0x30, 0x00, 0x00, 0x00, 0x30, 0x00, 0x00, 0x00, 0x0c, 0x00, 0x00, 0x00,
  0x64, 0xdb, 0xff, 0xff, 0x08, 0x00, 0x00, 0x00, 0x14, 0x00, 0x00, 0x00,
  0x01, 0x00, 0x00, 0x00, 0x80, 0xff, 0xff, 0xff, 0xff, 0xff, 0xff, 0xff,
  0x00, 0x00, 0x00, 0x00, 0x01, 0x00, 0x00, 0x00, 0xc1, 0xc0, 0xc0, 0x3c,
  0xad, 0x00, 0x00, 0x00, 0x74, 0x69, 0x6e, 0x79, 0x63, 0x6e, 0x6e, 0x5f,
  0x76, 0x32, 0x5f, 0x33, 0x63, 0x6c, 0x61, 0x73, 0x73, 0x5f, 0x31, 0x2f,
  0x73, 0x74, 0x65, 0x6d, 0x5f, 0x72, 0x65, 0x6c, 0x75, 0x36, 0x5f, 0x31,
  0x2f, 0x52, 0x65, 0x6c, 0x75, 0x36, 0x3b, 0x74, 0x69, 0x6e, 0x79, 0x63,
  0x6e, 0x6e, 0x5f, 0x76, 0x32, 0x5f, 0x33, 0x63, 0x6c, 0x61, 0x73, 0x73,
  0x5f, 0x31, 0x2f, 0x73, 0x74, 0x65, 0x6d, 0x5f, 0x62, 0x6e, 0x5f, 0x31,
  0x2f, 0x62, 0x61, 0x74, 0x63, 0x68, 0x6e, 0x6f, 0x72, 0x6d, 0x2f, 0x61,
  0x64, 0x64, 0x5f, 0x31, 0x3b, 0x74, 0x69, 0x6e, 0x79, 0x63, 0x6e, 0x6e,
  0x5f, 0x76, 0x32, 0x5f, 0x33, 0x63, 0x6c, 0x61, 0x73, 0x73, 0x5f, 0x31,
  0x2f, 0x73, 0x74, 0x65, 0x6d, 0x5f, 0x63, 0x6f, 0x6e, 0x76, 0x5f, 0x31,
  0x2f, 0x63, 0x6f, 0x6e, 0x76, 0x6f, 0x6c, 0x75, 0x74, 0x69, 0x6f, 0x6e,
  0x3b, 0x74, 0x69, 0x6e, 0x79, 0x63, 0x6e, 0x6e, 0x5f, 0x76, 0x32, 0x5f,
  0x33, 0x63, 0x6c, 0x61, 0x73, 0x73, 0x5f, 0x31, 0x2f, 0x73, 0x74, 0x65,
  0x6d, 0x5f, 0x62, 0x6e, 0x5f, 0x31, 0x2f, 0x62, 0x61, 0x74, 0x63, 0x68,
  0x6e, 0x6f, 0x72, 0x6d, 0x2f, 0x73, 0x75, 0x62, 0x31, 0x00, 0x00, 0x00,
  0x04, 0x00, 0x00, 0x00, 0x01, 0x00, 0x00, 0x00, 0x30, 0x00, 0x00, 0x00,
  0x30, 0x00, 0x00, 0x00, 0x0c, 0x00, 0x00, 0x00, 0xf2, 0xdc, 0xff, 0xff,
  0x00, 0x00, 0x00, 0x01, 0x14, 0x00, 0x00, 0x00, 0xb8, 0x00, 0x00, 0x00,
  0x16, 0x00, 0x00, 0x00, 0x00, 0x00, 0x00, 0x09, 0xc4, 0x00, 0x00, 0x00,
  0x6c, 0xdc, 0xff, 0xff, 0x08, 0x00, 0x00, 0x00, 0x6c, 0x00, 0x00, 0x00,
  0x0c, 0x00, 0x00, 0x00, 0x00, 0x00, 0x00, 0x00, 0x00, 0x00, 0x00, 0x00,
  0x00, 0x00, 0x00, 0x00, 0x00, 0x00, 0x00, 0x00, 0x00, 0x00, 0x00, 0x00,
  0x00, 0x00, 0x00, 0x00, 0x00, 0x00, 0x00, 0x00, 0x00, 0x00, 0x00, 0x00,
  0x00, 0x00, 0x00, 0x00, 0x00, 0x00, 0x00, 0x00, 0x00, 0x00, 0x00, 0x00,
  0x00, 0x00, 0x00, 0x00, 0x00, 0x00, 0x00, 0x00, 0x00, 0x00, 0x00, 0x00,
  0x00, 0x00, 0x00, 0x00, 0x00, 0x00, 0x00, 0x00, 0x00, 0x00, 0x00, 0x00,
  0x00, 0x00, 0x00, 0x00, 0x00, 0x00, 0x00, 0x00, 0x00, 0x00, 0x00, 0x00,
  0x00, 0x00, 0x00, 0x00, 0x00, 0x00, 0x00, 0x00, 0x00, 0x00, 0x00, 0x00,
  0x00, 0x00, 0x00, 0x00, 0x00, 0x00, 0x00, 0x00, 0x0c, 0x00, 0x00, 0x00,
  0x34, 0xd7, 0x6a, 0x3c, 0x0c, 0xd5, 0x56, 0x3c, 0x6b, 0x43, 0x6f, 0x3c,
  0xe5, 0xf3, 0xb9, 0x3b, 0xd0, 0x79, 0x69, 0x3c, 0xc4, 0x6c, 0x8b, 0x3b,
  0x97, 0x89, 0x11, 0x3c, 0xc4, 0x1f, 0xd7, 0x3b, 0x0c, 0x56, 0x16, 0x3c,
  0x47, 0x38, 0x68, 0x3c, 0x51, 0x87, 0x2c, 0x3c, 0x30, 0xe8, 0x5d, 0x3c,
  0x13, 0x00, 0x00, 0x00, 0x74, 0x66, 0x6c, 0x2e, 0x70, 0x73, 0x65, 0x75,
  0x64, 0x6f, 0x5f, 0x71, 0x63, 0x6f, 0x6e, 0x73, 0x74, 0x31, 0x39, 0x00,
  0x04, 0x00, 0x00, 0x00, 0x0c, 0x00, 0x00, 0x00, 0x03, 0x00, 0x00, 0x00,
  0x03, 0x00, 0x00, 0x00, 0x03, 0x00, 0x00, 0x00, 0xe2, 0xdd, 0xff, 0xff,
  0x00, 0x00, 0x00, 0x01, 0x14, 0x00, 0x00, 0x00, 0xb8, 0x00, 0x00, 0x00,
  0x15, 0x00, 0x00, 0x00, 0x00, 0x00, 0x00, 0x02, 0xc4, 0x00, 0x00, 0x00,
  0x5c, 0xdd, 0xff, 0xff, 0x08, 0x00, 0x00, 0x00, 0x6c, 0x00, 0x00, 0x00,
  0x0c, 0x00, 0x00, 0x00, 0x00, 0x00, 0x00, 0x00, 0x00, 0x00, 0x00, 0x00,
  0x00, 0x00, 0x00, 0x00, 0x00, 0x00, 0x00, 0x00, 0x00, 0x00, 0x00, 0x00,
  0x00, 0x00, 0x00, 0x00, 0x00, 0x00, 0x00, 0x00, 0x00, 0x00, 0x00, 0x00,
  0x00, 0x00, 0x00, 0x00, 0x00, 0x00, 0x00, 0x00, 0x00, 0x00, 0x00, 0x00,
  0x00, 0x00, 0x00, 0x00, 0x00, 0x00, 0x00, 0x00, 0x00, 0x00, 0x00, 0x00,
  0x00, 0x00, 0x00, 0x00, 0x00, 0x00, 0x00, 0x00, 0x00, 0x00, 0x00, 0x00,
  0x00, 0x00, 0x00, 0x00, 0x00, 0x00, 0x00, 0x00, 0x00, 0x00, 0x00, 0x00,
  0x00, 0x00, 0x00, 0x00, 0x00, 0x00, 0x00, 0x00, 0x00, 0x00, 0x00, 0x00,
  0x00, 0x00, 0x00, 0x00, 0x00, 0x00, 0x00, 0x00, 0x0c, 0x00, 0x00, 0x00,
  0xf8, 0xc2, 0x6b, 0x38, 0xba, 0xac, 0x57, 0x38, 0xa0, 0x33, 0x70, 0x38,
  0x94, 0xae, 0xba, 0x37, 0x35, 0x64, 0x6a, 0x38, 0xbd, 0xf8, 0x8b, 0x37,
  0xb3, 0x1b, 0x12, 0x38, 0xbd, 0xf7, 0xd7, 0x37, 0xfa, 0xec, 0x16, 0x38,
  0x69, 0x21, 0x69, 0x38, 0x86, 0x34, 0x2d, 0x38, 0xf8, 0xc6, 0x5e, 0x38,
  0x13, 0x00, 0x00, 0x00, 0x74, 0x66, 0x6c, 0x2e, 0x70, 0x73, 0x65, 0x75,
  0x64, 0x6f, 0x5f, 0x71, 0x63, 0x6f, 0x6e, 0x73, 0x74, 0x31, 0x38, 0x00,
  0x01, 0x00, 0x00, 0x00, 0x0c, 0x00, 0x00, 0x00, 0xc6, 0xde, 0xff, 0xff,
  0x00, 0x00, 0x00, 0x01, 0x14, 0x00, 0x00, 0x00, 0xbc, 0x00, 0x00, 0x00,
  0x14, 0x00, 0x00, 0x00, 0x00, 0x00, 0x00, 0x09, 0xc8, 0x00, 0x00, 0x00,
  0xaa, 0xeb, 0xff, 0xff, 0x03, 0x00, 0x00, 0x00, 0x08, 0x00, 0x00, 0x00,
  0x6c, 0x00, 0x00, 0x00, 0x0c, 0x00, 0x00, 0x00, 0x00, 0x00, 0x00, 0x00,
  0x00, 0x00, 0x00, 0x00, 0x00, 0x00, 0x00, 0x00, 0x00, 0x00, 0x00, 0x00,
  0x00, 0x00, 0x00, 0x00, 0x00, 0x00, 0x00, 0x00, 0x00, 0x00, 0x00, 0x00,
  0x00, 0x00, 0x00, 0x00, 0x00, 0x00, 0x00, 0x00, 0x00, 0x00, 0x00, 0x00,
  0x00, 0x00, 0x00, 0x00, 0x00, 0x00, 0x00, 0x00, 0x00, 0x00, 0x00, 0x00,
  0x00, 0x00, 0x00, 0x00, 0x00, 0x00, 0x00, 0x00, 0x00, 0x00, 0x00, 0x00,
  0x00, 0x00, 0x00, 0x00, 0x00, 0x00, 0x00, 0x00, 0x00, 0x00, 0x00, 0x00,
  0x00, 0x00, 0x00, 0x00, 0x00, 0x00, 0x00, 0x00, 0x00, 0x00, 0x00, 0x00,
  0x00, 0x00, 0x00, 0x00, 0x00, 0x00, 0x00, 0x00, 0x00, 0x00, 0x00, 0x00,
  0x0c, 0x00, 0x00, 0x00, 0x46, 0xfc, 0xee, 0x3a, 0xbf, 0x78, 0xa4, 0x3a,
  0x17, 0xab, 0xed, 0x3a, 0x18, 0x92, 0xf2, 0x3a, 0x76, 0x76, 0x0d, 0x3b,
  0x42, 0x35, 0xcb, 0x3a, 0x82, 0x69, 0xc9, 0x3a, 0x1b, 0x4f, 0xcb, 0x3a,
  0x84, 0x60, 0xf4, 0x3a, 0x2a, 0x82, 0xf0, 0x3a, 0xc2, 0x77, 0xf8, 0x3a,
  0xa1, 0xb9, 0x02, 0x3b, 0x13, 0x00, 0x00, 0x00, 0x74, 0x66, 0x6c, 0x2e,
  0x70, 0x73, 0x65, 0x75, 0x64, 0x6f, 0x5f, 0x71, 0x63, 0x6f, 0x6e, 0x73,
  0x74, 0x31, 0x37, 0x00, 0x04, 0x00, 0x00, 0x00, 0x01, 0x00, 0x00, 0x00,
  0x03, 0x00, 0x00, 0x00, 0x03, 0x00, 0x00, 0x00, 0x0c, 0x00, 0x00, 0x00,
  0xba, 0xdf, 0xff, 0xff, 0x00, 0x00, 0x00, 0x01, 0x14, 0x00, 0x00, 0x00,
  0xb4, 0x00, 0x00, 0x00, 0x13, 0x00, 0x00, 0x00, 0x00, 0x00, 0x00, 0x02,
  0xc0, 0x00, 0x00, 0x00, 0x34, 0xdf, 0xff, 0xff, 0x08, 0x00, 0x00, 0x00,
  0x68, 0x00, 0x00, 0x00, 0x0c, 0x00, 0x00, 0x00, 0x00, 0x00, 0x00, 0x00,
  0x00, 0x00, 0x00, 0x00, 0x00, 0x00, 0x00, 0x00, 0x00, 0x00, 0x00, 0x00,
  0x00, 0x00, 0x00, 0x00, 0x00, 0x00, 0x00, 0x00, 0x00, 0x00, 0x00, 0x00,
  0x00, 0x00, 0x00, 0x00, 0x00, 0x00, 0x00, 0x00, 0x00, 0x00, 0x00, 0x00,
  0x00, 0x00, 0x00, 0x00, 0x00, 0x00, 0x00, 0x00, 0x00, 0x00, 0x00, 0x00,
  0x00, 0x00, 0x00, 0x00, 0x00, 0x00, 0x00, 0x00, 0x00, 0x00, 0x00, 0x00,
  0x00, 0x00, 0x00, 0x00, 0x00, 0x00, 0x00, 0x00, 0x00, 0x00, 0x00, 0x00,
  0x00, 0x00, 0x00, 0x00, 0x00, 0x00, 0x00, 0x00, 0x00, 0x00, 0x00, 0x00,
  0x00, 0x00, 0x00, 0x00, 0x00, 0x00, 0x00, 0x00, 0x0c, 0x00, 0x00, 0x00,
  0x26, 0xf1, 0x33, 0x38, 0xcc, 0xac, 0xf7, 0x37, 0x45, 0xf3, 0x32, 0x38,
  0x36, 0xa4, 0x36, 0x38, 0xb8, 0x06, 0x55, 0x38, 0xf3, 0x00, 0x19, 0x38,
  0xc8, 0xa6, 0x17, 0x38, 0x69, 0x14, 0x19, 0x38, 0x64, 0x00, 0x38, 0x38,
  0xb6, 0x16, 0x35, 0x38, 0xe7, 0x14, 0x3b, 0x38, 0x4d, 0xdb, 0x44, 0x38,
  0x13, 0x00, 0x00, 0x00, 0x74, 0x66, 0x6c, 0x2e, 0x70, 0x73, 0x65, 0x75,
  0x64, 0x6f, 0x5f, 0x71, 0x63, 0x6f, 0x6e, 0x73, 0x74, 0x31, 0x36, 0x00,
  0x01, 0x00, 0x00, 0x00, 0x0c, 0x00, 0x00, 0x00, 0x9a, 0xe0, 0xff, 0xff,
  0x00, 0x00, 0x00, 0x01, 0x14, 0x00, 0x00, 0x00, 0x48, 0x01, 0x00, 0x00,
  0x12, 0x00, 0x00, 0x00, 0x00, 0x00, 0x00, 0x09, 0x54, 0x01, 0x00, 0x00,
  0x14, 0xe0, 0xff, 0xff, 0x08, 0x00, 0x00, 0x00, 0xcc, 0x00, 0x00, 0x00,
  0x18, 0x00, 0x00, 0x00, 0x00, 0x00, 0x00, 0x00, 0x00, 0x00, 0x00, 0x00,
  0x00, 0x00, 0x00, 0x00, 0x00, 0x00, 0x00, 0x00, 0x00, 0x00, 0x00, 0x00,
  0x00, 0x00, 0x00, 0x00, 0x00, 0x00, 0x00, 0x00, 0x00, 0x00, 0x00, 0x00,
  0x00, 0x00, 0x00, 0x00, 0x00, 0x00, 0x00, 0x00, 0x00, 0x00, 0x00, 0x00,
  0x00, 0x00, 0x00, 0x00, 0x00, 0x00, 0x00, 0x00, 0x00, 0x00, 0x00, 0x00,
  0x00, 0x00, 0x00, 0x00, 0x00, 0x00, 0x00, 0x00, 0x00, 0x00, 0x00, 0x00,
  0x00, 0x00, 0x00, 0x00, 0x00, 0x00, 0x00, 0x00, 0x00, 0x00, 0x00, 0x00,
  0x00, 0x00, 0x00, 0x00, 0x00, 0x00, 0x00, 0x00, 0x00, 0x00, 0x00, 0x00,
  0x00, 0x00, 0x00, 0x00, 0x00, 0x00, 0x00, 0x00, 0x00, 0x00, 0x00, 0x00,
  0x00, 0x00, 0x00, 0x00, 0x00, 0x00, 0x00, 0x00, 0x00, 0x00, 0x00, 0x00,
  0x00, 0x00, 0x00, 0x00, 0x00, 0x00, 0x00, 0x00, 0x00, 0x00, 0x00, 0x00,
  0x00, 0x00, 0x00, 0x00, 0x00, 0x00, 0x00, 0x00, 0x00, 0x00, 0x00, 0x00,
  0x00, 0x00, 0x00, 0x00, 0x00, 0x00, 0x00, 0x00, 0x00, 0x00, 0x00, 0x00,
  0x00, 0x00, 0x00, 0x00, 0x00, 0x00, 0x00, 0x00, 0x00, 0x00, 0x00, 0x00,
  0x00, 0x00, 0x00, 0x00, 0x00, 0x00, 0x00, 0x00, 0x00, 0x00, 0x00, 0x00,
  0x00, 0x00, 0x00, 0x00, 0x00, 0x00, 0x00, 0x00, 0x00, 0x00, 0x00, 0x00,
  0x00, 0x00, 0x00, 0x00, 0x00, 0x00, 0x00, 0x00, 0x18, 0x00, 0x00, 0x00,
  0x48, 0xa9, 0x6e, 0x3c, 0xbc, 0x82, 0x5c, 0x3c, 0x68, 0x4f, 0x7f, 0x3c,
  0xb0, 0xbe, 0x97, 0x3c, 0xe9, 0x74, 0x78, 0x3c, 0x42, 0xde, 0x93, 0x3c,
  0x9d, 0xa5, 0x71, 0x3c, 0x42, 0x65, 0x5c, 0x3c, 0x9b, 0xaf, 0x4e, 0x3c,
  0x34, 0x9e, 0xc5, 0x3c, 0x14, 0x7c, 0x8e, 0x3c, 0x42, 0x4d, 0xe6, 0x3c,
  0xed, 0xae, 0x80, 0x3c, 0xdd, 0x1f, 0xb0, 0x3c, 0xd4, 0xa5, 0x6a, 0x3c,
  0x8e, 0xc5, 0x3d, 0x3c, 0x50, 0xc5, 0x99, 0x3c, 0x8b, 0x28, 0x6a, 0x3c,
  0xdf, 0xb5, 0x62, 0x3c, 0xc1, 0xed, 0x30, 0x3c, 0xa1, 0xab, 0x4b, 0x3c,
  0xe7, 0xa5, 0x94, 0x3c, 0xea, 0xae, 0x81, 0x3c, 0x5c, 0x58, 0x83, 0x3c,
  0x13, 0x00, 0x00, 0x00, 0x74, 0x66, 0x6c, 0x2e, 0x70, 0x73, 0x65, 0x75,
  0x64, 0x6f, 0x5f, 0x71, 0x63, 0x6f, 0x6e, 0x73, 0x74, 0x31, 0x35, 0x00,
  0x04, 0x00, 0x00, 0x00, 0x18, 0x00, 0x00, 0x00, 0x01, 0x00, 0x00, 0x00,
  0x01, 0x00, 0x00, 0x00, 0x0c, 0x00, 0x00, 0x00, 0x1a, 0xe2, 0xff, 0xff,
  0x00, 0x00, 0x00, 0x01, 0x14, 0x00, 0x00, 0x00, 0x48, 0x01, 0x00, 0x00,
  0x11, 0x00, 0x00, 0x00, 0x00, 0x00, 0x00, 0x02, 0x54, 0x01, 0x00, 0x00,
  0x94, 0xe1, 0xff, 0xff, 0x08, 0x00, 0x00, 0x00, 0xcc, 0x00, 0x00, 0x00,
  0x18, 0x00, 0x00, 0x00, 0x00, 0x00, 0x00, 0x00, 0x00, 0x00, 0x00, 0x00,
  0x00, 0x00, 0x00, 0x00, 0x00, 0x00, 0x00, 0x00, 0x00, 0x00, 0x00, 0x00,
  0x00, 0x00, 0x00, 0x00, 0x00, 0x00, 0x00, 0x00, 0x00, 0x00, 0x00, 0x00,
  0x00, 0x00, 0x00, 0x00, 0x00, 0x00, 0x00, 0x00, 0x00, 0x00, 0x00, 0x00,
  0x00, 0x00, 0x00, 0x00, 0x00, 0x00, 0x00, 0x00, 0x00, 0x00, 0x00, 0x00,
  0x00, 0x00, 0x00, 0x00, 0x00, 0x00, 0x00, 0x00, 0x00, 0x00, 0x00, 0x00,
  0x00, 0x00, 0x00, 0x00, 0x00, 0x00, 0x00, 0x00, 0x00, 0x00, 0x00, 0x00,
  0x00, 0x00, 0x00, 0x00, 0x00, 0x00, 0x00, 0x00, 0x00, 0x00, 0x00, 0x00,
  0x00, 0x00, 0x00, 0x00, 0x00, 0x00, 0x00, 0x00, 0x00, 0x00, 0x00, 0x00,
  0x00, 0x00, 0x00, 0x00, 0x00, 0x00, 0x00, 0x00, 0x00, 0x00, 0x00, 0x00,
  0x00, 0x00, 0x00, 0x00, 0x00, 0x00, 0x00, 0x00, 0x00, 0x00, 0x00, 0x00,
  0x00, 0x00, 0x00, 0x00, 0x00, 0x00, 0x00, 0x00, 0x00, 0x00, 0x00, 0x00,
  0x00, 0x00, 0x00, 0x00, 0x00, 0x00, 0x00, 0x00, 0x00, 0x00, 0x00, 0x00,
  0x00, 0x00, 0x00, 0x00, 0x00, 0x00, 0x00, 0x00, 0x00, 0x00, 0x00, 0x00,
  0x00, 0x00, 0x00, 0x00, 0x00, 0x00, 0x00, 0x00, 0x00, 0x00, 0x00, 0x00,
  0x00, 0x00, 0x00, 0x00, 0x00, 0x00, 0x00, 0x00, 0x00, 0x00, 0x00, 0x00,
  0x00, 0x00, 0x00, 0x00, 0x00, 0x00, 0x00, 0x00, 0x18, 0x00, 0x00, 0x00,
  0x02, 0xc0, 0xef, 0x39, 0x44, 0x84, 0xdd, 0x39, 0xca, 0x3c, 0x00, 0x3a,
  0xe8, 0x6f, 0x18, 0x3a, 0x14, 0x97, 0xf9, 0x39, 0xf3, 0x8a, 0x14, 0x3a,
  0xd4, 0xbf, 0xf2, 0x39, 0xa7, 0x66, 0xdd, 0x39, 0xfd, 0xa0, 0xcf, 0x39,
  0xff, 0x84, 0x46, 0x3a, 0x7c, 0x22, 0x0f, 0x3a, 0x39, 0x5a, 0x67, 0x3a,
  0x36, 0x45, 0x01, 0x3a, 0x8e, 0xed, 0x30, 0x3a, 0xde, 0xb7, 0xeb, 0x39,
  0x2f, 0xa3, 0xbe, 0x39, 0xe6, 0x78, 0x1a, 0x3a, 0x03, 0x3a, 0xeb, 0x39,
  0xa4, 0xbe, 0xe3, 0x39, 0x63, 0xbc, 0xb1, 0x39, 0x7e, 0x99, 0xcc, 0x39,
  0x81, 0x53, 0x15, 0x3a, 0x5e, 0x46, 0x02, 0x3a, 0xc1, 0xf1, 0x03, 0x3a,
  0x13, 0x00, 0x00, 0x00, 0x74, 0x66, 0x6c, 0x2e, 0x70, 0x73, 0x65, 0x75,
  0x64, 0x6f, 0x5f, 0x71, 0x63, 0x6f, 0x6e, 0x73, 0x74, 0x31, 0x34, 0x00,
  0x01, 0x00, 0x00, 0x00, 0x18, 0x00, 0x00, 0x00, 0x8e, 0xe3, 0xff, 0xff,
  0x00, 0x00, 0x00, 0x01, 0x14, 0x00, 0x00, 0x00, 0x4c, 0x01, 0x00, 0x00,
  0x10, 0x00, 0x00, 0x00, 0x00, 0x00, 0x00, 0x09, 0x58, 0x01, 0x00, 0x00,
  0x72, 0xf0, 0xff, 0xff, 0x03, 0x00, 0x00, 0x00, 0x08, 0x00, 0x00, 0x00,
  0xcc, 0x00, 0x00, 0x00, 0x18, 0x00, 0x00, 0x00, 0x00, 0x00, 0x00, 0x00,
  0x00, 0x00, 0x00, 0x00, 0x00, 0x00, 0x00, 0x00, 0x00, 0x00, 0x00, 0x00,
  0x00, 0x00, 0x00, 0x00, 0x00, 0x00, 0x00, 0x00, 0x00, 0x00, 0x00, 0x00,
  0x00, 0x00, 0x00, 0x00, 0x00, 0x00, 0x00, 0x00, 0x00, 0x00, 0x00, 0x00,
  0x00, 0x00, 0x00, 0x00, 0x00, 0x00, 0x00, 0x00, 0x00, 0x00, 0x00, 0x00,
  0x00, 0x00, 0x00, 0x00, 0x00, 0x00, 0x00, 0x00, 0x00, 0x00, 0x00, 0x00,
  0x00, 0x00, 0x00, 0x00, 0x00, 0x00, 0x00, 0x00, 0x00, 0x00, 0x00, 0x00,
  0x00, 0x00, 0x00, 0x00, 0x00, 0x00, 0x00, 0x00, 0x00, 0x00, 0x00, 0x00,
  0x00, 0x00, 0x00, 0x00, 0x00, 0x00, 0x00, 0x00, 0x00, 0x00, 0x00, 0x00,
  0x00, 0x00, 0x00, 0x00, 0x00, 0x00, 0x00, 0x00, 0x00, 0x00, 0x00, 0x00,
  0x00, 0x00, 0x00, 0x00, 0x00, 0x00, 0x00, 0x00, 0x00, 0x00, 0x00, 0x00,
  0x00, 0x00, 0x00, 0x00, 0x00, 0x00, 0x00, 0x00, 0x00, 0x00, 0x00, 0x00,
  0x00, 0x00, 0x00, 0x00, 0x00, 0x00, 0x00, 0x00, 0x00, 0x00, 0x00, 0x00,
  0x00, 0x00, 0x00, 0x00, 0x00, 0x00, 0x00, 0x00, 0x00, 0x00, 0x00, 0x00,
  0x00, 0x00, 0x00, 0x00, 0x00, 0x00, 0x00, 0x00, 0x00, 0x00, 0x00, 0x00,
  0x00, 0x00, 0x00, 0x00, 0x00, 0x00, 0x00, 0x00, 0x00, 0x00, 0x00, 0x00,
  0x00, 0x00, 0x00, 0x00, 0x00, 0x00, 0x00, 0x00, 0x00, 0x00, 0x00, 0x00,
  0x18, 0x00, 0x00, 0x00, 0xe3, 0x42, 0xe7, 0x3a, 0x31, 0xfa, 0xbc, 0x3a,
  0x88, 0xdc, 0xb4, 0x3a, 0x47, 0xaa, 0xb8, 0x3a, 0x3e, 0xa8, 0xb7, 0x3a,
  0x24, 0x70, 0x49, 0x3a, 0xc4, 0xff, 0x98, 0x3a, 0x6a, 0x68, 0xaa, 0x3a,
  0x16, 0x50, 0xc9, 0x3a, 0x94, 0xd8, 0xd5, 0x3a, 0x90, 0x9e, 0xdc, 0x3a,
  0x3f, 0xfd, 0xae, 0x3a, 0x42, 0x80, 0xca, 0x3a, 0x71, 0xa4, 0xa6, 0x3a,
  0x65, 0x95, 0xae, 0x3a, 0xf7, 0xf8, 0xba, 0x3a, 0x61, 0xb2, 0xbd, 0x3a,
  0x3e, 0x21, 0x9b, 0x3a, 0x63, 0x03, 0xc4, 0x3a, 0xda, 0x62, 0xc4, 0x3a,
  0x7b, 0xa6, 0xb0, 0x3a, 0x35, 0x62, 0x9b, 0x3a, 0x4a, 0x7e, 0x02, 0x3b,
  0x18, 0xcf, 0xa2, 0x3a, 0x13, 0x00, 0x00, 0x00, 0x74, 0x66, 0x6c, 0x2e,
  0x70, 0x73, 0x65, 0x75, 0x64, 0x6f, 0x5f, 0x71, 0x63, 0x6f, 0x6e, 0x73,
  0x74, 0x31, 0x33, 0x00, 0x04, 0x00, 0x00, 0x00, 0x01, 0x00, 0x00, 0x00,
  0x03, 0x00, 0x00, 0x00, 0x03, 0x00, 0x00, 0x00, 0x18, 0x00, 0x00, 0x00,
  0x12, 0xe5, 0xff, 0xff, 0x00, 0x00, 0x00, 0x01, 0x14, 0x00, 0x00, 0x00,
  0x44, 0x01, 0x00, 0x00, 0x0f, 0x00, 0x00, 0x00, 0x00, 0x00, 0x00, 0x02,
  0x50, 0x01, 0x00, 0x00, 0x8c, 0xe4, 0xff, 0xff, 0x08, 0x00, 0x00, 0x00,
  0xc8, 0x00, 0x00, 0x00, 0x18, 0x00, 0x00, 0x00, 0x00, 0x00, 0x00, 0x00,
  0x00, 0x00, 0x00, 0x00, 0x00, 0x00, 0x00, 0x00, 0x00, 0x00, 0x00, 0x00,
  0x00, 0x00, 0x00, 0x00, 0x00, 0x00, 0x00, 0x00, 0x00, 0x00, 0x00, 0x00,
  0x00, 0x00, 0x00, 0x00, 0x00, 0x00, 0x00, 0x00, 0x00, 0x00, 0x00, 0x00,
  0x00, 0x00, 0x00, 0x00, 0x00, 0x00, 0x00, 0x00, 0x00, 0x00, 0x00, 0x00,
  0x00, 0x00, 0x00, 0x00, 0x00, 0x00, 0x00, 0x00, 0x00, 0x00, 0x00, 0x00,
  0x00, 0x00, 0x00, 0x00, 0x00, 0x00, 0x00, 0x00, 0x00, 0x00, 0x00, 0x00,
  0x00, 0x00, 0x00, 0x00, 0x00, 0x00, 0x00, 0x00, 0x00, 0x00, 0x00, 0x00,
  0x00, 0x00, 0x00, 0x00, 0x00, 0x00, 0x00, 0x00, 0x00, 0x00, 0x00, 0x00,
  0x00, 0x00, 0x00, 0x00, 0x00, 0x00, 0x00, 0x00, 0x00, 0x00, 0x00, 0x00,
  0x00, 0x00, 0x00, 0x00, 0x00, 0x00, 0x00, 0x00, 0x00, 0x00, 0x00, 0x00,
  0x00, 0x00, 0x00, 0x00, 0x00, 0x00, 0x00, 0x00, 0x00, 0x00, 0x00, 0x00,
  0x00, 0x00, 0x00, 0x00, 0x00, 0x00, 0x00, 0x00, 0x00, 0x00, 0x00, 0x00,
  0x00, 0x00, 0x00, 0x00, 0x00, 0x00, 0x00, 0x00, 0x00, 0x00, 0x00, 0x00,
  0x00, 0x00, 0x00, 0x00, 0x00, 0x00, 0x00, 0x00, 0x00, 0x00, 0x00, 0x00,
  0x00, 0x00, 0x00, 0x00, 0x00, 0x00, 0x00, 0x00, 0x00, 0x00, 0x00, 0x00,
  0x00, 0x00, 0x00, 0x00, 0x00, 0x00, 0x00, 0x00, 0x18, 0x00, 0x00, 0x00,
  0x4b, 0x20, 0x2e, 0x38, 0xef, 0x49, 0x0e, 0x38, 0x94, 0x2d, 0x08, 0x38,
  0xc0, 0x0a, 0x0b, 0x38, 0x77, 0x48, 0x0a, 0x38, 0xc7, 0xab, 0x97, 0x37,
  0x0c, 0x66, 0xe6, 0x37, 0x9e, 0x4e, 0x00, 0x38, 0xa4, 0x93, 0x17, 0x38,
  0x73, 0x03, 0x21, 0x38, 0x09, 0x1d, 0x26, 0x38, 0xb1, 0xc1, 0x03, 0x38,
  0xaa, 0x78, 0x18, 0x38, 0x9b, 0xf1, 0xfa, 0x37, 0x7f, 0x73, 0x03, 0x38,
  0x81, 0xc7, 0x0c, 0x38, 0x9e, 0xd4, 0x0e, 0x38, 0x79, 0x9b, 0xe9, 0x37,
  0x21, 0x96, 0x13, 0x38, 0x02, 0xde, 0x13, 0x38, 0xde, 0x01, 0x05, 0x38,
  0x4d, 0xfd, 0xe9, 0x37, 0xf1, 0x81, 0x44, 0x38, 0xd0, 0x2b, 0xf5, 0x37,
  0x13, 0x00, 0x00, 0x00, 0x74, 0x66, 0x6c, 0x2e, 0x70, 0x73, 0x65, 0x75,
  0x64, 0x6f, 0x5f, 0x71, 0x63, 0x6f, 0x6e, 0x73, 0x74, 0x31, 0x32, 0x00,
  0x01, 0x00, 0x00, 0x00, 0x18, 0x00, 0x00, 0x00, 0x82, 0xe6, 0xff, 0xff,
  0x00, 0x00, 0x00, 0x01, 0x14, 0x00, 0x00, 0x00, 0xa8, 0x01, 0x00, 0x00,
  0x0e, 0x00, 0x00, 0x00, 0x00, 0x00, 0x00, 0x09, 0xb4, 0x01, 0x00, 0x00,
  0xfc, 0xe5, 0xff, 0xff, 0x08, 0x00, 0x00, 0x00, 0x0c, 0x01, 0x00, 0x00,
  0x20, 0x00, 0x00, 0x00, 0x00, 0x00, 0x00, 0x00, 0x00, 0x00, 0x00, 0x00,
  0x00, 0x00, 0x00, 0x00, 0x00, 0x00, 0x00, 0x00, 0x00, 0x00, 0x00, 0x00,
  0x00, 0x00, 0x00, 0x00, 0x00, 0x00, 0x00, 0x00, 0x00, 0x00, 0x00, 0x00,
  0x00, 0x00, 0x00, 0x00, 0x00, 0x00, 0x00, 0x00, 0x00, 0x00, 0x00, 0x00,
  0x00, 0x00, 0x00, 0x00, 0x00, 0x00, 0x00, 0x00, 0x00, 0x00, 0x00, 0x00,
  0x00, 0x00, 0x00, 0x00, 0x00, 0x00, 0x00, 0x00, 0x00, 0x00, 0x00, 0x00,
  0x00, 0x00, 0x00, 0x00, 0x00, 0x00, 0x00, 0x00, 0x00, 0x00, 0x00, 0x00,
  0x00, 0x00, 0x00, 0x00, 0x00, 0x00, 0x00, 0x00, 0x00, 0x00, 0x00, 0x00,
  0x00, 0x00, 0x00, 0x00, 0x00, 0x00, 0x00, 0x00, 0x00, 0x00, 0x00, 0x00,
  0x00, 0x00, 0x00, 0x00, 0x00, 0x00, 0x00, 0x00, 0x00, 0x00, 0x00, 0x00,
  0x00, 0x00, 0x00, 0x00, 0x00, 0x00, 0x00, 0x00, 0x00, 0x00, 0x00, 0x00,
  0x00, 0x00, 0x00, 0x00, 0x00, 0x00, 0x00, 0x00, 0x00, 0x00, 0x00, 0x00,
  0x00, 0x00, 0x00, 0x00, 0x00, 0x00, 0x00, 0x00, 0x00, 0x00, 0x00, 0x00,
  0x00, 0x00, 0x00, 0x00, 0x00, 0x00, 0x00, 0x00, 0x00, 0x00, 0x00, 0x00,
  0x00, 0x00, 0x00, 0x00, 0x00, 0x00, 0x00, 0x00, 0x00, 0x00, 0x00, 0x00,
  0x00, 0x00, 0x00, 0x00, 0x00, 0x00, 0x00, 0x00, 0x00, 0x00, 0x00, 0x00,
  0x00, 0x00, 0x00, 0x00, 0x00, 0x00, 0x00, 0x00, 0x00, 0x00, 0x00, 0x00,
  0x00, 0x00, 0x00, 0x00, 0x00, 0x00, 0x00, 0x00, 0x00, 0x00, 0x00, 0x00,
  0x00, 0x00, 0x00, 0x00, 0x00, 0x00, 0x00, 0x00, 0x00, 0x00, 0x00, 0x00,
  0x00, 0x00, 0x00, 0x00, 0x00, 0x00, 0x00, 0x00, 0x00, 0x00, 0x00, 0x00,
  0x00, 0x00, 0x00, 0x00, 0x00, 0x00, 0x00, 0x00, 0x00, 0x00, 0x00, 0x00,
  0x00, 0x00, 0x00, 0x00, 0x00, 0x00, 0x00, 0x00, 0x00, 0x00, 0x00, 0x00,
  0x20, 0x00, 0x00, 0x00, 0x9a, 0x77, 0x96, 0x3c, 0xf5, 0x64, 0x84, 0x3c,
  0x97, 0x83, 0x80, 0x3c, 0x69, 0x61, 0x8a, 0x3c, 0x03, 0x20, 0x7b, 0x3c,
  0x28, 0xe2, 0x7c, 0x3c, 0x85, 0x9d, 0x6b, 0x3c, 0x10, 0xfb, 0x2e, 0x3c,
  0xb9, 0xf3, 0x83, 0x3c, 0xea, 0xd1, 0x74, 0x3c, 0x28, 0xdd, 0x80, 0x3c,
  0x8b, 0x23, 0x8d, 0x3c, 0x6a, 0x60, 0x53, 0x3c, 0x39, 0xcc, 0x73, 0x3c,
  0x25, 0xae, 0x74, 0x3c, 0x6d, 0x70, 0x2d, 0x3c, 0x87, 0xe4, 0x91, 0x3c,
  0xfd, 0xd6, 0x3f, 0x3c, 0xa6, 0xd2, 0xd2, 0x3c, 0x82, 0x57, 0x83, 0x3c,
  0x58, 0xe5, 0x80, 0x3c, 0x0f, 0xc0, 0x78, 0x3c, 0x20, 0x42, 0x70, 0x3c,
  0x26, 0x91, 0x41, 0x3c, 0x79, 0x49, 0x56, 0x3c, 0x2e, 0x20, 0xa1, 0x3c,
  0x52, 0xd0, 0x84, 0x3c, 0x9e, 0x43, 0x6f, 0x3c, 0xe6, 0xc3, 0x97, 0x3c,
  0x03, 0x00, 0x74, 0x3c, 0x98, 0x54, 0x5d, 0x3c, 0x93, 0x5f, 0x49, 0x3c,
  0x13, 0x00, 0x00, 0x00, 0x74, 0x66, 0x6c, 0x2e, 0x70, 0x73, 0x65, 0x75,
  0x64, 0x6f, 0x5f, 0x71, 0x63, 0x6f, 0x6e, 0x73, 0x74, 0x31, 0x31, 0x00,
  0x04, 0x00, 0x00, 0x00, 0x20, 0x00, 0x00, 0x00, 0x01, 0x00, 0x00, 0x00,
  0x01, 0x00, 0x00, 0x00, 0x18, 0x00, 0x00, 0x00, 0x62, 0xe8, 0xff, 0xff,
  0x00, 0x00, 0x00, 0x01, 0x14, 0x00, 0x00, 0x00, 0xa8, 0x01, 0x00, 0x00,
  0x0d, 0x00, 0x00, 0x00, 0x00, 0x00, 0x00, 0x02, 0xb4, 0x01, 0x00, 0x00,
  0xdc, 0xe7, 0xff, 0xff, 0x08, 0x00, 0x00, 0x00, 0x0c, 0x01, 0x00, 0x00,
  0x20, 0x00, 0x00, 0x00, 0x00, 0x00, 0x00, 0x00, 0x00, 0x00, 0x00, 0x00,
  0x00, 0x00, 0x00, 0x00, 0x00, 0x00, 0x00, 0x00, 0x00, 0x00, 0x00, 0x00,
  0x00, 0x00, 0x00, 0x00, 0x00, 0x00, 0x00, 0x00, 0x00, 0x00, 0x00, 0x00,
  0x00, 0x00, 0x00, 0x00, 0x00, 0x00, 0x00, 0x00, 0x00, 0x00, 0x00, 0x00,
  0x00, 0x00, 0x00, 0x00, 0x00, 0x00, 0x00, 0x00, 0x00, 0x00, 0x00, 0x00,
  0x00, 0x00, 0x00, 0x00, 0x00, 0x00, 0x00, 0x00, 0x00, 0x00, 0x00, 0x00,
  0x00, 0x00, 0x00, 0x00, 0x00, 0x00, 0x00, 0x00, 0x00, 0x00, 0x00, 0x00,
  0x00, 0x00, 0x00, 0x00, 0x00, 0x00, 0x00, 0x00, 0x00, 0x00, 0x00, 0x00,
  0x00, 0x00, 0x00, 0x00, 0x00, 0x00, 0x00, 0x00, 0x00, 0x00, 0x00, 0x00,
  0x00, 0x00, 0x00, 0x00, 0x00, 0x00, 0x00, 0x00, 0x00, 0x00, 0x00, 0x00,
  0x00, 0x00, 0x00, 0x00, 0x00, 0x00, 0x00, 0x00, 0x00, 0x00, 0x00, 0x00,
  0x00, 0x00, 0x00, 0x00, 0x00, 0x00, 0x00, 0x00, 0x00, 0x00, 0x00, 0x00,
  0x00, 0x00, 0x00, 0x00, 0x00, 0x00, 0x00, 0x00, 0x00, 0x00, 0x00, 0x00,
  0x00, 0x00, 0x00, 0x00, 0x00, 0x00, 0x00, 0x00, 0x00, 0x00, 0x00, 0x00,
  0x00, 0x00, 0x00, 0x00, 0x00, 0x00, 0x00, 0x00, 0x00, 0x00, 0x00, 0x00,
  0x00, 0x00, 0x00, 0x00, 0x00, 0x00, 0x00, 0x00, 0x00, 0x00, 0x00, 0x00,
  0x00, 0x00, 0x00, 0x00, 0x00, 0x00, 0x00, 0x00, 0x00, 0x00, 0x00, 0x00,
  0x00, 0x00, 0x00, 0x00, 0x00, 0x00, 0x00, 0x00, 0x00, 0x00, 0x00, 0x00,
  0x00, 0x00, 0x00, 0x00, 0x00, 0x00, 0x00, 0x00, 0x00, 0x00, 0x00, 0x00,
  0x00, 0x00, 0x00, 0x00, 0x00, 0x00, 0x00, 0x00, 0x00, 0x00, 0x00, 0x00,
  0x00, 0x00, 0x00, 0x00, 0x00, 0x00, 0x00, 0x00, 0x00, 0x00, 0x00, 0x00,
  0x00, 0x00, 0x00, 0x00, 0x00, 0x00, 0x00, 0x00, 0x00, 0x00, 0x00, 0x00,
  0x20, 0x00, 0x00, 0x00, 0x87, 0xc3, 0xf0, 0x39, 0x66, 0xd8, 0xd3, 0x39,
  0xe7, 0xa2, 0xcd, 0x39, 0x7d, 0x6c, 0xdd, 0x39, 0xe3, 0xe9, 0xc8, 0x39,
  0x07, 0x52, 0xca, 0x39, 0x47, 0x81, 0xbc, 0x39, 0x79, 0xfe, 0x8b, 0x39,
  0x36, 0x23, 0xd3, 0x39, 0x85, 0xde, 0xc3, 0x39, 0x38, 0x32, 0xce, 0x39,
  0x60, 0xd6, 0xe1, 0x39, 0xdb, 0x1c, 0xa9, 0x39, 0x27, 0x0d, 0xc3, 0x39,
  0xe7, 0xc1, 0xc3, 0x39, 0xbe, 0xc2, 0x8a, 0x39, 0xaf, 0x71, 0xe9, 0x39,
  0x72, 0x7b, 0x99, 0x39, 0x70, 0xab, 0x28, 0x3a, 0x40, 0x29, 0xd2, 0x39,
  0x52, 0x3f, 0xce, 0x39, 0x7e, 0x03, 0xc7, 0x39, 0x3a, 0x38, 0xc0, 0x39,
  0x33, 0xdd, 0x9a, 0x39, 0xf2, 0x70, 0xab, 0x39, 0xc6, 0xe8, 0x00, 0x3a,
  0x31, 0x84, 0xd4, 0x39, 0x9b, 0x6c, 0xbf, 0x39, 0x3d, 0xd7, 0xf2, 0x39,
  0x96, 0x36, 0xc3, 0x39, 0x8a, 0x13, 0xb1, 0x39, 0x0c, 0x1c, 0xa1, 0x39,
  0x13, 0x00, 0x00, 0x00, 0x74, 0x66, 0x6c, 0x2e, 0x70, 0x73, 0x65, 0x75,
  0x64, 0x6f, 0x5f, 0x71, 0x63, 0x6f, 0x6e, 0x73, 0x74, 0x31, 0x30, 0x00,
  0x01, 0x00, 0x00, 0x00, 0x20, 0x00, 0x00, 0x00, 0x36, 0xea, 0xff, 0xff,
  0x00, 0x00, 0x00, 0x01, 0x14, 0x00, 0x00, 0x00, 0xac, 0x01, 0x00, 0x00,
  0x0c, 0x00, 0x00, 0x00, 0x00, 0x00, 0x00, 0x09, 0xb8, 0x01, 0x00, 0x00,
  0x1a, 0xf7, 0xff, 0xff, 0x03, 0x00, 0x00, 0x00, 0x08, 0x00, 0x00, 0x00,
  0x0c, 0x01, 0x00, 0x00, 0x20, 0x00, 0x00, 0x00, 0x00, 0x00, 0x00, 0x00,
  0x00, 0x00, 0x00, 0x00, 0x00, 0x00, 0x00, 0x00, 0x00, 0x00, 0x00, 0x00,
  0x00, 0x00, 0x00, 0x00, 0x00, 0x00, 0x00, 0x00, 0x00, 0x00, 0x00, 0x00,
  0x00, 0x00, 0x00, 0x00, 0x00, 0x00, 0x00, 0x00, 0x00, 0x00, 0x00, 0x00,
  0x00, 0x00, 0x00, 0x00, 0x00, 0x00, 0x00, 0x00, 0x00, 0x00, 0x00, 0x00,
  0x00, 0x00, 0x00, 0x00, 0x00, 0x00, 0x00, 0x00, 0x00, 0x00, 0x00, 0x00,
  0x00, 0x00, 0x00, 0x00, 0x00, 0x00, 0x00, 0x00, 0x00, 0x00, 0x00, 0x00,
  0x00, 0x00, 0x00, 0x00, 0x00, 0x00, 0x00, 0x00, 0x00, 0x00, 0x00, 0x00,
  0x00, 0x00, 0x00, 0x00, 0x00, 0x00, 0x00, 0x00, 0x00, 0x00, 0x00, 0x00,
  0x00, 0x00, 0x00, 0x00, 0x00, 0x00, 0x00, 0x00, 0x00, 0x00, 0x00, 0x00,
  0x00, 0x00, 0x00, 0x00, 0x00, 0x00, 0x00, 0x00, 0x00, 0x00, 0x00, 0x00,
  0x00, 0x00, 0x00, 0x00, 0x00, 0x00, 0x00, 0x00, 0x00, 0x00, 0x00, 0x00,
  0x00, 0x00, 0x00, 0x00, 0x00, 0x00, 0x00, 0x00, 0x00, 0x00, 0x00, 0x00,
  0x00, 0x00, 0x00, 0x00, 0x00, 0x00, 0x00, 0x00, 0x00, 0x00, 0x00, 0x00,
  0x00, 0x00, 0x00, 0x00, 0x00, 0x00, 0x00, 0x00, 0x00, 0x00, 0x00, 0x00,
  0x00, 0x00, 0x00, 0x00, 0x00, 0x00, 0x00, 0x00, 0x00, 0x00, 0x00, 0x00,
  0x00, 0x00, 0x00, 0x00, 0x00, 0x00, 0x00, 0x00, 0x00, 0x00, 0x00, 0x00,
  0x00, 0x00, 0x00, 0x00, 0x00, 0x00, 0x00, 0x00, 0x00, 0x00, 0x00, 0x00,
  0x00, 0x00, 0x00, 0x00, 0x00, 0x00, 0x00, 0x00, 0x00, 0x00, 0x00, 0x00,
  0x00, 0x00, 0x00, 0x00, 0x00, 0x00, 0x00, 0x00, 0x00, 0x00, 0x00, 0x00,
  0x00, 0x00, 0x00, 0x00, 0x00, 0x00, 0x00, 0x00, 0x00, 0x00, 0x00, 0x00,
  0x00, 0x00, 0x00, 0x00, 0x00, 0x00, 0x00, 0x00, 0x00, 0x00, 0x00, 0x00,
  0x00, 0x00, 0x00, 0x00, 0x20, 0x00, 0x00, 0x00, 0x54, 0x94, 0x7b, 0x3a,
  0x3f, 0x21, 0xcc, 0x3a, 0x97, 0xd3, 0x92, 0x3a, 0x5c, 0xda, 0xb0, 0x3a,
  0xa9, 0x4c, 0xa0, 0x3a, 0xb1, 0x2e, 0x9d, 0x3a, 0x50, 0x68, 0xc3, 0x3a,
  0x46, 0x7b, 0xb7, 0x3a, 0xc1, 0x04, 0x56, 0x3a, 0x90, 0x00, 0xad, 0x3a,
  0xfa, 0xbf, 0xb0, 0x3a, 0xa7, 0xb3, 0x80, 0x3a, 0x8c, 0x41, 0xa9, 0x3a,
  0x9b, 0x64, 0x5b, 0x3a, 0x96, 0x4d, 0xaf, 0x3a, 0x04, 0x88, 0xa0, 0x3a,
  0xe6, 0xb6, 0xc2, 0x3a, 0x52, 0x0c, 0xd6, 0x3a, 0x44, 0xee, 0x99, 0x3a,
  0xef, 0xf9, 0xa4, 0x3a, 0xdb, 0x37, 0xa5, 0x3a, 0x6d, 0xf5, 0x77, 0x3a,
  0xfd, 0xbe, 0xb6, 0x3a, 0xbe, 0xf2, 0xac, 0x3a, 0x63, 0x28, 0xd1, 0x3a,
  0x6d, 0x70, 0x98, 0x3a, 0x94, 0x3e, 0x84, 0x3a, 0x33, 0x35, 0xce, 0x3a,
  0x14, 0xf8, 0xbf, 0x3a, 0x6b, 0x03, 0x46, 0x3a, 0xfb, 0xb3, 0x8c, 0x3a,
  0xf1, 0x25, 0x8b, 0x3a, 0x12, 0x00, 0x00, 0x00, 0x74, 0x66, 0x6c, 0x2e,
  0x70, 0x73, 0x65, 0x75, 0x64, 0x6f, 0x5f, 0x71, 0x63, 0x6f, 0x6e, 0x73,
  0x74, 0x39, 0x00, 0x00, 0x04, 0x00, 0x00, 0x00, 0x01, 0x00, 0x00, 0x00,
  0x03, 0x00, 0x00, 0x00, 0x03, 0x00, 0x00, 0x00, 0x20, 0x00, 0x00, 0x00,
  0x1a, 0xec, 0xff, 0xff, 0x00, 0x00, 0x00, 0x01, 0x14, 0x00, 0x00, 0x00,
  0xa4, 0x01, 0x00, 0x00, 0x0b, 0x00, 0x00, 0x00, 0x00, 0x00, 0x00, 0x02,
  0xb0, 0x01, 0x00, 0x00, 0x94, 0xeb, 0xff, 0xff, 0x08, 0x00, 0x00, 0x00,
  0x08, 0x01, 0x00, 0x00, 0x20, 0x00, 0x00, 0x00, 0x00, 0x00, 0x00, 0x00,
  0x00, 0x00, 0x00, 0x00, 0x00, 0x00, 0x00, 0x00, 0x00, 0x00, 0x00, 0x00,
  0x00, 0x00, 0x00, 0x00, 0x00, 0x00, 0x00, 0x00, 0x00, 0x00, 0x00, 0x00,
  0x00, 0x00, 0x00, 0x00, 0x00, 0x00, 0x00, 0x00, 0x00, 0x00, 0x00, 0x00,
  0x00, 0x00, 0x00, 0x00, 0x00, 0x00, 0x00, 0x00, 0x00, 0x00, 0x00, 0x00,
  0x00, 0x00, 0x00, 0x00, 0x00, 0x00, 0x00, 0x00, 0x00, 0x00, 0x00, 0x00,
  0x00, 0x00, 0x00, 0x00, 0x00, 0x00, 0x00, 0x00, 0x00, 0x00, 0x00, 0x00,
  0x00, 0x00, 0x00, 0x00, 0x00, 0x00, 0x00, 0x00, 0x00, 0x00, 0x00, 0x00,
  0x00, 0x00, 0x00, 0x00, 0x00, 0x00, 0x00, 0x00, 0x00, 0x00, 0x00, 0x00,
  0x00, 0x00, 0x00, 0x00, 0x00, 0x00, 0x00, 0x00, 0x00, 0x00, 0x00, 0x00,
  0x00, 0x00, 0x00, 0x00, 0x00, 0x00, 0x00, 0x00, 0x00, 0x00, 0x00, 0x00,
  0x00, 0x00, 0x00, 0x00, 0x00, 0x00, 0x00, 0x00, 0x00, 0x00, 0x00, 0x00,
  0x00, 0x00, 0x00, 0x00, 0x00, 0x00, 0x00, 0x00, 0x00, 0x00, 0x00, 0x00,
  0x00, 0x00, 0x00, 0x00, 0x00, 0x00, 0x00, 0x00, 0x00, 0x00, 0x00, 0x00,
  0x00, 0x00, 0x00, 0x00, 0x00, 0x00, 0x00, 0x00, 0x00, 0x00, 0x00, 0x00,
  0x00, 0x00, 0x00, 0x00, 0x00, 0x00, 0x00, 0x00, 0x00, 0x00, 0x00, 0x00,
  0x00, 0x00, 0x00, 0x00, 0x00, 0x00, 0x00, 0x00, 0x00, 0x00, 0x00, 0x00,
  0x00, 0x00, 0x00, 0x00, 0x00, 0x00, 0x00, 0x00, 0x00, 0x00, 0x00, 0x00,
  0x00, 0x00, 0x00, 0x00, 0x00, 0x00, 0x00, 0x00, 0x00, 0x00, 0x00, 0x00,
  0x00, 0x00, 0x00, 0x00, 0x00, 0x00, 0x00, 0x00, 0x00, 0x00, 0x00, 0x00,
  0x00, 0x00, 0x00, 0x00, 0x00, 0x00, 0x00, 0x00, 0x00, 0x00, 0x00, 0x00,
  0x00, 0x00, 0x00, 0x00, 0x00, 0x00, 0x00, 0x00, 0x00, 0x00, 0x00, 0x00,
  0x20, 0x00, 0x00, 0x00, 0xac, 0x6c, 0xbd, 0x37, 0xa2, 0xb2, 0x19, 0x38,
  0x7d, 0x1a, 0xdd, 0x37, 0xee, 0x28, 0x05, 0x38, 0x62, 0x64, 0xf1, 0x37,
  0xbd, 0xb2, 0xec, 0x37, 0x5e, 0x21, 0x13, 0x38, 0x9b, 0x26, 0x0a, 0x38,
  0xb6, 0x24, 0xa1, 0x37, 0xaf, 0x42, 0x02, 0x38, 0x11, 0x15, 0x05, 0x38,
  0x4a, 0xcf, 0xc1, 0x37, 0x34, 0xe1, 0xfe, 0x37, 0xa5, 0x30, 0xa5, 0x37,
  0x2f, 0xfe, 0x03, 0x38, 0xc4, 0xbd, 0xf1, 0x37, 0xc8, 0x9b, 0x12, 0x38,
  0x68, 0x2a, 0x21, 0x38, 0x33, 0xcd, 0xe7, 0x37, 0x56, 0x6f, 0xf8, 0x37,
  0x95, 0xcc, 0xf8, 0x37, 0xc5, 0xb2, 0xba, 0x37, 0xd7, 0x98, 0x09, 0x38,
  0x47, 0x38, 0x02, 0x38, 0xc6, 0x7b, 0x1d, 0x38, 0x32, 0x8e, 0xe5, 0x37,
  0x03, 0x25, 0xc7, 0x37, 0x2a, 0x43, 0x1b, 0x38, 0x9a, 0x8a, 0x10, 0x38,
  0xa8, 0x17, 0x95, 0x37, 0xdb, 0xe1, 0xd3, 0x37, 0x74, 0x8a, 0xd1, 0x37,
  0x12, 0x00, 0x00, 0x00, 0x74, 0x66, 0x6c, 0x2e, 0x70, 0x73, 0x65, 0x75,
  0x64, 0x6f, 0x5f, 0x71, 0x63, 0x6f, 0x6e, 0x73, 0x74, 0x38, 0x00, 0x00,
  0x01, 0x00, 0x00, 0x00, 0x20, 0x00, 0x00, 0x00, 0xea, 0xed, 0xff, 0xff,
  0x00, 0x00, 0x00, 0x01, 0x14, 0x00, 0x00, 0x00, 0x68, 0x02, 0x00, 0x00,
  0x0a, 0x00, 0x00, 0x00, 0x00, 0x00, 0x00, 0x09, 0x74, 0x02, 0x00, 0x00,
  0x64, 0xed, 0xff, 0xff, 0x08, 0x00, 0x00, 0x00, 0x8c, 0x01, 0x00, 0x00,
  0x30, 0x00, 0x00, 0x00, 0x00, 0x00, 0x00, 0x00, 0x00, 0x00, 0x00, 0x00,
  0x00, 0x00, 0x00, 0x00, 0x00, 0x00, 0x00, 0x00, 0x00, 0x00, 0x00, 0x00,
  0x00, 0x00, 0x00, 0x00, 0x00, 0x00, 0x00, 0x00, 0x00, 0x00, 0x00, 0x00,
  0x00, 0x00, 0x00, 0x00, 0x00, 0x00, 0x00, 0x00, 0x00, 0x00, 0x00, 0x00,
  0x00, 0x00, 0x00, 0x00, 0x00, 0x00, 0x00, 0x00, 0x00, 0x00, 0x00, 0x00,
  0x00, 0x00, 0x00, 0x00, 0x00, 0x00, 0x00, 0x00, 0x00, 0x00, 0x00, 0x00,
  0x00, 0x00, 0x00, 0x00, 0x00, 0x00, 0x00, 0x00, 0x00, 0x00, 0x00, 0x00,
  0x00, 0x00, 0x00, 0x00, 0x00, 0x00, 0x00, 0x00, 0x00, 0x00, 0x00, 0x00,
  0x00, 0x00, 0x00, 0x00, 0x00, 0x00, 0x00, 0x00, 0x00, 0x00, 0x00, 0x00,
  0x00, 0x00, 0x00, 0x00, 0x00, 0x00, 0x00, 0x00, 0x00, 0x00, 0x00, 0x00,
  0x00, 0x00, 0x00, 0x00, 0x00, 0x00, 0x00, 0x00, 0x00, 0x00, 0x00, 0x00,
  0x00, 0x00, 0x00, 0x00, 0x00, 0x00, 0x00, 0x00, 0x00, 0x00, 0x00, 0x00,
  0x00, 0x00, 0x00, 0x00, 0x00, 0x00, 0x00, 0x00, 0x00, 0x00, 0x00, 0x00,
  0x00, 0x00, 0x00, 0x00, 0x00, 0x00, 0x00, 0x00, 0x00, 0x00, 0x00, 0x00,
  0x00, 0x00, 0x00, 0x00, 0x00, 0x00, 0x00, 0x00, 0x00, 0x00, 0x00, 0x00,
  0x00, 0x00, 0x00, 0x00, 0x00, 0x00, 0x00, 0x00, 0x00, 0x00, 0x00, 0x00,
  0x00, 0x00, 0x00, 0x00, 0x00, 0x00, 0x00, 0x00, 0x00, 0x00, 0x00, 0x00,
  0x00, 0x00, 0x00, 0x00, 0x00, 0x00, 0x00, 0x00, 0x00, 0x00, 0x00, 0x00,
  0x00, 0x00, 0x00, 0x00, 0x00, 0x00, 0x00, 0x00, 0x00, 0x00, 0x00, 0x00,
  0x00, 0x00, 0x00, 0x00, 0x00, 0x00, 0x00, 0x00, 0x00, 0x00, 0x00, 0x00,
  0x00, 0x00, 0x00, 0x00, 0x00, 0x00, 0x00, 0x00, 0x00, 0x00, 0x00, 0x00,
  0x00, 0x00, 0x00, 0x00, 0x00, 0x00, 0x00, 0x00, 0x00, 0x00, 0x00, 0x00,
  0x00, 0x00, 0x00, 0x00, 0x00, 0x00, 0x00, 0x00, 0x00, 0x00, 0x00, 0x00,
  0x00, 0x00, 0x00, 0x00, 0x00, 0x00, 0x00, 0x00, 0x00, 0x00, 0x00, 0x00,
  0x00, 0x00, 0x00, 0x00, 0x00, 0x00, 0x00, 0x00, 0x00, 0x00, 0x00, 0x00,
  0x00, 0x00, 0x00, 0x00, 0x00, 0x00, 0x00, 0x00, 0x00, 0x00, 0x00, 0x00,
  0x00, 0x00, 0x00, 0x00, 0x00, 0x00, 0x00, 0x00, 0x00, 0x00, 0x00, 0x00,
  0x00, 0x00, 0x00, 0x00, 0x00, 0x00, 0x00, 0x00, 0x00, 0x00, 0x00, 0x00,
  0x00, 0x00, 0x00, 0x00, 0x00, 0x00, 0x00, 0x00, 0x00, 0x00, 0x00, 0x00,
  0x00, 0x00, 0x00, 0x00, 0x00, 0x00, 0x00, 0x00, 0x00, 0x00, 0x00, 0x00,
  0x00, 0x00, 0x00, 0x00, 0x00, 0x00, 0x00, 0x00, 0x00, 0x00, 0x00, 0x00,
  0x00, 0x00, 0x00, 0x00, 0x00, 0x00, 0x00, 0x00, 0x00, 0x00, 0x00, 0x00,
  0x00, 0x00, 0x00, 0x00, 0x00, 0x00, 0x00, 0x00, 0x30, 0x00, 0x00, 0x00,
  0x5b, 0x70, 0x63, 0x3c, 0x3a, 0x1b, 0x70, 0x3c, 0x83, 0x2a, 0x48, 0x3c,
  0x4d, 0xf3, 0x33, 0x3c, 0x00, 0xda, 0x20, 0x3c, 0xb8, 0xf2, 0x72, 0x3c,
  0xff, 0x5b, 0x60, 0x3c, 0x8c, 0xb3, 0x83, 0x3c, 0xf2, 0x97, 0x44, 0x3c,
  0xd8, 0x03, 0x71, 0x3c, 0xe4, 0x81, 0x33, 0x3c, 0x14, 0xcb, 0x78, 0x3c,
  0x57, 0x6a, 0x3f, 0x3c, 0xbf, 0x7d, 0x50, 0x3c, 0x22, 0xa4, 0x23, 0x3c,
  0x23, 0x72, 0x7f, 0x3c, 0xc3, 0x72, 0x71, 0x3c, 0xa0, 0xb8, 0x44, 0x3c,
  0x9f, 0xd4, 0x29, 0x3c, 0xee, 0x25, 0x68, 0x3c, 0x90, 0x4c, 0x83, 0x3c,
  0xb5, 0xae, 0x19, 0x3c, 0x70, 0xab, 0x31, 0x3c, 0xa7, 0xef, 0xa0, 0x3c,
  0xa7, 0xdb, 0x31, 0x3c, 0x13, 0xf4, 0x53, 0x3c, 0xad, 0xf6, 0x7a, 0x3c,
  0xbc, 0x98, 0x97, 0x3c, 0xcb, 0x7c, 0x52, 0x3c, 0x45, 0x38, 0x1e, 0x3c,
  0x34, 0x5d, 0x83, 0x3c, 0x0e, 0x30, 0x3d, 0x3c, 0xf7, 0x8b, 0x6f, 0x3c,
  0x2a, 0x81, 0x42, 0x3c, 0x81, 0xe0, 0x65, 0x3c, 0x95, 0x88, 0x38, 0x3c,
  0x2d, 0xeb, 0x29, 0x3c, 0x9b, 0xeb, 0x66, 0x3c, 0x0a, 0x2f, 0xbd, 0x3c,
  0xe9, 0x5f, 0x55, 0x3c, 0x68, 0x52, 0x21, 0x3c, 0x80, 0x0e, 0x57, 0x3c,
  0x00, 0x20, 0x2c, 0x3c, 0xb1, 0x49, 0x29, 0x3c, 0xba, 0x6e, 0x7a, 0x3c,
  0x86, 0x6a, 0x2a, 0x3c, 0xc3, 0x85, 0x83, 0x3c, 0xcf, 0xf6, 0x5c, 0x3c,
  0x12, 0x00, 0x00, 0x00, 0x74, 0x66, 0x6c, 0x2e, 0x70, 0x73, 0x65, 0x75,
  0x64, 0x6f, 0x5f, 0x71, 0x63, 0x6f, 0x6e, 0x73, 0x74, 0x37, 0x00, 0x00,
  0x04, 0x00, 0x00, 0x00, 0x30, 0x00, 0x00, 0x00, 0x01, 0x00, 0x00, 0x00,
  0x01, 0x00, 0x00, 0x00, 0x20, 0x00, 0x00, 0x00, 0x8a, 0xf0, 0xff, 0xff,
  0x00, 0x00, 0x00, 0x01, 0x14, 0x00, 0x00, 0x00, 0x64, 0x02, 0x00, 0x00,
  0x09, 0x00, 0x00, 0x00, 0x00, 0x00, 0x00, 0x02, 0x70, 0x02, 0x00, 0x00,
  0x04, 0xf0, 0xff, 0xff, 0x08, 0x00, 0x00, 0x00, 0x88, 0x01, 0x00, 0x00,
  0x30, 0x00, 0x00, 0x00, 0x00, 0x00, 0x00, 0x00, 0x00, 0x00, 0x00, 0x00,
  0x00, 0x00, 0x00, 0x00, 0x00, 0x00, 0x00, 0x00, 0x00, 0x00, 0x00, 0x00,
  0x00, 0x00, 0x00, 0x00, 0x00, 0x00, 0x00, 0x00, 0x00, 0x00, 0x00, 0x00,
  0x00, 0x00, 0x00, 0x00, 0x00, 0x00, 0x00, 0x00, 0x00, 0x00, 0x00, 0x00,
  0x00, 0x00, 0x00, 0x00, 0x00, 0x00, 0x00, 0x00, 0x00, 0x00, 0x00, 0x00,
  0x00, 0x00, 0x00, 0x00, 0x00, 0x00, 0x00, 0x00, 0x00, 0x00, 0x00, 0x00,
  0x00, 0x00, 0x00, 0x00, 0x00, 0x00, 0x00, 0x00, 0x00, 0x00, 0x00, 0x00,
  0x00, 0x00, 0x00, 0x00, 0x00, 0x00, 0x00, 0x00, 0x00, 0x00, 0x00, 0x00,
  0x00, 0x00, 0x00, 0x00, 0x00, 0x00, 0x00, 0x00, 0x00, 0x00, 0x00, 0x00,
  0x00, 0x00, 0x00, 0x00, 0x00, 0x00, 0x00, 0x00, 0x00, 0x00, 0x00, 0x00,
  0x00, 0x00, 0x00, 0x00, 0x00, 0x00, 0x00, 0x00, 0x00, 0x00, 0x00, 0x00,
  0x00, 0x00, 0x00, 0x00, 0x00, 0x00, 0x00, 0x00, 0x00, 0x00, 0x00, 0x00,
  0x00, 0x00, 0x00, 0x00, 0x00, 0x00, 0x00, 0x00, 0x00, 0x00, 0x00, 0x00,
  0x00, 0x00, 0x00, 0x00, 0x00, 0x00, 0x00, 0x00, 0x00, 0x00, 0x00, 0x00,
  0x00, 0x00, 0x00, 0x00, 0x00, 0x00, 0x00, 0x00, 0x00, 0x00, 0x00, 0x00,
  0x00, 0x00, 0x00, 0x00, 0x00, 0x00, 0x00, 0x00, 0x00, 0x00, 0x00, 0x00,
  0x00, 0x00, 0x00, 0x00, 0x00, 0x00, 0x00, 0x00, 0x00, 0x00, 0x00, 0x00,
  0x00, 0x00, 0x00, 0x00, 0x00, 0x00, 0x00, 0x00, 0x00, 0x00, 0x00, 0x00,
  0x00, 0x00, 0x00, 0x00, 0x00, 0x00, 0x00, 0x00, 0x00, 0x00, 0x00, 0x00,
  0x00, 0x00, 0x00, 0x00, 0x00, 0x00, 0x00, 0x00, 0x00, 0x00, 0x00, 0x00,
  0x00, 0x00, 0x00, 0x00, 0x00, 0x00, 0x00, 0x00, 0x00, 0x00, 0x00, 0x00,
  0x00, 0x00, 0x00, 0x00, 0x00, 0x00, 0x00, 0x00, 0x00, 0x00, 0x00, 0x00,
  0x00, 0x00, 0x00, 0x00, 0x00, 0x00, 0x00, 0x00, 0x00, 0x00, 0x00, 0x00,
  0x00, 0x00, 0x00, 0x00, 0x00, 0x00, 0x00, 0x00, 0x00, 0x00, 0x00, 0x00,
  0x00, 0x00, 0x00, 0x00, 0x00, 0x00, 0x00, 0x00, 0x00, 0x00, 0x00, 0x00,
  0x00, 0x00, 0x00, 0x00, 0x00, 0x00, 0x00, 0x00, 0x00, 0x00, 0x00, 0x00,
  0x00, 0x00, 0x00, 0x00, 0x00, 0x00, 0x00, 0x00, 0x00, 0x00, 0x00, 0x00,
  0x00, 0x00, 0x00, 0x00, 0x00, 0x00, 0x00, 0x00, 0x00, 0x00, 0x00, 0x00,
  0x00, 0x00, 0x00, 0x00, 0x00, 0x00, 0x00, 0x00, 0x00, 0x00, 0x00, 0x00,
  0x00, 0x00, 0x00, 0x00, 0x00, 0x00, 0x00, 0x00, 0x00, 0x00, 0x00, 0x00,
  0x00, 0x00, 0x00, 0x00, 0x00, 0x00, 0x00, 0x00, 0x00, 0x00, 0x00, 0x00,
  0x00, 0x00, 0x00, 0x00, 0x00, 0x00, 0x00, 0x00, 0x00, 0x00, 0x00, 0x00,
  0x00, 0x00, 0x00, 0x00, 0x30, 0x00, 0x00, 0x00, 0x89, 0x0a, 0xce, 0x39,
  0x51, 0x84, 0xd9, 0x39, 0x8e, 0x55, 0xb5, 0x39, 0x3c, 0x05, 0xa3, 0x39,
  0xec, 0xb7, 0x91, 0x39, 0x5d, 0x17, 0xdc, 0x39, 0x59, 0x40, 0xcb, 0x39,
  0x18, 0x9f, 0xee, 0x39, 0x08, 0x19, 0xb2, 0x39, 0x0c, 0x57, 0xda, 0x39,
  0x7e, 0x9e, 0xa2, 0x39, 0xf2, 0x62, 0xe1, 0x39, 0x24, 0x68, 0xad, 0x39,
  0x47, 0xe0, 0xbc, 0x39, 0xdf, 0x3e, 0x94, 0x39, 0xc7, 0x69, 0xe7, 0x39,
  0x88, 0xbb, 0xda, 0x39, 0xa3, 0x36, 0xb2, 0x39, 0x4a, 0xda, 0x99, 0x39,
  0xb0, 0x4e, 0xd2, 0x39, 0x81, 0xe4, 0xed, 0x39, 0x4c, 0x39, 0x8b, 0x39,
  0x4d, 0xf4, 0xa0, 0x39, 0x8a, 0xcb, 0x11, 0x3a, 0xfb, 0x1f, 0xa1, 0x39,
  0x38, 0x03, 0xc0, 0x39, 0x45, 0x5a, 0xe3, 0x39, 0x90, 0x55, 0x09, 0x3a,
  0x3f, 0xaf, 0xbe, 0x39, 0x94, 0x55, 0x8f, 0x39, 0xa7, 0x02, 0xee, 0x39,
  0x82, 0x63, 0xab, 0x39, 0x88, 0x02, 0xd9, 0x39, 0x90, 0x34, 0xb0, 0x39,
  0xf7, 0x3f, 0xd0, 0x39, 0x21, 0x2c, 0xa7, 0x39, 0xb8, 0xee, 0x99, 0x39,
  0xf0, 0x31, 0xd1, 0x39, 0x96, 0x62, 0x2b, 0x3a, 0xd3, 0x4c, 0xc1, 0x39,
  0x00, 0x25, 0x92, 0x39, 0xe8, 0xd2, 0xc2, 0x39, 0x68, 0xee, 0x9b, 0x39,
  0x6e, 0x5c, 0x99, 0x39, 0x1c, 0xdf, 0xe2, 0x39, 0x16, 0x62, 0x9a, 0x39,
  0x24, 0x4c, 0xee, 0x39, 0xef, 0x2c, 0xc8, 0x39, 0x12, 0x00, 0x00, 0x00,
  0x74, 0x66, 0x6c, 0x2e, 0x70, 0x73, 0x65, 0x75, 0x64, 0x6f, 0x5f, 0x71,
  0x63, 0x6f, 0x6e, 0x73, 0x74, 0x36, 0x00, 0x00, 0x01, 0x00, 0x00, 0x00,
  0x30, 0x00, 0x00, 0x00, 0x1a, 0xf3, 0xff, 0xff, 0x00, 0x00, 0x00, 0x01,
  0x28, 0x00, 0x00, 0x00, 0x80, 0x02, 0x00, 0x00, 0x08, 0x00, 0x00, 0x00,
  0x00, 0x00, 0x00, 0x09, 0x8c, 0x02, 0x00, 0x00, 0x00, 0x00, 0x12, 0x00,
  0x10, 0x00, 0x00, 0x00, 0x00, 0x00, 0x0c, 0x00, 0x08, 0x00, 0x00, 0x00,
  0x00, 0x00, 0x04, 0x00, 0x12, 0x00, 0x00, 0x00, 0x03, 0x00, 0x00, 0x00,
  0x08, 0x00, 0x00, 0x00, 0x8c, 0x01, 0x00, 0x00, 0x30, 0x00, 0x00, 0x00,
  0x00, 0x00, 0x00, 0x00, 0x00, 0x00, 0x00, 0x00, 0x00, 0x00, 0x00, 0x00,
  0x00, 0x00, 0x00, 0x00, 0x00, 0x00, 0x00, 0x00, 0x00, 0x00, 0x00, 0x00,
  0x00, 0x00, 0x00, 0x00, 0x00, 0x00, 0x00, 0x00, 0x00, 0x00, 0x00, 0x00,
  0x00, 0x00, 0x00, 0x00, 0x00, 0x00, 0x00, 0x00, 0x00, 0x00, 0x00, 0x00,
  0x00, 0x00, 0x00, 0x00, 0x00, 0x00, 0x00, 0x00, 0x00, 0x00, 0x00, 0x00,
  0x00, 0x00, 0x00, 0x00, 0x00, 0x00, 0x00, 0x00, 0x00, 0x00, 0x00, 0x00,
  0x00, 0x00, 0x00, 0x00, 0x00, 0x00, 0x00, 0x00, 0x00, 0x00, 0x00, 0x00,
  0x00, 0x00, 0x00, 0x00, 0x00, 0x00, 0x00, 0x00, 0x00, 0x00, 0x00, 0x00,
  0x00, 0x00, 0x00, 0x00, 0x00, 0x00, 0x00, 0x00, 0x00, 0x00, 0x00, 0x00,
  0x00, 0x00, 0x00, 0x00, 0x00, 0x00, 0x00, 0x00, 0x00, 0x00, 0x00, 0x00,
  0x00, 0x00, 0x00, 0x00, 0x00, 0x00, 0x00, 0x00, 0x00, 0x00, 0x00, 0x00,
  0x00, 0x00, 0x00, 0x00, 0x00, 0x00, 0x00, 0x00, 0x00, 0x00, 0x00, 0x00,
  0x00, 0x00, 0x00, 0x00, 0x00, 0x00, 0x00, 0x00, 0x00, 0x00, 0x00, 0x00,
  0x00, 0x00, 0x00, 0x00, 0x00, 0x00, 0x00, 0x00, 0x00, 0x00, 0x00, 0x00,
  0x00, 0x00, 0x00, 0x00, 0x00, 0x00, 0x00, 0x00, 0x00, 0x00, 0x00, 0x00,
  0x00, 0x00, 0x00, 0x00, 0x00, 0x00, 0x00, 0x00, 0x00, 0x00, 0x00, 0x00,
  0x00, 0x00, 0x00, 0x00, 0x00, 0x00, 0x00, 0x00, 0x00, 0x00, 0x00, 0x00,
  0x00, 0x00, 0x00, 0x00, 0x00, 0x00, 0x00, 0x00, 0x00, 0x00, 0x00, 0x00,
  0x00, 0x00, 0x00, 0x00, 0x00, 0x00, 0x00, 0x00, 0x00, 0x00, 0x00, 0x00,
  0x00, 0x00, 0x00, 0x00, 0x00, 0x00, 0x00, 0x00, 0x00, 0x00, 0x00, 0x00,
  0x00, 0x00, 0x00, 0x00, 0x00, 0x00, 0x00, 0x00, 0x00, 0x00, 0x00, 0x00,
  0x00, 0x00, 0x00, 0x00, 0x00, 0x00, 0x00, 0x00, 0x00, 0x00, 0x00, 0x00,
  0x00, 0x00, 0x00, 0x00, 0x00, 0x00, 0x00, 0x00, 0x00, 0x00, 0x00, 0x00,
  0x00, 0x00, 0x00, 0x00, 0x00, 0x00, 0x00, 0x00, 0x00, 0x00, 0x00, 0x00,
  0x00, 0x00, 0x00, 0x00, 0x00, 0x00, 0x00, 0x00, 0x00, 0x00, 0x00, 0x00,
  0x00, 0x00, 0x00, 0x00, 0x00, 0x00, 0x00, 0x00, 0x00, 0x00, 0x00, 0x00,
  0x00, 0x00, 0x00, 0x00, 0x00, 0x00, 0x00, 0x00, 0x00, 0x00, 0x00, 0x00,
  0x00, 0x00, 0x00, 0x00, 0x00, 0x00, 0x00, 0x00, 0x00, 0x00, 0x00, 0x00,
  0x00, 0x00, 0x00, 0x00, 0x00, 0x00, 0x00, 0x00, 0x00, 0x00, 0x00, 0x00,
  0x00, 0x00, 0x00, 0x00, 0x00, 0x00, 0x00, 0x00, 0x00, 0x00, 0x00, 0x00,
  0x00, 0x00, 0x00, 0x00, 0x00, 0x00, 0x00, 0x00, 0x00, 0x00, 0x00, 0x00,
  0x00, 0x00, 0x00, 0x00, 0x00, 0x00, 0x00, 0x00, 0x00, 0x00, 0x00, 0x00,
  0x00, 0x00, 0x00, 0x00, 0x30, 0x00, 0x00, 0x00, 0x2a, 0x88, 0x9b, 0x3a,
  0x1c, 0x23, 0x23, 0x3a, 0xbc, 0x0c, 0x09, 0x3a, 0xeb, 0x11, 0xb4, 0x3a,
  0x34, 0xed, 0x6d, 0x3a, 0xde, 0x84, 0x3c, 0x3a, 0x14, 0x1c, 0x65, 0x3a,
  0x59, 0x0a, 0x7c, 0x3a, 0x2f, 0x7d, 0xa0, 0x3a, 0x45, 0x8a, 0x98, 0x3a,
  0xbe, 0x2c, 0x25, 0x3a, 0x98, 0x7f, 0x75, 0x3a, 0x5e, 0xd1, 0x88, 0x3a,
  0x76, 0x35, 0xbb, 0x3a, 0xf9, 0x48, 0x8e, 0x3a, 0xbd, 0x77, 0x93, 0x3a,
  0x7b, 0x36, 0x73, 0x3a, 0x85, 0x71, 0x6a, 0x3a, 0x08, 0x83, 0x9e, 0x3a,
  0xeb, 0x2f, 0xbc, 0x3a, 0x64, 0x5b, 0x9a, 0x3a, 0x6f, 0x6d, 0x85, 0x3a,
  0xd7, 0x41, 0x8c, 0x3a, 0x42, 0x90, 0xe0, 0x3a, 0x51, 0xaa, 0x98, 0x3a,
  0xcc, 0x0b, 0xc1, 0x3a, 0xba, 0xf0, 0x43, 0x3a, 0xd2, 0x16, 0xac, 0x3a,
  0x7d, 0x66, 0x90, 0x3a, 0x6a, 0x5f, 0xe0, 0x3a, 0x68, 0x10, 0x31, 0x3a,
  0x1f, 0x4a, 0x90, 0x3a, 0x36, 0xf2, 0xa2, 0x3a, 0xf0, 0x4c, 0x91, 0x3a,
  0x17, 0xb0, 0x90, 0x3a, 0xa1, 0x42, 0x5d, 0x3a, 0x5b, 0xcf, 0x25, 0x3a,
  0xba, 0x84, 0x92, 0x3a, 0x35, 0x4b, 0xb2, 0x3a, 0x57, 0xd2, 0x74, 0x3a,
  0x67, 0x97, 0x9e, 0x3a, 0xe5, 0xc2, 0x64, 0x3a, 0x5e, 0x7c, 0xde, 0x3a,
  0xe9, 0x41, 0x52, 0x3a, 0x77, 0xb2, 0x8a, 0x3a, 0x60, 0x5a, 0x97, 0x3a,
  0x0b, 0x55, 0x5b, 0x3a, 0xfa, 0xca, 0x91, 0x3a, 0x12, 0x00, 0x00, 0x00,
  0x74, 0x66, 0x6c, 0x2e, 0x70, 0x73, 0x65, 0x75, 0x64, 0x6f, 0x5f, 0x71,
  0x63, 0x6f, 0x6e, 0x73, 0x74, 0x35, 0x00, 0x00, 0x04, 0x00, 0x00, 0x00,
  0x01, 0x00, 0x00, 0x00, 0x03, 0x00, 0x00, 0x00, 0x03, 0x00, 0x00, 0x00,
  0x30, 0x00, 0x00, 0x00, 0xd2, 0xf5, 0xff, 0xff, 0x00, 0x00, 0x00, 0x01,
  0x14, 0x00, 0x00, 0x00, 0x64, 0x02, 0x00, 0x00, 0x07, 0x00, 0x00, 0x00,
  0x00, 0x00, 0x00, 0x02, 0x70, 0x02, 0x00, 0x00, 0x4c, 0xf5, 0xff, 0xff,
  0x08, 0x00, 0x00, 0x00, 0x88, 0x01, 0x00, 0x00, 0x30, 0x00, 0x00, 0x00,
  0x00, 0x00, 0x00, 0x00, 0x00, 0x00, 0x00, 0x00, 0x00, 0x00, 0x00, 0x00,
  0x00, 0x00, 0x00, 0x00, 0x00, 0x00, 0x00, 0x00, 0x00, 0x00, 0x00, 0x00,
  0x00, 0x00, 0x00, 0x00, 0x00, 0x00, 0x00, 0x00, 0x00, 0x00, 0x00, 0x00,
  0x00, 0x00, 0x00, 0x00, 0x00, 0x00, 0x00, 0x00, 0x00, 0x00, 0x00, 0x00,
  0x00, 0x00, 0x00, 0x00, 0x00, 0x00, 0x00, 0x00, 0x00, 0x00, 0x00, 0x00,
  0x00, 0x00, 0x00, 0x00, 0x00, 0x00, 0x00, 0x00, 0x00, 0x00, 0x00, 0x00,
  0x00, 0x00, 0x00, 0x00, 0x00, 0x00, 0x00, 0x00, 0x00, 0x00, 0x00, 0x00,
  0x00, 0x00, 0x00, 0x00, 0x00, 0x00, 0x00, 0x00, 0x00, 0x00, 0x00, 0x00,
  0x00, 0x00, 0x00, 0x00, 0x00, 0x00, 0x00, 0x00, 0x00, 0x00, 0x00, 0x00,
  0x00, 0x00, 0x00, 0x00, 0x00, 0x00, 0x00, 0x00, 0x00, 0x00, 0x00, 0x00,
  0x00, 0x00, 0x00, 0x00, 0x00, 0x00, 0x00, 0x00, 0x00, 0x00, 0x00, 0x00,
  0x00, 0x00, 0x00, 0x00, 0x00, 0x00, 0x00, 0x00, 0x00, 0x00, 0x00, 0x00,
  0x00, 0x00, 0x00, 0x00, 0x00, 0x00, 0x00, 0x00, 0x00, 0x00, 0x00, 0x00,
  0x00, 0x00, 0x00, 0x00, 0x00, 0x00, 0x00, 0x00, 0x00, 0x00, 0x00, 0x00,
  0x00, 0x00, 0x00, 0x00, 0x00, 0x00, 0x00, 0x00, 0x00, 0x00, 0x00, 0x00,
  0x00, 0x00, 0x00, 0x00, 0x00, 0x00, 0x00, 0x00, 0x00, 0x00, 0x00, 0x00,
  0x00, 0x00, 0x00, 0x00, 0x00, 0x00, 0x00, 0x00, 0x00, 0x00, 0x00, 0x00,
  0x00, 0x00, 0x00, 0x00, 0x00, 0x00, 0x00, 0x00, 0x00, 0x00, 0x00, 0x00,
  0x00, 0x00, 0x00, 0x00, 0x00, 0x00, 0x00, 0x00, 0x00, 0x00, 0x00, 0x00,
  0x00, 0x00, 0x00, 0x00, 0x00, 0x00, 0x00, 0x00, 0x00, 0x00, 0x00, 0x00,
  0x00, 0x00, 0x00, 0x00, 0x00, 0x00, 0x00, 0x00, 0x00, 0x00, 0x00, 0x00,
  0x00, 0x00, 0x00, 0x00, 0x00, 0x00, 0x00, 0x00, 0x00, 0x00, 0x00, 0x00,
  0x00, 0x00, 0x00, 0x00, 0x00, 0x00, 0x00, 0x00, 0x00, 0x00, 0x00, 0x00,
  0x00, 0x00, 0x00, 0x00, 0x00, 0x00, 0x00, 0x00, 0x00, 0x00, 0x00, 0x00,
  0x00, 0x00, 0x00, 0x00, 0x00, 0x00, 0x00, 0x00, 0x00, 0x00, 0x00, 0x00,
  0x00, 0x00, 0x00, 0x00, 0x00, 0x00, 0x00, 0x00, 0x00, 0x00, 0x00, 0x00,
  0x00, 0x00, 0x00, 0x00, 0x00, 0x00, 0x00, 0x00, 0x00, 0x00, 0x00, 0x00,
  0x00, 0x00, 0x00, 0x00, 0x00, 0x00, 0x00, 0x00, 0x00, 0x00, 0x00, 0x00,
  0x00, 0x00, 0x00, 0x00, 0x00, 0x00, 0x00, 0x00, 0x00, 0x00, 0x00, 0x00,
  0x00, 0x00, 0x00, 0x00, 0x00, 0x00, 0x00, 0x00, 0x00, 0x00, 0x00, 0x00,
  0x00, 0x00, 0x00, 0x00, 0x00, 0x00, 0x00, 0x00, 0x00, 0x00, 0x00, 0x00,
  0x00, 0x00, 0x00, 0x00, 0x00, 0x00, 0x00, 0x00, 0x00, 0x00, 0x00, 0x00,
  0x30, 0x00, 0x00, 0x00, 0x76, 0x36, 0xea, 0x37, 0x55, 0xaa, 0x75, 0x37,
  0x7c, 0x61, 0x4e, 0x37, 0x05, 0x95, 0x07, 0x38, 0x0c, 0x25, 0xb3, 0x37,
  0x98, 0xf1, 0x8d, 0x37, 0x91, 0x81, 0xac, 0x37, 0x89, 0xc5, 0xbd, 0x37,
  0x74, 0xad, 0xf1, 0x37, 0x1d, 0xb5, 0xe5, 0x37, 0xd9, 0xbb, 0x78, 0x37,
  0x8b, 0xd8, 0xb8, 0x37, 0x15, 0x08, 0xce, 0x37, 0x0e, 0xf5, 0x0c, 0x38,
  0xb9, 0x43, 0xd6, 0x37, 0xad, 0x11, 0xde, 0x37, 0xfc, 0x1f, 0xb7, 0x37,
  0xaa, 0x85, 0xb0, 0x37, 0x40, 0xb3, 0xee, 0x37, 0xa2, 0xb1, 0x0d, 0x38,
  0x88, 0x71, 0xe8, 0x37, 0x14, 0xed, 0xc8, 0x37, 0xf9, 0x35, 0xd3, 0x37,
  0x47, 0x15, 0x29, 0x38, 0x5f, 0xe5, 0xe5, 0x37, 0x33, 0x5a, 0x11, 0x38,
  0x14, 0x88, 0x93, 0x37, 0xb0, 0x92, 0x01, 0x38, 0x2f, 0x73, 0xd9, 0x37,
  0x80, 0xf0, 0x28, 0x38, 0xa0, 0x51, 0x85, 0x37, 0x77, 0x48, 0xd9, 0x37,
  0xb2, 0x60, 0xf5, 0x37, 0x36, 0xce, 0xda, 0x37, 0x05, 0xe2, 0xd9, 0x37,
  0x92, 0x98, 0xa6, 0x37, 0xba, 0xb0, 0x79, 0x37, 0xbb, 0xa3, 0xdc, 0x37,
  0xa7, 0x3e, 0x06, 0x38, 0x18, 0x56, 0xb8, 0x37, 0xed, 0xd1, 0xee, 0x37,
  0x6a, 0x3e, 0xac, 0x37, 0xcc, 0x84, 0x27, 0x38, 0xbf, 0x4f, 0x9e, 0x37,
  0x8f, 0xdc, 0xd0, 0x37, 0x7c, 0xeb, 0xe3, 0x37, 0xed, 0x24, 0xa5, 0x37,
  0x03, 0x8c, 0xdb, 0x37, 0x12, 0x00, 0x00, 0x00, 0x74, 0x66, 0x6c, 0x2e,
  0x70, 0x73, 0x65, 0x75, 0x64, 0x6f, 0x5f, 0x71, 0x63, 0x6f, 0x6e, 0x73,
  0x74, 0x34, 0x00, 0x00, 0x01, 0x00, 0x00, 0x00, 0x30, 0x00, 0x00, 0x00,
  0x62, 0xf8, 0xff, 0xff, 0x00, 0x00, 0x00, 0x01, 0x14, 0x00, 0x00, 0x00,
  0x28, 0x03, 0x00, 0x00, 0x06, 0x00, 0x00, 0x00, 0x00, 0x00, 0x00, 0x09,
  0x34, 0x03, 0x00, 0x00, 0xdc, 0xf7, 0xff, 0xff, 0x08, 0x00, 0x00, 0x00,
  0x0c, 0x02, 0x00, 0x00, 0x40, 0x00, 0x00, 0x00, 0x00, 0x00, 0x00, 0x00,
  0x00, 0x00, 0x00, 0x00, 0x00, 0x00, 0x00, 0x00, 0x00, 0x00, 0x00, 0x00,
  0x00, 0x00, 0x00, 0x00, 0x00, 0x00, 0x00, 0x00, 0x00, 0x00, 0x00, 0x00,
  0x00, 0x00, 0x00, 0x00, 0x00, 0x00, 0x00, 0x00, 0x00, 0x00, 0x00, 0x00,
  0x00, 0x00, 0x00, 0x00, 0x00, 0x00, 0x00, 0x00, 0x00, 0x00, 0x00, 0x00,
  0x00, 0x00, 0x00, 0x00, 0x00, 0x00, 0x00, 0x00, 0x00, 0x00, 0x00, 0x00,
  0x00, 0x00, 0x00, 0x00, 0x00, 0x00, 0x00, 0x00, 0x00, 0x00, 0x00, 0x00,
  0x00, 0x00, 0x00, 0x00, 0x00, 0x00, 0x00, 0x00, 0x00, 0x00, 0x00, 0x00,
  0x00, 0x00, 0x00, 0x00, 0x00, 0x00, 0x00, 0x00, 0x00, 0x00, 0x00, 0x00,
  0x00, 0x00, 0x00, 0x00, 0x00, 0x00, 0x00, 0x00, 0x00, 0x00, 0x00, 0x00,
  0x00, 0x00, 0x00, 0x00, 0x00, 0x00, 0x00, 0x00, 0x00, 0x00, 0x00, 0x00,
  0x00, 0x00, 0x00, 0x00, 0x00, 0x00, 0x00, 0x00, 0x00, 0x00, 0x00, 0x00,
  0x00, 0x00, 0x00, 0x00, 0x00, 0x00, 0x00, 0x00, 0x00, 0x00, 0x00, 0x00,
  0x00, 0x00, 0x00, 0x00, 0x00, 0x00, 0x00, 0x00, 0x00, 0x00, 0x00, 0x00,
  0x00, 0x00, 0x00, 0x00, 0x00, 0x00, 0x00, 0x00, 0x00, 0x00, 0x00, 0x00,
  0x00, 0x00, 0x00, 0x00, 0x00, 0x00, 0x00, 0x00, 0x00, 0x00, 0x00, 0x00,
  0x00, 0x00, 0x00, 0x00, 0x00, 0x00, 0x00, 0x00, 0x00, 0x00, 0x00, 0x00,
  0x00, 0x00, 0x00, 0x00, 0x00, 0x00, 0x00, 0x00, 0x00, 0x00, 0x00, 0x00,
  0x00, 0x00, 0x00, 0x00, 0x00, 0x00, 0x00, 0x00, 0x00, 0x00, 0x00, 0x00,
  0x00, 0x00, 0x00, 0x00, 0x00, 0x00, 0x00, 0x00, 0x00, 0x00, 0x00, 0x00,
  0x00, 0x00, 0x00, 0x00, 0x00, 0x00, 0x00, 0x00, 0x00, 0x00, 0x00, 0x00,
  0x00, 0x00, 0x00, 0x00, 0x00, 0x00, 0x00, 0x00, 0x00, 0x00, 0x00, 0x00,
  0x00, 0x00, 0x00, 0x00, 0x00, 0x00, 0x00, 0x00, 0x00, 0x00, 0x00, 0x00,
  0x00, 0x00, 0x00, 0x00, 0x00, 0x00, 0x00, 0x00, 0x00, 0x00, 0x00, 0x00,
  0x00, 0x00, 0x00, 0x00, 0x00, 0x00, 0x00, 0x00, 0x00, 0x00, 0x00, 0x00,
  0x00, 0x00, 0x00, 0x00, 0x00, 0x00, 0x00, 0x00, 0x00, 0x00, 0x00, 0x00,
  0x00, 0x00, 0x00, 0x00, 0x00, 0x00, 0x00, 0x00, 0x00, 0x00, 0x00, 0x00,
  0x00, 0x00, 0x00, 0x00, 0x00, 0x00, 0x00, 0x00, 0x00, 0x00, 0x00, 0x00,
  0x00, 0x00, 0x00, 0x00, 0x00, 0x00, 0x00, 0x00, 0x00, 0x00, 0x00, 0x00,
  0x00, 0x00, 0x00, 0x00, 0x00, 0x00, 0x00, 0x00, 0x00, 0x00, 0x00, 0x00,
  0x00, 0x00, 0x00, 0x00, 0x00, 0x00, 0x00, 0x00, 0x00, 0x00, 0x00, 0x00,
  0x00, 0x00, 0x00, 0x00, 0x00, 0x00, 0x00, 0x00, 0x00, 0x00, 0x00, 0x00,
  0x00, 0x00, 0x00, 0x00, 0x00, 0x00, 0x00, 0x00, 0x00, 0x00, 0x00, 0x00,
  0x00, 0x00, 0x00, 0x00, 0x00, 0x00, 0x00, 0x00, 0x00, 0x00, 0x00, 0x00,
  0x00, 0x00, 0x00, 0x00, 0x00, 0x00, 0x00, 0x00, 0x00, 0x00, 0x00, 0x00,
  0x00, 0x00, 0x00, 0x00, 0x00, 0x00, 0x00, 0x00, 0x00, 0x00, 0x00, 0x00,
  0x00, 0x00, 0x00, 0x00, 0x00, 0x00, 0x00, 0x00, 0x00, 0x00, 0x00, 0x00,
  0x00, 0x00, 0x00, 0x00, 0x00, 0x00, 0x00, 0x00, 0x00, 0x00, 0x00, 0x00,
  0x00, 0x00, 0x00, 0x00, 0x00, 0x00, 0x00, 0x00, 0x00, 0x00, 0x00, 0x00,
  0x00, 0x00, 0x00, 0x00, 0x00, 0x00, 0x00, 0x00, 0x00, 0x00, 0x00, 0x00,
  0x00, 0x00, 0x00, 0x00, 0x00, 0x00, 0x00, 0x00, 0x00, 0x00, 0x00, 0x00,
  0x00, 0x00, 0x00, 0x00, 0x00, 0x00, 0x00, 0x00, 0x00, 0x00, 0x00, 0x00,
  0x00, 0x00, 0x00, 0x00, 0x00, 0x00, 0x00, 0x00, 0x00, 0x00, 0x00, 0x00,
  0x00, 0x00, 0x00, 0x00, 0x00, 0x00, 0x00, 0x00, 0x40, 0x00, 0x00, 0x00,
  0xf6, 0xb8, 0x3e, 0x3c, 0x56, 0x5f, 0x64, 0x3c, 0xe1, 0xab, 0x92, 0x3c,
  0x1c, 0x55, 0x88, 0x3c, 0xbd, 0x0d, 0x9f, 0x3c, 0xaa, 0x51, 0x63, 0x3c,
  0x21, 0x26, 0x74, 0x3c, 0x6a, 0x5f, 0x8e, 0x3c, 0x12, 0xa8, 0x71, 0x3c,
  0x5e, 0xa3, 0x48, 0x3c, 0x9b, 0x3f, 0x7e, 0x3c, 0x09, 0xd5, 0x81, 0x3c,
  0xa3, 0x60, 0x65, 0x3c, 0x5f, 0xc5, 0x95, 0x3c, 0x27, 0x19, 0x78, 0x3c,
  0xf1, 0x69, 0x6d, 0x3c, 0xe0, 0x4a, 0x62, 0x3c, 0x93, 0x7e, 0x8c, 0x3c,
  0xce, 0xa6, 0x85, 0x3c, 0x07, 0x56, 0x55, 0x3c, 0x3e, 0xe6, 0xb4, 0x3c,
  0x7a, 0x64, 0x82, 0x3c, 0x34, 0x58, 0x81, 0x3c, 0xd5, 0x64, 0x48, 0x3c,
  0xc7, 0x98, 0x65, 0x3c, 0xa4, 0x1a, 0x83, 0x3c, 0x6f, 0x62, 0x77, 0x3c,
  0x0f, 0xe7, 0x5d, 0x3c, 0xfd, 0x80, 0x62, 0x3c, 0xc2, 0xf9, 0xab, 0x3c,
  0x46, 0xe2, 0x88, 0x3c, 0x0e, 0x05, 0x73, 0x3c, 0x28, 0x83, 0x81, 0x3c,
  0x5c, 0xdc, 0x74, 0x3c, 0xb0, 0x35, 0x46, 0x3c, 0x64, 0x42, 0xac, 0x3c,
  0x2e, 0x4d, 0x92, 0x3c, 0xdd, 0xc1, 0x94, 0x3c, 0x1e, 0x1d, 0x55, 0x3c,
  0xde, 0x55, 0x5e, 0x3c, 0x22, 0x20, 0x9b, 0x3c, 0x92, 0xea, 0x60, 0x3c,
  0xb2, 0xfd, 0x64, 0x3c, 0xaf, 0xd9, 0x8a, 0x3c, 0xb4, 0x48, 0x81, 0x3c,
  0xf0, 0xca, 0x5e, 0x3c, 0x6c, 0x82, 0x73, 0x3c, 0x1d, 0xb9, 0x45, 0x3c,
  0xf1, 0xd0, 0x64, 0x3c, 0x59, 0x55, 0xb8, 0x3c, 0x8b, 0x9e, 0x85, 0x3c,
  0x1b, 0x80, 0x3c, 0x3c, 0xbc, 0xa3, 0x7f, 0x3c, 0xb7, 0x1a, 0x78, 0x3c,
  0x18, 0x7b, 0x85, 0x3c, 0x82, 0x47, 0x67, 0x3c, 0x8c, 0x8d, 0x6b, 0x3c,
  0x3d, 0x39, 0x7a, 0x3c, 0xb8, 0x2d, 0x86, 0x3c, 0xa2, 0xd0, 0x91, 0x3c,
  0xbf, 0x83, 0x4d, 0x3c, 0x8a, 0xf7, 0x70, 0x3c, 0x65, 0xf4, 0x81, 0x3c,
  0xf7, 0x51, 0x85, 0x3c, 0x12, 0x00, 0x00, 0x00, 0x74, 0x66, 0x6c, 0x2e,
  0x70, 0x73, 0x65, 0x75, 0x64, 0x6f, 0x5f, 0x71, 0x63, 0x6f, 0x6e, 0x73,
  0x74, 0x33, 0x00, 0x00, 0x04, 0x00, 0x00, 0x00, 0x40, 0x00, 0x00, 0x00,
  0x01, 0x00, 0x00, 0x00, 0x01, 0x00, 0x00, 0x00, 0x30, 0x00, 0x00, 0x00,
  0xc2, 0xfb, 0xff, 0xff, 0x00, 0x00, 0x00, 0x01, 0x14, 0x00, 0x00, 0x00,
  0x24, 0x03, 0x00, 0x00, 0x05, 0x00, 0x00, 0x00, 0x00, 0x00, 0x00, 0x02,
  0x30, 0x03, 0x00, 0x00, 0x3c, 0xfb, 0xff, 0xff, 0x08, 0x00, 0x00, 0x00,
  0x08, 0x02, 0x00, 0x00, 0x40, 0x00, 0x00, 0x00, 0x00, 0x00, 0x00, 0x00,
  0x00, 0x00, 0x00, 0x00, 0x00, 0x00, 0x00, 0x00, 0x00, 0x00, 0x00, 0x00,
  0x00, 0x00, 0x00, 0x00, 0x00, 0x00, 0x00, 0x00, 0x00, 0x00, 0x00, 0x00,
  0x00, 0x00, 0x00, 0x00, 0x00, 0x00, 0x00, 0x00, 0x00, 0x00, 0x00, 0x00,
  0x00, 0x00, 0x00, 0x00, 0x00, 0x00, 0x00, 0x00, 0x00, 0x00, 0x00, 0x00,
  0x00, 0x00, 0x00, 0x00, 0x00, 0x00, 0x00, 0x00, 0x00, 0x00, 0x00, 0x00,
  0x00, 0x00, 0x00, 0x00, 0x00, 0x00, 0x00, 0x00, 0x00, 0x00, 0x00, 0x00,
  0x00, 0x00, 0x00, 0x00, 0x00, 0x00, 0x00, 0x00, 0x00, 0x00, 0x00, 0x00,
  0x00, 0x00, 0x00, 0x00, 0x00, 0x00, 0x00, 0x00, 0x00, 0x00, 0x00, 0x00,
  0x00, 0x00, 0x00, 0x00, 0x00, 0x00, 0x00, 0x00, 0x00, 0x00, 0x00, 0x00,
  0x00, 0x00, 0x00, 0x00, 0x00, 0x00, 0x00, 0x00, 0x00, 0x00, 0x00, 0x00,
  0x00, 0x00, 0x00, 0x00, 0x00, 0x00, 0x00, 0x00, 0x00, 0x00, 0x00, 0x00,
  0x00, 0x00, 0x00, 0x00, 0x00, 0x00, 0x00, 0x00, 0x00, 0x00, 0x00, 0x00,
  0x00, 0x00, 0x00, 0x00, 0x00, 0x00, 0x00, 0x00, 0x00, 0x00, 0x00, 0x00,
  0x00, 0x00, 0x00, 0x00, 0x00, 0x00, 0x00, 0x00, 0x00, 0x00, 0x00, 0x00,
  0x00, 0x00, 0x00, 0x00, 0x00, 0x00, 0x00, 0x00, 0x00, 0x00, 0x00, 0x00,
  0x00, 0x00, 0x00, 0x00, 0x00, 0x00, 0x00, 0x00, 0x00, 0x00, 0x00, 0x00,
  0x00, 0x00, 0x00, 0x00, 0x00, 0x00, 0x00, 0x00, 0x00, 0x00, 0x00, 0x00,
  0x00, 0x00, 0x00, 0x00, 0x00, 0x00, 0x00, 0x00, 0x00, 0x00, 0x00, 0x00,
  0x00, 0x00, 0x00, 0x00, 0x00, 0x00, 0x00, 0x00, 0x00, 0x00, 0x00, 0x00,
  0x00, 0x00, 0x00, 0x00, 0x00, 0x00, 0x00, 0x00, 0x00, 0x00, 0x00, 0x00,
  0x00, 0x00, 0x00, 0x00, 0x00, 0x00, 0x00, 0x00, 0x00, 0x00, 0x00, 0x00,
  0x00, 0x00, 0x00, 0x00, 0x00, 0x00, 0x00, 0x00, 0x00, 0x00, 0x00, 0x00,
  0x00, 0x00, 0x00, 0x00, 0x00, 0x00, 0x00, 0x00, 0x00, 0x00, 0x00, 0x00,
  0x00, 0x00, 0x00, 0x00, 0x00, 0x00, 0x00, 0x00, 0x00, 0x00, 0x00, 0x00,
  0x00, 0x00, 0x00, 0x00, 0x00, 0x00, 0x00, 0x00, 0x00, 0x00, 0x00, 0x00,
  0x00, 0x00, 0x00, 0x00, 0x00, 0x00, 0x00, 0x00, 0x00, 0x00, 0x00, 0x00,
  0x00, 0x00, 0x00, 0x00, 0x00, 0x00, 0x00, 0x00, 0x00, 0x00, 0x00, 0x00,
  0x00, 0x00, 0x00, 0x00, 0x00, 0x00, 0x00, 0x00, 0x00, 0x00, 0x00, 0x00,
  0x00, 0x00, 0x00, 0x00, 0x00, 0x00, 0x00, 0x00, 0x00, 0x00, 0x00, 0x00,
  0x00, 0x00, 0x00, 0x00, 0x00, 0x00, 0x00, 0x00, 0x00, 0x00, 0x00, 0x00,
  0x00, 0x00, 0x00, 0x00, 0x00, 0x00, 0x00, 0x00, 0x00, 0x00, 0x00, 0x00,
  0x00, 0x00, 0x00, 0x00, 0x00, 0x00, 0x00, 0x00, 0x00, 0x00, 0x00, 0x00,
  0x00, 0x00, 0x00, 0x00, 0x00, 0x00, 0x00, 0x00, 0x00, 0x00, 0x00, 0x00,
  0x00, 0x00, 0x00, 0x00, 0x00, 0x00, 0x00, 0x00, 0x00, 0x00, 0x00, 0x00,
  0x00, 0x00, 0x00, 0x00, 0x00, 0x00, 0x00, 0x00, 0x00, 0x00, 0x00, 0x00,
  0x00, 0x00, 0x00, 0x00, 0x00, 0x00, 0x00, 0x00, 0x00, 0x00, 0x00, 0x00,
  0x00, 0x00, 0x00, 0x00, 0x00, 0x00, 0x00, 0x00, 0x00, 0x00, 0x00, 0x00,
  0x00, 0x00, 0x00, 0x00, 0x00, 0x00, 0x00, 0x00, 0x00, 0x00, 0x00, 0x00,
  0x00, 0x00, 0x00, 0x00, 0x00, 0x00, 0x00, 0x00, 0x00, 0x00, 0x00, 0x00,
  0x00, 0x00, 0x00, 0x00, 0x00, 0x00, 0x00, 0x00, 0x00, 0x00, 0x00, 0x00,
  0x00, 0x00, 0x00, 0x00, 0x00, 0x00, 0x00, 0x00, 0x00, 0x00, 0x00, 0x00,
  0x00, 0x00, 0x00, 0x00, 0x00, 0x00, 0x00, 0x00, 0x00, 0x00, 0x00, 0x00,
  0x00, 0x00, 0x00, 0x00, 0x40, 0x00, 0x00, 0x00, 0x21, 0x3c, 0x3f, 0x39,
  0x66, 0xfc, 0x64, 0x39, 0xc0, 0x10, 0x93, 0x39, 0xdf, 0xb2, 0x88, 0x39,
  0x20, 0x7b, 0x9f, 0x39, 0x00, 0xee, 0x63, 0x39, 0x0a, 0xce, 0x74, 0x39,
  0x54, 0xc1, 0x8e, 0x39, 0x45, 0x4e, 0x72, 0x39, 0x5b, 0x2d, 0x49, 0x39,
  0x77, 0xee, 0x7e, 0x39, 0x54, 0x2e, 0x82, 0x39, 0x64, 0xfe, 0x65, 0x39,
  0x60, 0x2c, 0x96, 0x39, 0xc8, 0xc3, 0x78, 0x39, 0x39, 0x0d, 0x6e, 0x39,
  0x82, 0xe6, 0x62, 0x39, 0x33, 0xdf, 0x8c, 0x39, 0xb9, 0x02, 0x86, 0x39,
  0xbf, 0xe8, 0x55, 0x39, 0xa8, 0x62, 0xb5, 0x39, 0x27, 0xbe, 0x82, 0x39,
  0x29, 0xb1, 0x81, 0x39, 0xa7, 0xee, 0x48, 0x39, 0xae, 0x36, 0x66, 0x39,
  0xcf, 0x74, 0x83, 0x39, 0x92, 0x0c, 0x78, 0x39, 0xac, 0x7f, 0x5e, 0x39,
  0xc4, 0x1c, 0x63, 0x39, 0x08, 0x70, 0xac, 0x39, 0x6a, 0x40, 0x89, 0x39,
  0x31, 0xac, 0x73, 0x39, 0x3a, 0xdc, 0x81, 0x39, 0xc3, 0x84, 0x75, 0x39,
  0x01, 0xbe, 0x46, 0x39, 0xdc, 0xb8, 0xac, 0x39, 0xcc, 0xb1, 0x92, 0x39,
  0x2c, 0x28, 0x95, 0x39, 0xaf, 0xaf, 0x55, 0x39, 0xc7, 0xee, 0x5e, 0x39,
  0xd2, 0x8a, 0x9b, 0x39, 0x41, 0x85, 0x61, 0x39, 0x2f, 0x9b, 0x65, 0x39,
  0x2d, 0x39, 0x8b, 0x39, 0x9e, 0xa1, 0x81, 0x39, 0x29, 0x64, 0x5f, 0x39,
  0xe5, 0x29, 0x74, 0x39, 0x19, 0x41, 0x46, 0x39, 0x4f, 0x6e, 0x65, 0x39,
  0x1f, 0xd4, 0xb8, 0x39, 0x70, 0xfa, 0x85, 0x39, 0xbf, 0x01, 0x3d, 0x39,
  0xc6, 0x29, 0x80, 0x39, 0x59, 0xc5, 0x78, 0x39, 0xe5, 0xd6, 0x85, 0x39,
  0x92, 0xe6, 0x67, 0x39, 0x8c, 0x2f, 0x6c, 0x39, 0x54, 0xe5, 0x7a, 0x39,
  0x00, 0x8a, 0x86, 0x39, 0xeb, 0x34, 0x92, 0x39, 0x16, 0x11, 0x4e, 0x39,
  0x43, 0x9d, 0x71, 0x39, 0xc5, 0x4d, 0x82, 0x39, 0xa8, 0xad, 0x85, 0x39,
  0x12, 0x00, 0x00, 0x00, 0x74, 0x66, 0x6c, 0x2e, 0x70, 0x73, 0x65, 0x75,
  0x64, 0x6f, 0x5f, 0x71, 0x63, 0x6f, 0x6e, 0x73, 0x74, 0x32, 0x00, 0x00,
  0x01, 0x00, 0x00, 0x00, 0x40, 0x00, 0x00, 0x00, 0x12, 0xff, 0xff, 0xff,
  0x00, 0x00, 0x00, 0x01, 0x14, 0x00, 0x00, 0x00, 0x48, 0x00, 0x00, 0x00,
  0x04, 0x00, 0x00, 0x00, 0x00, 0x00, 0x00, 0x09, 0x54, 0x00, 0x00, 0x00,
  0x8c, 0xfe, 0xff, 0xff, 0x08, 0x00, 0x00, 0x00, 0x20, 0x00, 0x00, 0x00,
  0x03, 0x00, 0x00, 0x00, 0x00, 0x00, 0x00, 0x00, 0x00, 0x00, 0x00, 0x00,
  0x00, 0x00, 0x00, 0x00, 0x00, 0x00, 0x00, 0x00, 0x00, 0x00, 0x00, 0x00,
  0x00, 0x00, 0x00, 0x00, 0x03, 0x00, 0x00, 0x00, 0x68, 0xaa, 0x3e, 0x3b,
  0x81, 0x42, 0x6e, 0x3b, 0x4d, 0xfa, 0x4c, 0x3b, 0x12, 0x00, 0x00, 0x00,
  0x74, 0x66, 0x6c, 0x2e, 0x70, 0x73, 0x65, 0x75, 0x64, 0x6f, 0x5f, 0x71,
  0x63, 0x6f, 0x6e, 0x73, 0x74, 0x31, 0x00, 0x00, 0x02, 0x00, 0x00, 0x00,
  0x03, 0x00, 0x00, 0x00, 0x40, 0x00, 0x00, 0x00, 0x8a, 0xff, 0xff, 0xff,
  0x00, 0x00, 0x00, 0x01, 0x14, 0x00, 0x00, 0x00, 0x48, 0x00, 0x00, 0x00,
  0x03, 0x00, 0x00, 0x00, 0x00, 0x00, 0x00, 0x02, 0x54, 0x00, 0x00, 0x00,
  0x04, 0xff, 0xff, 0xff, 0x08, 0x00, 0x00, 0x00, 0x20, 0x00, 0x00, 0x00,
  0x03, 0x00, 0x00, 0x00, 0x00, 0x00, 0x00, 0x00, 0x00, 0x00, 0x00, 0x00,
  0x00, 0x00, 0x00, 0x00, 0x00, 0x00, 0x00, 0x00, 0x00, 0x00, 0x00, 0x00,
  0x00, 0x00, 0x00, 0x00, 0x03, 0x00, 0x00, 0x00, 0x48, 0x24, 0x0b, 0x38,
  0xd9, 0xdf, 0x2d, 0x38, 0x13, 0x96, 0x15, 0x38, 0x11, 0x00, 0x00, 0x00,
  0x74, 0x66, 0x6c, 0x2e, 0x70, 0x73, 0x65, 0x75, 0x64, 0x6f, 0x5f, 0x71,
  0x63, 0x6f, 0x6e, 0x73, 0x74, 0x00, 0x00, 0x00, 0x01, 0x00, 0x00, 0x00,
  0x03, 0x00, 0x00, 0x00, 0x00, 0x00, 0x16, 0x00, 0x1c, 0x00, 0x18, 0x00,
  0x17, 0x00, 0x10, 0x00, 0x0c, 0x00, 0x08, 0x00, 0x00, 0x00, 0x00, 0x00,
  0x00, 0x00, 0x07, 0x00, 0x16, 0x00, 0x00, 0x00, 0x00, 0x00, 0x00, 0x01,
  0x18, 0x00, 0x00, 0x00, 0x18, 0x00, 0x00, 0x00, 0x02, 0x00, 0x00, 0x00,
  0x00, 0x00, 0x00, 0x02, 0x20, 0x00, 0x00, 0x00, 0x04, 0x00, 0x04, 0x00,
  0x04, 0x00, 0x00, 0x00, 0x0e, 0x00, 0x00, 0x00, 0x61, 0x72, 0x69, 0x74,
  0x68, 0x2e, 0x63, 0x6f, 0x6e, 0x73, 0x74, 0x61, 0x6e, 0x74, 0x00, 0x00,
  0x01, 0x00, 0x00, 0x00, 0x02, 0x00, 0x00, 0x00, 0x00, 0x00, 0x16, 0x00,
  0x20, 0x00, 0x1c, 0x00, 0x1b, 0x00, 0x14, 0x00, 0x10, 0x00, 0x0c, 0x00,
  0x00, 0x00, 0x00, 0x00, 0x08, 0x00, 0x07, 0x00, 0x16, 0x00, 0x00, 0x00,
  0x00, 0x00, 0x00, 0x01, 0x18, 0x00, 0x00, 0x00, 0x34, 0x00, 0x00, 0x00,
  0x50, 0x00, 0x00, 0x00, 0x01, 0x00, 0x00, 0x00, 0x00, 0x00, 0x00, 0x09,
  0x60, 0x00, 0x00, 0x00, 0x04, 0x00, 0x00, 0x00, 0xff, 0xff, 0xff, 0xff,
  0x60, 0x00, 0x00, 0x00, 0x60, 0x00, 0x00, 0x00, 0x03, 0x00, 0x00, 0x00,
  0x0c, 0x00, 0x0c, 0x00, 0x00, 0x00, 0x00, 0x00, 0x08, 0x00, 0x04, 0x00,
  0x0c, 0x00, 0x00, 0x00, 0x08, 0x00, 0x00, 0x00, 0x10, 0x00, 0x00, 0x00,
  0x01, 0x00, 0x00, 0x00, 0x80, 0xff, 0xff, 0xff, 0xff, 0xff, 0xff, 0xff,
  0x01, 0x00, 0x00, 0x00, 0x81, 0x80, 0x80, 0x3b, 0x17, 0x00, 0x00, 0x00,
  0x73, 0x65, 0x72, 0x76, 0x69, 0x6e, 0x67, 0x5f, 0x64, 0x65, 0x66, 0x61,
  0x75, 0x6c, 0x74, 0x5f, 0x69, 0x6d, 0x61, 0x67, 0x65, 0x3a, 0x30, 0x00,
  0x04, 0x00, 0x00, 0x00, 0x01, 0x00, 0x00, 0x00, 0x60, 0x00, 0x00, 0x00,
  0x60, 0x00, 0x00, 0x00, 0x03, 0x00, 0x00, 0x00, 0x04, 0x00, 0x00, 0x00,
  0x4c, 0x00, 0x00, 0x00, 0x2c, 0x00, 0x00, 0x00, 0x18, 0x00, 0x00, 0x00,
  0x04, 0x00, 0x00, 0x00, 0xd0, 0xff, 0xff, 0xff, 0x09, 0x00, 0x00, 0x00,
  0x04, 0x00, 0x00, 0x00, 0x00, 0x00, 0x00, 0x09, 0xe0, 0xff, 0xff, 0xff,
  0x28, 0x00, 0x00, 0x00, 0x02, 0x00, 0x00, 0x00, 0x00, 0x00, 0x00, 0x28,
  0xf0, 0xff, 0xff, 0xff, 0x04, 0x00, 0x00, 0x00, 0x03, 0x00, 0x00, 0x00,
  0x00, 0x00, 0x00, 0x04, 0x0c, 0x00, 0x10, 0x00, 0x0f, 0x00, 0x00, 0x00,
  0x08, 0x00, 0x04, 0x00, 0x0c, 0x00, 0x00, 0x00, 0x03, 0x00, 0x00, 0x00,
  0x03, 0x00, 0x00, 0x00, 0x00, 0x00, 0x00, 0x03,
};
const int g_model_len = 21992;
const char g_model_sha256[65] = "c8f97f74baec7c98ec52eaed97dc377c621471a317361787980b8e120fad02f8";

#undef AIOT_MODEL_STORAGE
