model,profile,relative_path,actual,predicted,confidence
v5_float,clean,test/paper/paper104.jpg,paper,paper,0.7241809368133545
v5_float,clean,test/paper/paper112.jpg,paper,paper,0.7368577122688293
v5_float,clean,test/paper/paper113.jpg,paper,other,0.48389196395874023
v5_float,clean,test/paper/paper114.jpg,paper,paper,0.6844255924224854
v5_float,clean,test/paper/paper12.jpg,paper,paper,0.6798127889633179
v5_float,clean,test/paper/paper120.jpg,paper,paper,0.6487280130386353
v5_float,clean,test/paper/paper124.jpg,paper,paper,0.5027521848678589
v5_float,clean,test/paper/paper125.jpg,paper,paper,0.6023898124694824
v5_float,clean,test/paper/paper129.jpg,paper,paper,0.6775614023208618
v5_float,clean,test/paper/paper13.jpg,paper,plastic,0.6304152607917786
v5_float,clean,test/paper/paper137.jpg,paper,plastic,0.4818620979785919
v5_float,clean,test/paper/paper143.jpg,paper,paper,0.7105817794799805
v5_float,clean,test/paper/paper149.jpg,paper,plastic,0.4643114507198334
v5_float,clean,test/paper/paper161.jpg,paper,paper,0.6027347445487976
v5_float,clean,test/paper/paper167.jpg,paper,paper,0.4630221128463745
v5_float,clean,test/paper/paper169.jpg,paper,paper,0.46165499091148376
v5_float,clean,test/paper/paper186.jpg,paper,paper,0.6440703272819519
v5_float,clean,test/paper/paper188.jpg,paper,paper,0.8554208874702454
v5_float,clean,test/paper/paper208.jpg,paper,paper,0.6095079779624939
v5_float,clean,test/paper/paper209.jpg,paper,organic,0.46295595169067383
v5_float,clean,test/paper/paper218.jpg,paper,paper,0.3686063587665558
v5_float,clean,test/paper/paper219.jpg,paper,paper,0.7249315977096558
v5_float,clean,test/paper/paper220.jpg,paper,paper,0.6281890869140625
v5_float,clean,test/paper/paper225.jpg,paper,paper,0.42728984355926514
v5_float,clean,test/paper/paper230.jpg,paper,paper,0.6393941044807434
v5_float,clean,test/paper/paper235.jpg,paper,paper,0.3960564136505127
v5_float,clean,test/paper/paper266.jpg,paper,paper,0.6435126066207886
v5_float,clean,test/paper/paper269.jpg,paper,paper,0.6795214414596558
v5_float,clean,test/paper/paper271.jpg,paper,paper,0.6589503288269043
v5_float,clean,test/paper/paper273.jpg,paper,paper,0.6477720141410828
v5_float,clean,test/paper/paper276.jpg,paper,paper,0.3812483847141266
v5_float,clean,test/paper/paper279.jpg,paper,plastic,0.45949384570121765
v5_float,clean,test/paper/paper282.jpg,paper,paper,0.5383994579315186
v5_float,clean,test/paper/paper286.jpg,paper,paper,0.6335882544517517
v5_float,clean,test/paper/paper289.jpg,paper,paper,0.6241943836212158
v5_float,clean,test/paper/paper294.jpg,paper,paper,0.6579952239990234
v5_float,clean,test/paper/paper3.jpg,paper,paper,0.48327043652534485
v5_float,clean,test/paper/paper301.jpg,paper,paper,0.5526622533798218
v5_float,clean,test/paper/paper303.jpg,paper,paper,0.5760113596916199
v5_float,clean,test/paper/paper311.jpg,paper,organic,0.8596740961074829
v5_float,clean,test/paper/paper319.jpg,paper,paper,0.6081911325454712
v5_float,clean,test/paper/paper32.jpg,paper,paper,0.5071458220481873
v5_float,clean,test/paper/paper346.jpg,paper,paper,0.4808421730995178
v5_float,clean,test/paper/paper348.jpg,paper,plastic,0.4293142557144165
v5_float,clean,test/paper/paper350.jpg,paper,paper,0.5687019228935242
v5_float,clean,test/paper/paper354.jpg,paper,paper,0.4952757954597473
v5_float,clean,test/paper/paper356.jpg,paper,paper,0.8507635593414307
v5_float,clean,test/paper/paper357.jpg,paper,paper,0.7242165207862854
v5_float,clean,test/paper/paper361.jpg,paper,paper,0.7251566052436829
v5_float,clean,test/paper/paper362.jpg,paper,paper,0.49910402297973633
v5_float,clean,test/paper/paper368.jpg,paper,plastic,0.3965997099876404
v5_float,clean,test/paper/paper373.jpg,paper,paper,0.6028636693954468
v5_float,clean,test/paper/paper380.jpg,paper,paper,0.5788437724113464
v5_float,clean,test/paper/paper381.jpg,paper,paper,0.7557868957519531
v5_float,clean,test/paper/paper385.jpg,paper,plastic,0.5162347555160522
v5_float,clean,test/paper/paper392.jpg,paper,paper,0.6199046969413757
v5_float,clean,test/paper/paper396.jpg,paper,paper,0.7078081369400024
v5_float,clean,test/paper/paper404.jpg,paper,paper,0.5865050554275513
v5_float,clean,test/paper/paper405.jpg,paper,paper,0.5078648328781128
v5_float,clean,test/paper/paper416.jpg,paper,paper,0.5438157320022583
v5_float,clean,test/paper/paper417.jpg,paper,plastic,0.50049889087677
v5_float,clean,test/paper/paper422.jpg,paper,paper,0.525785505771637
v5_float,clean,test/paper/paper434.jpg,paper,paper,0.576760470867157
v5_float,clean,test/paper/paper444.jpg,paper,paper,0.5584424734115601
v5_float,clean,test/paper/paper450.jpg,paper,paper,0.7005464434623718
v5_float,clean,test/paper/paper457.jpg,paper,paper,0.43354707956314087
v5_float,clean,test/paper/paper460.jpg,paper,paper,0.6903295516967773
v5_float,clean,test/paper/paper461.jpg,paper,paper,0.645150363445282
v5_float,clean,test/paper/paper462.jpg,paper,paper,0.45620599389076233
v5_float,clean,test/paper/paper465.jpg,paper,other,0.5368649363517761
v5_float,clean,test/paper/paper474.jpg,paper,organic,0.6955888867378235
v5_float,clean,test/paper/paper48.jpg,paper,paper,0.4398958384990692
v5_float,clean,test/paper/paper495.jpg,paper,paper,0.6110498309135437
v5_float,clean,test/paper/paper500.jpg,paper,paper,0.782922625541687
v5_float,clean,test/paper/paper502.jpg,paper,paper,0.7343419194221497
v5_float,clean,test/paper/paper503.jpg,paper,paper,0.4861007034778595
v5_float,clean,test/paper/paper505.jpg,paper,paper,0.4986162483692169
v5_float,clean,test/paper/paper508.jpg,paper,plastic,0.46644118428230286
v5_float,clean,test/paper/paper515.jpg,paper,paper,0.6314257383346558
v5_float,clean,test/paper/paper525.jpg,paper,plastic,0.5253905057907104
v5_float,clean,test/paper/paper527.jpg,paper,paper,0.5525485873222351
v5_float,clean,test/paper/paper53.jpg,paper,paper,0.36364153027534485
v5_float,clean,test/paper/paper534.jpg,paper,paper,0.581091046333313
v5_float,clean,test/paper/paper537.jpg,paper,paper,0.6381593346595764
v5_float,clean,test/paper/paper541.jpg,paper,organic,0.4596620500087738
v5_float,clean,test/paper/paper542.jpg,paper,paper,0.6501572728157043
v5_float,clean,test/paper/paper543.jpg,paper,paper,0.8217129707336426
v5_float,clean,test/paper/paper547.jpg,paper,paper,0.5555223226547241
v5_float,clean,test/paper/paper548.jpg,paper,paper,0.4085627496242523
v5_float,clean,test/paper/paper55.jpg,paper,paper,0.7830027937889099
v5_float,clean,test/paper/paper557.jpg,paper,paper,0.6137501001358032
v5_float,clean,test/paper/paper558.jpg,paper,paper,0.4518650472164154
v5_float,clean,test/paper/paper563.jpg,paper,other,0.4630240797996521
v5_float,clean,test/paper/paper569.jpg,paper,paper,0.661511242389679
v5_float,clean,test/paper/paper570.jpg,paper,paper,0.5709935426712036
v5_float,clean,test/paper/paper576.jpg,paper,plastic,0.6254253387451172
v5_float,clean,test/paper/paper58.jpg,paper,paper,0.6777271628379822
v5_float,clean,test/paper/paper586.jpg,paper,paper,0.5941675305366516
v5_float,clean,test/paper/paper593.jpg,paper,paper,0.5355262160301208
v5_float,clean,test/paper/paper6.jpg,paper,paper,0.6415261030197144
v5_float,clean,test/paper/paper68.jpg,paper,paper,0.45104750990867615
v5_float,clean,test/paper/paper69.jpg,paper,paper,0.48341691493988037
v5_float,clean,test/paper/paper7.jpg,paper,paper,0.753179132938385
v5_float,clean,test/paper/paper70.jpg,paper,paper,0.4862693250179291
v5_float,clean,test/paper/paper77.jpg,paper,paper,0.820563793182373
v5_float,clean,test/paper/paper86.jpg,paper,organic,0.5892617106437683
v5_float,clean,test/paper/paper94.jpg,paper,other,0.34763622283935547
v5_float,clean,test/paper/paper97.jpg,paper,paper,0.5636418461799622
v5_float,clean,test/plastic/plastic103.jpg,plastic,plastic,0.7078338265419006
v5_float,clean,test/plastic/plastic114.jpg,plastic,plastic,0.49009183049201965
v5_float,clean,test/plastic/plastic122.jpg,plastic,plastic,0.9042362570762634
v5_float,clean,test/plastic/plastic125.jpg,plastic,paper,0.44193360209465027
v5_float,clean,test/plastic/plastic126.jpg,plastic,plastic,0.42093536257743835
v5_float,clean,test/plastic/plastic132.jpg,plastic,plastic,0.4535660445690155
v5_float,clean,test/plastic/plastic138.jpg,plastic,plastic,0.5370545983314514
v5_float,clean,test/plastic/plastic145.jpg,plastic,paper,0.5106974244117737
v5_float,clean,test/plastic/plastic146.jpg,plastic,paper,0.5060447454452515
v5_float,clean,test/plastic/plastic152.jpg,plastic,paper,0.6668513417243958
v5_float,clean,test/plastic/plastic156.jpg,plastic,paper,0.5093348622322083
v5_float,clean,test/plastic/plastic159.jpg,plastic,plastic,0.5829324126243591
v5_float,clean,test/plastic/plastic170.jpg,plastic,paper,0.38781309127807617
v5_float,clean,test/plastic/plastic172.jpg,plastic,plastic,0.6853925585746765
v5_float,clean,test/plastic/plastic177.jpg,plastic,plastic,0.7296212315559387
v5_float,clean,test/plastic/plastic187.jpg,plastic,plastic,0.6774051189422607
v5_float,clean,test/plastic/plastic2.jpg,plastic,paper,0.6284963488578796
v5_float,clean,test/plastic/plastic201.jpg,plastic,other,0.5227529406547546
v5_float,clean,test/plastic/plastic205.jpg,plastic,plastic,0.7845080494880676
v5_float,clean,test/plastic/plastic207.jpg,plastic,plastic,0.7136967778205872
v5_float,clean,test/plastic/plastic21.jpg,plastic,plastic,0.7909708619117737
v5_float,clean,test/plastic/plastic214.jpg,plastic,plastic,0.7944757342338562
v5_float,clean,test/plastic/plastic217.jpg,plastic,plastic,0.9404386281967163
v5_float,clean,test/plastic/plastic226.jpg,plastic,plastic,0.7876172661781311
v5_float,clean,test/plastic/plastic227.jpg,plastic,plastic,0.8527314066886902
v5_float,clean,test/plastic/plastic242.jpg,plastic,plastic,0.770862877368927
v5_float,clean,test/plastic/plastic251.jpg,plastic,plastic,0.9179723858833313
v5_float,clean,test/plastic/plastic252.jpg,plastic,plastic,0.8228550553321838
v5_float,clean,test/plastic/plastic253.jpg,plastic,plastic,0.8920947909355164
v5_float,clean,test/plastic/plastic260.jpg,plastic,plastic,0.662606954574585
v5_float,clean,test/plastic/plastic264.jpg,plastic,other,0.7033485770225525
v5_float,clean,test/plastic/plastic265.jpg,plastic,plastic,0.9102396965026855
v5_float,clean,test/plastic/plastic268.jpg,plastic,other,0.5243808031082153
v5_float,clean,test/plastic/plastic270.jpg,plastic,plastic,0.866127073764801
v5_float,clean,test/plastic/plastic285.jpg,plastic,other,0.7259881496429443
v5_float,clean,test/plastic/plastic305.jpg,plastic,paper,0.49913260340690613
v5_float,clean,test/plastic/plastic306.jpg,plastic,plastic,0.9390794634819031
v5_float,clean,test/plastic/plastic312.jpg,plastic,other,0.44442352652549744
v5_float,clean,test/plastic/plastic314.jpg,plastic,paper,0.46281683444976807
v5_float,clean,test/plastic/plastic315.jpg,plastic,plastic,0.7697596549987793
v5_float,clean,test/plastic/plastic317.jpg,plastic,plastic,0.8864623308181763
v5_float,clean,test/plastic/plastic32.jpg,plastic,plastic,0.896355390548706
v5_float,clean,test/plastic/plastic328.jpg,plastic,paper,0.4231553375720978
v5_float,clean,test/plastic/plastic348.jpg,plastic,plastic,0.7639356255531311
v5_float,clean,test/plastic/plastic349.jpg,plastic,plastic,0.9409345984458923
v5_float,clean,test/plastic/plastic372.jpg,plastic,plastic,0.8925392627716064
v5_float,clean,test/plastic/plastic374.jpg,plastic,other,0.39665666222572327
v5_float,clean,test/plastic/plastic379.jpg,plastic,plastic,0.9213823676109314
v5_float,clean,test/plastic/plastic383.jpg,plastic,plastic,0.558536946773529
v5_float,clean,test/plastic/plastic388.jpg,plastic,plastic,0.9245651960372925
v5_float,clean,test/plastic/plastic39.jpg,plastic,plastic,0.7064666152000427
v5_float,clean,test/plastic/plastic390.jpg,plastic,plastic,0.799782395362854
v5_float,clean,test/plastic/plastic398.jpg,plastic,plastic,0.9095704555511475
v5_float,clean,test/plastic/plastic399.jpg,plastic,plastic,0.9388628602027893
v5_float,clean,test/plastic/plastic405.jpg,plastic,paper,0.5610369443893433
v5_float,clean,test/plastic/plastic411.jpg,plastic,plastic,0.8968084454536438
v5_float,clean,test/plastic/plastic420.jpg,plastic,plastic,0.8805185556411743
v5_float,clean,test/plastic/plastic423.jpg,plastic,plastic,0.9466954469680786
v5_float,clean,test/plastic/plastic426.jpg,plastic,plastic,0.9060721397399902
v5_float,clean,test/plastic/plastic434.jpg,plastic,plastic,0.8907076716423035
v5_float,clean,test/plastic/plastic438.jpg,plastic,paper,0.5345051884651184
v5_float,clean,test/plastic/plastic465.jpg,plastic,paper,0.4659693241119385
v5_float,clean,test/plastic/plastic473.jpg,plastic,plastic,0.5642374157905579
v5_float,clean,test/plastic/plastic49.jpg,plastic,plastic,0.9253701567649841
v5_float,clean,test/plastic/plastic64.jpg,plastic,plastic,0.6961432695388794
v5_float,clean,test/plastic/plastic66.jpg,plastic,plastic,0.834844708442688
v5_float,clean,test/plastic/plastic67.jpg,plastic,plastic,0.8960362672805786
v5_float,clean,test/plastic/plastic79.jpg,plastic,other,0.5154918432235718
v5_float,clean,test/plastic/plastic80.jpg,plastic,plastic,0.8477318286895752
v5_float,clean,test/plastic/plastic82.jpg,plastic,plastic,0.5602721571922302
v5_float,clean,test/plastic/plastic84.jpg,plastic,plastic,0.887494683265686
v5_float,clean,test/plastic/plastic93.jpg,plastic,other,0.5126236081123352
v5_float,clean,test/plastic/plastic98.jpg,plastic,other,0.596420407295227
v5_float,clean,test/plastic/plastic99.jpg,plastic,plastic,0.938234269618988
v5_float,clean,test/organic/organic_0001.jpg,organic,organic,0.7913651466369629
v5_float,clean,test/organic/organic_0002.jpg,organic,organic,0.9414641857147217
v5_float,clean,test/organic/organic_0003.jpg,organic,organic,0.7340665459632874
v5_float,clean,test/organic/organic_0004.jpg,organic,organic,0.5386320352554321
v5_float,clean,test/organic/organic_0005.jpg,organic,organic,0.5604525208473206
v5_float,clean,test/organic/organic_0006.jpg,organic,organic,0.9418858885765076
v5_float,clean,test/organic/organic_0007.jpg,organic,organic,0.5336652994155884
v5_float,clean,test/organic/organic_0008.jpg,organic,organic,0.6594107151031494
v5_float,clean,test/organic/organic_0009.jpg,organic,organic,0.8979648351669312
v5_float,clean,test/organic/organic_0010.jpg,organic,organic,0.9644227623939514
v5_float,clean,test/organic/organic_0011.jpg,organic,organic,0.9620327353477478
v5_float,clean,test/organic/organic_0012.jpg,organic,organic,0.9722185730934143
v5_float,clean,test/organic/organic_0013.jpg,organic,paper,0.5533815026283264
v5_float,clean,test/organic/organic_0014.jpg,organic,paper,0.6667569875717163
v5_float,clean,test/organic/organic_0015.jpg,organic,organic,0.9796116948127747
v5_float,clean,test/organic/organic_0016.jpg,organic,organic,0.8509301543235779
v5_float,clean,test/organic/organic_0017.jpg,organic,organic,0.9354373216629028
v5_float,clean,test/organic/organic_0018.jpg,organic,organic,0.6814106702804565
v5_float,clean,test/organic/organic_0019.jpg,organic,other,0.3599942624568939
v5_float,clean,test/organic/organic_0020.jpg,organic,paper,0.5582978129386902
v5_float,clean,test/organic/organic_0021.jpg,organic,organic,0.9431411027908325
v5_float,clean,test/organic/organic_0022.jpg,organic,organic,0.6767707467079163
v5_float,clean,test/organic/organic_0023.jpg,organic,organic,0.8310686349868774
v5_float,clean,test/organic/organic_0024.jpg,organic,organic,0.6895304322242737
v5_float,clean,test/organic/organic_0025.jpg,organic,organic,0.9782171249389648
v5_float,clean,test/organic/organic_0026.jpg,organic,organic,0.5315103530883789
v5_float,clean,test/organic/organic_0027.jpg,organic,organic,0.8496072292327881
v5_float,clean,test/organic/organic_0028.jpg,organic,organic,0.7629861831665039
v5_float,clean,test/organic/organic_0029.jpg,organic,organic,0.9084713459014893
v5_float,clean,test/organic/organic_0030.jpg,organic,organic,0.7968874573707581
v5_float,clean,test/organic/organic_0031.jpg,organic,organic,0.8875507712364197
v5_float,clean,test/organic/organic_0032.jpg,organic,organic,0.8091270923614502
v5_float,clean,test/organic/organic_0033.jpg,organic,organic,0.98460453748703
v5_float,clean,test/organic/organic_0034.jpg,organic,organic,0.7846894264221191
v5_float,clean,test/organic/organic_0035.jpg,organic,other,0.7058421969413757
v5_float,clean,test/organic/organic_0036.jpg,organic,organic,0.5460755228996277
v5_float,clean,test/organic/organic_0037.jpg,organic,organic,0.8676577806472778
v5_float,clean,test/organic/organic_0038.jpg,organic,other,0.4943518340587616
v5_float,clean,test/organic/organic_0039.jpg,organic,organic,0.9290080070495605
v5_float,clean,test/organic/organic_0040.jpg,organic,organic,0.9474179148674011
v5_float,clean,test/organic/organic_0041.jpg,organic,organic,0.7954238653182983
v5_float,clean,test/organic/organic_0042.jpg,organic,organic,0.8294163942337036
v5_float,clean,test/organic/organic_0043.jpg,organic,organic,0.5595443844795227
v5_float,clean,test/organic/organic_0044.jpg,organic,organic,0.44428959488868713
v5_float,clean,test/organic/organic_0045.jpg,organic,organic,0.8234571814537048
v5_float,clean,test/organic/organic_0046.jpg,organic,paper,0.5763207674026489
v5_float,clean,test/organic/organic_0047.jpg,organic,organic,0.9527419209480286
v5_float,clean,test/organic/organic_0048.jpg,organic,organic,0.48691800236701965
v5_float,clean,test/organic/organic_0049.jpg,organic,organic,0.9781980514526367
v5_float,clean,test/organic/organic_0050.jpg,organic,organic,0.9214231967926025
v5_float,clean,test/organic/organic_0051.jpg,organic,paper,0.6330170631408691
v5_float,clean,test/organic/organic_0052.jpg,organic,organic,0.9089411497116089
v5_float,clean,test/organic/organic_0053.jpg,organic,organic,0.7908644080162048
v5_float,clean,test/organic/organic_0054.jpg,organic,organic,0.7856391668319702
v5_float,clean,test/organic/organic_0055.jpg,organic,organic,0.8305301070213318
v5_float,clean,test/organic/organic_0056.jpg,organic,organic,0.6922405958175659
v5_float,clean,test/organic/organic_0057.jpg,organic,organic,0.8821293115615845
v5_float,clean,test/organic/organic_0058.jpg,organic,organic,0.9458476305007935
v5_float,clean,test/organic/organic_0059.jpg,organic,organic,0.8535706996917725
v5_float,clean,test/organic/organic_0060.jpg,organic,organic,0.6939845085144043
v5_float,clean,test/organic/organic_0061.jpg,organic,paper,0.6041505336761475
v5_float,clean,test/organic/organic_0062.jpg,organic,organic,0.794593870639801
v5_float,clean,test/organic/organic_0063.jpg,organic,organic,0.9107046723365784
v5_float,clean,test/organic/organic_0064.jpg,organic,organic,0.857763409614563
v5_float,clean,test/organic/organic_0065.jpg,organic,organic,0.7911807894706726
v5_float,clean,test/organic/organic_0066.jpg,organic,organic,0.9244483709335327
v5_float,clean,test/organic/organic_0067.jpg,organic,organic,0.4458127021789551
v5_float,clean,test/organic/organic_0068.jpg,organic,organic,0.7998836040496826
v5_float,clean,test/organic/organic_0069.jpg,organic,organic,0.9440434575080872
v5_float,clean,test/organic/organic_0070.jpg,organic,plastic,0.34187179803848267
v5_float,clean,test/organic/organic_0071.jpg,organic,organic,0.9917746186256409
v5_float,clean,test/organic/organic_0072.jpg,organic,organic,0.9817889332771301
v5_float,clean,test/organic/organic_0073.jpg,organic,organic,0.9661327600479126
v5_float,clean,test/organic/organic_0074.jpg,organic,organic,0.892641007900238
v5_float,clean,test/other/cardboard105.jpg,other,other,0.9208492636680603
v5_float,clean,test/other/cardboard115.jpg,other,other,0.8670384287834167
v5_float,clean,test/other/cardboard121.jpg,other,other,0.5379192233085632
v5_float,clean,test/other/cardboard125.jpg,other,other,0.6460779905319214
v5_float,clean,test/other/cardboard128.jpg,other,other,0.41831400990486145
v5_float,clean,test/other/cardboard160.jpg,other,other,0.8336623907089233
v5_float,clean,test/other/cardboard162.jpg,other,plastic,0.42241907119750977
v5_float,clean,test/other/cardboard175.jpg,other,other,0.5104691386222839
v5_float,clean,test/other/cardboard18.jpg,other,other,0.7747082710266113
v5_float,clean,test/other/cardboard184.jpg,other,other,0.8487035632133484
v5_float,clean,test/other/cardboard19.jpg,other,other,0.8842870593070984
v5_float,clean,test/other/cardboard190.jpg,other,paper,0.5417929291725159
v5_float,clean,test/other/cardboard2.jpg,other,other,0.3728088438510895
v5_float,clean,test/other/cardboard208.jpg,other,other,0.9006375074386597
v5_float,clean,test/other/cardboard210.jpg,other,other,0.9066670536994934
v5_float,clean,test/other/cardboard213.jpg,other,other,0.89354407787323
v5_float,clean,test/other/cardboard214.jpg,other,other,0.7978779077529907
v5_float,clean,test/other/cardboard216.jpg,other,other,0.5072381496429443
v5_float,clean,test/other/cardboard218.jpg,other,other,0.5737220644950867
v5_float,clean,test/other/cardboard222.jpg,other,other,0.9515453577041626
v5_float,clean,test/other/cardboard231.jpg,other,other,0.916256844997406
v5_float,clean,test/other/cardboard239.jpg,other,other,0.4649328589439392
v5_float,clean,test/other/cardboard248.jpg,other,other,0.4793040454387665
v5_float,clean,test/other/cardboard252.jpg,other,other,0.6849777698516846
v5_float,clean,test/other/cardboard259.jpg,other,other,0.9567771553993225
v5_float,clean,test/other/cardboard260.jpg,other,other,0.7321165800094604
v5_float,clean,test/other/cardboard261.jpg,other,other,0.8959001898765564
v5_float,clean,test/other/cardboard266.jpg,other,organic,0.549344539642334
v5_float,clean,test/other/cardboard274.jpg,other,other,0.4432618021965027
v5_float,clean,test/other/cardboard276.jpg,other,other,0.4485269784927368
v5_float,clean,test/other/cardboard286.jpg,other,other,0.4636565148830414
v5_float,clean,test/other/cardboard289.jpg,other,other,0.9279599785804749
v5_float,clean,test/other/cardboard290.jpg,other,other,0.6655126214027405
v5_float,clean,test/other/cardboard293.jpg,other,other,0.9060340523719788
v5_float,clean,test/other/cardboard299.jpg,other,other,0.8962731957435608
v5_float,clean,test/other/cardboard304.jpg,other,other,0.9058426022529602
v5_float,clean,test/other/cardboard308.jpg,other,other,0.6276494860649109
v5_float,clean,test/other/cardboard31.jpg,other,other,0.947934627532959
v5_float,clean,test/other/cardboard310.jpg,other,other,0.9620612859725952
v5_float,clean,test/other/cardboard312.jpg,other,other,0.9216121435165405
v5_float,clean,test/other/cardboard313.jpg,other,other,0.9758275747299194
v5_float,clean,test/other/cardboard314.jpg,other,other,0.9485827088356018
v5_float,clean,test/other/cardboard321.jpg,other,other,0.6852917671203613
v5_float,clean,test/other/cardboard323.jpg,other,other,0.8087522387504578
v5_float,clean,test/other/cardboard332.jpg,other,other,0.9391002655029297
v5_float,clean,test/other/cardboard334.jpg,other,other,0.883683979511261
v5_float,clean,test/other/cardboard34.jpg,other,other,0.9077197909355164
v5_float,clean,test/other/cardboard356.jpg,other,other,0.8322069048881531
v5_float,clean,test/other/cardboard363.jpg,other,other,0.6476547718048096
v5_float,clean,test/other/cardboard372.jpg,other,other,0.79338538646698
v5_float,clean,test/other/cardboard383.jpg,other,other,0.5545632839202881
v5_float,clean,test/other/cardboard384.jpg,other,organic,0.6036492586135864
v5_float,clean,test/other/cardboard387.jpg,other,plastic,0.6911824941635132
v5_float,clean,test/other/cardboard388.jpg,other,other,0.890741229057312
v5_float,clean,test/other/cardboard397.jpg,other,other,0.9332315921783447
v5_float,clean,test/other/cardboard40.jpg,other,other,0.9368231892585754
v5_float,clean,test/other/cardboard401.jpg,other,other,0.9682905673980713
v5_float,clean,test/other/cardboard44.jpg,other,other,0.9010682106018066
v5_float,clean,test/other/cardboard51.jpg,other,other,0.9774633646011353
v5_float,clean,test/other/cardboard57.jpg,other,other,0.9098851680755615
v5_float,clean,test/other/cardboard63.jpg,other,plastic,0.6929945349693298
v5_float,clean,test/other/cardboard69.jpg,other,paper,0.40761902928352356
v5_float,clean,test/other/cardboard71.jpg,other,other,0.7890876531600952
v5_float,clean,test/other/cardboard73.jpg,other,other,0.7544033527374268
v5_float,clean,test/other/cardboard8.jpg,other,other,0.9068006873130798
v5_float,clean,test/other/cardboard88.jpg,other,other,0.876488983631134
v5_float,clean,test/other/cardboard89.jpg,other,other,0.838736891746521
v5_float,clean,test/other/cardboard9.jpg,other,other,0.9527912735939026
v5_float,clean,test/other/cardboard92.jpg,other,other,0.9011852145195007
v5_float,clean,test/other/cardboard98.jpg,other,other,0.8770020604133606
v5_float,clean,test/other/metal112.jpg,other,other,0.5529101490974426
v5_float,clean,test/other/metal114.jpg,other,paper,0.5495363473892212
v5_float,clean,test/other/metal119.jpg,other,other,0.4389989674091339
v5_float,clean,test/other/metal12.jpg,other,other,0.5990493893623352
v5_float,clean,test/other/metal13.jpg,other,other,0.494853138923645
v5_float,clean,test/other/metal133.jpg,other,other,0.7605253458023071
v5_float,clean,test/other/metal134.jpg,other,other,0.5296233296394348
v5_float,clean,test/other/metal139.jpg,other,other,0.5525445938110352
v5_float,clean,test/other/metal143.jpg,other,paper,0.38131606578826904
v5_float,clean,test/other/metal146.jpg,other,other,0.8442888855934143
v5_float,clean,test/other/metal157.jpg,other,other,0.3588065505027771
v5_float,clean,test/other/metal159.jpg,other,plastic,0.38094964623451233
v5_float,clean,test/other/metal161.jpg,other,plastic,0.6051836609840393
v5_float,clean,test/other/metal170.jpg,other,paper,0.7098814249038696
v5_float,clean,test/other/metal172.jpg,other,paper,0.688848614692688
v5_float,clean,test/other/metal175.jpg,other,paper,0.6112532615661621
v5_float,clean,test/other/metal18.jpg,other,plastic,0.699627161026001
v5_float,clean,test/other/metal186.jpg,other,other,0.5945380926132202
v5_float,clean,test/other/metal187.jpg,other,other,0.40285083651542664
v5_float,clean,test/other/metal188.jpg,other,paper,0.3172467052936554
v5_float,clean,test/other/metal192.jpg,other,other,0.44330474734306335
v5_float,clean,test/other/metal198.jpg,other,other,0.578849732875824
v5_float,clean,test/other/metal201.jpg,other,plastic,0.5049667954444885
v5_float,clean,test/other/metal205.jpg,other,paper,0.3834405243396759
v5_float,clean,test/other/metal209.jpg,other,plastic,0.3451240360736847
v5_float,clean,test/other/metal217.jpg,other,other,0.5733049511909485
v5_float,clean,test/other/metal239.jpg,other,other,0.46793150901794434
v5_float,clean,test/other/metal24.jpg,other,paper,0.3684600293636322
v5_float,clean,test/other/metal246.jpg,other,other,0.39734718203544617
v5_float,clean,test/other/metal247.jpg,other,other,0.5737639665603638
v5_float,clean,test/other/metal248.jpg,other,plastic,0.5857621431350708
v5_float,clean,test/other/metal249.jpg,other,paper,0.472694993019104
v5_float,clean,test/other/metal258.jpg,other,paper,0.5803266763687134
v5_float,clean,test/other/metal261.jpg,other,other,0.4155203104019165
v5_float,clean,test/other/metal263.jpg,other,other,0.6004452705383301
v5_float,clean,test/other/metal269.jpg,other,other,0.6654810309410095
v5_float,clean,test/other/metal27.jpg,other,other,0.34660497307777405
v5_float,clean,test/other/metal275.jpg,other,other,0.6215276122093201
v5_float,clean,test/other/metal292.jpg,other,plastic,0.6031474471092224
v5_float,clean,test/other/metal296.jpg,other,plastic,0.47581925988197327
v5_float,clean,test/other/metal317.jpg,other,other,0.5211468935012817
v5_float,clean,test/other/metal324.jpg,other,organic,0.40813079476356506
v5_float,clean,test/other/metal325.jpg,other,other,0.6236218214035034
v5_float,clean,test/other/metal328.jpg,other,other,0.5932392477989197
v5_float,clean,test/other/metal33.jpg,other,other,0.468688428401947
v5_float,clean,test/other/metal341.jpg,other,paper,0.4886761009693146
v5_float,clean,test/other/metal344.jpg,other,plastic,0.698988676071167
v5_float,clean,test/other/metal350.jpg,other,plastic,0.4521516263484955
v5_float,clean,test/other/metal355.jpg,other,other,0.8683897256851196
v5_float,clean,test/other/metal364.jpg,other,other,0.700227677822113
v5_float,clean,test/other/metal370.jpg,other,other,0.5778883099555969
v5_float,clean,test/other/metal387.jpg,other,other,0.4913991391658783
v5_float,clean,test/other/metal389.jpg,other,other,0.5997626781463623
v5_float,clean,test/other/metal393.jpg,other,other,0.3460085690021515
v5_float,clean,test/other/metal394.jpg,other,other,0.45556893944740295
v5_float,clean,test/other/metal395.jpg,other,other,0.4056044816970825
v5_float,clean,test/other/metal403.jpg,other,other,0.841726541519165
v5_float,clean,test/other/metal48.jpg,other,paper,0.46542680263519287
v5_float,clean,test/other/metal50.jpg,other,other,0.4614921808242798
v5_float,clean,test/other/metal52.jpg,other,paper,0.43140193819999695
v5_float,clean,test/other/metal62.jpg,other,other,0.43242740631103516
v5_float,clean,test/other/metal65.jpg,other,paper,0.3766946494579315
v5_float,clean,test/other/metal68.jpg,other,other,0.513837456703186
v5_float,clean,test/other/metal77.jpg,other,paper,0.547556459903717
v5_float,clean,test/other/metal80.jpg,other,other,0.471587598323822
v5_float,clean,test/other/metal84.jpg,other,other,0.5069265365600586
v5_float,clean,test/other/metal87.jpg,other,other,0.48383408784866333
v5_float,clean,test/other/metal99.jpg,other,other,0.7908923625946045
v5_float,low_light,test/paper/paper104.jpg,paper,paper,0.46208542585372925
v5_float,low_light,test/paper/paper112.jpg,paper,other,0.456548810005188
v5_float,low_light,test/paper/paper113.jpg,paper,paper,0.5665501356124878
v5_float,low_light,test/paper/paper114.jpg,paper,paper,0.565941572189331
v5_float,low_light,test/paper/paper12.jpg,paper,other,0.36011195182800293
v5_float,low_light,test/paper/paper120.jpg,paper,plastic,0.595325231552124
v5_float,low_light,test/paper/paper124.jpg,paper,plastic,0.6150591373443604
v5_float,low_light,test/paper/paper125.jpg,paper,other,0.45526033639907837
v5_float,low_light,test/paper/paper129.jpg,paper,paper,0.5549602508544922
v5_float,low_light,test/paper/paper13.jpg,paper,plastic,0.7811750173568726
v5_float,low_light,test/paper/paper137.jpg,paper,plastic,0.4066181480884552
v5_float,low_light,test/paper/paper143.jpg,paper,plastic,0.6796868443489075
v5_float,low_light,test/paper/paper149.jpg,paper,plastic,0.4483523964881897
v5_float,low_light,test/paper/paper161.jpg,paper,paper,0.46725571155548096
v5_float,low_light,test/paper/paper167.jpg,paper,paper,0.4688206613063812
v5_float,low_light,test/paper/paper169.jpg,paper,plastic,0.6496808528900146
v5_float,low_light,test/paper/paper186.jpg,paper,plastic,0.3905373513698578
v5_float,low_light,test/paper/paper188.jpg,paper,paper,0.7986181378364563
v5_float,low_light,test/paper/paper208.jpg,paper,paper,0.4777691662311554
v5_float,low_light,test/paper/paper209.jpg,paper,organic,0.5012409687042236
v5_float,low_light,test/paper/paper218.jpg,paper,other,0.48059141635894775
v5_float,low_light,test/paper/paper219.jpg,paper,plastic,0.6876497268676758
v5_float,low_light,test/paper/paper220.jpg,paper,plastic,0.5713813304901123
v5_float,low_light,test/paper/paper225.jpg,paper,plastic,0.5958343148231506
v5_float,low_light,test/paper/paper230.jpg,paper,plastic,0.5002604126930237
v5_float,low_light,test/paper/paper235.jpg,paper,other,0.5561540722846985
v5_float,low_light,test/paper/paper266.jpg,paper,paper,0.45101818442344666
v5_float,low_light,test/paper/paper269.jpg,paper,paper,0.4010014235973358
v5_float,low_light,test/paper/paper271.jpg,paper,plastic,0.40291717648506165
v5_float,low_light,test/paper/paper273.jpg,paper,plastic,0.650574266910553
v5_float,low_light,test/paper/paper276.jpg,paper,plastic,0.35932543873786926
v5_float,low_light,test/paper/paper279.jpg,paper,plastic,0.5203140377998352
v5_float,low_light,test/paper/paper282.jpg,paper,plastic,0.6976073384284973
v5_float,low_light,test/paper/paper286.jpg,paper,paper,0.5174097418785095
v5_float,low_light,test/paper/paper289.jpg,paper,paper,0.5473657846450806
v5_float,low_light,test/paper/paper294.jpg,paper,plastic,0.6230669617652893
v5_float,low_light,test/paper/paper3.jpg,paper,other,0.4512293338775635
v5_float,low_light,test/paper/paper301.jpg,paper,other,0.5302309393882751
v5_float,low_light,test/paper/paper303.jpg,paper,plastic,0.5282596945762634
v5_float,low_light,test/paper/paper311.jpg,paper,organic,0.6692636013031006
v5_float,low_light,test/paper/paper319.jpg,paper,paper,0.5003440976142883
v5_float,low_light,test/paper/paper32.jpg,paper,plastic,0.4156244099140167
v5_float,low_light,test/paper/paper346.jpg,paper,plastic,0.39535853266716003
v5_float,low_light,test/paper/paper348.jpg,paper,other,0.5022847056388855
v5_float,low_light,test/paper/paper350.jpg,paper,plastic,0.5943687558174133
v5_float,low_light,test/paper/paper354.jpg,paper,other,0.4256424903869629
v5_float,low_light,test/paper/paper356.jpg,paper,paper,0.4229542016983032
v5_float,low_light,test/paper/paper357.jpg,paper,plastic,0.6861242055892944
v5_float,low_light,test/paper/paper361.jpg,paper,plastic,0.6083062887191772
v5_float,low_light,test/paper/paper362.jpg,paper,other,0.47945764660835266
v5_float,low_light,test/paper/paper368.jpg,paper,plastic,0.5307890176773071
v5_float,low_light,test/paper/paper373.jpg,paper,plastic,0.5926740765571594
v5_float,low_light,test/paper/paper380.jpg,paper,paper,0.39113524556159973
v5_float,low_light,test/paper/paper381.jpg,paper,paper,0.41286852955818176
v5_float,low_light,test/paper/paper385.jpg,paper,plastic,0.5915704369544983
v5_float,low_light,test/paper/paper392.jpg,paper,paper,0.5204635262489319
v5_float,low_light,test/paper/paper396.jpg,paper,plastic,0.4519988000392914
v5_float,low_light,test/paper/paper404.jpg,paper,other,0.3963870704174042
v5_float,low_light,test/paper/paper405.jpg,paper,paper,0.45179131627082825
v5_float,low_light,test/paper/paper416.jpg,paper,plastic,0.5781378746032715
v5_float,low_light,test/paper/paper417.jpg,paper,other,0.45797351002693176
v5_float,low_light,test/paper/paper422.jpg,paper,paper,0.3887089788913727
v5_float,low_light,test/paper/paper434.jpg,paper,plastic,0.42576250433921814
v5_float,low_light,test/paper/paper444.jpg,paper,plastic,0.6293764114379883
v5_float,low_light,test/paper/paper450.jpg,paper,paper,0.6491520404815674
v5_float,low_light,test/paper/paper457.jpg,paper,organic,0.37909242510795593
v5_float,low_light,test/paper/paper460.jpg,paper,other,0.4849715530872345
v5_float,low_light,test/paper/paper461.jpg,paper,plastic,0.6730778217315674
v5_float,low_light,test/paper/paper462.jpg,paper,paper,0.44428178668022156
v5_float,low_light,test/paper/paper465.jpg,paper,other,0.40894412994384766
v5_float,low_light,test/paper/paper474.jpg,paper,organic,0.45772260427474976
v5_float,low_light,test/paper/paper48.jpg,paper,paper,0.4951399862766266
v5_float,low_light,test/paper/paper495.jpg,paper,plastic,0.5373846888542175
v5_float,low_light,test/paper/paper500.jpg,paper,plastic,0.380046010017395
v5_float,low_light,test/paper/paper502.jpg,paper,paper,0.43237584829330444
v5_float,low_light,test/paper/paper503.jpg,paper,plastic,0.6093430519104004
v5_float,low_light,test/paper/paper505.jpg,paper,plastic,0.5888510346412659
v5_float,low_light,test/paper/paper508.jpg,paper,plastic,0.44144105911254883
v5_float,low_light,test/paper/paper515.jpg,paper,plastic,0.6858136057853699
v5_float,low_light,test/paper/paper525.jpg,paper,other,0.5510106682777405
v5_float,low_light,test/paper/paper527.jpg,paper,other,0.5526002049446106
v5_float,low_light,test/paper/paper53.jpg,paper,paper,0.36760321259498596
v5_float,low_light,test/paper/paper534.jpg,paper,paper,0.46363502740859985
v5_float,low_light,test/paper/paper537.jpg,paper,paper,0.4058747887611389
v5_float,low_light,test/paper/paper541.jpg,paper,other,0.4441872239112854
v5_float,low_light,test/paper/paper542.jpg,paper,paper,0.4836118221282959
v5_float,low_light,test/paper/paper543.jpg,paper,paper,0.41871628165245056
v5_float,low_light,test/paper/paper547.jpg,paper,paper,0.4330053925514221
v5_float,low_light,test/paper/paper548.jpg,paper,plastic,0.49871885776519775
v5_float,low_light,test/paper/paper55.jpg,paper,paper,0.7535492777824402
v5_float,low_light,test/paper/paper557.jpg,paper,plastic,0.6198033690452576
v5_float,low_light,test/paper/paper558.jpg,paper,organic,0.43222206830978394
v5_float,low_light,test/paper/paper563.jpg,paper,other,0.48611322045326233
v5_float,low_light,test/paper/paper569.jpg,paper,paper,0.6711355447769165
v5_float,low_light,test/paper/paper570.jpg,paper,paper,0.39752325415611267
v5_float,low_light,test/paper/paper576.jpg,paper,plastic,0.5865995287895203
v5_float,low_light,test/paper/paper58.jpg,paper,plastic,0.5608296394348145
v5_float,low_light,test/paper/paper586.jpg,paper,paper,0.43786850571632385
v5_float,low_light,test/paper/paper593.jpg,paper,plastic,0.5905922055244446
v5_float,low_light,test/paper/paper6.jpg,paper,plastic,0.4994385540485382
v5_float,low_light,test/paper/paper68.jpg,paper,paper,0.347672700881958
v5_float,low_light,test/paper/paper69.jpg,paper,organic,0.39689892530441284
v5_float,low_light,test/paper/paper7.jpg,paper,paper,0.6084275841712952
v5_float,low_light,test/paper/paper70.jpg,paper,other,0.5369042158126831
v5_float,low_light,test/paper/paper77.jpg,paper,paper,0.49000418186187744
v5_float,low_light,test/paper/paper86.jpg,paper,organic,0.5865240693092346
v5_float,low_light,test/paper/paper94.jpg,paper,plastic,0.4474280774593353
v5_float,low_light,test/paper/paper97.jpg,paper,paper,0.5828774571418762
v5_float,low_light,test/plastic/plastic103.jpg,plastic,other,0.486253947019577
v5_float,low_light,test/plastic/plastic114.jpg,plastic,plastic,0.4553551971912384
v5_float,low_light,test/plastic/plastic122.jpg,plastic,plastic,0.46306195855140686
v5_float,low_light,test/plastic/plastic125.jpg,plastic,other,0.37415406107902527
v5_float,low_light,test/plastic/plastic126.jpg,plastic,plastic,0.45507314801216125
v5_float,low_light,test/plastic/plastic132.jpg,plastic,other,0.5406860113143921
v5_float,low_light,test/plastic/plastic138.jpg,plastic,plastic,0.5682603120803833
v5_float,low_light,test/plastic/plastic145.jpg,plastic,plastic,0.50611811876297
v5_float,low_light,test/plastic/plastic146.jpg,plastic,plastic,0.6271538734436035
v5_float,low_light,test/plastic/plastic152.jpg,plastic,plastic,0.49170932173728943
v5_float,low_light,test/plastic/plastic156.jpg,plastic,plastic,0.5870568752288818
v5_float,low_light,test/plastic/plastic159.jpg,plastic,other,0.6025519371032715
v5_float,low_light,test/plastic/plastic170.jpg,plastic,plastic,0.6007789969444275
v5_float,low_light,test/plastic/plastic172.jpg,plastic,plastic,0.7884001731872559
v5_float,low_light,test/plastic/plastic177.jpg,plastic,plastic,0.42516231536865234
v5_float,low_light,test/plastic/plastic187.jpg,plastic,other,0.515915036201477
v5_float,low_light,test/plastic/plastic2.jpg,plastic,plastic,0.631907045841217
v5_float,low_light,test/plastic/plastic201.jpg,plastic,other,0.5785542726516724
v5_float,low_light,test/plastic/plastic205.jpg,plastic,other,0.4934064447879791
v5_float,low_light,test/plastic/plastic207.jpg,plastic,plastic,0.38663163781166077
v5_float,low_light,test/plastic/plastic21.jpg,plastic,plastic,0.5240912437438965
v5_float,low_light,test/plastic/plastic214.jpg,plastic,other,0.5333324670791626
v5_float,low_light,test/plastic/plastic217.jpg,plastic,plastic,0.5859258770942688
v5_float,low_light,test/plastic/plastic226.jpg,plastic,other,0.4756324589252472
v5_float,low_light,test/plastic/plastic227.jpg,plastic,other,0.49811550974845886
v5_float,low_light,test/plastic/plastic242.jpg,plastic,other,0.39472296833992004
v5_float,low_light,test/plastic/plastic251.jpg,plastic,other,0.4488651752471924
v5_float,low_light,test/plastic/plastic252.jpg,plastic,other,0.4422481954097748
v5_float,low_light,test/plastic/plastic253.jpg,plastic,other,0.514739453792572
v5_float,low_light,test/plastic/plastic260.jpg,plastic,other,0.446014940738678
v5_float,low_light,test/plastic/plastic264.jpg,plastic,other,0.7736417055130005
v5_float,low_light,test/plastic/plastic265.jpg,plastic,other,0.46117860078811646
v5_float,low_light,test/plastic/plastic268.jpg,plastic,other,0.6233119964599609
v5_float,low_light,test/plastic/plastic270.jpg,plastic,other,0.5122895240783691
v5_float,low_light,test/plastic/plastic285.jpg,plastic,other,0.60345858335495
v5_float,low_light,test/plastic/plastic305.jpg,plastic,plastic,0.536934494972229
v5_float,low_light,test/plastic/plastic306.jpg,plastic,plastic,0.5843519568443298
v5_float,low_light,test/plastic/plastic312.jpg,plastic,other,0.6098319888114929
v5_float,low_light,test/plastic/plastic314.jpg,plastic,plastic,0.3841226398944855
v5_float,low_light,test/plastic/plastic315.jpg,plastic,other,0.40286901593208313
v5_float,low_light,test/plastic/plastic317.jpg,plastic,plastic,0.6353365182876587
v5_float,low_light,test/plastic/plastic32.jpg,plastic,other,0.4161773920059204
v5_float,low_light,test/plastic/plastic328.jpg,plastic,plastic,0.4373590052127838
v5_float,low_light,test/plastic/plastic348.jpg,plastic,plastic,0.4671001732349396
v5_float,low_light,test/plastic/plastic349.jpg,plastic,plastic,0.5731297135353088
v5_float,low_light,test/plastic/plastic372.jpg,plastic,plastic,0.5211299657821655
v5_float,low_light,test/plastic/plastic374.jpg,plastic,other,0.5291580557823181
v5_float,low_light,test/plastic/plastic379.jpg,plastic,plastic,0.6251938343048096
v5_float,low_light,test/plastic/plastic383.jpg,plastic,plastic,0.6320012211799622
v5_float,low_light,test/plastic/plastic388.jpg,plastic,other,0.5111045837402344
v5_float,low_light,test/plastic/plastic39.jpg,plastic,other,0.3825649917125702
v5_float,low_light,test/plastic/plastic390.jpg,plastic,other,0.3888308107852936
v5_float,low_light,test/plastic/plastic398.jpg,plastic,other,0.42792975902557373
v5_float,low_light,test/plastic/plastic399.jpg,plastic,plastic,0.5337733626365662
v5_float,low_light,test/plastic/plastic405.jpg,plastic,other,0.42892763018608093
v5_float,low_light,test/plastic/plastic411.jpg,plastic,plastic,0.7183663249015808
v5_float,low_light,test/plastic/plastic420.jpg,plastic,plastic,0.7459890246391296
v5_float,low_light,test/plastic/plastic423.jpg,plastic,other,0.4883391559123993
v5_float,low_light,test/plastic/plastic426.jpg,plastic,plastic,0.4647013247013092
v5_float,low_light,test/plastic/plastic434.jpg,plastic,other,0.4770403802394867
v5_float,low_light,test/plastic/plastic438.jpg,plastic,plastic,0.5576866865158081
v5_float,low_light,test/plastic/plastic465.jpg,plastic,paper,0.574347972869873
v5_float,low_light,test/plastic/plastic473.jpg,plastic,plastic,0.6922574043273926
v5_float,low_light,test/plastic/plastic49.jpg,plastic,plastic,0.5604357719421387
v5_float,low_light,test/plastic/plastic64.jpg,plastic,plastic,0.44482049345970154
v5_float,low_light,test/plastic/plastic66.jpg,plastic,other,0.45168909430503845
v5_float,low_light,test/plastic/plastic67.jpg,plastic,other,0.4747675955295563
v5_float,low_light,test/plastic/plastic79.jpg,plastic,other,0.683061420917511
v5_float,low_light,test/plastic/plastic80.jpg,plastic,other,0.5047643184661865
v5_float,low_light,test/plastic/plastic82.jpg,plastic,plastic,0.669392466545105
v5_float,low_light,test/plastic/plastic84.jpg,plastic,plastic,0.5346887111663818
v5_float,low_light,test/plastic/plastic93.jpg,plastic,plastic,0.47128647565841675
v5_float,low_light,test/plastic/plastic98.jpg,plastic,other,0.6353062391281128
v5_float,low_light,test/plastic/plastic99.jpg,plastic,other,0.4080815017223358
v5_float,low_light,test/organic/organic_0001.jpg,organic,organic,0.7134078741073608
v5_float,low_light,test/organic/organic_0002.jpg,organic,organic,0.7341727614402771
v5_float,low_light,test/organic/organic_0003.jpg,organic,organic,0.49417808651924133
v5_float,low_light,test/organic/organic_0004.jpg,organic,organic,0.5046722292900085
v5_float,low_light,test/organic/organic_0005.jpg,organic,organic,0.49811989068984985
v5_float,low_light,test/organic/organic_0006.jpg,organic,organic,0.8620098829269409
v5_float,low_light,test/organic/organic_0007.jpg,organic,organic,0.5173541307449341
v5_float,low_light,test/organic/organic_0008.jpg,organic,organic,0.3787974715232849
v5_float,low_light,test/organic/organic_0009.jpg,organic,organic,0.868649423122406
v5_float,low_light,test/organic/organic_0010.jpg,organic,organic,0.7191217541694641
v5_float,low_light,test/organic/organic_0011.jpg,organic,organic,0.9221953749656677
v5_float,low_light,test/organic/organic_0012.jpg,organic,organic,0.9022110104560852
v5_float,low_light,test/organic/organic_0013.jpg,organic,paper,0.5773332118988037
v5_float,low_light,test/organic/organic_0014.jpg,organic,paper,0.5307415127754211
v5_float,low_light,test/organic/organic_0015.jpg,organic,organic,0.910905122756958
v5_float,low_light,test/organic/organic_0016.jpg,organic,organic,0.7092291712760925
v5_float,low_light,test/organic/organic_0017.jpg,organic,organic,0.8874236345291138
v5_float,low_light,test/organic/organic_0018.jpg,organic,plastic,0.45617997646331787
v5_float,low_light,test/organic/organic_0019.jpg,organic,other,0.504197359085083
v5_float,low_light,test/organic/organic_0020.jpg,organic,paper,0.4779212772846222
v5_float,low_light,test/organic/organic_0021.jpg,organic,organic,0.9057796001434326
v5_float,low_light,test/organic/organic_0022.jpg,organic,paper,0.469908744096756
v5_float,low_light,test/organic/organic_0023.jpg,organic,organic,0.6575980186462402
v5_float,low_light,test/organic/organic_0024.jpg,organic,organic,0.5225013494491577
v5_float,low_light,test/organic/organic_0025.jpg,organic,organic,0.9595221281051636
v5_float,low_light,test/organic/organic_0026.jpg,organic,other,0.7004103064537048
v5_float,low_light,test/organic/organic_0027.jpg,organic,organic,0.7086058259010315
v5_float,low_light,test/organic/organic_0028.jpg,organic,organic,0.6783229112625122
v5_float,low_light,test/organic/organic_0029.jpg,organic,organic,0.7259455919265747
v5_float,low_light,test/organic/organic_0030.jpg,organic,organic,0.7007407546043396
v5_float,low_light,test/organic/organic_0031.jpg,organic,organic,0.6901642680168152
v5_float,low_light,test/organic/organic_0032.jpg,organic,organic,0.8038215637207031
v5_float,low_light,test/organic/organic_0033.jpg,organic,organic,0.8608722686767578
v5_float,low_light,test/organic/organic_0034.jpg,organic,organic,0.4866318106651306
v5_float,low_light,test/organic/organic_0035.jpg,organic,other,0.843664824962616
v5_float,low_light,test/organic/organic_0036.jpg,organic,organic,0.5998737215995789
v5_float,low_light,test/organic/organic_0037.jpg,organic,organic,0.6997098326683044
v5_float,low_light,test/organic/organic_0038.jpg,organic,other,0.5144109725952148
v5_float,low_light,test/organic/organic_0039.jpg,organic,organic,0.8263387084007263
v5_float,low_light,test/organic/organic_0040.jpg,organic,organic,0.4926069676876068
v5_float,low_light,test/organic/organic_0041.jpg,organic,organic,0.6860185265541077
v5_float,low_light,test/organic/organic_0042.jpg,organic,organic,0.586885929107666
v5_float,low_light,test/organic/organic_0043.jpg,organic,paper,0.35455235838890076
v5_float,low_light,test/organic/organic_0044.jpg,organic,other,0.8922531604766846
v5_float,low_light,test/organic/organic_0045.jpg,organic,organic,0.770825982093811
v5_float,low_light,test/organic/organic_0046.jpg,organic,organic,0.49985697865486145
v5_float,low_light,test/organic/organic_0047.jpg,organic,organic,0.9196502566337585
v5_float,low_light,test/organic/organic_0048.jpg,organic,organic,0.5698301196098328
v5_float,low_light,test/organic/organic_0049.jpg,organic,organic,0.7850958108901978
v5_float,low_light,test/organic/organic_0050.jpg,organic,organic,0.7742433547973633
v5_float,low_light,test/organic/organic_0051.jpg,organic,paper,0.4248192608356476
v5_float,low_light,test/organic/organic_0052.jpg,organic,organic,0.891488790512085
v5_float,low_light,test/organic/organic_0053.jpg,organic,organic,0.6385528445243835
v5_float,low_light,test/organic/organic_0054.jpg,organic,organic,0.5676742196083069
v5_float,low_light,test/organic/organic_0055.jpg,organic,organic,0.6498963236808777
v5_float,low_light,test/organic/organic_0056.jpg,organic,organic,0.44324222207069397
v5_float,low_light,test/organic/organic_0057.jpg,organic,organic,0.8233648538589478
v5_float,low_light,test/organic/organic_0058.jpg,organic,organic,0.9266623258590698
v5_float,low_light,test/organic/organic_0059.jpg,organic,organic,0.5523442029953003
v5_float,low_light,test/organic/organic_0060.jpg,organic,organic,0.4948258697986603
v5_float,low_light,test/organic/organic_0061.jpg,organic,paper,0.3808559775352478
v5_float,low_light,test/organic/organic_0062.jpg,organic,other,0.7382403016090393
v5_float,low_light,test/organic/organic_0063.jpg,organic,organic,0.5377075672149658
v5_float,low_light,test/organic/organic_0064.jpg,organic,other,0.5703651905059814
v5_float,low_light,test/organic/organic_0065.jpg,organic,other,0.6496902108192444
v5_float,low_light,test/organic/organic_0066.jpg,organic,organic,0.8678292036056519
v5_float,low_light,test/organic/organic_0067.jpg,organic,plastic,0.5147822499275208
v5_float,low_light,test/organic/organic_0068.jpg,organic,other,0.4923804998397827
v5_float,low_light,test/organic/organic_0069.jpg,organic,organic,0.8701058626174927
v5_float,low_light,test/organic/organic_0070.jpg,organic,plastic,0.3650559186935425
v5_float,low_light,test/organic/organic_0071.jpg,organic,organic,0.7891468405723572
v5_float,low_light,test/organic/organic_0072.jpg,organic,organic,0.958227276802063
v5_float,low_light,test/organic/organic_0073.jpg,organic,organic,0.9551921486854553
v5_float,low_light,test/organic/organic_0074.jpg,organic,organic,0.9031134247779846
v5_float,low_light,test/other/cardboard105.jpg,other,other,0.8832202553749084
v5_float,low_light,test/other/cardboard115.jpg,other,other,0.8902929425239563
v5_float,low_light,test/other/cardboard121.jpg,other,other,0.7326462268829346
v5_float,low_light,test/other/cardboard125.jpg,other,other,0.6227518320083618
v5_float,low_light,test/other/cardboard128.jpg,other,other,0.47378039360046387
v5_float,low_light,test/other/cardboard160.jpg,other,other,0.7776360511779785
v5_float,low_light,test/other/cardboard162.jpg,other,plastic,0.4267915189266205
v5_float,low_light,test/other/cardboard175.jpg,other,other,0.5188210606575012
v5_float,low_light,test/other/cardboard18.jpg,other,other,0.7573128342628479
v5_float,low_light,test/other/cardboard184.jpg,other,other,0.7756865620613098
v5_float,low_light,test/other/cardboard19.jpg,other,other,0.8603038787841797
v5_float,low_light,test/other/cardboard190.jpg,other,paper,0.7361276149749756
v5_float,low_light,test/other/cardboard2.jpg,other,plastic,0.5474451780319214
v5_float,low_light,test/other/cardboard208.jpg,other,other,0.834855854511261
v5_float,low_light,test/other/cardboard210.jpg,other,other,0.8873466849327087
v5_float,low_light,test/other/cardboard213.jpg,other,other,0.793011486530304
v5_float,low_light,test/other/cardboard214.jpg,other,other,0.5749083161354065
v5_float,low_light,test/other/cardboard216.jpg,other,plastic,0.6968879699707031
v5_float,low_light,test/other/cardboard218.jpg,other,plastic,0.7191250324249268
v5_float,low_light,test/other/cardboard222.jpg,other,other,0.9132882356643677
v5_float,low_light,test/other/cardboard231.jpg,other,other,0.9160889387130737
v5_float,low_light,test/other/cardboard239.jpg,other,other,0.5062341094017029
v5_float,low_light,test/other/cardboard248.jpg,other,other,0.3426654040813446
v5_float,low_light,test/other/cardboard252.jpg,other,other,0.731557309627533
v5_float,low_light,test/other/cardboard259.jpg,other,other,0.9070010781288147
v5_float,low_light,test/other/cardboard260.jpg,other,other,0.7164218425750732
v5_float,low_light,test/other/cardboard261.jpg,other,other,0.8104311227798462
v5_float,low_light,test/other/cardboard266.jpg,other,other,0.36176490783691406
v5_float,low_light,test/other/cardboard274.jpg,other,plastic,0.6137192845344543
v5_float,low_light,test/other/cardboard276.jpg,other,other,0.6920410990715027
v5_float,low_light,test/other/cardboard286.jpg,other,other,0.5059968829154968
v5_float,low_light,test/other/cardboard289.jpg,other,other,0.8019720911979675
v5_float,low_light,test/other/cardboard290.jpg,other,other,0.7420758008956909
v5_float,low_light,test/other/cardboard293.jpg,other,other,0.8757042288780212
v5_float,low_light,test/other/cardboard299.jpg,other,other,0.8520225882530212
v5_float,low_light,test/other/cardboard304.jpg,other,other,0.8894096612930298
v5_float,low_light,test/other/cardboard308.jpg,other,other,0.7462445497512817
v5_float,low_light,test/other/cardboard31.jpg,other,other,0.9180577993392944
v5_float,low_light,test/other/cardboard310.jpg,other,other,0.9233982563018799
v5_float,low_light,test/other/cardboard312.jpg,other,other,0.8332198858261108
v5_float,low_light,test/other/cardboard313.jpg,other,other,0.9445475339889526
v5_float,low_light,test/other/cardboard314.jpg,other,other,0.9129598140716553
v5_float,low_light,test/other/cardboard321.jpg,other,other,0.7230783104896545
v5_float,low_light,test/other/cardboard323.jpg,other,other,0.7952131628990173
v5_float,low_light,test/other/cardboard332.jpg,other,other,0.8970925807952881
v5_float,low_light,test/other/cardboard334.jpg,other,other,0.8076645731925964
v5_float,low_light,test/other/cardboard34.jpg,other,other,0.7804605960845947
v5_float,low_light,test/other/cardboard356.jpg,other,other,0.8079583048820496
v5_float,low_light,test/other/cardboard363.jpg,other,other,0.5937480330467224
v5_float,low_light,test/other/cardboard372.jpg,other,other,0.7650077939033508
v5_float,low_light,test/other/cardboard383.jpg,other,plastic,0.4731920063495636
v5_float,low_light,test/other/cardboard384.jpg,other,other,0.42710888385772705
v5_float,low_light,test/other/cardboard387.jpg,other,plastic,0.4568302631378174
v5_float,low_light,test/other/cardboard388.jpg,other,other,0.8902648687362671
v5_float,low_light,test/other/cardboard397.jpg,other,other,0.9141976237297058
v5_float,low_light,test/other/cardboard40.jpg,other,other,0.8672177791595459
v5_float,low_light,test/other/cardboard401.jpg,other,other,0.9413116574287415
v5_float,low_light,test/other/cardboard44.jpg,other,other,0.8615901470184326
v5_float,low_light,test/other/cardboard51.jpg,other,other,0.9254388213157654
v5_float,low_light,test/other/cardboard57.jpg,other,other,0.8765365481376648
v5_float,low_light,test/other/cardboard63.jpg,other,plastic,0.4847168028354645
v5_float,low_light,test/other/cardboard69.jpg,other,other,0.5404389500617981
v5_float,low_light,test/other/cardboard71.jpg,other,other,0.8678010702133179
v5_float,low_light,test/other/cardboard73.jpg,other,other,0.7562010884284973
v5_float,low_light,test/other/cardboard8.jpg,other,other,0.8318438529968262
v5_float,low_light,test/other/cardboard88.jpg,other,other,0.7891634702682495
v5_float,low_light,test/other/cardboard89.jpg,other,other,0.817638635635376
v5_float,low_light,test/other/cardboard9.jpg,other,other,0.9229356050491333
v5_float,low_light,test/other/cardboard92.jpg,other,other,0.7437665462493896
v5_float,low_light,test/other/cardboard98.jpg,other,other,0.8036711812019348
v5_float,low_light,test/other/metal112.jpg,other,other,0.6820993423461914
v5_float,low_light,test/other/metal114.jpg,other,paper,0.4239982068538666
v5_float,low_light,test/other/metal119.jpg,other,other,0.5641067624092102
v5_float,low_light,test/other/metal12.jpg,other,plastic,0.4815939664840698
v5_float,low_light,test/other/metal13.jpg,other,plastic,0.532654881477356
v5_float,low_light,test/other/metal133.jpg,other,other,0.6936799883842468
v5_float,low_light,test/other/metal134.jpg,other,other,0.42920854687690735
v5_float,low_light,test/other/metal139.jpg,other,plastic,0.47721970081329346
v5_float,low_light,test/other/metal143.jpg,other,other,0.4208745062351227
v5_float,low_light,test/other/metal146.jpg,other,other,0.8027933835983276
v5_float,low_light,test/other/metal157.jpg,other,plastic,0.4091119170188904
v5_float,low_light,test/other/metal159.jpg,other,plastic,0.5537338852882385
v5_float,low_light,test/other/metal161.jpg,other,other,0.48734050989151
v5_float,low_light,test/other/metal170.jpg,other,plastic,0.4617338180541992
v5_float,low_light,test/other/metal172.jpg,other,other,0.42627280950546265
v5_float,low_light,test/other/metal175.jpg,other,plastic,0.5597948431968689
v5_float,low_light,test/other/metal18.jpg,other,plastic,0.7364153861999512
v5_float,low_light,test/other/metal186.jpg,other,other,0.5399730801582336
v5_float,low_light,test/other/metal187.jpg,other,paper,0.3673029839992523
v5_float,low_light,test/other/metal188.jpg,other,plastic,0.3259698152542114
v5_float,low_light,test/other/metal192.jpg,other,other,0.4118989408016205
v5_float,low_light,test/other/metal198.jpg,other,other,0.4113009572029114
v5_float,low_light,test/other/metal201.jpg,other,other,0.4284327030181885
v5_float,low_light,test/other/metal205.jpg,other,plastic,0.5649105906486511
v5_float,low_light,test/other/metal209.jpg,other,plastic,0.4838656783103943
v5_float,low_light,test/other/metal217.jpg,other,other,0.395447313785553
v5_float,low_light,test/other/metal239.jpg,other,other,0.535457968711853
v5_float,low_light,test/other/metal24.jpg,other,other,0.41888296604156494
v5_float,low_light,test/other/metal246.jpg,other,other,0.5525612235069275
v5_float,low_light,test/other/metal247.jpg,other,other,0.43808165192604065
v5_float,low_light,test/other/metal248.jpg,other,plastic,0.6844707131385803
v5_float,low_light,test/other/metal249.jpg,other,paper,0.49328386783599854
v5_float,low_light,test/other/metal258.jpg,other,paper,0.3633471429347992
v5_float,low_light,test/other/metal261.jpg,other,other,0.6168233156204224
v5_float,low_light,test/other/metal263.jpg,other,other,0.6956663131713867
v5_float,low_light,test/other/metal269.jpg,other,other,0.7347144484519958
v5_float,low_light,test/other/metal27.jpg,other,organic,0.3944489359855652
v5_float,low_light,test/other/metal275.jpg,other,plastic,0.5134705305099487
v5_float,low_light,test/other/metal292.jpg,other,plastic,0.5662890672683716
v5_float,low_light,test/other/metal296.jpg,other,other,0.46981483697891235
v5_float,low_light,test/other/metal317.jpg,other,plastic,0.6102214455604553
v5_float,low_light,test/other/metal324.jpg,other,paper,0.4732416570186615
v5_float,low_light,test/other/metal325.jpg,other,other,0.619518518447876
v5_float,low_light,test/other/metal328.jpg,other,other,0.456330269575119
v5_float,low_light,test/other/metal33.jpg,other,other,0.39364463090896606
v5_float,low_light,test/other/metal341.jpg,other,other,0.5029610991477966
v5_float,low_light,test/other/metal344.jpg,other,other,0.46775439381599426
v5_float,low_light,test/other/metal350.jpg,other,other,0.5633729100227356
v5_float,low_light,test/other/metal355.jpg,other,other,0.8293919563293457
v5_float,low_light,test/other/metal364.jpg,other,other,0.6080623865127563
v5_float,low_light,test/other/metal370.jpg,other,plastic,0.5419878959655762
v5_float,low_light,test/other/metal387.jpg,other,other,0.38231196999549866
v5_float,low_light,test/other/metal389.jpg,other,other,0.6920284032821655
v5_float,low_light,test/other/metal393.jpg,other,other,0.45559167861938477
v5_float,low_light,test/other/metal394.jpg,other,organic,0.4116825461387634
v5_float,low_light,test/other/metal395.jpg,other,plastic,0.5028234720230103
v5_float,low_light,test/other/metal403.jpg,other,other,0.8415294289588928
v5_float,low_light,test/other/metal48.jpg,other,plastic,0.7080619931221008
v5_float,low_light,test/other/metal50.jpg,other,other,0.40344834327697754
v5_float,low_light,test/other/metal52.jpg,other,organic,0.5007104277610779
v5_float,low_light,test/other/metal62.jpg,other,other,0.5427531599998474
v5_float,low_light,test/other/metal65.jpg,other,other,0.36922723054885864
v5_float,low_light,test/other/metal68.jpg,other,plastic,0.42799827456474304
v5_float,low_light,test/other/metal77.jpg,other,organic,0.4452921152114868
v5_float,low_light,test/other/metal80.jpg,other,other,0.6698223948478699
v5_float,low_light,test/other/metal84.jpg,other,other,0.6029878854751587
v5_float,low_light,test/other/metal87.jpg,other,other,0.582271158695221
v5_float,low_light,test/other/metal99.jpg,other,other,0.6645497679710388
v5_float,overexposed,test/paper/paper104.jpg,paper,paper,0.582841694355011
v5_float,overexposed,test/paper/paper112.jpg,paper,paper,0.6330254077911377
v5_float,overexposed,test/paper/paper113.jpg,paper,other,0.5092260241508484
v5_float,overexposed,test/paper/paper114.jpg,paper,paper,0.625347912311554
v5_float,overexposed,test/paper/paper12.jpg,paper,paper,0.6050585508346558
v5_float,overexposed,test/paper/paper120.jpg,paper,paper,0.47642406821250916
v5_float,overexposed,test/paper/paper124.jpg,paper,paper,0.5154740810394287
v5_float,overexposed,test/paper/paper125.jpg,paper,paper,0.491225928068161
v5_float,overexposed,test/paper/paper129.jpg,paper,paper,0.6459927558898926
v5_float,overexposed,test/paper/paper13.jpg,paper,organic,0.3977530896663666
v5_float,overexposed,test/paper/paper137.jpg,paper,paper,0.4997575283050537
v5_float,overexposed,test/paper/paper143.jpg,paper,paper,0.6883344650268555
v5_float,overexposed,test/paper/paper149.jpg,paper,paper,0.5520533323287964
v5_float,overexposed,test/paper/paper161.jpg,paper,organic,0.49573367834091187
v5_float,overexposed,test/paper/paper167.jpg,paper,organic,0.5972211956977844
v5_float,overexposed,test/paper/paper169.jpg,paper,paper,0.7130014896392822
v5_float,overexposed,test/paper/paper186.jpg,paper,paper,0.44208645820617676
v5_float,overexposed,test/paper/paper188.jpg,paper,paper,0.8226078748703003
v5_float,overexposed,test/paper/paper208.jpg,paper,organic,0.5400975942611694
v5_float,overexposed,test/paper/paper209.jpg,paper,organic,0.5178905129432678
v5_float,overexposed,test/paper/paper218.jpg,paper,paper,0.4744606614112854
v5_float,overexposed,test/paper/paper219.jpg,paper,paper,0.4648815393447876
v5_float,overexposed,test/paper/paper220.jpg,paper,paper,0.5859124064445496
v5_float,overexposed,test/paper/paper225.jpg,paper,organic,0.3930644690990448
v5_float,overexposed,test/paper/paper230.jpg,paper,paper,0.3116387724876404
v5_float,overexposed,test/paper/paper235.jpg,paper,paper,0.6140198707580566
v5_float,overexposed,test/paper/paper266.jpg,paper,paper,0.6206451058387756
v5_float,overexposed,test/paper/paper269.jpg,paper,paper,0.5587100386619568
v5_float,overexposed,test/paper/paper271.jpg,paper,paper,0.6183637976646423
v5_float,overexposed,test/paper/paper273.jpg,paper,paper,0.6553282141685486
v5_float,overexposed,test/paper/paper276.jpg,paper,plastic,0.3079829514026642
v5_float,overexposed,test/paper/paper279.jpg,paper,paper,0.45974311232566833
v5_float,overexposed,test/paper/paper282.jpg,paper,paper,0.4276866018772125
v5_float,overexposed,test/paper/paper286.jpg,paper,paper,0.6127653121948242
v5_float,overexposed,test/paper/paper289.jpg,paper,paper,0.6417377591133118
v5_float,overexposed,test/paper/paper294.jpg,paper,paper,0.31733930110931396
v5_float,overexposed,test/paper/paper3.jpg,paper,paper,0.5157306790351868
v5_float,overexposed,test/paper/paper301.jpg,paper,paper,0.5357577204704285
v5_float,overexposed,test/paper/paper303.jpg,paper,paper,0.6147463917732239
v5_float,overexposed,test/paper/paper311.jpg,paper,organic,0.8279422521591187
v5_float,overexposed,test/paper/paper319.jpg,paper,paper,0.5189308524131775
v5_float,overexposed,test/paper/paper32.jpg,paper,paper,0.5793744325637817
v5_float,overexposed,test/paper/paper346.jpg,paper,paper,0.4374503791332245
v5_float,overexposed,test/paper/paper348.jpg,paper,paper,0.5754445791244507
v5_float,overexposed,test/paper/paper350.jpg,paper,paper,0.582667350769043
v5_float,overexposed,test/paper/paper354.jpg,paper,paper,0.43056997656822205
v5_float,overexposed,test/paper/paper356.jpg,paper,paper,0.7224762439727783
v5_float,overexposed,test/paper/paper357.jpg,paper,paper,0.6253069043159485
v5_float,overexposed,test/paper/paper361.jpg,paper,paper,0.7974656224250793
v5_float,overexposed,test/paper/paper362.jpg,paper,paper,0.5067266225814819
v5_float,overexposed,test/paper/paper368.jpg,paper,paper,0.5954281687736511
v5_float,overexposed,test/paper/paper373.jpg,paper,paper,0.6284942626953125
v5_float,overexposed,test/paper/paper380.jpg,paper,paper,0.646750271320343
v5_float,overexposed,test/paper/paper381.jpg,paper,paper,0.7662969827651978
v5_float,overexposed,test/paper/paper385.jpg,paper,paper,0.35528796911239624
v5_float,overexposed,test/paper/paper392.jpg,paper,paper,0.6521477103233337
v5_float,overexposed,test/paper/paper396.jpg,paper,paper,0.6966515183448792
v5_float,overexposed,test/paper/paper404.jpg,paper,paper,0.5645001530647278
v5_float,overexposed,test/paper/paper405.jpg,paper,paper,0.5061154365539551
v5_float,overexposed,test/paper/paper416.jpg,paper,paper,0.5207123756408691
v5_float,overexposed,test/paper/paper417.jpg,paper,paper,0.43499866127967834
v5_float,overexposed,test/paper/paper422.jpg,paper,organic,0.5159599781036377
v5_float,overexposed,test/paper/paper434.jpg,paper,paper,0.4829287827014923
v5_float,overexposed,test/paper/paper444.jpg,paper,paper,0.6025679111480713
v5_float,overexposed,test/paper/paper450.jpg,paper,paper,0.6470195055007935
v5_float,overexposed,test/paper/paper457.jpg,paper,paper,0.6300156712532043
v5_float,overexposed,test/paper/paper460.jpg,paper,paper,0.5286195874214172
v5_float,overexposed,test/paper/paper461.jpg,paper,paper,0.6061713695526123
v5_float,overexposed,test/paper/paper462.jpg,paper,plastic,0.4433930814266205
v5_float,overexposed,test/paper/paper465.jpg,paper,other,0.49051183462142944
v5_float,overexposed,test/paper/paper474.jpg,paper,organic,0.7255340218544006
v5_float,overexposed,test/paper/paper48.jpg,paper,organic,0.5563967227935791
v5_float,overexposed,test/paper/paper495.jpg,paper,paper,0.6273639798164368
v5_float,overexposed,test/paper/paper500.jpg,paper,paper,0.7487300038337708
v5_float,overexposed,test/paper/paper502.jpg,paper,paper,0.7607406973838806
v5_float,overexposed,test/paper/paper503.jpg,paper,paper,0.5885247588157654
v5_float,overexposed,test/paper/paper505.jpg,paper,paper,0.44107428193092346
v5_float,overexposed,test/paper/paper508.jpg,paper,plastic,0.5064400434494019
v5_float,overexposed,test/paper/paper515.jpg,paper,paper,0.7164909243583679
v5_float,overexposed,test/paper/paper525.jpg,paper,paper,0.4081878960132599
v5_float,overexposed,test/paper/paper527.jpg,paper,paper,0.5574995279312134
v5_float,overexposed,test/paper/paper53.jpg,paper,organic,0.31220510601997375
v5_float,overexposed,test/paper/paper534.jpg,paper,paper,0.5446476936340332
v5_float,overexposed,test/paper/paper537.jpg,paper,paper,0.6131914854049683
v5_float,overexposed,test/paper/paper541.jpg,paper,organic,0.4502139687538147
v5_float,overexposed,test/paper/paper542.jpg,paper,paper,0.784059464931488
v5_float,overexposed,test/paper/paper543.jpg,paper,paper,0.6682155728340149
v5_float,overexposed,test/paper/paper547.jpg,paper,paper,0.636387288570404
v5_float,overexposed,test/paper/paper548.jpg,paper,paper,0.489797443151474
v5_float,overexposed,test/paper/paper55.jpg,paper,paper,0.511086106300354
v5_float,overexposed,test/paper/paper557.jpg,paper,paper,0.5536606907844543
v5_float,overexposed,test/paper/paper558.jpg,paper,paper,0.6290034055709839
v5_float,overexposed,test/paper/paper563.jpg,paper,other,0.41835880279541016
v5_float,overexposed,test/paper/paper569.jpg,paper,paper,0.4682849943637848
v5_float,overexposed,test/paper/paper570.jpg,paper,paper,0.5965019464492798
v5_float,overexposed,test/paper/paper576.jpg,paper,plastic,0.4816018342971802
v5_float,overexposed,test/paper/paper58.jpg,paper,paper,0.4981159269809723
v5_float,overexposed,test/paper/paper586.jpg,paper,organic,0.48957768082618713
v5_float,overexposed,test/paper/paper593.jpg,paper,paper,0.6222309470176697
v5_float,overexposed,test/paper/paper6.jpg,paper,paper,0.7532610297203064
v5_float,overexposed,test/paper/paper68.jpg,paper,paper,0.5419400930404663
v5_float,overexposed,test/paper/paper69.jpg,paper,paper,0.5462659597396851
v5_float,overexposed,test/paper/paper7.jpg,paper,paper,0.41626226902008057
v5_float,overexposed,test/paper/paper70.jpg,paper,paper,0.700497031211853
v5_float,overexposed,test/paper/paper77.jpg,paper,paper,0.6564674973487854
v5_float,overexposed,test/paper/paper86.jpg,paper,organic,0.679711639881134
v5_float,overexposed,test/paper/paper94.jpg,paper,plastic,0.42352357506752014
v5_float,overexposed,test/paper/paper97.jpg,paper,paper,0.5062646269798279
v5_float,overexposed,test/plastic/plastic103.jpg,plastic,plastic,0.6987141966819763
v5_float,overexposed,test/plastic/plastic114.jpg,plastic,paper,0.5237149000167847
v5_float,overexposed,test/plastic/plastic122.jpg,plastic,plastic,0.7714923620223999
v5_float,overexposed,test/plastic/plastic125.jpg,plastic,paper,0.4022507667541504
v5_float,overexposed,test/plastic/plastic126.jpg,plastic,paper,0.440120130777359
v5_float,overexposed,test/plastic/plastic132.jpg,plastic,plastic,0.5114910006523132
v5_float,overexposed,test/plastic/plastic138.jpg,plastic,plastic,0.5914368033409119
v5_float,overexposed,test/plastic/plastic145.jpg,plastic,paper,0.44864946603775024
v5_float,overexposed,test/plastic/plastic146.jpg,plastic,paper,0.4663776457309723
v5_float,overexposed,test/plastic/plastic152.jpg,plastic,paper,0.7681678533554077
v5_float,overexposed,test/plastic/plastic156.jpg,plastic,paper,0.6541504859924316
v5_float,overexposed,test/plastic/plastic159.jpg,plastic,paper,0.48363158106803894
v5_float,overexposed,test/plastic/plastic170.jpg,plastic,plastic,0.3749309480190277
v5_float,overexposed,test/plastic/plastic172.jpg,plastic,plastic,0.4228764772415161
v5_float,overexposed,test/plastic/plastic177.jpg,plastic,plastic,0.5007060170173645
v5_float,overexposed,test/plastic/plastic187.jpg,plastic,plastic,0.865597128868103
v5_float,overexposed,test/plastic/plastic2.jpg,plastic,paper,0.6070607900619507
v5_float,overexposed,test/plastic/plastic201.jpg,plastic,other,0.3937727212905884
v5_float,overexposed,test/plastic/plastic205.jpg,plastic,plastic,0.6566334962844849
v5_float,overexposed,test/plastic/plastic207.jpg,plastic,plastic,0.5626408457756042
v5_float,overexposed,test/plastic/plastic21.jpg,plastic,plastic,0.5510459542274475
v5_float,overexposed,test/plastic/plastic214.jpg,plastic,plastic,0.6465467214584351
v5_float,overexposed,test/plastic/plastic217.jpg,plastic,plastic,0.768622100353241
v5_float,overexposed,test/plastic/plastic226.jpg,plastic,plastic,0.7738580107688904
v5_float,overexposed,test/plastic/plastic227.jpg,plastic,plastic,0.7724116444587708
v5_float,overexposed,test/plastic/plastic242.jpg,plastic,plastic,0.708443284034729
v5_float,overexposed,test/plastic/plastic251.jpg,plastic,plastic,0.8274589776992798
v5_float,overexposed,test/plastic/plastic252.jpg,plastic,plastic,0.664578378200531
v5_float,overexposed,test/plastic/plastic253.jpg,plastic,plastic,0.8057589530944824
v5_float,overexposed,test/plastic/plastic260.jpg,plastic,plastic,0.7288503050804138
v5_float,overexposed,test/plastic/plastic264.jpg,plastic,plastic,0.4286583960056305
v5_float,overexposed,test/plastic/plastic265.jpg,plastic,plastic,0.787460207939148
v5_float,overexposed,test/plastic/plastic268.jpg,plastic,plastic,0.4128892719745636
v5_float,overexposed,test/plastic/plastic270.jpg,plastic,plastic,0.8329921364784241
v5_float,overexposed,test/plastic/plastic285.jpg,plastic,other,0.5604379177093506
v5_float,overexposed,test/plastic/plastic305.jpg,plastic,paper,0.5586296319961548
v5_float,overexposed,test/plastic/plastic306.jpg,plastic,plastic,0.6002215147018433
v5_float,overexposed,test/plastic/plastic312.jpg,plastic,paper,0.5030871629714966
v5_float,overexposed,test/plastic/plastic314.jpg,plastic,plastic,0.44477778673171997
v5_float,overexposed,test/plastic/plastic315.jpg,plastic,plastic,0.8216786980628967
v5_float,overexposed,test/plastic/plastic317.jpg,plastic,plastic,0.5087656378746033
v5_float,overexposed,test/plastic/plastic32.jpg,plastic,plastic,0.8769616484642029
v5_float,overexposed,test/plastic/plastic328.jpg,plastic,paper,0.49150100350379944
v5_float,overexposed,test/plastic/plastic348.jpg,plastic,organic,0.39679044485092163
v5_float,overexposed,test/plastic/plastic349.jpg,plastic,plastic,0.6921365857124329
v5_float,overexposed,test/plastic/plastic372.jpg,plastic,plastic,0.7086403369903564
v5_float,overexposed,test/plastic/plastic374.jpg,plastic,plastic,0.5403328537940979
v5_float,overexposed,test/plastic/plastic379.jpg,plastic,plastic,0.8087417483329773
v5_float,overexposed,test/plastic/plastic383.jpg,plastic,plastic,0.3597678542137146
v5_float,overexposed,test/plastic/plastic388.jpg,plastic,plastic,0.8492275476455688
v5_float,overexposed,test/plastic/plastic39.jpg,plastic,plastic,0.564785897731781
v5_float,overexposed,test/plastic/plastic390.jpg,plastic,plastic,0.7874109745025635
v5_float,overexposed,test/plastic/plastic398.jpg,plastic,plastic,0.6765654683113098
v5_float,overexposed,test/plastic/plastic399.jpg,plastic,plastic,0.7627248167991638
v5_float,overexposed,test/plastic/plastic405.jpg,plastic,paper,0.5148296356201172
v5_float,overexposed,test/plastic/plastic411.jpg,plastic,plastic,0.6400340795516968
v5_float,overexposed,test/plastic/plastic420.jpg,plastic,plastic,0.7015153169631958
v5_float,overexposed,test/plastic/plastic423.jpg,plastic,plastic,0.7973263263702393
v5_float,overexposed,test/plastic/plastic426.jpg,plastic,plastic,0.6923663020133972
v5_float,overexposed,test/plastic/plastic434.jpg,plastic,plastic,0.8354916572570801
v5_float,overexposed,test/plastic/plastic438.jpg,plastic,paper,0.5247678160667419
v5_float,overexposed,test/plastic/plastic465.jpg,plastic,organic,0.6761784553527832
v5_float,overexposed,test/plastic/plastic473.jpg,plastic,paper,0.4279387295246124
v5_float,overexposed,test/plastic/plastic49.jpg,plastic,plastic,0.8064098358154297
v5_float,overexposed,test/plastic/plastic64.jpg,plastic,plastic,0.5643748641014099
v5_float,overexposed,test/plastic/plastic66.jpg,plastic,plastic,0.6282441020011902
v5_float,overexposed,test/plastic/plastic67.jpg,plastic,plastic,0.8678545951843262
v5_float,overexposed,test/plastic/plastic79.jpg,plastic,other,0.3446143865585327
v5_float,overexposed,test/plastic/plastic80.jpg,plastic,plastic,0.7755412459373474
v5_float,overexposed,test/plastic/plastic82.jpg,plastic,paper,0.372833251953125
v5_float,overexposed,test/plastic/plastic84.jpg,plastic,plastic,0.6131841540336609
v5_float,overexposed,test/plastic/plastic93.jpg,plastic,plastic,0.7082781791687012
v5_float,overexposed,test/plastic/plastic98.jpg,plastic,other,0.38484492897987366
v5_float,overexposed,test/plastic/plastic99.jpg,plastic,plastic,0.8318762183189392
v5_float,overexposed,test/organic/organic_0001.jpg,organic,organic,0.9719476699829102
v5_float,overexposed,test/organic/organic_0002.jpg,organic,organic,0.9871150255203247
v5_float,overexposed,test/organic/organic_0003.jpg,organic,organic,0.8591098189353943
v5_float,overexposed,test/organic/organic_0004.jpg,organic,paper,0.5177907943725586
v5_float,overexposed,test/organic/organic_0005.jpg,organic,organic,0.5568147897720337
v5_float,overexposed,test/organic/organic_0006.jpg,organic,organic,0.9439966082572937
v5_float,overexposed,test/organic/organic_0007.jpg,organic,organic,0.6603599786758423
v5_float,overexposed,test/organic/organic_0008.jpg,organic,organic,0.7750957608222961
v5_float,overexposed,test/organic/organic_0009.jpg,organic,organic,0.9634444713592529
v5_float,overexposed,test/organic/organic_0010.jpg,organic,organic,0.8303882479667664
v5_float,overexposed,test/organic/organic_0011.jpg,organic,organic,0.9873033165931702
v5_float,overexposed,test/organic/organic_0012.jpg,organic,organic,0.9849796891212463
v5_float,overexposed,test/organic/organic_0013.jpg,organic,paper,0.6388583779335022
v5_float,overexposed,test/organic/organic_0014.jpg,organic,paper,0.6515992879867554
v5_float,overexposed,test/organic/organic_0015.jpg,organic,organic,0.986356258392334
v5_float,overexposed,test/organic/organic_0016.jpg,organic,organic,0.9213157892227173
v5_float,overexposed,test/organic/organic_0017.jpg,organic,organic,0.9688049554824829
v5_float,overexposed,test/organic/organic_0018.jpg,organic,organic,0.8237835764884949
v5_float,overexposed,test/organic/organic_0019.jpg,organic,organic,0.6312010884284973
v5_float,overexposed,test/organic/organic_0020.jpg,organic,paper,0.5142477750778198
v5_float,overexposed,test/organic/organic_0021.jpg,organic,organic,0.9723695516586304
v5_float,overexposed,test/organic/organic_0022.jpg,organic,organic,0.842246949672699
v5_float,overexposed,test/organic/organic_0023.jpg,organic,organic,0.8037439584732056
v5_float,overexposed,test/organic/organic_0024.jpg,organic,organic,0.9083994030952454
v5_float,overexposed,test/organic/organic_0025.jpg,organic,organic,0.9838047623634338
v5_float,overexposed,test/organic/organic_0026.jpg,organic,organic,0.8920920491218567
v5_float,overexposed,test/organic/organic_0027.jpg,organic,organic,0.9148349165916443
v5_float,overexposed,test/organic/organic_0028.jpg,organic,organic,0.9008038640022278
v5_float,overexposed,test/organic/organic_0029.jpg,organic,organic,0.9437940716743469
v5_float,overexposed,test/organic/organic_0030.jpg,organic,organic,0.9237117767333984
v5_float,overexposed,test/organic/organic_0031.jpg,organic,organic,0.9573597311973572
v5_float,overexposed,test/organic/organic_0032.jpg,organic,organic,0.851492702960968
v5_float,overexposed,test/organic/organic_0033.jpg,organic,organic,0.982644259929657
v5_float,overexposed,test/organic/organic_0034.jpg,organic,organic,0.913795530796051
v5_float,overexposed,test/organic/organic_0035.jpg,organic,organic,0.6531389355659485
v5_float,overexposed,test/organic/organic_0036.jpg,organic,organic,0.5519292950630188
v5_float,overexposed,test/organic/organic_0037.jpg,organic,organic,0.9524479508399963
v5_float,overexposed,test/organic/organic_0038.jpg,organic,other,0.4393783211708069
v5_float,overexposed,test/organic/organic_0039.jpg,organic,organic,0.9232614040374756
v5_float,overexposed,test/organic/organic_0040.jpg,organic,organic,0.9706960916519165
v5_float,overexposed,test/organic/organic_0041.jpg,organic,organic,0.7914037108421326
v5_float,overexposed,test/organic/organic_0042.jpg,organic,organic,0.9620513916015625
v5_float,overexposed,test/organic/organic_0043.jpg,organic,organic,0.7148017287254333
v5_float,overexposed,test/organic/organic_0044.jpg,organic,organic,0.44540849328041077
v5_float,overexposed,test/organic/organic_0045.jpg,organic,organic,0.7151125073432922
v5_float,overexposed,test/organic/organic_0046.jpg,organic,paper,0.5687344670295715
v5_float,overexposed,test/organic/organic_0047.jpg,organic,organic,0.9593694806098938
v5_float,overexposed,test/organic/organic_0048.jpg,organic,paper,0.603692889213562
v5_float,overexposed,test/organic/organic_0049.jpg,organic,organic,0.9920329451560974
v5_float,overexposed,test/organic/organic_0050.jpg,organic,organic,0.9592365622520447
v5_float,overexposed,test/organic/organic_0051.jpg,organic,organic,0.4430982768535614
v5_float,overexposed,test/organic/organic_0052.jpg,organic,organic,0.9488033652305603
v5_float,overexposed,test/organic/organic_0053.jpg,organic,organic,0.9561079144477844
v5_float,overexposed,test/organic/organic_0054.jpg,organic,organic,0.831699550151825
v5_float,overexposed,test/organic/organic_0055.jpg,organic,organic,0.7787155508995056
v5_float,overexposed,test/organic/organic_0056.jpg,organic,organic,0.9205501675605774
v5_float,overexposed,test/organic/organic_0057.jpg,organic,organic,0.9396476149559021
v5_float,overexposed,test/organic/organic_0058.jpg,organic,organic,0.984129786491394
v5_float,overexposed,test/organic/organic_0059.jpg,organic,organic,0.9379954934120178
v5_float,overexposed,test/organic/organic_0060.jpg,organic,organic,0.8669615983963013
v5_float,overexposed,test/organic/organic_0061.jpg,organic,paper,0.5760867595672607
v5_float,overexposed,test/organic/organic_0062.jpg,organic,organic,0.8959710001945496
v5_float,overexposed,test/organic/organic_0063.jpg,organic,organic,0.7745597958564758
v5_float,overexposed,test/organic/organic_0064.jpg,organic,organic,0.886784017086029
v5_float,overexposed,test/organic/organic_0065.jpg,organic,organic,0.9395106434822083
v5_float,overexposed,test/organic/organic_0066.jpg,organic,organic,0.9614166021347046
v5_float,overexposed,test/organic/organic_0067.jpg,organic,organic,0.6936070919036865
v5_float,overexposed,test/organic/organic_0068.jpg,organic,organic,0.9016285538673401
v5_float,overexposed,test/organic/organic_0069.jpg,organic,organic,0.9822767376899719
v5_float,overexposed,test/organic/organic_0070.jpg,organic,organic,0.49164119362831116
v5_float,overexposed,test/organic/organic_0071.jpg,organic,organic,0.9981185793876648
v5_float,overexposed,test/organic/organic_0072.jpg,organic,organic,0.9962722063064575
v5_float,overexposed,test/organic/organic_0073.jpg,organic,organic,0.9671515226364136
v5_float,overexposed,test/organic/organic_0074.jpg,organic,organic,0.8330718874931335
v5_float,overexposed,test/other/cardboard105.jpg,other,other,0.47131413221359253
v5_float,overexposed,test/other/cardboard115.jpg,other,other,0.7679221630096436
v5_float,overexposed,test/other/cardboard121.jpg,other,other,0.320542573928833
v5_float,overexposed,test/other/cardboard125.jpg,other,other,0.5066917538642883
v5_float,overexposed,test/other/cardboard128.jpg,other,plastic,0.3585222363471985
v5_float,overexposed,test/other/cardboard160.jpg,other,other,0.775647759437561
v5_float,overexposed,test/other/cardboard162.jpg,other,plastic,0.44823041558265686
v5_float,overexposed,test/other/cardboard175.jpg,other,other,0.546355128288269
v5_float,overexposed,test/other/cardboard18.jpg,other,paper,0.5273942351341248
v5_float,overexposed,test/other/cardboard184.jpg,other,other,0.6849392056465149
v5_float,overexposed,test/other/cardboard19.jpg,other,other,0.8517895340919495
v5_float,overexposed,test/other/cardboard190.jpg,other,paper,0.4806119203567505
v5_float,overexposed,test/other/cardboard2.jpg,other,paper,0.5880443453788757
v5_float,overexposed,test/other/cardboard208.jpg,other,other,0.8170247673988342
v5_float,overexposed,test/other/cardboard210.jpg,other,other,0.9370688796043396
v5_float,overexposed,test/other/cardboard213.jpg,other,other,0.8269246220588684
v5_float,overexposed,test/other/cardboard214.jpg,other,other,0.4587911069393158
v5_float,overexposed,test/other/cardboard216.jpg,other,other,0.4073488414287567
v5_float,overexposed,test/other/cardboard218.jpg,other,other,0.3950642943382263
v5_float,overexposed,test/other/cardboard222.jpg,other,other,0.9104576706886292
v5_float,overexposed,test/other/cardboard231.jpg,other,other,0.7225828766822815
v5_float,overexposed,test/other/cardboard239.jpg,other,organic,0.656559944152832
v5_float,overexposed,test/other/cardboard248.jpg,other,other,0.4373732805252075
v5_float,overexposed,test/other/cardboard252.jpg,other,paper,0.46781793236732483
v5_float,overexposed,test/other/cardboard259.jpg,other,other,0.9076033234596252
v5_float,overexposed,test/other/cardboard260.jpg,other,other,0.42726168036460876
v5_float,overexposed,test/other/cardboard261.jpg,other,paper,0.5379921197891235
v5_float,overexposed,test/other/cardboard266.jpg,other,paper,0.5708314776420593
v5_float,overexposed,test/other/cardboard274.jpg,other,organic,0.4575936198234558
v5_float,overexposed,test/other/cardboard276.jpg,other,plastic,0.42435863614082336
v5_float,overexposed,test/other/cardboard286.jpg,other,paper,0.4081408977508545
v5_float,overexposed,test/other/cardboard289.jpg,other,other,0.493328720331192
v5_float,overexposed,test/other/cardboard290.jpg,other,paper,0.3442710041999817
v5_float,overexposed,test/other/cardboard293.jpg,other,other,0.9156598448753357
v5_float,overexposed,test/other/cardboard299.jpg,other,other,0.6130823493003845
v5_float,overexposed,test/other/cardboard304.jpg,other,other,0.743360698223114
v5_float,overexposed,test/other/cardboard308.jpg,other,paper,0.5934329628944397
v5_float,overexposed,test/other/cardboard31.jpg,other,other,0.9691128730773926
v5_float,overexposed,test/other/cardboard310.jpg,other,other,0.9711238741874695
v5_float,overexposed,test/other/cardboard312.jpg,other,other,0.531727135181427
v5_float,overexposed,test/other/cardboard313.jpg,other,other,0.9710704684257507
v5_float,overexposed,test/other/cardboard314.jpg,other,other,0.9489713907241821
v5_float,overexposed,test/other/cardboard321.jpg,other,paper,0.5373002290725708
v5_float,overexposed,test/other/cardboard323.jpg,other,other,0.8268033862113953
v5_float,overexposed,test/other/cardboard332.jpg,other,other,0.5479634404182434
v5_float,overexposed,test/other/cardboard334.jpg,other,other,0.9343181252479553
v5_float,overexposed,test/other/cardboard34.jpg,other,other,0.5668216347694397
v5_float,overexposed,test/other/cardboard356.jpg,other,other,0.6247114539146423
v5_float,overexposed,test/other/cardboard363.jpg,other,other,0.534254252910614
v5_float,overexposed,test/other/cardboard372.jpg,other,other,0.431069016456604
v5_float,overexposed,test/other/cardboard383.jpg,other,paper,0.5301322340965271
v5_float,overexposed,test/other/cardboard384.jpg,other,organic,0.76949542760849
v5_float,overexposed,test/other/cardboard387.jpg,other,plastic,0.42354241013526917
v5_float,overexposed,test/other/cardboard388.jpg,other,other,0.7009498476982117
v5_float,overexposed,test/other/cardboard397.jpg,other,other,0.9121447801589966
v5_float,overexposed,test/other/cardboard40.jpg,other,other,0.5459644198417664
v5_float,overexposed,test/other/cardboard401.jpg,other,other,0.9597469568252563
v5_float,overexposed,test/other/cardboard44.jpg,other,other,0.8758659362792969
v5_float,overexposed,test/other/cardboard51.jpg,other,other,0.6565190553665161
v5_float,overexposed,test/other/cardboard57.jpg,other,other,0.7505267858505249
v5_float,overexposed,test/other/cardboard63.jpg,other,plastic,0.4900414049625397
v5_float,overexposed,test/other/cardboard69.jpg,other,paper,0.6002464890480042
v5_float,overexposed,test/other/cardboard71.jpg,other,other,0.6907146573066711
v5_float,overexposed,test/other/cardboard73.jpg,other,paper,0.5025147199630737
v5_float,overexposed,test/other/cardboard8.jpg,other,other,0.8740577697753906
v5_float,overexposed,test/other/cardboard88.jpg,other,other,0.47370997071266174
v5_float,overexposed,test/other/cardboard89.jpg,other,paper,0.39216408133506775
v5_float,overexposed,test/other/cardboard9.jpg,other,other,0.9820024967193604
v5_float,overexposed,test/other/cardboard92.jpg,other,other,0.5176476240158081
v5_float,overexposed,test/other/cardboard98.jpg,other,other,0.5361209511756897
v5_float,overexposed,test/other/metal112.jpg,other,organic,0.492188960313797
v5_float,overexposed,test/other/metal114.jpg,other,paper,0.7192481756210327
v5_float,overexposed,test/other/metal119.jpg,other,other,0.3708207607269287
v5_float,overexposed,test/other/metal12.jpg,other,other,0.6119425892829895
v5_float,overexposed,test/other/metal13.jpg,other,organic,0.412688285112381
v5_float,overexposed,test/other/metal133.jpg,other,other,0.6795585751533508
v5_float,overexposed,test/other/metal134.jpg,other,plastic,0.4785282015800476
v5_float,overexposed,test/other/metal139.jpg,other,plastic,0.5296240448951721
v5_float,overexposed,test/other/metal143.jpg,other,paper,0.46683424711227417
v5_float,overexposed,test/other/metal146.jpg,other,other,0.7109354734420776
v5_float,overexposed,test/other/metal157.jpg,other,paper,0.411636084318161
v5_float,overexposed,test/other/metal159.jpg,other,organic,0.37292057275772095
v5_float,overexposed,test/other/metal161.jpg,other,plastic,0.732961893081665
v5_float,overexposed,test/other/metal170.jpg,other,paper,0.5131006240844727
v5_float,overexposed,test/other/metal172.jpg,other,paper,0.7825680375099182
v5_float,overexposed,test/other/metal175.jpg,other,paper,0.7013843655586243
v5_float,overexposed,test/other/metal18.jpg,other,plastic,0.6044283509254456
v5_float,overexposed,test/other/metal186.jpg,other,other,0.40998250246047974
v5_float,overexposed,test/other/metal187.jpg,other,organic,0.4205619692802429
v5_float,overexposed,test/other/metal188.jpg,other,organic,0.4090658128261566
v5_float,overexposed,test/other/metal192.jpg,other,paper,0.4458911418914795
v5_float,overexposed,test/other/metal198.jpg,other,other,0.4280693531036377
v5_float,overexposed,test/other/metal201.jpg,other,plastic,0.5423353910446167
v5_float,overexposed,test/other/metal205.jpg,other,other,0.35060766339302063
v5_float,overexposed,test/other/metal209.jpg,other,organic,0.3688007593154907
v5_float,overexposed,test/other/metal217.jpg,other,other,0.46305516362190247
v5_float,overexposed,test/other/metal239.jpg,other,paper,0.5190948843955994
v5_float,overexposed,test/other/metal24.jpg,other,paper,0.5690701603889465
v5_float,overexposed,test/other/metal246.jpg,other,paper,0.4649776518344879
v5_float,overexposed,test/other/metal247.jpg,other,other,0.34587958455085754
v5_float,overexposed,test/other/metal248.jpg,other,paper,0.3579608201980591
v5_float,overexposed,test/other/metal249.jpg,other,other,0.4777751564979553
v5_float,overexposed,test/other/metal258.jpg,other,paper,0.6443892121315002
v5_float,overexposed,test/other/metal261.jpg,other,paper,0.4320167303085327
v5_float,overexposed,test/other/metal263.jpg,other,plastic,0.5616529583930969
v5_float,overexposed,test/other/metal269.jpg,other,other,0.5827346444129944
v5_float,overexposed,test/other/metal27.jpg,other,paper,0.39235469698905945
v5_float,overexposed,test/other/metal275.jpg,other,other,0.43237537145614624
v5_float,overexposed,test/other/metal292.jpg,other,plastic,0.5945411920547485
v5_float,overexposed,test/other/metal296.jpg,other,paper,0.45981740951538086
v5_float,overexposed,test/other/metal317.jpg,other,plastic,0.5235503315925598
v5_float,overexposed,test/other/metal324.jpg,other,organic,0.6364265084266663
v5_float,overexposed,test/other/metal325.jpg,other,other,0.5668118596076965
v5_float,overexposed,test/other/metal328.jpg,other,other,0.40348461270332336
v5_float,overexposed,test/other/metal33.jpg,other,organic,0.49107488989830017
v5_float,overexposed,test/other/metal341.jpg,other,paper,0.5869669318199158
v5_float,overexposed,test/other/metal344.jpg,other,plastic,0.5994766354560852
v5_float,overexposed,test/other/metal350.jpg,other,organic,0.6405410766601562
v5_float,overexposed,test/other/metal355.jpg,other,other,0.5773555040359497
v5_float,overexposed,test/other/metal364.jpg,other,other,0.5655639171600342
v5_float,overexposed,test/other/metal370.jpg,other,organic,0.3358694612979889
v5_float,overexposed,test/other/metal387.jpg,other,paper,0.5061577558517456
v5_float,overexposed,test/other/metal389.jpg,other,paper,0.44212228059768677
v5_float,overexposed,test/other/metal393.jpg,other,organic,0.42189791798591614
v5_float,overexposed,test/other/metal394.jpg,other,organic,0.7276487350463867
v5_float,overexposed,test/other/metal395.jpg,other,paper,0.3193606436252594
v5_float,overexposed,test/other/metal403.jpg,other,other,0.4665586054325104
v5_float,overexposed,test/other/metal48.jpg,other,paper,0.6695658564567566
v5_float,overexposed,test/other/metal50.jpg,other,paper,0.5765553116798401
v5_float,overexposed,test/other/metal52.jpg,other,paper,0.6356458067893982
v5_float,overexposed,test/other/metal62.jpg,other,paper,0.4127892851829529
v5_float,overexposed,test/other/metal65.jpg,other,organic,0.7094441652297974
v5_float,overexposed,test/other/metal68.jpg,other,paper,0.33304181694984436
v5_float,overexposed,test/other/metal77.jpg,other,paper,0.6685211062431335
v5_float,overexposed,test/other/metal80.jpg,other,plastic,0.6232761740684509
v5_float,overexposed,test/other/metal84.jpg,other,paper,0.7305580377578735
v5_float,overexposed,test/other/metal87.jpg,other,other,0.3913687467575073
v5_float,overexposed,test/other/metal99.jpg,other,other,0.5247348546981812
v5_float,warm_cast,test/paper/paper104.jpg,paper,organic,0.6337156891822815
v5_float,warm_cast,test/paper/paper112.jpg,paper,organic,0.6539864540100098
v5_float,warm_cast,test/paper/paper113.jpg,paper,other,0.7875549793243408
v5_float,warm_cast,test/paper/paper114.jpg,paper,organic,0.8991705775260925
v5_float,warm_cast,test/paper/paper12.jpg,paper,other,0.5251622796058655
v5_float,warm_cast,test/paper/paper120.jpg,paper,other,0.9786489605903625
v5_float,warm_cast,test/paper/paper124.jpg,paper,other,0.9650824069976807
v5_float,warm_cast,test/paper/paper125.jpg,paper,other,0.8826958537101746
v5_float,warm_cast,test/paper/paper129.jpg,paper,organic,0.909518837928772
v5_float,warm_cast,test/paper/paper13.jpg,paper,other,0.955035388469696
v5_float,warm_cast,test/paper/paper137.jpg,paper,other,0.9624037146568298
v5_float,warm_cast,test/paper/paper143.jpg,paper,other,0.9760955572128296
v5_float,warm_cast,test/paper/paper149.jpg,paper,other,0.9453136324882507
v5_float,warm_cast,test/paper/paper161.jpg,paper,organic,0.7501253485679626
v5_float,warm_cast,test/paper/paper167.jpg,paper,other,0.5940040349960327
v5_float,warm_cast,test/paper/paper169.jpg,paper,other,0.9873073101043701
v5_float,warm_cast,test/paper/paper186.jpg,paper,other,0.865185558795929
v5_float,warm_cast,test/paper/paper188.jpg,paper,organic,0.7612595558166504
v5_float,warm_cast,test/paper/paper208.jpg,paper,organic,0.6857019662857056
v5_float,warm_cast,test/paper/paper209.jpg,paper,organic,0.7650165557861328
v5_float,warm_cast,test/paper/paper218.jpg,paper,other,0.8580661416053772
v5_float,warm_cast,test/paper/paper219.jpg,paper,other,0.9650613069534302
v5_float,warm_cast,test/paper/paper220.jpg,paper,other,0.9465609788894653
v5_float,warm_cast,test/paper/paper225.jpg,paper,other,0.7975244522094727
v5_float,warm_cast,test/paper/paper230.jpg,paper,other,0.9751810431480408
v5_float,warm_cast,test/paper/paper235.jpg,paper,other,0.7143264412879944
v5_float,warm_cast,test/paper/paper266.jpg,paper,organic,0.912413477897644
v5_float,warm_cast,test/paper/paper269.jpg,paper,organic,0.774653971195221
v5_float,warm_cast,test/paper/paper271.jpg,paper,other,0.8846507668495178
v5_float,warm_cast,test/paper/paper273.jpg,paper,other,0.8975457549095154
v5_float,warm_cast,test/paper/paper276.jpg,paper,other,0.9305662512779236
v5_float,warm_cast,test/paper/paper279.jpg,paper,other,0.9674736261367798
v5_float,warm_cast,test/paper/paper282.jpg,paper,other,0.9587537050247192
v5_float,warm_cast,test/paper/paper286.jpg,paper,organic,0.5959534645080566
v5_float,warm_cast,test/paper/paper289.jpg,paper,organic,0.5314540863037109
v5_float,warm_cast,test/paper/paper294.jpg,paper,other,0.9827489852905273
v5_float,warm_cast,test/paper/paper3.jpg,paper,other,0.9161131381988525
v5_float,warm_cast,test/paper/paper301.jpg,paper,other,0.858850359916687
v5_float,warm_cast,test/paper/paper303.jpg,paper,other,0.9725856781005859
v5_float,warm_cast,test/paper/paper311.jpg,paper,organic,0.8787598609924316
v5_float,warm_cast,test/paper/paper319.jpg,paper,organic,0.9229523539543152
v5_float,warm_cast,test/paper/paper32.jpg,paper,other,0.9564952850341797
v5_float,warm_cast,test/paper/paper346.jpg,paper,other,0.8399646878242493
v5_float,warm_cast,test/paper/paper348.jpg,paper,other,0.8991312980651855
v5_float,warm_cast,test/paper/paper350.jpg,paper,other,0.9866663813591003
v5_float,warm_cast,test/paper/paper354.jpg,paper,other,0.9234578609466553
v5_float,warm_cast,test/paper/paper356.jpg,paper,organic,0.6566473841667175
v5_float,warm_cast,test/paper/paper357.jpg,paper,other,0.9508531093597412
v5_float,warm_cast,test/paper/paper361.jpg,paper,other,0.9698877930641174
v5_float,warm_cast,test/paper/paper362.jpg,paper,other,0.5184548497200012
v5_float,warm_cast,test/paper/paper368.jpg,paper,other,0.9676346778869629
v5_float,warm_cast,test/paper/paper373.jpg,paper,other,0.9846156239509583
v5_float,warm_cast,test/paper/paper380.jpg,paper,organic,0.7316216230392456
v5_float,warm_cast,test/paper/paper381.jpg,paper,organic,0.7610349059104919
v5_float,warm_cast,test/paper/paper385.jpg,paper,other,0.9490073323249817
v5_float,warm_cast,test/paper/paper392.jpg,paper,organic,0.49319130182266235
v5_float,warm_cast,test/paper/paper396.jpg,paper,other,0.9460169672966003
v5_float,warm_cast,test/paper/paper404.jpg,paper,other,0.8951903581619263
v5_float,warm_cast,test/paper/paper405.jpg,paper,other,0.504192054271698
v5_float,warm_cast,test/paper/paper416.jpg,paper,other,0.9690259695053101
v5_float,warm_cast,test/paper/paper417.jpg,paper,other,0.8968839049339294
v5_float,warm_cast,test/paper/paper422.jpg,paper,organic,0.8929018974304199
v5_float,warm_cast,test/paper/paper434.jpg,paper,other,0.8822891116142273
v5_float,warm_cast,test/paper/paper444.jpg,paper,other,0.980554461479187
v5_float,warm_cast,test/paper/paper450.jpg,paper,organic,0.3824061453342438
v5_float,warm_cast,test/paper/paper457.jpg,paper,organic,0.6183781623840332
v5_float,warm_cast,test/paper/paper460.jpg,paper,organic,0.5972344279289246
v5_float,warm_cast,test/paper/paper461.jpg,paper,other,0.944186270236969
v5_float,warm_cast,test/paper/paper462.jpg,paper,other,0.49886757135391235
v5_float,warm_cast,test/paper/paper465.jpg,paper,other,0.90724778175354
v5_float,warm_cast,test/paper/paper474.jpg,paper,organic,0.6374117136001587
v5_float,warm_cast,test/paper/paper48.jpg,paper,organic,0.6878510117530823
v5_float,warm_cast,test/paper/paper495.jpg,paper,other,0.9461899399757385
v5_float,warm_cast,test/paper/paper500.jpg,paper,other,0.5990038514137268
v5_float,warm_cast,test/paper/paper502.jpg,paper,organic,0.6845882534980774
v5_float,warm_cast,test/paper/paper503.jpg,paper,other,0.9622765183448792
v5_float,warm_cast,test/paper/paper505.jpg,paper,other,0.9791972041130066
v5_float,warm_cast,test/paper/paper508.jpg,paper,other,0.9654068946838379
v5_float,warm_cast,test/paper/paper515.jpg,paper,other,0.9464983940124512
v5_float,warm_cast,test/paper/paper525.jpg,paper,other,0.9535081386566162
v5_float,warm_cast,test/paper/paper527.jpg,paper,other,0.7514156699180603
v5_float,warm_cast,test/paper/paper53.jpg,paper,other,0.3518824577331543
v5_float,warm_cast,test/paper/paper534.jpg,paper,organic,0.4360977113246918
v5_float,warm_cast,test/paper/paper537.jpg,paper,organic,0.8137847781181335
v5_float,warm_cast,test/paper/paper541.jpg,paper,other,0.6390231847763062
v5_float,warm_cast,test/paper/paper542.jpg,paper,organic,0.903435468673706
v5_float,warm_cast,test/paper/paper543.jpg,paper,other,0.6899138689041138
v5_float,warm_cast,test/paper/paper547.jpg,paper,organic,0.42549195885658264
v5_float,warm_cast,test/paper/paper548.jpg,paper,other,0.9768705368041992
v5_float,warm_cast,test/paper/paper55.jpg,paper,paper,0.49770915508270264
v5_float,warm_cast,test/paper/paper557.jpg,paper,other,0.9668324589729309
v5_float,warm_cast,test/paper/paper558.jpg,paper,organic,0.7733129858970642
v5_float,warm_cast,test/paper/paper563.jpg,paper,other,0.6300148963928223
v5_float,warm_cast,test/paper/paper569.jpg,paper,other,0.46309027075767517
v5_float,warm_cast,test/paper/paper570.jpg,paper,other,0.74652099609375
v5_float,warm_cast,test/paper/paper576.jpg,paper,other,0.9633445739746094
v5_float,warm_cast,test/paper/paper58.jpg,paper,other,0.9790465831756592
v5_float,warm_cast,test/paper/paper586.jpg,paper,organic,0.6907868981361389
v5_float,warm_cast,test/paper/paper593.jpg,paper,other,0.9697063565254211
v5_float,warm_cast,test/paper/paper6.jpg,paper,other,0.7567380666732788
v5_float,warm_cast,test/paper/paper68.jpg,paper,organic,0.6004735827445984
v5_float,warm_cast,test/paper/paper69.jpg,paper,organic,0.8603569269180298
v5_float,warm_cast,test/paper/paper7.jpg,paper,other,0.6704966425895691
v5_float,warm_cast,test/paper/paper70.jpg,paper,other,0.9709789752960205
v5_float,warm_cast,test/paper/paper77.jpg,paper,organic,0.459401398897171
v5_float,warm_cast,test/paper/paper86.jpg,paper,organic,0.9139642715454102
v5_float,warm_cast,test/paper/paper94.jpg,paper,other,0.9037312865257263
v5_float,warm_cast,test/paper/paper97.jpg,paper,organic,0.779312789440155
v5_float,warm_cast,test/plastic/plastic103.jpg,plastic,other,0.6779467463493347
v5_float,warm_cast,test/plastic/plastic114.jpg,plastic,other,0.9650577306747437
v5_float,warm_cast,test/plastic/plastic122.jpg,plastic,other,0.7424502372741699
v5_float,warm_cast,test/plastic/plastic125.jpg,plastic,other,0.5011297464370728
v5_float,warm_cast,test/plastic/plastic126.jpg,plastic,other,0.9334201812744141
v5_float,warm_cast,test/plastic/plastic132.jpg,plastic,other,0.8740602731704712
v5_float,warm_cast,test/plastic/plastic138.jpg,plastic,other,0.9749934673309326
v5_float,warm_cast,test/plastic/plastic145.jpg,plastic,other,0.9499560594558716
v5_float,warm_cast,test/plastic/plastic146.jpg,plastic,other,0.9841374158859253
v5_float,warm_cast,test/plastic/plastic152.jpg,plastic,other,0.942577600479126
v5_float,warm_cast,test/plastic/plastic156.jpg,plastic,other,0.9860287308692932
v5_float,warm_cast,test/plastic/plastic159.jpg,plastic,other,0.9317808747291565
v5_float,warm_cast,test/plastic/plastic170.jpg,plastic,other,0.9642993807792664
v5_float,warm_cast,test/plastic/plastic172.jpg,plastic,other,0.7571630477905273
v5_float,warm_cast,test/plastic/plastic177.jpg,plastic,other,0.9260879158973694
v5_float,warm_cast,test/plastic/plastic187.jpg,plastic,other,0.446738600730896
v5_float,warm_cast,test/plastic/plastic2.jpg,plastic,other,0.9846195578575134
v5_float,warm_cast,test/plastic/plastic201.jpg,plastic,other,0.5391406416893005
v5_float,warm_cast,test/plastic/plastic205.jpg,plastic,other,0.5388627052307129
v5_float,warm_cast,test/plastic/plastic207.jpg,plastic,other,0.8072574734687805
v5_float,warm_cast,test/plastic/plastic21.jpg,plastic,other,0.8205533623695374
v5_float,warm_cast,test/plastic/plastic214.jpg,plastic,other,0.7535351514816284
v5_float,warm_cast,test/plastic/plastic217.jpg,plastic,other,0.8015981912612915
v5_float,warm_cast,test/plastic/plastic226.jpg,plastic,other,0.4930536150932312
v5_float,warm_cast,test/plastic/plastic227.jpg,plastic,other,0.7685731649398804
v5_float,warm_cast,test/plastic/plastic242.jpg,plastic,other,0.8291335105895996
v5_float,warm_cast,test/plastic/plastic251.jpg,plastic,other,0.851995587348938
v5_float,warm_cast,test/plastic/plastic252.jpg,plastic,other,0.8143040537834167
v5_float,warm_cast,test/plastic/plastic253.jpg,plastic,other,0.8722643256187439
v5_float,warm_cast,test/plastic/plastic260.jpg,plastic,other,0.7258989810943604
v5_float,warm_cast,test/plastic/plastic264.jpg,plastic,other,0.9684900045394897
v5_float,warm_cast,test/plastic/plastic265.jpg,plastic,other,0.8149195909500122
v5_float,warm_cast,test/plastic/plastic268.jpg,plastic,other,0.4998660981655121
v5_float,warm_cast,test/plastic/plastic270.jpg,plastic,other,0.7767555713653564
v5_float,warm_cast,test/plastic/plastic285.jpg,plastic,other,0.6655517816543579
v5_float,warm_cast,test/plastic/plastic305.jpg,plastic,other,0.9380909204483032
v5_float,warm_cast,test/plastic/plastic306.jpg,plastic,other,0.8756746053695679
v5_float,warm_cast,test/plastic/plastic312.jpg,plastic,other,0.7848714590072632
v5_float,warm_cast,test/plastic/plastic314.jpg,plastic,other,0.8530203700065613
v5_float,warm_cast,test/plastic/plastic315.jpg,plastic,other,0.7995055913925171
v5_float,warm_cast,test/plastic/plastic317.jpg,plastic,other,0.908852219581604
v5_float,warm_cast,test/plastic/plastic32.jpg,plastic,other,0.615202784538269
v5_float,warm_cast,test/plastic/plastic328.jpg,plastic,other,0.9269660711288452
v5_float,warm_cast,test/plastic/plastic348.jpg,plastic,other,0.9167875647544861
v5_float,warm_cast,test/plastic/plastic349.jpg,plastic,other,0.7647721171379089
v5_float,warm_cast,test/plastic/plastic372.jpg,plastic,other,0.8768503665924072
v5_float,warm_cast,test/plastic/plastic374.jpg,plastic,other,0.8926751017570496
v5_float,warm_cast,test/plastic/plastic379.jpg,plastic,other,0.6268693804740906
v5_float,warm_cast,test/plastic/plastic383.jpg,plastic,other,0.930514395236969
v5_float,warm_cast,test/plastic/plastic388.jpg,plastic,other,0.7116727828979492
v5_float,warm_cast,test/plastic/plastic39.jpg,plastic,other,0.8301103711128235
v5_float,warm_cast,test/plastic/plastic390.jpg,plastic,other,0.5973030924797058
v5_float,warm_cast,test/plastic/plastic398.jpg,plastic,other,0.8985676765441895
v5_float,warm_cast,test/plastic/plastic399.jpg,plastic,other,0.7992033958435059
v5_float,warm_cast,test/plastic/plastic405.jpg,plastic,other,0.7806876301765442
v5_float,warm_cast,test/plastic/plastic411.jpg,plastic,other,0.7889522314071655
v5_float,warm_cast,test/plastic/plastic420.jpg,plastic,other,0.8266646862030029
v5_float,warm_cast,test/plastic/plastic423.jpg,plastic,other,0.791366457939148
v5_float,warm_cast,test/plastic/plastic426.jpg,plastic,other,0.8734901547431946
v5_float,warm_cast,test/plastic/plastic434.jpg,plastic,other,0.7423691153526306
v5_float,warm_cast,test/plastic/plastic438.jpg,plastic,other,0.9530763030052185
v5_float,warm_cast,test/plastic/plastic465.jpg,plastic,organic,0.48832425475120544
v5_float,warm_cast,test/plastic/plastic473.jpg,plastic,other,0.9454673528671265
v5_float,warm_cast,test/plastic/plastic49.jpg,plastic,other,0.7328653335571289
v5_float,warm_cast,test/plastic/plastic64.jpg,plastic,other,0.7485663890838623
v5_float,warm_cast,test/plastic/plastic66.jpg,plastic,other,0.8470789790153503
v5_float,warm_cast,test/plastic/plastic67.jpg,plastic,other,0.6449862122535706
v5_float,warm_cast,test/plastic/plastic79.jpg,plastic,other,0.6712343692779541
v5_float,warm_cast,test/plastic/plastic80.jpg,plastic,other,0.7038038372993469
v5_float,warm_cast,test/plastic/plastic82.jpg,plastic,other,0.967994213104248
v5_float,warm_cast,test/plastic/plastic84.jpg,plastic,other,0.7126349806785583
v5_float,warm_cast,test/plastic/plastic93.jpg,plastic,other,0.8125427961349487
v5_float,warm_cast,test/plastic/plastic98.jpg,plastic,other,0.8827486634254456
v5_float,warm_cast,test/plastic/plastic99.jpg,plastic,other,0.8285725712776184
v5_float,warm_cast,test/organic/organic_0001.jpg,organic,organic,0.909954845905304
v5_float,warm_cast,test/organic/organic_0002.jpg,organic,organic,0.717575192451477
v5_float,warm_cast,test/organic/organic_0003.jpg,organic,other,0.49243468046188354
v5_float,warm_cast,test/organic/organic_0004.jpg,organic,organic,0.9440420866012573
v5_float,warm_cast,test/organic/organic_0005.jpg,organic,organic,0.89928138256073
v5_float,warm_cast,test/organic/organic_0006.jpg,organic,organic,0.9698148965835571
v5_float,warm_cast,test/organic/organic_0007.jpg,organic,organic,0.8707683682441711
v5_float,warm_cast,test/organic/organic_0008.jpg,organic,organic,0.7798660397529602
v5_float,warm_cast,test/organic/organic_0009.jpg,organic,organic,0.9056060314178467
v5_float,warm_cast,test/organic/organic_0010.jpg,organic,organic,0.9818399548530579
v5_float,warm_cast,test/organic/organic_0011.jpg,organic,organic,0.9638580679893494
v5_float,warm_cast,test/organic/organic_0012.jpg,organic,organic,0.9830936193466187
v5_float,warm_cast,test/organic/organic_0013.jpg,organic,organic,0.7880071401596069
v5_float,warm_cast,test/organic/organic_0014.jpg,organic,organic,0.4530314803123474
v5_float,warm_cast,test/organic/organic_0015.jpg,organic,organic,0.9893473386764526
v5_float,warm_cast,test/organic/organic_0016.jpg,organic,organic,0.9174084663391113
v5_float,warm_cast,test/organic/organic_0017.jpg,organic,organic,0.925805926322937
v5_float,warm_cast,test/organic/organic_0018.jpg,organic,other,0.6234099268913269
v5_float,warm_cast,test/organic/organic_0019.jpg,organic,other,0.7583594918251038
v5_float,warm_cast,test/organic/organic_0020.jpg,organic,organic,0.7181405425071716
v5_float,warm_cast,test/organic/organic_0021.jpg,organic,organic,0.9518541693687439
v5_float,warm_cast,test/organic/organic_0022.jpg,organic,organic,0.46206367015838623
v5_float,warm_cast,test/organic/organic_0023.jpg,organic,organic,0.9179202914237976
v5_float,warm_cast,test/organic/organic_0024.jpg,organic,organic,0.7053778767585754
v5_float,warm_cast,test/organic/organic_0025.jpg,organic,organic,0.9816440939903259
v5_float,warm_cast,test/organic/organic_0026.jpg,organic,organic,0.6341956257820129
v5_float,warm_cast,test/organic/organic_0027.jpg,organic,organic,0.8843562602996826
v5_float,warm_cast,test/organic/organic_0028.jpg,organic,organic,0.8307698369026184
v5_float,warm_cast,test/organic/organic_0029.jpg,organic,organic,0.766738772392273
v5_float,warm_cast,test/organic/organic_0030.jpg,organic,organic,0.9063733816146851
v5_float,warm_cast,test/organic/organic_0031.jpg,organic,organic,0.938282310962677
v5_float,warm_cast,test/organic/organic_0032.jpg,organic,organic,0.9397885203361511
v5_float,warm_cast,test/organic/organic_0033.jpg,organic,organic,0.9508638381958008
v5_float,warm_cast,test/organic/organic_0034.jpg,organic,organic,0.6146067976951599
v5_float,warm_cast,test/organic/organic_0035.jpg,organic,organic,0.6193835735321045
v5_float,warm_cast,test/organic/organic_0036.jpg,organic,organic,0.8765521049499512
v5_float,warm_cast,test/organic/organic_0037.jpg,organic,organic,0.6861297488212585
v5_float,warm_cast,test/organic/organic_0038.jpg,organic,other,0.7519806027412415
v5_float,warm_cast,test/organic/organic_0039.jpg,organic,organic,0.9300152063369751
v5_float,warm_cast,test/organic/organic_0040.jpg,organic,organic,0.7629392743110657
v5_float,warm_cast,test/organic/organic_0041.jpg,organic,organic,0.883002519607544
v5_float,warm_cast,test/organic/organic_0042.jpg,organic,organic,0.7953706979751587
v5_float,warm_cast,test/organic/organic_0043.jpg,organic,organic,0.48313647508621216
v5_float,warm_cast,test/organic/organic_0044.jpg,organic,organic,0.7838096618652344
v5_float,warm_cast,test/organic/organic_0045.jpg,organic,organic,0.9657819271087646
v5_float,warm_cast,test/organic/organic_0046.jpg,organic,organic,0.9562973976135254
v5_float,warm_cast,test/organic/organic_0047.jpg,organic,organic,0.9762576222419739
v5_float,warm_cast,test/organic/organic_0048.jpg,organic,organic,0.9514252543449402
v5_float,warm_cast,test/organic/organic_0049.jpg,organic,organic,0.9154126644134521
v5_float,warm_cast,test/organic/organic_0050.jpg,organic,organic,0.8717403411865234
v5_float,warm_cast,test/organic/organic_0051.jpg,organic,other,0.6782349348068237
v5_float,warm_cast,test/organic/organic_0052.jpg,organic,organic,0.9706085920333862
v5_float,warm_cast,test/organic/organic_0053.jpg,organic,organic,0.8530668616294861
v5_float,warm_cast,test/organic/organic_0054.jpg,organic,other,0.30543166399002075
v5_float,warm_cast,test/organic/organic_0055.jpg,organic,organic,0.9001018404960632
v5_float,warm_cast,test/organic/organic_0056.jpg,organic,organic,0.40955281257629395
v5_float,warm_cast,test/organic/organic_0057.jpg,organic,organic,0.9550601840019226
v5_float,warm_cast,test/organic/organic_0058.jpg,organic,organic,0.941838800907135
v5_float,warm_cast,test/organic/organic_0059.jpg,organic,organic,0.8622424006462097
v5_float,warm_cast,test/organic/organic_0060.jpg,organic,organic,0.8590055704116821
v5_float,warm_cast,test/organic/organic_0061.jpg,organic,organic,0.5166023373603821
v5_float,warm_cast,test/organic/organic_0062.jpg,organic,organic,0.829105794429779
v5_float,warm_cast,test/organic/organic_0063.jpg,organic,organic,0.8440079092979431
v5_float,warm_cast,test/organic/organic_0064.jpg,organic,organic,0.6285955905914307
v5_float,warm_cast,test/organic/organic_0065.jpg,organic,organic,0.7813085913658142
v5_float,warm_cast,test/organic/organic_0066.jpg,organic,organic,0.8782587051391602
v5_float,warm_cast,test/organic/organic_0067.jpg,organic,organic,0.5458727478981018
v5_float,warm_cast,test/organic/organic_0068.jpg,organic,organic,0.6420209407806396
v5_float,warm_cast,test/organic/organic_0069.jpg,organic,organic,0.9067899584770203
v5_float,warm_cast,test/organic/organic_0070.jpg,organic,other,0.4331171214580536
v5_float,warm_cast,test/organic/organic_0071.jpg,organic,organic,0.9819694757461548
v5_float,warm_cast,test/organic/organic_0072.jpg,organic,organic,0.9833981990814209
v5_float,warm_cast,test/organic/organic_0073.jpg,organic,organic,0.9824681878089905
v5_float,warm_cast,test/organic/organic_0074.jpg,organic,organic,0.9627398252487183
v5_float,warm_cast,test/other/cardboard105.jpg,other,other,0.8965885639190674
v5_float,warm_cast,test/other/cardboard115.jpg,other,other,0.9598923921585083
v5_float,warm_cast,test/other/cardboard121.jpg,other,other,0.8884655833244324
v5_float,warm_cast,test/other/cardboard125.jpg,other,other,0.7528257369995117
v5_float,warm_cast,test/other/cardboard128.jpg,other,other,0.8729106187820435
v5_float,warm_cast,test/other/cardboard160.jpg,other,other,0.9345133900642395
v5_float,warm_cast,test/other/cardboard162.jpg,other,other,0.6651049256324768
v5_float,warm_cast,test/other/cardboard175.jpg,other,other,0.5397053956985474
v5_float,warm_cast,test/other/cardboard18.jpg,other,other,0.8921844363212585
v5_float,warm_cast,test/other/cardboard184.jpg,other,other,0.9067508578300476
v5_float,warm_cast,test/other/cardboard19.jpg,other,other,0.7868101596832275
v5_float,warm_cast,test/other/cardboard190.jpg,other,organic,0.4172014594078064
v5_float,warm_cast,test/other/cardboard2.jpg,other,other,0.9829513430595398
v5_float,warm_cast,test/other/cardboard208.jpg,other,other,0.9260843396186829
v5_float,warm_cast,test/other/cardboard210.jpg,other,other,0.9430906176567078
v5_float,warm_cast,test/other/cardboard213.jpg,other,other,0.9351807832717896
v5_float,warm_cast,test/other/cardboard214.jpg,other,other,0.8978381752967834
v5_float,warm_cast,test/other/cardboard216.jpg,other,other,0.7762628197669983
v5_float,warm_cast,test/other/cardboard218.jpg,other,other,0.7630817294120789
v5_float,warm_cast,test/other/cardboard222.jpg,other,other,0.9121878147125244
v5_float,warm_cast,test/other/cardboard231.jpg,other,other,0.966642439365387
v5_float,warm_cast,test/other/cardboard239.jpg,other,other,0.603028416633606
v5_float,warm_cast,test/other/cardboard248.jpg,other,other,0.8548963665962219
v5_float,warm_cast,test/other/cardboard252.jpg,other,other,0.7439243197441101
v5_float,warm_cast,test/other/cardboard259.jpg,other,other,0.9531477689743042
v5_float,warm_cast,test/other/cardboard260.jpg,other,other,0.7647982239723206
v5_float,warm_cast,test/other/cardboard261.jpg,other,other,0.9648687243461609
v5_float,warm_cast,test/other/cardboard266.jpg,other,organic,0.7583845853805542
v5_float,warm_cast,test/other/cardboard274.jpg,other,other,0.9849029779434204
v5_float,warm_cast,test/other/cardboard276.jpg,other,other,0.7893784642219543
v5_float,warm_cast,test/other/cardboard286.jpg,other,other,0.5482564568519592
v5_float,warm_cast,test/other/cardboard289.jpg,other,other,0.9465164542198181
v5_float,warm_cast,test/other/cardboard290.jpg,other,other,0.9324824810028076
v5_float,warm_cast,test/other/cardboard293.jpg,other,other,0.8952738046646118
v5_float,warm_cast,test/other/cardboard299.jpg,other,other,0.8915277123451233
v5_float,warm_cast,test/other/cardboard304.jpg,other,other,0.885745644569397
v5_float,warm_cast,test/other/cardboard308.jpg,other,other,0.7847769260406494
v5_float,warm_cast,test/other/cardboard31.jpg,other,other,0.9527717232704163
v5_float,warm_cast,test/other/cardboard310.jpg,other,other,0.955371618270874
v5_float,warm_cast,test/other/cardboard312.jpg,other,other,0.9500927329063416
v5_float,warm_cast,test/other/cardboard313.jpg,other,other,0.9578866362571716
v5_float,warm_cast,test/other/cardboard314.jpg,other,other,0.9433886408805847
v5_float,warm_cast,test/other/cardboard321.jpg,other,other,0.7937090992927551
v5_float,warm_cast,test/other/cardboard323.jpg,other,other,0.9104270935058594
v5_float,warm_cast,test/other/cardboard332.jpg,other,other,0.9436562657356262
v5_float,warm_cast,test/other/cardboard334.jpg,other,other,0.8884533047676086
v5_float,warm_cast,test/other/cardboard34.jpg,other,other,0.9624137282371521
v5_float,warm_cast,test/other/cardboard356.jpg,other,other,0.924344539642334
v5_float,warm_cast,test/other/cardboard363.jpg,other,other,0.6752675175666809
v5_float,warm_cast,test/other/cardboard372.jpg,other,other,0.9199092984199524
v5_float,warm_cast,test/other/cardboard383.jpg,other,other,0.9855925440788269
v5_float,warm_cast,test/other/cardboard384.jpg,other,organic,0.7322608828544617
v5_float,warm_cast,test/other/cardboard387.jpg,other,other,0.9612845182418823
v5_float,warm_cast,test/other/cardboard388.jpg,other,other,0.8225606679916382
v5_float,warm_cast,test/other/cardboard397.jpg,other,other,0.8367460370063782
v5_float,warm_cast,test/other/cardboard40.jpg,other,other,0.9201156497001648
v5_float,warm_cast,test/other/cardboard401.jpg,other,other,0.9322752356529236
v5_float,warm_cast,test/other/cardboard44.jpg,other,other,0.8885926008224487
v5_float,warm_cast,test/other/cardboard51.jpg,other,other,0.9541898965835571
v5_float,warm_cast,test/other/cardboard57.jpg,other,other,0.8697074055671692
v5_float,warm_cast,test/other/cardboard63.jpg,other,other,0.9631409645080566
v5_float,warm_cast,test/other/cardboard69.jpg,other,other,0.9664917588233948
v5_float,warm_cast,test/other/cardboard71.jpg,other,organic,0.6687811017036438
v5_float,warm_cast,test/other/cardboard73.jpg,other,other,0.8414084911346436
v5_float,warm_cast,test/other/cardboard8.jpg,other,other,0.8536306619644165
v5_float,warm_cast,test/other/cardboard88.jpg,other,other,0.7285435795783997
v5_float,warm_cast,test/other/cardboard89.jpg,other,other,0.8729380369186401
v5_float,warm_cast,test/other/cardboard9.jpg,other,other,0.8186331987380981
v5_float,warm_cast,test/other/cardboard92.jpg,other,other,0.9515179395675659
v5_float,warm_cast,test/other/cardboard98.jpg,other,other,0.9422169327735901
v5_float,warm_cast,test/other/metal112.jpg,other,other,0.6846257448196411
v5_float,warm_cast,test/other/metal114.jpg,other,organic,0.7404597401618958
v5_float,warm_cast,test/other/metal119.jpg,other,other,0.9468280673027039
v5_float,warm_cast,test/other/metal12.jpg,other,other,0.9117081165313721
v5_float,warm_cast,test/other/metal13.jpg,other,other,0.7318527698516846
v5_float,warm_cast,test/other/metal133.jpg,other,other,0.5637199878692627
v5_float,warm_cast,test/other/metal134.jpg,other,other,0.8110895156860352
v5_float,warm_cast,test/other/metal139.jpg,other,other,0.8290449380874634
v5_float,warm_cast,test/other/metal143.jpg,other,other,0.41930195689201355
v5_float,warm_cast,test/other/metal146.jpg,other,other,0.7958568930625916
v5_float,warm_cast,test/other/metal157.jpg,other,other,0.8924020528793335
v5_float,warm_cast,test/other/metal159.jpg,other,other,0.9535276293754578
v5_float,warm_cast,test/other/metal161.jpg,other,other,0.7086154818534851
v5_float,warm_cast,test/other/metal170.jpg,other,other,0.9443590044975281
v5_float,warm_cast,test/other/metal172.jpg,other,organic,0.6931381225585938
v5_float,warm_cast,test/other/metal175.jpg,other,other,0.9549905061721802
v5_float,warm_cast,test/other/metal18.jpg,other,other,0.9123448133468628
v5_float,warm_cast,test/other/metal186.jpg,other,other,0.7028866410255432
v5_float,warm_cast,test/other/metal187.jpg,other,other,0.9577240347862244
v5_float,warm_cast,test/other/metal188.jpg,other,other,0.7904295921325684
v5_float,warm_cast,test/other/metal192.jpg,other,organic,0.33812814950942993
v5_float,warm_cast,test/other/metal198.jpg,other,other,0.8299309015274048
v5_float,warm_cast,test/other/metal201.jpg,other,other,0.6088348627090454
v5_float,warm_cast,test/other/metal205.jpg,other,other,0.9562773108482361
v5_float,warm_cast,test/other/metal209.jpg,other,other,0.7496410012245178
v5_float,warm_cast,test/other/metal217.jpg,other,other,0.9511938691139221
v5_float,warm_cast,test/other/metal239.jpg,other,other,0.664913535118103
v5_float,warm_cast,test/other/metal24.jpg,other,other,0.7096231579780579
v5_float,warm_cast,test/other/metal246.jpg,other,other,0.631357729434967
v5_float,warm_cast,test/other/metal247.jpg,other,other,0.8972280025482178
v5_float,warm_cast,test/other/metal248.jpg,other,other,0.7406426668167114
v5_float,warm_cast,test/other/metal249.jpg,other,paper,0.47501951456069946
v5_float,warm_cast,test/other/metal258.jpg,other,organic,0.6544798612594604
v5_float,warm_cast,test/other/metal261.jpg,other,other,0.49566760659217834
v5_float,warm_cast,test/other/metal263.jpg,other,other,0.6889311671257019
v5_float,warm_cast,test/other/metal269.jpg,other,other,0.9299246072769165
v5_float,warm_cast,test/other/metal27.jpg,other,other,0.6511962413787842
v5_float,warm_cast,test/other/metal275.jpg,other,other,0.8729156851768494
v5_float,warm_cast,test/other/metal292.jpg,other,plastic,0.4486321210861206
v5_float,warm_cast,test/other/metal296.jpg,other,other,0.7573021054267883
v5_float,warm_cast,test/other/metal317.jpg,other,other,0.9199172854423523
v5_float,warm_cast,test/other/metal324.jpg,other,other,0.623850405216217
v5_float,warm_cast,test/other/metal325.jpg,other,other,0.6191569566726685
v5_float,warm_cast,test/other/metal328.jpg,other,other,0.958305299282074
v5_float,warm_cast,test/other/metal33.jpg,other,other,0.7533254027366638
v5_float,warm_cast,test/other/metal341.jpg,other,other,0.9010441899299622
v5_float,warm_cast,test/other/metal344.jpg,other,paper,0.392370343208313
v5_float,warm_cast,test/other/metal350.jpg,other,other,0.7048508524894714
v5_float,warm_cast,test/other/metal355.jpg,other,other,0.9099441766738892
v5_float,warm_cast,test/other/metal364.jpg,other,other,0.643500566482544
v5_float,warm_cast,test/other/metal370.jpg,other,other,0.796093225479126
v5_float,warm_cast,test/other/metal387.jpg,other,other,0.6578847169876099
v5_float,warm_cast,test/other/metal389.jpg,other,other,0.8580648303031921
v5_float,warm_cast,test/other/metal393.jpg,other,other,0.950578510761261
v5_float,warm_cast,test/other/metal394.jpg,other,other,0.6040229201316833
v5_float,warm_cast,test/other/metal395.jpg,other,other,0.9540309309959412
v5_float,warm_cast,test/other/metal403.jpg,other,other,0.8116018772125244
v5_float,warm_cast,test/other/metal48.jpg,other,other,0.9868301749229431
v5_float,warm_cast,test/other/metal50.jpg,other,organic,0.4630446135997772
v5_float,warm_cast,test/other/metal52.jpg,other,organic,0.6980993151664734
v5_float,warm_cast,test/other/metal62.jpg,other,other,0.6623014211654663
v5_float,warm_cast,test/other/metal65.jpg,other,organic,0.6093835234642029
v5_float,warm_cast,test/other/metal68.jpg,other,other,0.6545869708061218
v5_float,warm_cast,test/other/metal77.jpg,other,organic,0.6790269017219543
v5_float,warm_cast,test/other/metal80.jpg,other,other,0.6151817440986633
v5_float,warm_cast,test/other/metal84.jpg,other,other,0.5604118704795837
v5_float,warm_cast,test/other/metal87.jpg,other,other,0.47077226638793945
v5_float,warm_cast,test/other/metal99.jpg,other,other,0.7163910865783691
v5_float,cool_cast,test/paper/paper104.jpg,paper,other,0.759968101978302
v5_float,cool_cast,test/paper/paper112.jpg,paper,other,0.6356601119041443
v5_float,cool_cast,test/paper/paper113.jpg,paper,other,0.6662330627441406
v5_float,cool_cast,test/paper/paper114.jpg,paper,other,0.43213939666748047
v5_float,cool_cast,test/paper/paper12.jpg,paper,other,0.709504246711731
v5_float,cool_cast,test/paper/paper120.jpg,paper,plastic,0.7911432385444641
v5_float,cool_cast,test/paper/paper124.jpg,paper,other,0.5068337321281433
v5_float,cool_cast,test/paper/paper125.jpg,paper,other,0.7762795686721802
v5_float,cool_cast,test/paper/paper129.jpg,paper,other,0.5487455725669861
v5_float,cool_cast,test/paper/paper13.jpg,paper,other,0.5873965620994568
v5_float,cool_cast,test/paper/paper137.jpg,paper,other,0.5813246965408325
v5_float,cool_cast,test/paper/paper143.jpg,paper,plastic,0.5767473578453064
v5_float,cool_cast,test/paper/paper149.jpg,paper,plastic,0.6528955101966858
v5_float,cool_cast,test/paper/paper161.jpg,paper,other,0.6957409977912903
v5_float,cool_cast,test/paper/paper167.jpg,paper,other,0.46061450242996216
v5_float,cool_cast,test/paper/paper169.jpg,paper,plastic,0.7939597368240356
v5_float,cool_cast,test/paper/paper186.jpg,paper,other,0.47921332716941833
v5_float,cool_cast,test/paper/paper188.jpg,paper,paper,0.6908842325210571
v5_float,cool_cast,test/paper/paper208.jpg,paper,other,0.7305295467376709
v5_float,cool_cast,test/paper/paper209.jpg,paper,paper,0.4411366283893585
v5_float,cool_cast,test/paper/paper218.jpg,paper,other,0.6028060913085938
v5_float,cool_cast,test/paper/paper219.jpg,paper,other,0.49925997853279114
v5_float,cool_cast,test/paper/paper220.jpg,paper,plastic,0.7413210272789001
v5_float,cool_cast,test/paper/paper225.jpg,paper,other,0.5430306196212769
v5_float,cool_cast,test/paper/paper230.jpg,paper,other,0.505456268787384
v5_float,cool_cast,test/paper/paper235.jpg,paper,other,0.63884437084198
v5_float,cool_cast,test/paper/paper266.jpg,paper,other,0.6674761772155762
v5_float,cool_cast,test/paper/paper269.jpg,paper,other,0.7590484023094177
v5_float,cool_cast,test/paper/paper271.jpg,paper,other,0.5582104325294495
v5_float,cool_cast,test/paper/paper273.jpg,paper,plastic,0.5535492897033691
v5_float,cool_cast,test/paper/paper276.jpg,paper,plastic,0.5217090845108032
v5_float,cool_cast,test/paper/paper279.jpg,paper,plastic,0.5248608589172363
v5_float,cool_cast,test/paper/paper282.jpg,paper,other,0.5672208666801453
v5_float,cool_cast,test/paper/paper286.jpg,paper,other,0.6684550046920776
v5_float,cool_cast,test/paper/paper289.jpg,paper,other,0.6629648208618164
v5_float,cool_cast,test/paper/paper294.jpg,paper,plastic,0.7265342473983765
v5_float,cool_cast,test/paper/paper3.jpg,paper,plastic,0.5638190507888794
v5_float,cool_cast,test/paper/paper301.jpg,paper,other,0.6389445662498474
v5_float,cool_cast,test/paper/paper303.jpg,paper,other,0.47136926651000977
v5_float,cool_cast,test/paper/paper311.jpg,paper,organic,0.588161826133728
v5_float,cool_cast,test/paper/paper319.jpg,paper,organic,0.38756847381591797
v5_float,cool_cast,test/paper/paper32.jpg,paper,plastic,0.5283319354057312
v5_float,cool_cast,test/paper/paper346.jpg,paper,other,0.5648778676986694
v5_float,cool_cast,test/paper/paper348.jpg,paper,plastic,0.602776288986206
v5_float,cool_cast,test/paper/paper350.jpg,paper,plastic,0.8390283584594727
v5_float,cool_cast,test/paper/paper354.jpg,paper,other,0.5507218837738037
v5_float,cool_cast,test/paper/paper356.jpg,paper,other,0.7319613695144653
v5_float,cool_cast,test/paper/paper357.jpg,paper,other,0.4854811131954193
v5_float,cool_cast,test/paper/paper361.jpg,paper,plastic,0.5565629601478577
v5_float,cool_cast,test/paper/paper362.jpg,paper,other,0.749509871006012
v5_float,cool_cast,test/paper/paper368.jpg,paper,plastic,0.8434708118438721
v5_float,cool_cast,test/paper/paper373.jpg,paper,plastic,0.8372639417648315
v5_float,cool_cast,test/paper/paper380.jpg,paper,other,0.43443095684051514
v5_float,cool_cast,test/paper/paper381.jpg,paper,other,0.6377492547035217
v5_float,cool_cast,test/paper/paper385.jpg,paper,plastic,0.8103007674217224
v5_float,cool_cast,test/paper/paper392.jpg,paper,paper,0.5031781792640686
v5_float,cool_cast,test/paper/paper396.jpg,paper,other,0.5469509959220886
v5_float,cool_cast,test/paper/paper404.jpg,paper,other,0.4587804079055786
v5_float,cool_cast,test/paper/paper405.jpg,paper,other,0.8575487732887268
v5_float,cool_cast,test/paper/paper416.jpg,paper,plastic,0.606348991394043
v5_float,cool_cast,test/paper/paper417.jpg,paper,plastic,0.5860205292701721
v5_float,cool_cast,test/paper/paper422.jpg,paper,other,0.484071284532547
v5_float,cool_cast,test/paper/paper434.jpg,paper,other,0.491968035697937
v5_float,cool_cast,test/paper/paper444.jpg,paper,plastic,0.8481559157371521
v5_float,cool_cast,test/paper/paper450.jpg,paper,other,0.7220394015312195
v5_float,cool_cast,test/paper/paper457.jpg,paper,other,0.5133460164070129
v5_float,cool_cast,test/paper/paper460.jpg,paper,other,0.598143458366394
v5_float,cool_cast,test/paper/paper461.jpg,paper,other,0.5387259721755981
v5_float,cool_cast,test/paper/paper462.jpg,paper,other,0.7325993180274963
v5_float,cool_cast,test/paper/paper465.jpg,paper,other,0.7747907042503357
v5_float,cool_cast,test/paper/paper474.jpg,paper,other,0.4569457471370697
v5_float,cool_cast,test/paper/paper48.jpg,paper,other,0.7356182336807251
v5_float,cool_cast,test/paper/paper495.jpg,paper,other,0.494341641664505
v5_float,cool_cast,test/paper/paper500.jpg,paper,plastic,0.5026229619979858
v5_float,cool_cast,test/paper/paper502.jpg,paper,other,0.7024586796760559
v5_float,cool_cast,test/paper/paper503.jpg,paper,plastic,0.829488217830658
v5_float,cool_cast,test/paper/paper505.jpg,paper,plastic,0.7614849209785461
v5_float,cool_cast,test/paper/paper508.jpg,paper,plastic,0.5810405015945435
v5_float,cool_cast,test/paper/paper515.jpg,paper,plastic,0.5334191918373108
v5_float,cool_cast,test/paper/paper525.jpg,paper,other,0.6103857159614563
v5_float,cool_cast,test/paper/paper527.jpg,paper,other,0.7794485688209534
v5_float,cool_cast,test/paper/paper53.jpg,paper,other,0.46833738684654236
v5_float,cool_cast,test/paper/paper534.jpg,paper,other,0.6804341077804565
v5_float,cool_cast,test/paper/paper537.jpg,paper,other,0.6124750971794128
v5_float,cool_cast,test/paper/paper541.jpg,paper,other,0.7878640294075012
v5_float,cool_cast,test/paper/paper542.jpg,paper,paper,0.43311813473701477
v5_float,cool_cast,test/paper/paper543.jpg,paper,other,0.7305732369422913
v5_float,cool_cast,test/paper/paper547.jpg,paper,other,0.7230851650238037
v5_float,cool_cast,test/paper/paper548.jpg,paper,other,0.4986800253391266
v5_float,cool_cast,test/paper/paper55.jpg,paper,paper,0.4830705523490906
v5_float,cool_cast,test/paper/paper557.jpg,paper,plastic,0.7450387477874756
v5_float,cool_cast,test/paper/paper558.jpg,paper,other,0.5712034702301025
v5_float,cool_cast,test/paper/paper563.jpg,paper,other,0.7910000085830688
v5_float,cool_cast,test/paper/paper569.jpg,paper,other,0.801254391670227
v5_float,cool_cast,test/paper/paper570.jpg,paper,other,0.6110275387763977
v5_float,cool_cast,test/paper/paper576.jpg,paper,plastic,0.8181456923484802
v5_float,cool_cast,test/paper/paper58.jpg,paper,plastic,0.7855444550514221
v5_float,cool_cast,test/paper/paper586.jpg,paper,other,0.6575139760971069
v5_float,cool_cast,test/paper/paper593.jpg,paper,plastic,0.6696306467056274
v5_float,cool_cast,test/paper/paper6.jpg,paper,other,0.41743090748786926
v5_float,cool_cast,test/paper/paper68.jpg,paper,other,0.5488730072975159
v5_float,cool_cast,test/paper/paper69.jpg,paper,other,0.47173914313316345
v5_float,cool_cast,test/paper/paper7.jpg,paper,other,0.6224362254142761
v5_float,cool_cast,test/paper/paper70.jpg,paper,plastic,0.8775660991668701
v5_float,cool_cast,test/paper/paper77.jpg,paper,other,0.7933456897735596
v5_float,cool_cast,test/paper/paper86.jpg,paper,organic,0.3640397787094116
v5_float,cool_cast,test/paper/paper94.jpg,paper,other,0.6058670282363892
v5_float,cool_cast,test/paper/paper97.jpg,paper,other,0.5474510788917542
v5_float,cool_cast,test/plastic/plastic103.jpg,plastic,other,0.6050546169281006
v5_float,cool_cast,test/plastic/plastic114.jpg,plastic,plastic,0.6180839538574219
v5_float,cool_cast,test/plastic/plastic122.jpg,plastic,other,0.7122905850410461
v5_float,cool_cast,test/plastic/plastic125.jpg,plastic,other,0.4444749653339386
v5_float,cool_cast,test/plastic/plastic126.jpg,plastic,other,0.605394184589386
v5_float,cool_cast,test/plastic/plastic132.jpg,plastic,plastic,0.6652014255523682
v5_float,cool_cast,test/plastic/plastic138.jpg,plastic,plastic,0.7219433784484863
v5_float,cool_cast,test/plastic/plastic145.jpg,plastic,plastic,0.5234119892120361
v5_float,cool_cast,test/plastic/plastic146.jpg,plastic,plastic,0.8557005524635315
v5_float,cool_cast,test/plastic/plastic152.jpg,plastic,plastic,0.8558008670806885
v5_float,cool_cast,test/plastic/plastic156.jpg,plastic,plastic,0.8843741416931152
v5_float,cool_cast,test/plastic/plastic159.jpg,plastic,plastic,0.5060718655586243
v5_float,cool_cast,test/plastic/plastic170.jpg,plastic,other,0.5322175621986389
v5_float,cool_cast,test/plastic/plastic172.jpg,plastic,plastic,0.82473224401474
v5_float,cool_cast,test/plastic/plastic177.jpg,plastic,other,0.4064464569091797
v5_float,cool_cast,test/plastic/plastic187.jpg,plastic,other,0.6603389382362366
v5_float,cool_cast,test/plastic/plastic2.jpg,plastic,plastic,0.6924381256103516
v5_float,cool_cast,test/plastic/plastic201.jpg,plastic,other,0.847821831703186
v5_float,cool_cast,test/plastic/plastic205.jpg,plastic,other,0.6695263385772705
v5_float,cool_cast,test/plastic/plastic207.jpg,plastic,plastic,0.6817522644996643
v5_float,cool_cast,test/plastic/plastic21.jpg,plastic,other,0.6931953430175781
v5_float,cool_cast,test/plastic/plastic214.jpg,plastic,other,0.5470730662345886
v5_float,cool_cast,test/plastic/plastic217.jpg,plastic,other,0.5657725930213928
v5_float,cool_cast,test/plastic/plastic226.jpg,plastic,other,0.46127068996429443
v5_float,cool_cast,test/plastic/plastic227.jpg,plastic,other,0.6791040301322937
v5_float,cool_cast,test/plastic/plastic242.jpg,plastic,other,0.5717786550521851
v5_float,cool_cast,test/plastic/plastic251.jpg,plastic,other,0.550216555595398
v5_float,cool_cast,test/plastic/plastic252.jpg,plastic,other,0.6294437646865845
v5_float,cool_cast,test/plastic/plastic253.jpg,plastic,other,0.5936096906661987
v5_float,cool_cast,test/plastic/plastic260.jpg,plastic,plastic,0.6952804923057556
v5_float,cool_cast,test/plastic/plastic264.jpg,plastic,plastic,0.7692468166351318
v5_float,cool_cast,test/plastic/plastic265.jpg,plastic,other,0.6921395659446716
v5_float,cool_cast,test/plastic/plastic268.jpg,plastic,other,0.35110709071159363
v5_float,cool_cast,test/plastic/plastic270.jpg,plastic,other,0.6598934531211853
v5_float,cool_cast,test/plastic/plastic285.jpg,plastic,other,0.8885765671730042
v5_float,cool_cast,test/plastic/plastic305.jpg,plastic,plastic,0.49965059757232666
v5_float,cool_cast,test/plastic/plastic306.jpg,plastic,other,0.612156867980957
v5_float,cool_cast,test/plastic/plastic312.jpg,plastic,plastic,0.7946124076843262
v5_float,cool_cast,test/plastic/plastic314.jpg,plastic,plastic,0.7006658315658569
v5_float,cool_cast,test/plastic/plastic315.jpg,plastic,plastic,0.6817204356193542
v5_float,cool_cast,test/plastic/plastic317.jpg,plastic,other,0.5442860722541809
v5_float,cool_cast,test/plastic/plastic32.jpg,plastic,other,0.6278546452522278
v5_float,cool_cast,test/plastic/plastic328.jpg,plastic,plastic,0.6817269325256348
v5_float,cool_cast,test/plastic/plastic348.jpg,plastic,other,0.6627236604690552
v5_float,cool_cast,test/plastic/plastic349.jpg,plastic,other,0.5518145561218262
v5_float,cool_cast,test/plastic/plastic372.jpg,plastic,plastic,0.5169842839241028
v5_float,cool_cast,test/plastic/plastic374.jpg,plastic,plastic,0.7740354537963867
v5_float,cool_cast,test/plastic/plastic379.jpg,plastic,other,0.6823747754096985
v5_float,cool_cast,test/plastic/plastic383.jpg,plastic,other,0.5411975979804993
v5_float,cool_cast,test/plastic/plastic388.jpg,plastic,other,0.6296806335449219
v5_float,cool_cast,test/plastic/plastic39.jpg,plastic,other,0.5473785400390625
v5_float,cool_cast,test/plastic/plastic390.jpg,plastic,other,0.4131494462490082
v5_float,cool_cast,test/plastic/plastic398.jpg,plastic,other,0.6121723651885986
v5_float,cool_cast,test/plastic/plastic399.jpg,plastic,other,0.5777231454849243
v5_float,cool_cast,test/plastic/plastic405.jpg,plastic,other,0.5172907114028931
v5_float,cool_cast,test/plastic/plastic411.jpg,plastic,other,0.7040818333625793
v5_float,cool_cast,test/plastic/plastic420.jpg,plastic,other,0.689136266708374
v5_float,cool_cast,test/plastic/plastic423.jpg,plastic,other,0.6360331773757935
v5_float,cool_cast,test/plastic/plastic426.jpg,plastic,other,0.5511390566825867
v5_float,cool_cast,test/plastic/plastic434.jpg,plastic,other,0.6049801111221313
v5_float,cool_cast,test/plastic/plastic438.jpg,plastic,plastic,0.7368631958961487
v5_float,cool_cast,test/plastic/plastic465.jpg,plastic,other,0.7022383809089661
v5_float,cool_cast,test/plastic/plastic473.jpg,plastic,plastic,0.5150260329246521
v5_float,cool_cast,test/plastic/plastic49.jpg,plastic,other,0.6626660227775574
v5_float,cool_cast,test/plastic/plastic64.jpg,plastic,other,0.7327251434326172
v5_float,cool_cast,test/plastic/plastic66.jpg,plastic,other,0.5905110239982605
v5_float,cool_cast,test/plastic/plastic67.jpg,plastic,other,0.5198129415512085
v5_float,cool_cast,test/plastic/plastic79.jpg,plastic,plastic,0.34437429904937744
v5_float,cool_cast,test/plastic/plastic80.jpg,plastic,other,0.7089324593544006
v5_float,cool_cast,test/plastic/plastic82.jpg,plastic,other,0.5582470297813416
v5_float,cool_cast,test/plastic/plastic84.jpg,plastic,other,0.4741537272930145
v5_float,cool_cast,test/plastic/plastic93.jpg,plastic,other,0.7017345428466797
v5_float,cool_cast,test/plastic/plastic98.jpg,plastic,other,0.5885044932365417
v5_float,cool_cast,test/plastic/plastic99.jpg,plastic,other,0.5739850401878357
v5_float,cool_cast,test/organic/organic_0001.jpg,organic,organic,0.5211771130561829
v5_float,cool_cast,test/organic/organic_0002.jpg,organic,organic,0.8591476678848267
v5_float,cool_cast,test/organic/organic_0003.jpg,organic,other,0.4830627143383026
v5_float,cool_cast,test/organic/organic_0004.jpg,organic,paper,0.5730423927307129
v5_float,cool_cast,test/organic/organic_0005.jpg,organic,paper,0.47084805369377136
v5_float,cool_cast,test/organic/organic_0006.jpg,organic,organic,0.8557956218719482
v5_float,cool_cast,test/organic/organic_0007.jpg,organic,paper,0.4602928161621094
v5_float,cool_cast,test/organic/organic_0008.jpg,organic,organic,0.4833277761936188
v5_float,cool_cast,test/organic/organic_0009.jpg,organic,organic,0.8195004463195801
v5_float,cool_cast,test/organic/organic_0010.jpg,organic,organic,0.45894280076026917
v5_float,cool_cast,test/organic/organic_0011.jpg,organic,organic,0.9364968538284302
v5_float,cool_cast,test/organic/organic_0012.jpg,organic,organic,0.904803991317749
v5_float,cool_cast,test/organic/organic_0013.jpg,organic,other,0.6003443598747253
v5_float,cool_cast,test/organic/organic_0014.jpg,organic,paper,0.48445987701416016
v5_float,cool_cast,test/organic/organic_0015.jpg,organic,organic,0.9478231072425842
v5_float,cool_cast,test/organic/organic_0016.jpg,organic,organic,0.7277992367744446
v5_float,cool_cast,test/organic/organic_0017.jpg,organic,organic,0.8731733560562134
v5_float,cool_cast,test/organic/organic_0018.jpg,organic,plastic,0.6934307217597961
v5_float,cool_cast,test/organic/organic_0019.jpg,organic,plastic,0.5346421599388123
v5_float,cool_cast,test/organic/organic_0020.jpg,organic,other,0.5381590723991394
v5_float,cool_cast,test/organic/organic_0021.jpg,organic,organic,0.9339237809181213
v5_float,cool_cast,test/organic/organic_0022.jpg,organic,organic,0.519284725189209
v5_float,cool_cast,test/organic/organic_0023.jpg,organic,organic,0.5111463069915771
v5_float,cool_cast,test/organic/organic_0024.jpg,organic,organic,0.6562085747718811
v5_float,cool_cast,test/organic/organic_0025.jpg,organic,organic,0.9758574366569519
v5_float,cool_cast,test/organic/organic_0026.jpg,organic,organic,0.5483021140098572
v5_float,cool_cast,test/organic/organic_0027.jpg,organic,organic,0.7872501611709595
v5_float,cool_cast,test/organic/organic_0028.jpg,organic,organic,0.7717490196228027
v5_float,cool_cast,test/organic/organic_0029.jpg,organic,organic,0.8732368350028992
v5_float,cool_cast,test/organic/organic_0030.jpg,organic,organic,0.7580317854881287
v5_float,cool_cast,test/organic/organic_0031.jpg,organic,organic,0.8306633234024048
v5_float,cool_cast,test/organic/organic_0032.jpg,organic,organic,0.583336591720581
v5_float,cool_cast,test/organic/organic_0033.jpg,organic,organic,0.8577068448066711
v5_float,cool_cast,test/organic/organic_0034.jpg,organic,organic,0.6556106209754944
v5_float,cool_cast,test/organic/organic_0035.jpg,organic,organic,0.4899711012840271
v5_float,cool_cast,test/organic/organic_0036.jpg,organic,paper,0.3362877666950226
v5_float,cool_cast,test/organic/organic_0037.jpg,organic,organic,0.48058179020881653
v5_float,cool_cast,test/organic/organic_0038.jpg,organic,other,0.5163133144378662
v5_float,cool_cast,test/organic/organic_0039.jpg,organic,organic,0.8832381367683411
v5_float,cool_cast,test/organic/organic_0040.jpg,organic,organic,0.9879883527755737
v5_float,cool_cast,test/organic/organic_0041.jpg,organic,organic,0.5922339558601379
v5_float,cool_cast,test/organic/organic_0042.jpg,organic,organic,0.7966556549072266
v5_float,cool_cast,test/organic/organic_0043.jpg,organic,other,0.5521543025970459
v5_float,cool_cast,test/organic/organic_0044.jpg,organic,other,0.4226294457912445
v5_float,cool_cast,test/organic/organic_0045.jpg,organic,paper,0.5644342303276062
v5_float,cool_cast,test/organic/organic_0046.jpg,organic,paper,0.5132672190666199
v5_float,cool_cast,test/organic/organic_0047.jpg,organic,organic,0.9055944085121155
v5_float,cool_cast,test/organic/organic_0048.jpg,organic,paper,0.5634485483169556
v5_float,cool_cast,test/organic/organic_0049.jpg,organic,organic,0.9902760982513428
v5_float,cool_cast,test/organic/organic_0050.jpg,organic,organic,0.7950731515884399
v5_float,cool_cast,test/organic/organic_0051.jpg,organic,other,0.6806985139846802
v5_float,cool_cast,test/organic/organic_0052.jpg,organic,organic,0.8041216135025024
v5_float,cool_cast,test/organic/organic_0053.jpg,organic,organic,0.8099122047424316
v5_float,cool_cast,test/organic/organic_0054.jpg,organic,plastic,0.5823606848716736
v5_float,cool_cast,test/organic/organic_0055.jpg,organic,organic,0.6368768811225891
v5_float,cool_cast,test/organic/organic_0056.jpg,organic,plastic,0.6053127646446228
v5_float,cool_cast,test/organic/organic_0057.jpg,organic,organic,0.6610053181648254
v5_float,cool_cast,test/organic/organic_0058.jpg,organic,organic,0.9380060434341431
v5_float,cool_cast,test/organic/organic_0059.jpg,organic,organic,0.8419983983039856
v5_float,cool_cast,test/organic/organic_0060.jpg,organic,organic,0.7474194169044495
v5_float,cool_cast,test/organic/organic_0061.jpg,organic,other,0.5767036080360413
v5_float,cool_cast,test/organic/organic_0062.jpg,organic,organic,0.8208733201026917
v5_float,cool_cast,test/organic/organic_0063.jpg,organic,organic,0.78199303150177
v5_float,cool_cast,test/organic/organic_0064.jpg,organic,organic,0.7982634902000427
v5_float,cool_cast,test/organic/organic_0065.jpg,organic,organic,0.9458534717559814
v5_float,cool_cast,test/organic/organic_0066.jpg,organic,organic,0.9652124047279358
v5_float,cool_cast,test/organic/organic_0067.jpg,organic,organic,0.6200157403945923
v5_float,cool_cast,test/organic/organic_0068.jpg,organic,organic,0.700553297996521
v5_float,cool_cast,test/organic/organic_0069.jpg,organic,organic,0.9031026363372803
v5_float,cool_cast,test/organic/organic_0070.jpg,organic,plastic,0.7562698125839233
v5_float,cool_cast,test/organic/organic_0071.jpg,organic,organic,0.9979104399681091
v5_float,cool_cast,test/organic/organic_0072.jpg,organic,organic,0.9648646116256714
v5_float,cool_cast,test/organic/organic_0073.jpg,organic,organic,0.8524743318557739
v5_float,cool_cast,test/organic/organic_0074.jpg,organic,organic,0.5420694351196289
v5_float,cool_cast,test/other/cardboard105.jpg,other,paper,0.43139857053756714
v5_float,cool_cast,test/other/cardboard115.jpg,other,plastic,0.6003077030181885
v5_float,cool_cast,test/other/cardboard121.jpg,other,other,0.6743297576904297
v5_float,cool_cast,test/other/cardboard125.jpg,other,other,0.7319496870040894
v5_float,cool_cast,test/other/cardboard128.jpg,other,other,0.729743480682373
v5_float,cool_cast,test/other/cardboard160.jpg,other,other,0.6252024173736572
v5_float,cool_cast,test/other/cardboard162.jpg,other,other,0.7097057104110718
v5_float,cool_cast,test/other/cardboard175.jpg,other,other,0.43780744075775146
v5_float,cool_cast,test/other/cardboard18.jpg,other,plastic,0.35174986720085144
v5_float,cool_cast,test/other/cardboard184.jpg,other,other,0.6999399662017822
v5_float,cool_cast,test/other/cardboard19.jpg,other,plastic,0.47470179200172424
v5_float,cool_cast,test/other/cardboard190.jpg,other,paper,0.49513599276542664
v5_float,cool_cast,test/other/cardboard2.jpg,other,plastic,0.8546985983848572
v5_float,cool_cast,test/other/cardboard208.jpg,other,other,0.8515528440475464
v5_float,cool_cast,test/other/cardboard210.jpg,other,other,0.6932926177978516
v5_float,cool_cast,test/other/cardboard213.jpg,other,other,0.7052531242370605
v5_float,cool_cast,test/other/cardboard214.jpg,other,other,0.8020966053009033
v5_float,cool_cast,test/other/cardboard216.jpg,other,other,0.7827535271644592
v5_float,cool_cast,test/other/cardboard218.jpg,other,other,0.75273197889328
v5_float,cool_cast,test/other/cardboard222.jpg,other,other,0.3935774862766266
v5_float,cool_cast,test/other/cardboard231.jpg,other,plastic,0.7482529282569885
v5_float,cool_cast,test/other/cardboard239.jpg,other,other,0.46221038699150085
v5_float,cool_cast,test/other/cardboard248.jpg,other,other,0.8037642240524292
v5_float,cool_cast,test/other/cardboard252.jpg,other,paper,0.3621888756752014
v5_float,cool_cast,test/other/cardboard259.jpg,other,plastic,0.6743765473365784
v5_float,cool_cast,test/other/cardboard260.jpg,other,plastic,0.5132319927215576
v5_float,cool_cast,test/other/cardboard261.jpg,other,plastic,0.7244443297386169
v5_float,cool_cast,test/other/cardboard266.jpg,other,organic,0.3982642590999603
v5_float,cool_cast,test/other/cardboard274.jpg,other,other,0.8029426336288452
v5_float,cool_cast,test/other/cardboard276.jpg,other,plastic,0.7984016537666321
v5_float,cool_cast,test/other/cardboard286.jpg,other,other,0.5506755709648132
v5_float,cool_cast,test/other/cardboard289.jpg,other,plastic,0.5966959595680237
v5_float,cool_cast,test/other/cardboard290.jpg,other,other,0.5283022522926331
v5_float,cool_cast,test/other/cardboard293.jpg,other,other,0.7117627263069153
v5_float,cool_cast,test/other/cardboard299.jpg,other,plastic,0.7310963273048401
v5_float,cool_cast,test/other/cardboard304.jpg,other,plastic,0.48231491446495056
v5_float,cool_cast,test/other/cardboard308.jpg,other,other,0.5730099678039551
v5_float,cool_cast,test/other/cardboard31.jpg,other,other,0.5899916887283325
v5_float,cool_cast,test/other/cardboard310.jpg,other,plastic,0.5236315727233887
v5_float,cool_cast,test/other/cardboard312.jpg,other,plastic,0.5856307148933411
v5_float,cool_cast,test/other/cardboard313.jpg,other,plastic,0.515923798084259
v5_float,cool_cast,test/other/cardboard314.jpg,other,other,0.7936415076255798
v5_float,cool_cast,test/other/cardboard321.jpg,other,plastic,0.7152759432792664
v5_float,cool_cast,test/other/cardboard323.jpg,other,plastic,0.43052592873573303
v5_float,cool_cast,test/other/cardboard332.jpg,other,plastic,0.48525989055633545
v5_float,cool_cast,test/other/cardboard334.jpg,other,other,0.7773782014846802
v5_float,cool_cast,test/other/cardboard34.jpg,other,plastic,0.7638055086135864
v5_float,cool_cast,test/other/cardboard356.jpg,other,plastic,0.5421001315116882
v5_float,cool_cast,test/other/cardboard363.jpg,other,other,0.5860515832901001
v5_float,cool_cast,test/other/cardboard372.jpg,other,plastic,0.6981863379478455
v5_float,cool_cast,test/other/cardboard383.jpg,other,plastic,0.7869692444801331
v5_float,cool_cast,test/other/cardboard384.jpg,other,organic,0.5910398364067078
v5_float,cool_cast,test/other/cardboard387.jpg,other,other,0.5484151840209961
v5_float,cool_cast,test/other/cardboard388.jpg,other,other,0.4809868037700653
v5_float,cool_cast,test/other/cardboard397.jpg,other,other,0.7881550192832947
v5_float,cool_cast,test/other/cardboard40.jpg,other,plastic,0.6085091829299927
v5_float,cool_cast,test/other/cardboard401.jpg,other,other,0.61064612865448
v5_float,cool_cast,test/other/cardboard44.jpg,other,plastic,0.4644465148448944
v5_float,cool_cast,test/other/cardboard51.jpg,other,paper,0.5226518511772156
v5_float,cool_cast,test/other/cardboard57.jpg,other,plastic,0.572279691696167
v5_float,cool_cast,test/other/cardboard63.jpg,other,other,0.5666601061820984
v5_float,cool_cast,test/other/cardboard69.jpg,other,plastic,0.6320581436157227
v5_float,cool_cast,test/other/cardboard71.jpg,other,paper,0.49444177746772766
v5_float,cool_cast,test/other/cardboard73.jpg,other,plastic,0.6576573252677917
v5_float,cool_cast,test/other/cardboard8.jpg,other,other,0.5958155989646912
v5_float,cool_cast,test/other/cardboard88.jpg,other,paper,0.798433244228363
v5_float,cool_cast,test/other/cardboard89.jpg,other,plastic,0.4781702756881714
v5_float,cool_cast,test/other/cardboard9.jpg,other,other,0.8242172002792358
v5_float,cool_cast,test/other/cardboard92.jpg,other,plastic,0.8394808173179626
v5_float,cool_cast,test/other/cardboard98.jpg,other,plastic,0.7217954397201538
v5_float,cool_cast,test/other/metal112.jpg,other,other,0.8196797966957092
v5_float,cool_cast,test/other/metal114.jpg,other,other,0.5292655825614929
v5_float,cool_cast,test/other/metal119.jpg,other,other,0.814713180065155
v5_float,cool_cast,test/other/metal12.jpg,other,other,0.7345520853996277
v5_float,cool_cast,test/other/metal13.jpg,other,other,0.7099878787994385
v5_float,cool_cast,test/other/metal133.jpg,other,other,0.8410648703575134
v5_float,cool_cast,test/other/metal134.jpg,other,other,0.666736900806427
v5_float,cool_cast,test/other/metal139.jpg,other,other,0.713423490524292
v5_float,cool_cast,test/other/metal143.jpg,other,other,0.7754417061805725
v5_float,cool_cast,test/other/metal146.jpg,other,other,0.8102403283119202
v5_float,cool_cast,test/other/metal157.jpg,other,other,0.6706550121307373
v5_float,cool_cast,test/other/metal159.jpg,other,other,0.6237011551856995
v5_float,cool_cast,test/other/metal161.jpg,other,other,0.669502854347229
v5_float,cool_cast,test/other/metal170.jpg,other,other,0.6934785842895508
v5_float,cool_cast,test/other/metal172.jpg,other,plastic,0.4031654894351959
v5_float,cool_cast,test/other/metal175.jpg,other,plastic,0.5658523440361023
v5_float,cool_cast,test/other/metal18.jpg,other,other,0.5048237442970276
v5_float,cool_cast,test/other/metal186.jpg,other,other,0.7983777523040771
v5_float,cool_cast,test/other/metal187.jpg,other,other,0.7360432744026184
v5_float,cool_cast,test/other/metal188.jpg,other,other,0.7804213762283325
v5_float,cool_cast,test/other/metal192.jpg,other,other,0.6748310327529907
v5_float,cool_cast,test/other/metal198.jpg,other,other,0.7457870841026306
v5_float,cool_cast,test/other/metal201.jpg,other,other,0.6468530297279358
v5_float,cool_cast,test/other/metal205.jpg,other,other,0.7884055376052856
v5_float,cool_cast,test/other/metal209.jpg,other,other,0.6113200187683105
v5_float,cool_cast,test/other/metal217.jpg,other,other,0.7163405418395996
v5_float,cool_cast,test/other/metal239.jpg,other,other,0.740344762802124
v5_float,cool_cast,test/other/metal24.jpg,other,other,0.5478329658508301
v5_float,cool_cast,test/other/metal246.jpg,other,other,0.8132980465888977
v5_float,cool_cast,test/other/metal247.jpg,other,other,0.6964136958122253
v5_float,cool_cast,test/other/metal248.jpg,other,other,0.6971823573112488
v5_float,cool_cast,test/other/metal249.jpg,other,paper,0.4881969392299652
v5_float,cool_cast,test/other/metal258.jpg,other,other,0.7359928488731384
v5_float,cool_cast,test/other/metal261.jpg,other,other,0.5005815029144287
v5_float,cool_cast,test/other/metal263.jpg,other,other,0.5008292198181152
v5_float,cool_cast,test/other/metal269.jpg,other,other,0.7253459692001343
v5_float,cool_cast,test/other/metal27.jpg,other,other,0.5764936804771423
v5_float,cool_cast,test/other/metal275.jpg,other,other,0.8173105120658875
v5_float,cool_cast,test/other/metal292.jpg,other,other,0.7433896660804749
v5_float,cool_cast,test/other/metal296.jpg,other,other,0.577400803565979
v5_float,cool_cast,test/other/metal317.jpg,other,other,0.516205370426178
v5_float,cool_cast,test/other/metal324.jpg,other,other,0.7066802382469177
v5_float,cool_cast,test/other/metal325.jpg,other,other,0.7991787791252136
v5_float,cool_cast,test/other/metal328.jpg,other,other,0.5560002326965332
v5_float,cool_cast,test/other/metal33.jpg,other,other,0.5917972922325134
v5_float,cool_cast,test/other/metal341.jpg,other,other,0.46462345123291016
v5_float,cool_cast,test/other/metal344.jpg,other,other,0.40570735931396484
v5_float,cool_cast,test/other/metal350.jpg,other,plastic,0.6375299096107483
v5_float,cool_cast,test/other/metal355.jpg,other,other,0.6968395709991455
v5_float,cool_cast,test/other/metal364.jpg,other,other,0.7571744322776794
v5_float,cool_cast,test/other/metal370.jpg,other,other,0.6839120984077454
v5_float,cool_cast,test/other/metal387.jpg,other,other,0.6545082926750183
v5_float,cool_cast,test/other/metal389.jpg,other,plastic,0.43004944920539856
v5_float,cool_cast,test/other/metal393.jpg,other,plastic,0.6168299317359924
v5_float,cool_cast,test/other/metal394.jpg,other,other,0.4564629793167114
v5_float,cool_cast,test/other/metal395.jpg,other,other,0.5849910378456116
v5_float,cool_cast,test/other/metal403.jpg,other,other,0.4512347877025604
v5_float,cool_cast,test/other/metal48.jpg,other,plastic,0.840609610080719
v5_float,cool_cast,test/other/metal50.jpg,other,other,0.5418232083320618
v5_float,cool_cast,test/other/metal52.jpg,other,other,0.48166143894195557
v5_float,cool_cast,test/other/metal62.jpg,other,other,0.8180400729179382
v5_float,cool_cast,test/other/metal65.jpg,other,other,0.5966364145278931
v5_float,cool_cast,test/other/metal68.jpg,other,other,0.808205246925354
v5_float,cool_cast,test/other/metal77.jpg,other,other,0.6040797829627991
v5_float,cool_cast,test/other/metal80.jpg,other,other,0.6011371612548828
v5_float,cool_cast,test/other/metal84.jpg,other,other,0.5466893315315247
v5_float,cool_cast,test/other/metal87.jpg,other,other,0.6317543387413025
v5_float,cool_cast,test/other/metal99.jpg,other,other,0.729073703289032
v5_float,angle_plus20,test/paper/paper104.jpg,paper,paper,0.7529621124267578
v5_float,angle_plus20,test/paper/paper112.jpg,paper,paper,0.5451588034629822
v5_float,angle_plus20,test/paper/paper113.jpg,paper,other,0.42884987592697144
v5_float,angle_plus20,test/paper/paper114.jpg,paper,paper,0.688651978969574
v5_float,angle_plus20,test/paper/paper12.jpg,paper,paper,0.7104207873344421
v5_float,angle_plus20,test/paper/paper120.jpg,paper,paper,0.602712094783783
v5_float,angle_plus20,test/paper/paper124.jpg,paper,plastic,0.5137461423873901
v5_float,angle_plus20,test/paper/paper125.jpg,paper,paper,0.5437288284301758
v5_float,angle_plus20,test/paper/paper129.jpg,paper,paper,0.7128946781158447
v5_float,angle_plus20,test/paper/paper13.jpg,paper,plastic,0.5790210366249084
v5_float,angle_plus20,test/paper/paper137.jpg,paper,plastic,0.5358732342720032
v5_float,angle_plus20,test/paper/paper143.jpg,paper,paper,0.6932766437530518
v5_float,angle_plus20,test/paper/paper149.jpg,paper,paper,0.4847087562084198
v5_float,angle_plus20,test/paper/paper161.jpg,paper,paper,0.421770304441452
v5_float,angle_plus20,test/paper/paper167.jpg,paper,paper,0.49453726410865784
v5_float,angle_plus20,test/paper/paper169.jpg,paper,paper,0.5451409816741943
v5_float,angle_plus20,test/paper/paper186.jpg,paper,paper,0.7358580231666565
v5_float,angle_plus20,test/paper/paper188.jpg,paper,paper,0.637604296207428
v5_float,angle_plus20,test/paper/paper208.jpg,paper,paper,0.6018774509429932
v5_float,angle_plus20,test/paper/paper209.jpg,paper,organic,0.4504815936088562
v5_float,angle_plus20,test/paper/paper218.jpg,paper,paper,0.3815068006515503
v5_float,angle_plus20,test/paper/paper219.jpg,paper,paper,0.5193154215812683
v5_float,angle_plus20,test/paper/paper220.jpg,paper,paper,0.6171073317527771
v5_float,angle_plus20,test/paper/paper225.jpg,paper,paper,0.4727979302406311
v5_float,angle_plus20,test/paper/paper230.jpg,paper,paper,0.6449795365333557
v5_float,angle_plus20,test/paper/paper235.jpg,paper,paper,0.43399715423583984
v5_float,angle_plus20,test/paper/paper266.jpg,paper,paper,0.7092766761779785
v5_float,angle_plus20,test/paper/paper269.jpg,paper,paper,0.6027649641036987
v5_float,angle_plus20,test/paper/paper271.jpg,paper,paper,0.7296107411384583
v5_float,angle_plus20,test/paper/paper273.jpg,paper,paper,0.6417763233184814
v5_float,angle_plus20,test/paper/paper276.jpg,paper,plastic,0.40122926235198975
v5_float,angle_plus20,test/paper/paper279.jpg,paper,paper,0.5035675764083862
v5_float,angle_plus20,test/paper/paper282.jpg,paper,paper,0.5634089112281799
v5_float,angle_plus20,test/paper/paper286.jpg,paper,paper,0.5014219284057617
v5_float,angle_plus20,test/paper/paper289.jpg,paper,paper,0.4225671589374542
v5_float,angle_plus20,test/paper/paper294.jpg,paper,paper,0.6700416207313538
v5_float,angle_plus20,test/paper/paper3.jpg,paper,paper,0.5012573599815369
v5_float,angle_plus20,test/paper/paper301.jpg,paper,paper,0.423340380191803
v5_float,angle_plus20,test/paper/paper303.jpg,paper,paper,0.5754498243331909
v5_float,angle_plus20,test/paper/paper311.jpg,paper,organic,0.694682240486145
v5_float,angle_plus20,test/paper/paper319.jpg,paper,organic,0.5330531001091003
v5_float,angle_plus20,test/paper/paper32.jpg,paper,paper,0.6475871205329895
v5_float,angle_plus20,test/paper/paper346.jpg,paper,paper,0.4805411100387573
v5_float,angle_plus20,test/paper/paper348.jpg,paper,plastic,0.4250295162200928
v5_float,angle_plus20,test/paper/paper350.jpg,paper,paper,0.5878473520278931
v5_float,angle_plus20,test/paper/paper354.jpg,paper,paper,0.461874395608902
v5_float,angle_plus20,test/paper/paper356.jpg,paper,paper,0.8150123357772827
v5_float,angle_plus20,test/paper/paper357.jpg,paper,paper,0.6847972273826599
v5_float,angle_plus20,test/paper/paper361.jpg,paper,paper,0.689892590045929
v5_float,angle_plus20,test/paper/paper362.jpg,paper,other,0.3651483356952667
v5_float,angle_plus20,test/paper/paper368.jpg,paper,plastic,0.35497745871543884
v5_float,angle_plus20,test/paper/paper373.jpg,paper,paper,0.612941324710846
v5_float,angle_plus20,test/paper/paper380.jpg,paper,paper,0.4434348940849304
v5_float,angle_plus20,test/paper/paper381.jpg,paper,paper,0.6360325813293457
v5_float,angle_plus20,test/paper/paper385.jpg,paper,plastic,0.43027764558792114
v5_float,angle_plus20,test/paper/paper392.jpg,paper,paper,0.4329600930213928
v5_float,angle_plus20,test/paper/paper396.jpg,paper,paper,0.7299047112464905
v5_float,angle_plus20,test/paper/paper404.jpg,paper,plastic,0.4814388155937195
v5_float,angle_plus20,test/paper/paper405.jpg,paper,paper,0.37121519446372986
v5_float,angle_plus20,test/paper/paper416.jpg,paper,paper,0.6683794856071472
v5_float,angle_plus20,test/paper/paper417.jpg,paper,plastic,0.5241474509239197
v5_float,angle_plus20,test/paper/paper422.jpg,paper,paper,0.5120165348052979
v5_float,angle_plus20,test/paper/paper434.jpg,paper,paper,0.4848606586456299
v5_float,angle_plus20,test/paper/paper444.jpg,paper,paper,0.6002138257026672
v5_float,angle_plus20,test/paper/paper450.jpg,paper,paper,0.5187633037567139
v5_float,angle_plus20,test/paper/paper457.jpg,paper,paper,0.42249318957328796
v5_float,angle_plus20,test/paper/paper460.jpg,paper,paper,0.5881881713867188
v5_float,angle_plus20,test/paper/paper461.jpg,paper,paper,0.6012977361679077
v5_float,angle_plus20,test/paper/paper462.jpg,paper,other,0.3814494013786316
v5_float,angle_plus20,test/paper/paper465.jpg,paper,other,0.5206061601638794
v5_float,angle_plus20,test/paper/paper474.jpg,paper,organic,0.6564522981643677
v5_float,angle_plus20,test/paper/paper48.jpg,paper,paper,0.5214769244194031
v5_float,angle_plus20,test/paper/paper495.jpg,paper,paper,0.6214618682861328
v5_float,angle_plus20,test/paper/paper500.jpg,paper,paper,0.7926828265190125
v5_float,angle_plus20,test/paper/paper502.jpg,paper,paper,0.7324137091636658
v5_float,angle_plus20,test/paper/paper503.jpg,paper,paper,0.5797463655471802
v5_float,angle_plus20,test/paper/paper505.jpg,paper,paper,0.5108235478401184
v5_float,angle_plus20,test/paper/paper508.jpg,paper,paper,0.43638908863067627
v5_float,angle_plus20,test/paper/paper515.jpg,paper,paper,0.6232924461364746
v5_float,angle_plus20,test/paper/paper525.jpg,paper,plastic,0.5796727538108826
v5_float,angle_plus20,test/paper/paper527.jpg,paper,paper,0.4647722840309143
v5_float,angle_plus20,test/paper/paper53.jpg,paper,organic,0.47784391045570374
v5_float,angle_plus20,test/paper/paper534.jpg,paper,other,0.4207630455493927
v5_float,angle_plus20,test/paper/paper537.jpg,paper,paper,0.7700398564338684
v5_float,angle_plus20,test/paper/paper541.jpg,paper,paper,0.45781928300857544
v5_float,angle_plus20,test/paper/paper542.jpg,paper,paper,0.7102871537208557
v5_float,angle_plus20,test/paper/paper543.jpg,paper,paper,0.7890251278877258
v5_float,angle_plus20,test/paper/paper547.jpg,paper,paper,0.5977075099945068
v5_float,angle_plus20,test/paper/paper548.jpg,paper,paper,0.40201902389526367
v5_float,angle_plus20,test/paper/paper55.jpg,paper,paper,0.7543285489082336
v5_float,angle_plus20,test/paper/paper557.jpg,paper,paper,0.5791404843330383
v5_float,angle_plus20,test/paper/paper558.jpg,paper,paper,0.5340749025344849
v5_float,angle_plus20,test/paper/paper563.jpg,paper,other,0.42990168929100037
v5_float,angle_plus20,test/paper/paper569.jpg,paper,paper,0.44928309321403503
v5_float,angle_plus20,test/paper/paper570.jpg,paper,paper,0.42881184816360474
v5_float,angle_plus20,test/paper/paper576.jpg,paper,plastic,0.6067773103713989
v5_float,angle_plus20,test/paper/paper58.jpg,paper,paper,0.6626744866371155
v5_float,angle_plus20,test/paper/paper586.jpg,paper,paper,0.5025550723075867
v5_float,angle_plus20,test/paper/paper593.jpg,paper,paper,0.5337595343589783
v5_float,angle_plus20,test/paper/paper6.jpg,paper,paper,0.7024667263031006
v5_float,angle_plus20,test/paper/paper68.jpg,paper,organic,0.47809967398643494
v5_float,angle_plus20,test/paper/paper69.jpg,paper,paper,0.47197526693344116
v5_float,angle_plus20,test/paper/paper7.jpg,paper,paper,0.6019279360771179
v5_float,angle_plus20,test/paper/paper70.jpg,paper,paper,0.5089051723480225
v5_float,angle_plus20,test/paper/paper77.jpg,paper,paper,0.785918653011322
v5_float,angle_plus20,test/paper/paper86.jpg,paper,organic,0.5925215482711792
v5_float,angle_plus20,test/paper/paper94.jpg,paper,other,0.36982885003089905
v5_float,angle_plus20,test/paper/paper97.jpg,paper,paper,0.5423749685287476
v5_float,angle_plus20,test/plastic/plastic103.jpg,plastic,plastic,0.8107375502586365
v5_float,angle_plus20,test/plastic/plastic114.jpg,plastic,plastic,0.5131000280380249
v5_float,angle_plus20,test/plastic/plastic122.jpg,plastic,plastic,0.9024931788444519
v5_float,angle_plus20,test/plastic/plastic125.jpg,plastic,paper,0.5610743165016174
v5_float,angle_plus20,test/plastic/plastic126.jpg,plastic,plastic,0.4550755023956299
v5_float,angle_plus20,test/plastic/plastic132.jpg,plastic,plastic,0.4811774492263794
v5_float,angle_plus20,test/plastic/plastic138.jpg,plastic,plastic,0.6273941993713379
v5_float,angle_plus20,test/plastic/plastic145.jpg,plastic,plastic,0.49801450967788696
v5_float,angle_plus20,test/plastic/plastic146.jpg,plastic,paper,0.4489392638206482
v5_float,angle_plus20,test/plastic/plastic152.jpg,plastic,paper,0.5494885444641113
v5_float,angle_plus20,test/plastic/plastic156.jpg,plastic,paper,0.5420349836349487
v5_float,angle_plus20,test/plastic/plastic159.jpg,plastic,plastic,0.5915448665618896
v5_float,angle_plus20,test/plastic/plastic170.jpg,plastic,plastic,0.43419402837753296
v5_float,angle_plus20,test/plastic/plastic172.jpg,plastic,plastic,0.7028132677078247
v5_float,angle_plus20,test/plastic/plastic177.jpg,plastic,plastic,0.7591450810432434
v5_float,angle_plus20,test/plastic/plastic187.jpg,plastic,plastic,0.7230280637741089
v5_float,angle_plus20,test/plastic/plastic2.jpg,plastic,paper,0.6145092844963074
v5_float,angle_plus20,test/plastic/plastic201.jpg,plastic,other,0.48846325278282166
v5_float,angle_plus20,test/plastic/plastic205.jpg,plastic,plastic,0.8406739830970764
v5_float,angle_plus20,test/plastic/plastic207.jpg,plastic,plastic,0.6432125568389893
v5_float,angle_plus20,test/plastic/plastic21.jpg,plastic,plastic,0.7129331827163696
v5_float,angle_plus20,test/plastic/plastic214.jpg,plastic,plastic,0.8331854939460754
v5_float,angle_plus20,test/plastic/plastic217.jpg,plastic,plastic,0.9352039098739624
v5_float,angle_plus20,test/plastic/plastic226.jpg,plastic,plastic,0.8413892388343811
v5_float,angle_plus20,test/plastic/plastic227.jpg,plastic,plastic,0.8419869542121887
v5_float,angle_plus20,test/plastic/plastic242.jpg,plastic,plastic,0.8307468891143799
v5_float,angle_plus20,test/plastic/plastic251.jpg,plastic,plastic,0.9359039068222046
v5_float,angle_plus20,test/plastic/plastic252.jpg,plastic,plastic,0.8554859757423401
v5_float,angle_plus20,test/plastic/plastic253.jpg,plastic,plastic,0.9045953750610352
v5_float,angle_plus20,test/plastic/plastic260.jpg,plastic,plastic,0.7130913138389587
v5_float,angle_plus20,test/plastic/plastic264.jpg,plastic,other,0.6307805180549622
v5_float,angle_plus20,test/plastic/plastic265.jpg,plastic,plastic,0.9076025485992432
v5_float,angle_plus20,test/plastic/plastic268.jpg,plastic,other,0.5916913151741028
v5_float,angle_plus20,test/plastic/plastic270.jpg,plastic,plastic,0.8537513613700867
v5_float,angle_plus20,test/plastic/plastic285.jpg,plastic,other,0.6724989414215088
v5_float,angle_plus20,test/plastic/plastic305.jpg,plastic,plastic,0.4571020007133484
v5_float,angle_plus20,test/plastic/plastic306.jpg,plastic,plastic,0.9454626441001892
v5_float,angle_plus20,test/plastic/plastic312.jpg,plastic,other,0.44525405764579773
v5_float,angle_plus20,test/plastic/plastic314.jpg,plastic,paper,0.5112980008125305
v5_float,angle_plus20,test/plastic/plastic315.jpg,plastic,plastic,0.7371132969856262
v5_float,angle_plus20,test/plastic/plastic317.jpg,plastic,plastic,0.873202919960022
v5_float,angle_plus20,test/plastic/plastic32.jpg,plastic,plastic,0.8847572207450867
v5_float,angle_plus20,test/plastic/plastic328.jpg,plastic,paper,0.5791340470314026
v5_float,angle_plus20,test/plastic/plastic348.jpg,plastic,plastic,0.6999437808990479
v5_float,angle_plus20,test/plastic/plastic349.jpg,plastic,plastic,0.9519128203392029
v5_float,angle_plus20,test/plastic/plastic372.jpg,plastic,plastic,0.8910948038101196
v5_float,angle_plus20,test/plastic/plastic374.jpg,plastic,other,0.40141066908836365
v5_float,angle_plus20,test/plastic/plastic379.jpg,plastic,plastic,0.9172794818878174
v5_float,angle_plus20,test/plastic/plastic383.jpg,plastic,plastic,0.5106738209724426
v5_float,angle_plus20,test/plastic/plastic388.jpg,plastic,plastic,0.9244215488433838
v5_float,angle_plus20,test/plastic/plastic39.jpg,plastic,plastic,0.8028240203857422
v5_float,angle_plus20,test/plastic/plastic390.jpg,plastic,plastic,0.7575379610061646
v5_float,angle_plus20,test/plastic/plastic398.jpg,plastic,plastic,0.9108544588088989
v5_float,angle_plus20,test/plastic/plastic399.jpg,plastic,plastic,0.9455474019050598
v5_float,angle_plus20,test/plastic/plastic405.jpg,plastic,plastic,0.5012489557266235
v5_float,angle_plus20,test/plastic/plastic411.jpg,plastic,plastic,0.9297401905059814
v5_float,angle_plus20,test/plastic/plastic420.jpg,plastic,plastic,0.9113978743553162
v5_float,angle_plus20,test/plastic/plastic423.jpg,plastic,plastic,0.9542398452758789
v5_float,angle_plus20,test/plastic/plastic426.jpg,plastic,plastic,0.900650680065155
v5_float,angle_plus20,test/plastic/plastic434.jpg,plastic,plastic,0.9228535890579224
v5_float,angle_plus20,test/plastic/plastic438.jpg,plastic,paper,0.5626468658447266
v5_float,angle_plus20,test/plastic/plastic465.jpg,plastic,paper,0.36412203311920166
v5_float,angle_plus20,test/plastic/plastic473.jpg,plastic,plastic,0.47667935490608215
v5_float,angle_plus20,test/plastic/plastic49.jpg,plastic,plastic,0.9288122653961182
v5_float,angle_plus20,test/plastic/plastic64.jpg,plastic,plastic,0.7628766298294067
v5_float,angle_plus20,test/plastic/plastic66.jpg,plastic,plastic,0.8592913746833801
v5_float,angle_plus20,test/plastic/plastic67.jpg,plastic,plastic,0.9310159087181091
v5_float,angle_plus20,test/plastic/plastic79.jpg,plastic,other,0.6286884546279907
v5_float,angle_plus20,test/plastic/plastic80.jpg,plastic,plastic,0.8583576083183289
v5_float,angle_plus20,test/plastic/plastic82.jpg,plastic,plastic,0.560804009437561
v5_float,angle_plus20,test/plastic/plastic84.jpg,plastic,plastic,0.9319069385528564
v5_float,angle_plus20,test/plastic/plastic93.jpg,plastic,plastic,0.6057683229446411
v5_float,angle_plus20,test/plastic/plastic98.jpg,plastic,other,0.6219215989112854
v5_float,angle_plus20,test/plastic/plastic99.jpg,plastic,plastic,0.9348551034927368
v5_float,angle_plus20,test/organic/organic_0001.jpg,organic,organic,0.5653603672981262
v5_float,angle_plus20,test/organic/organic_0002.jpg,organic,organic,0.8704876899719238
v5_float,angle_plus20,test/organic/organic_0003.jpg,organic,organic,0.7469545006752014
v5_float,angle_plus20,test/organic/organic_0004.jpg,organic,organic,0.6851359009742737
v5_float,angle_plus20,test/organic/organic_0005.jpg,organic,organic,0.5583475828170776
v5_float,angle_plus20,test/organic/organic_0006.jpg,organic,organic,0.902038037776947
v5_float,angle_plus20,test/organic/organic_0007.jpg,organic,organic,0.45971187949180603
v5_float,angle_plus20,test/organic/organic_0008.jpg,organic,organic,0.8270841240882874
v5_float,angle_plus20,test/organic/organic_0009.jpg,organic,organic,0.8802863955497742
v5_float,angle_plus20,test/organic/organic_0010.jpg,organic,organic,0.9217087030410767
v5_float,angle_plus20,test/organic/organic_0011.jpg,organic,organic,0.9036910533905029
v5_float,angle_plus20,test/organic/organic_0012.jpg,organic,organic,0.9775561690330505
v5_float,angle_plus20,test/organic/organic_0013.jpg,organic,organic,0.5792574882507324
v5_float,angle_plus20,test/organic/organic_0014.jpg,organic,paper,0.6124449372291565
v5_float,angle_plus20,test/organic/organic_0015.jpg,organic,organic,0.9707693457603455
v5_float,angle_plus20,test/organic/organic_0016.jpg,organic,organic,0.9111936092376709
v5_float,angle_plus20,test/organic/organic_0017.jpg,organic,organic,0.7853323817253113
v5_float,angle_plus20,test/organic/organic_0018.jpg,organic,organic,0.7580026984214783
v5_float,angle_plus20,test/organic/organic_0019.jpg,organic,other,0.39665982127189636
v5_float,angle_plus20,test/organic/organic_0020.jpg,organic,paper,0.430311918258667
v5_float,angle_plus20,test/organic/organic_0021.jpg,organic,organic,0.9341034889221191
v5_float,angle_plus20,test/organic/organic_0022.jpg,organic,organic,0.747633695602417
v5_float,angle_plus20,test/organic/organic_0023.jpg,organic,organic,0.8108312487602234
v5_float,angle_plus20,test/organic/organic_0024.jpg,organic,other,0.5027613639831543
v5_float,angle_plus20,test/organic/organic_0025.jpg,organic,organic,0.9840511679649353
v5_float,angle_plus20,test/organic/organic_0026.jpg,organic,organic,0.5824981927871704
v5_float,angle_plus20,test/organic/organic_0027.jpg,organic,organic,0.8786488175392151
v5_float,angle_plus20,test/organic/organic_0028.jpg,organic,organic,0.7728016376495361
v5_float,angle_plus20,test/organic/organic_0029.jpg,organic,organic,0.9771273732185364
v5_float,angle_plus20,test/organic/organic_0030.jpg,organic,organic,0.9465348124504089
v5_float,angle_plus20,test/organic/organic_0031.jpg,organic,organic,0.8429921269416809
v5_float,angle_plus20,test/organic/organic_0032.jpg,organic,organic,0.7525586485862732
v5_float,angle_plus20,test/organic/organic_0033.jpg,organic,organic,0.965349018573761
v5_float,angle_plus20,test/organic/organic_0034.jpg,organic,organic,0.772221565246582
v5_float,angle_plus20,test/organic/organic_0035.jpg,organic,other,0.761954128742218
v5_float,angle_plus20,test/organic/organic_0036.jpg,organic,paper,0.3930504620075226
v5_float,angle_plus20,test/organic/organic_0037.jpg,organic,organic,0.9133516550064087
v5_float,angle_plus20,test/organic/organic_0038.jpg,organic,other,0.48098471760749817
v5_float,angle_plus20,test/organic/organic_0039.jpg,organic,organic,0.9674043655395508
v5_float,angle_plus20,test/organic/organic_0040.jpg,organic,organic,0.9776475429534912
v5_float,angle_plus20,test/organic/organic_0041.jpg,organic,organic,0.7556224465370178
v5_float,angle_plus20,test/organic/organic_0042.jpg,organic,organic,0.8569058775901794
v5_float,angle_plus20,test/organic/organic_0043.jpg,organic,organic,0.5117805600166321
v5_float,angle_plus20,test/organic/organic_0044.jpg,organic,organic,0.476840078830719
v5_float,angle_plus20,test/organic/organic_0045.jpg,organic,organic,0.9347056150436401
v5_float,angle_plus20,test/organic/organic_0046.jpg,organic,paper,0.554815411567688
v5_float,angle_plus20,test/organic/organic_0047.jpg,organic,organic,0.9733603000640869
v5_float,angle_plus20,test/organic/organic_0048.jpg,organic,organic,0.5916603803634644
v5_float,angle_plus20,test/organic/organic_0049.jpg,organic,organic,0.9864230751991272
v5_float,angle_plus20,test/organic/organic_0050.jpg,organic,organic,0.9008195400238037
v5_float,angle_plus20,test/organic/organic_0051.jpg,organic,paper,0.4238831698894501
v5_float,angle_plus20,test/organic/organic_0052.jpg,organic,organic,0.9232252240180969
v5_float,angle_plus20,test/organic/organic_0053.jpg,organic,organic,0.759434700012207
v5_float,angle_plus20,test/organic/organic_0054.jpg,organic,organic,0.7707390189170837
v5_float,angle_plus20,test/organic/organic_0055.jpg,organic,organic,0.7643170356750488
v5_float,angle_plus20,test/organic/organic_0056.jpg,organic,organic,0.7309125065803528
v5_float,angle_plus20,test/organic/organic_0057.jpg,organic,organic,0.8735643029212952
v5_float,angle_plus20,test/organic/organic_0058.jpg,organic,organic,0.9585803747177124
v5_float,angle_plus20,test/organic/organic_0059.jpg,organic,organic,0.8503595590591431
v5_float,angle_plus20,test/organic/organic_0060.jpg,organic,organic,0.7272839546203613
v5_float,angle_plus20,test/organic/organic_0061.jpg,organic,organic,0.5075027942657471
v5_float,angle_plus20,test/organic/organic_0062.jpg,organic,organic,0.8343231081962585
v5_float,angle_plus20,test/organic/organic_0063.jpg,organic,organic,0.8702765703201294
v5_float,angle_plus20,test/organic/organic_0064.jpg,organic,organic,0.927335798740387
v5_float,angle_plus20,test/organic/organic_0065.jpg,organic,organic,0.8202532529830933
v5_float,angle_plus20,test/organic/organic_0066.jpg,organic,organic,0.9764602780342102
v5_float,angle_plus20,test/organic/organic_0067.jpg,organic,organic,0.819861114025116
v5_float,angle_plus20,test/organic/organic_0068.jpg,organic,organic,0.9372369647026062
v5_float,angle_plus20,test/organic/organic_0069.jpg,organic,organic,0.9591911435127258
v5_float,angle_plus20,test/organic/organic_0070.jpg,organic,organic,0.4352981150150299
v5_float,angle_plus20,test/organic/organic_0071.jpg,organic,organic,0.9918038845062256
v5_float,angle_plus20,test/organic/organic_0072.jpg,organic,organic,0.971994161605835
v5_float,angle_plus20,test/organic/organic_0073.jpg,organic,organic,0.9474259614944458
v5_float,angle_plus20,test/organic/organic_0074.jpg,organic,organic,0.8992218971252441
v5_float,angle_plus20,test/other/cardboard105.jpg,other,other,0.9589993357658386
v5_float,angle_plus20,test/other/cardboard115.jpg,other,other,0.8375970125198364
v5_float,angle_plus20,test/other/cardboard121.jpg,other,other,0.479866623878479
v5_float,angle_plus20,test/other/cardboard125.jpg,other,other,0.6028675436973572
v5_float,angle_plus20,test/other/cardboard128.jpg,other,other,0.5600586533546448
v5_float,angle_plus20,test/other/cardboard160.jpg,other,other,0.8586040735244751
v5_float,angle_plus20,test/other/cardboard162.jpg,other,plastic,0.37921687960624695
v5_float,angle_plus20,test/other/cardboard175.jpg,other,other,0.4476442039012909
v5_float,angle_plus20,test/other/cardboard18.jpg,other,other,0.8178339004516602
v5_float,angle_plus20,test/other/cardboard184.jpg,other,other,0.7976522445678711
v5_float,angle_plus20,test/other/cardboard19.jpg,other,other,0.9309633374214172
v5_float,angle_plus20,test/other/cardboard190.jpg,other,paper,0.5122522115707397
v5_float,angle_plus20,test/other/cardboard2.jpg,other,other,0.3747600317001343
v5_float,angle_plus20,test/other/cardboard208.jpg,other,other,0.8422377705574036
v5_float,angle_plus20,test/other/cardboard210.jpg,other,other,0.9205160737037659
v5_float,angle_plus20,test/other/cardboard213.jpg,other,other,0.7749422192573547
v5_float,angle_plus20,test/other/cardboard214.jpg,other,other,0.6867100596427917
v5_float,angle_plus20,test/other/cardboard216.jpg,other,plastic,0.5512109398841858
v5_float,angle_plus20,test/other/cardboard218.jpg,other,plastic,0.5191958546638489
v5_float,angle_plus20,test/other/cardboard222.jpg,other,other,0.9660546183586121
v5_float,angle_plus20,test/other/cardboard231.jpg,other,other,0.9248571395874023
v5_float,angle_plus20,test/other/cardboard239.jpg,other,organic,0.569180965423584
v5_float,angle_plus20,test/other/cardboard248.jpg,other,paper,0.3282511532306671
v5_float,angle_plus20,test/other/cardboard252.jpg,other,other,0.7059460878372192
v5_float,angle_plus20,test/other/cardboard259.jpg,other,other,0.9602498412132263
v5_float,angle_plus20,test/other/cardboard260.jpg,other,other,0.7229830026626587
v5_float,angle_plus20,test/other/cardboard261.jpg,other,other,0.9028643369674683
v5_float,angle_plus20,test/other/cardboard266.jpg,other,organic,0.5666320323944092
v5_float,angle_plus20,test/other/cardboard274.jpg,other,organic,0.4056629240512848
v5_float,angle_plus20,test/other/cardboard276.jpg,other,paper,0.3773351311683655
v5_float,angle_plus20,test/other/cardboard286.jpg,other,other,0.5549112558364868
v5_float,angle_plus20,test/other/cardboard289.jpg,other,other,0.9008881449699402
v5_float,angle_plus20,test/other/cardboard290.jpg,other,other,0.5194500684738159
v5_float,angle_plus20,test/other/cardboard293.jpg,other,other,0.9171702861785889
v5_float,angle_plus20,test/other/cardboard299.jpg,other,other,0.9050866365432739
v5_float,angle_plus20,test/other/cardboard304.jpg,other,other,0.8940678834915161
v5_float,angle_plus20,test/other/cardboard308.jpg,other,other,0.6954677104949951
v5_float,angle_plus20,test/other/cardboard31.jpg,other,other,0.9564296007156372
v5_float,angle_plus20,test/other/cardboard310.jpg,other,other,0.9674828052520752
v5_float,angle_plus20,test/other/cardboard312.jpg,other,other,0.9330652356147766
v5_float,angle_plus20,test/other/cardboard313.jpg,other,other,0.9754257798194885
v5_float,angle_plus20,test/other/cardboard314.jpg,other,other,0.9350305795669556
v5_float,angle_plus20,test/other/cardboard321.jpg,other,other,0.7378138303756714
v5_float,angle_plus20,test/other/cardboard323.jpg,other,other,0.8026029467582703
v5_float,angle_plus20,test/other/cardboard332.jpg,other,other,0.9415143132209778
v5_float,angle_plus20,test/other/cardboard334.jpg,other,other,0.8168253302574158
v5_float,angle_plus20,test/other/cardboard34.jpg,other,other,0.9071422219276428
v5_float,angle_plus20,test/other/cardboard356.jpg,other,other,0.7958299517631531
v5_float,angle_plus20,test/other/cardboard363.jpg,other,other,0.6872347593307495
v5_float,angle_plus20,test/other/cardboard372.jpg,other,other,0.8011361956596375
v5_float,angle_plus20,test/other/cardboard383.jpg,other,other,0.570154070854187
v5_float,angle_plus20,test/other/cardboard384.jpg,other,organic,0.6480324864387512
v5_float,angle_plus20,test/other/cardboard387.jpg,other,plastic,0.7044445276260376
v5_float,angle_plus20,test/other/cardboard388.jpg,other,other,0.8978449702262878
v5_float,angle_plus20,test/other/cardboard397.jpg,other,other,0.9385550618171692
v5_float,angle_plus20,test/other/cardboard40.jpg,other,other,0.9581896066665649
v5_float,angle_plus20,test/other/cardboard401.jpg,other,other,0.9739276170730591
v5_float,angle_plus20,test/other/cardboard44.jpg,other,other,0.9050235152244568
v5_float,angle_plus20,test/other/cardboard51.jpg,other,other,0.9795116186141968
v5_float,angle_plus20,test/other/cardboard57.jpg,other,other,0.9314376711845398
v5_float,angle_plus20,test/other/cardboard63.jpg,other,plastic,0.7536521553993225
v5_float,angle_plus20,test/other/cardboard69.jpg,other,other,0.38008204102516174
v5_float,angle_plus20,test/other/cardboard71.jpg,other,other,0.8954690098762512
v5_float,angle_plus20,test/other/cardboard73.jpg,other,other,0.6641133427619934
v5_float,angle_plus20,test/other/cardboard8.jpg,other,other,0.884128749370575
v5_float,angle_plus20,test/other/cardboard88.jpg,other,other,0.8856735229492188
v5_float,angle_plus20,test/other/cardboard89.jpg,other,other,0.8663089275360107
v5_float,angle_plus20,test/other/cardboard9.jpg,other,other,0.9545808434486389
v5_float,angle_plus20,test/other/cardboard92.jpg,other,other,0.8844457268714905
v5_float,angle_plus20,test/other/cardboard98.jpg,other,other,0.9145945310592651
v5_float,angle_plus20,test/other/metal112.jpg,other,other,0.3918834328651428
v5_float,angle_plus20,test/other/metal114.jpg,other,paper,0.5065613985061646
v5_float,angle_plus20,test/other/metal119.jpg,other,other,0.5296855568885803
v5_float,angle_plus20,test/other/metal12.jpg,other,other,0.4776679575443268
v5_float,angle_plus20,test/other/metal13.jpg,other,plastic,0.6201574802398682
v5_float,angle_plus20,test/other/metal133.jpg,other,other,0.6646373271942139
v5_float,angle_plus20,test/other/metal134.jpg,other,other,0.4521193504333496
v5_float,angle_plus20,test/other/metal139.jpg,other,other,0.5494349002838135
v5_float,angle_plus20,test/other/metal143.jpg,other,paper,0.3331906497478485
v5_float,angle_plus20,test/other/metal146.jpg,other,other,0.7862266898155212
v5_float,angle_plus20,test/other/metal157.jpg,other,other,0.37268516421318054
v5_float,angle_plus20,test/other/metal159.jpg,other,plastic,0.44128337502479553
v5_float,angle_plus20,test/other/metal161.jpg,other,plastic,0.683977484703064
v5_float,angle_plus20,test/other/metal170.jpg,other,paper,0.5929059386253357
v5_float,angle_plus20,test/other/metal172.jpg,other,paper,0.5337077975273132
v5_float,angle_plus20,test/other/metal175.jpg,other,paper,0.616797685623169
v5_float,angle_plus20,test/other/metal18.jpg,other,plastic,0.6726702451705933
v5_float,angle_plus20,test/other/metal186.jpg,other,plastic,0.49772799015045166
v5_float,angle_plus20,test/other/metal187.jpg,other,other,0.3883587718009949
v5_float,angle_plus20,test/other/metal188.jpg,other,other,0.34900733828544617
v5_float,angle_plus20,test/other/metal192.jpg,other,other,0.5542792081832886
v5_float,angle_plus20,test/other/metal198.jpg,other,other,0.5461854338645935
v5_float,angle_plus20,test/other/metal201.jpg,other,plastic,0.4293399155139923
v5_float,angle_plus20,test/other/metal205.jpg,other,other,0.39583319425582886
v5_float,angle_plus20,test/other/metal209.jpg,other,other,0.34219786524772644
v5_float,angle_plus20,test/other/metal217.jpg,other,other,0.49122557044029236
v5_float,angle_plus20,test/other/metal239.jpg,other,paper,0.3903444707393646
v5_float,angle_plus20,test/other/metal24.jpg,other,plastic,0.3531140089035034
v5_float,angle_plus20,test/other/metal246.jpg,other,organic,0.4105554521083832
v5_float,angle_plus20,test/other/metal247.jpg,other,other,0.4095354378223419
v5_float,angle_plus20,test/other/metal248.jpg,other,plastic,0.7160475254058838
v5_float,angle_plus20,test/other/metal249.jpg,other,paper,0.4218008816242218
v5_float,angle_plus20,test/other/metal258.jpg,other,paper,0.4429701864719391
v5_float,angle_plus20,test/other/metal261.jpg,other,plastic,0.44335147738456726
v5_float,angle_plus20,test/other/metal263.jpg,other,other,0.6064685583114624
v5_float,angle_plus20,test/other/metal269.jpg,other,other,0.7716986536979675
v5_float,angle_plus20,test/other/metal27.jpg,other,other,0.4331822991371155
v5_float,angle_plus20,test/other/metal275.jpg,other,other,0.6307387351989746
v5_float,angle_plus20,test/other/metal292.jpg,other,plastic,0.563605785369873
v5_float,angle_plus20,test/other/metal296.jpg,other,plastic,0.4305815100669861
v5_float,angle_plus20,test/other/metal317.jpg,other,other,0.4856039881706238
v5_float,angle_plus20,test/other/metal324.jpg,other,other,0.4061645269393921
v5_float,angle_plus20,test/other/metal325.jpg,other,other,0.4884940981864929
v5_float,angle_plus20,test/other/metal328.jpg,other,other,0.6083601713180542
v5_float,angle_plus20,test/other/metal33.jpg,other,other,0.525344967842102
v5_float,angle_plus20,test/other/metal341.jpg,other,paper,0.4713982939720154
v5_float,angle_plus20,test/other/metal344.jpg,other,organic,0.4108603596687317
v5_float,angle_plus20,test/other/metal350.jpg,other,other,0.3555516004562378
v5_float,angle_plus20,test/other/metal355.jpg,other,other,0.7873782515525818
v5_float,angle_plus20,test/other/metal364.jpg,other,other,0.5396367311477661
v5_float,angle_plus20,test/other/metal370.jpg,other,other,0.48386505246162415
v5_float,angle_plus20,test/other/metal387.jpg,other,other,0.5598019361495972
v5_float,angle_plus20,test/other/metal389.jpg,other,other,0.5653289556503296
v5_float,angle_plus20,test/other/metal393.jpg,other,other,0.34816139936447144
v5_float,angle_plus20,test/other/metal394.jpg,other,organic,0.515953540802002
v5_float,angle_plus20,test/other/metal395.jpg,other,other,0.43576985597610474
v5_float,angle_plus20,test/other/metal403.jpg,other,other,0.7848759889602661
v5_float,angle_plus20,test/other/metal48.jpg,other,paper,0.4789651334285736
v5_float,angle_plus20,test/other/metal50.jpg,other,other,0.49207425117492676
v5_float,angle_plus20,test/other/metal52.jpg,other,paper,0.3510674238204956
v5_float,angle_plus20,test/other/metal62.jpg,other,paper,0.37597447633743286
v5_float,angle_plus20,test/other/metal65.jpg,other,paper,0.46127399802207947
v5_float,angle_plus20,test/other/metal68.jpg,other,other,0.61231929063797
v5_float,angle_plus20,test/other/metal77.jpg,other,other,0.34537529945373535
v5_float,angle_plus20,test/other/metal80.jpg,other,other,0.3765835165977478
v5_float,angle_plus20,test/other/metal84.jpg,other,other,0.3869357705116272
v5_float,angle_plus20,test/other/metal87.jpg,other,other,0.5676859021186829
v5_float,angle_plus20,test/other/metal99.jpg,other,other,0.6863656640052795
v5_float,angle_minus20,test/paper/paper104.jpg,paper,paper,0.6004973649978638
v5_float,angle_minus20,test/paper/paper112.jpg,paper,paper,0.783161997795105
v5_float,angle_minus20,test/paper/paper113.jpg,paper,other,0.4333060681819916
v5_float,angle_minus20,test/paper/paper114.jpg,paper,paper,0.729583740234375
v5_float,angle_minus20,test/paper/paper12.jpg,paper,paper,0.7558879852294922
v5_float,angle_minus20,test/paper/paper120.jpg,paper,paper,0.5562938451766968
v5_float,angle_minus20,test/paper/paper124.jpg,paper,plastic,0.5413473844528198
v5_float,angle_minus20,test/paper/paper125.jpg,paper,paper,0.38537538051605225
v5_float,angle_minus20,test/paper/paper129.jpg,paper,paper,0.7560316920280457
v5_float,angle_minus20,test/paper/paper13.jpg,paper,plastic,0.5965399742126465
v5_float,angle_minus20,test/paper/paper137.jpg,paper,paper,0.4962461292743683
v5_float,angle_minus20,test/paper/paper143.jpg,paper,paper,0.6087960600852966
v5_float,angle_minus20,test/paper/paper149.jpg,paper,plastic,0.49425119161605835
v5_float,angle_minus20,test/paper/paper161.jpg,paper,paper,0.4510475695133209
v5_float,angle_minus20,test/paper/paper167.jpg,paper,paper,0.367750883102417
v5_float,angle_minus20,test/paper/paper169.jpg,paper,paper,0.439073771238327
v5_float,angle_minus20,test/paper/paper186.jpg,paper,paper,0.5094017386436462
v5_float,angle_minus20,test/paper/paper188.jpg,paper,paper,0.5281607508659363
v5_float,angle_minus20,test/paper/paper208.jpg,paper,paper,0.6612663269042969
v5_float,angle_minus20,test/paper/paper209.jpg,paper,paper,0.355708509683609
v5_float,angle_minus20,test/paper/paper218.jpg,paper,paper,0.5369778871536255
v5_float,angle_minus20,test/paper/paper219.jpg,paper,paper,0.534571647644043
v5_float,angle_minus20,test/paper/paper220.jpg,paper,paper,0.5525652766227722
v5_float,angle_minus20,test/paper/paper225.jpg,paper,plastic,0.3951956629753113
v5_float,angle_minus20,test/paper/paper230.jpg,paper,paper,0.6806154847145081
v5_float,angle_minus20,test/paper/paper235.jpg,paper,other,0.39712777733802795
v5_float,angle_minus20,test/paper/paper266.jpg,paper,paper,0.7225683331489563
v5_float,angle_minus20,test/paper/paper269.jpg,paper,paper,0.6755462288856506
v5_float,angle_minus20,test/paper/paper271.jpg,paper,paper,0.7471765875816345
v5_float,angle_minus20,test/paper/paper273.jpg,paper,paper,0.615603506565094
v5_float,angle_minus20,test/paper/paper276.jpg,paper,paper,0.39228785037994385
v5_float,angle_minus20,test/paper/paper279.jpg,paper,paper,0.45664137601852417
v5_float,angle_minus20,test/paper/paper282.jpg,paper,plastic,0.5150681138038635
v5_float,angle_minus20,test/paper/paper286.jpg,paper,organic,0.5343953371047974
v5_float,angle_minus20,test/paper/paper289.jpg,paper,organic,0.4630301892757416
v5_float,angle_minus20,test/paper/paper294.jpg,paper,paper,0.5898659825325012
v5_float,angle_minus20,test/paper/paper3.jpg,paper,paper,0.49819302558898926
v5_float,angle_minus20,test/paper/paper301.jpg,paper,paper,0.4788462817668915
v5_float,angle_minus20,test/paper/paper303.jpg,paper,paper,0.5673666000366211
v5_float,angle_minus20,test/paper/paper311.jpg,paper,organic,0.8733391761779785
v5_float,angle_minus20,test/paper/paper319.jpg,paper,paper,0.6506357789039612
v5_float,angle_minus20,test/paper/paper32.jpg,paper,paper,0.5079396367073059
v5_float,angle_minus20,test/paper/paper346.jpg,paper,paper,0.4981535077095032
v5_float,angle_minus20,test/paper/paper348.jpg,paper,plastic,0.5241321325302124
v5_float,angle_minus20,test/paper/paper350.jpg,paper,paper,0.5418514609336853
v5_float,angle_minus20,test/paper/paper354.jpg,paper,plastic,0.4973923861980438
v5_float,angle_minus20,test/paper/paper356.jpg,paper,paper,0.7155861258506775
v5_float,angle_minus20,test/paper/paper357.jpg,paper,paper,0.601485550403595
v5_float,angle_minus20,test/paper/paper361.jpg,paper,paper,0.6369608640670776
v5_float,angle_minus20,test/paper/paper362.jpg,paper,paper,0.39658817648887634
v5_float,angle_minus20,test/paper/paper368.jpg,paper,other,0.37867239117622375
v5_float,angle_minus20,test/paper/paper373.jpg,paper,paper,0.542696475982666
v5_float,angle_minus20,test/paper/paper380.jpg,paper,paper,0.44409358501434326
v5_float,angle_minus20,test/paper/paper381.jpg,paper,paper,0.5321240425109863
v5_float,angle_minus20,test/paper/paper385.jpg,paper,plastic,0.5401417016983032
v5_float,angle_minus20,test/paper/paper392.jpg,paper,paper,0.46281003952026367
v5_float,angle_minus20,test/paper/paper396.jpg,paper,paper,0.631273090839386
v5_float,angle_minus20,test/paper/paper404.jpg,paper,plastic,0.5192744135856628
v5_float,angle_minus20,test/paper/paper405.jpg,paper,paper,0.5943546295166016
v5_float,angle_minus20,test/paper/paper416.jpg,paper,paper,0.5279058218002319
v5_float,angle_minus20,test/paper/paper417.jpg,paper,plastic,0.5369576215744019
v5_float,angle_minus20,test/paper/paper422.jpg,paper,paper,0.6812471151351929
v5_float,angle_minus20,test/paper/paper434.jpg,paper,paper,0.494744211435318
v5_float,angle_minus20,test/paper/paper444.jpg,paper,paper,0.4941072463989258
v5_float,angle_minus20,test/paper/paper450.jpg,paper,paper,0.5969200134277344
v5_float,angle_minus20,test/paper/paper457.jpg,paper,paper,0.4468124508857727
v5_float,angle_minus20,test/paper/paper460.jpg,paper,paper,0.6694068908691406
v5_float,angle_minus20,test/paper/paper461.jpg,paper,paper,0.7496566772460938
v5_float,angle_minus20,test/paper/paper462.jpg,paper,paper,0.3673180937767029
v5_float,angle_minus20,test/paper/paper465.jpg,paper,other,0.47370946407318115
v5_float,angle_minus20,test/paper/paper474.jpg,paper,organic,0.6524677872657776
v5_float,angle_minus20,test/paper/paper48.jpg,paper,paper,0.4917871952056885
v5_float,angle_minus20,test/paper/paper495.jpg,paper,plastic,0.5102008581161499
v5_float,angle_minus20,test/paper/paper500.jpg,paper,paper,0.8493340015411377
v5_float,angle_minus20,test/paper/paper502.jpg,paper,paper,0.7664345502853394
v5_float,angle_minus20,test/paper/paper503.jpg,paper,paper,0.5277537107467651
v5_float,angle_minus20,test/paper/paper505.jpg,paper,paper,0.4543764591217041
v5_float,angle_minus20,test/paper/paper508.jpg,paper,plastic,0.4173969328403473
v5_float,angle_minus20,test/paper/paper515.jpg,paper,paper,0.6460121870040894
v5_float,angle_minus20,test/paper/paper525.jpg,paper,plastic,0.6234903335571289
v5_float,angle_minus20,test/paper/paper527.jpg,paper,paper,0.44660449028015137
v5_float,angle_minus20,test/paper/paper53.jpg,paper,paper,0.4282008409500122
v5_float,angle_minus20,test/paper/paper534.jpg,paper,paper,0.6001086831092834
v5_float,angle_minus20,test/paper/paper537.jpg,paper,paper,0.6256197690963745
v5_float,angle_minus20,test/paper/paper541.jpg,paper,organic,0.48859792947769165
v5_float,angle_minus20,test/paper/paper542.jpg,paper,paper,0.7574542164802551
v5_float,angle_minus20,test/paper/paper543.jpg,paper,paper,0.6807223558425903
v5_float,angle_minus20,test/paper/paper547.jpg,paper,paper,0.5872924327850342
v5_float,angle_minus20,test/paper/paper548.jpg,paper,paper,0.38729947805404663
v5_float,angle_minus20,test/paper/paper55.jpg,paper,paper,0.6080397367477417
v5_float,angle_minus20,test/paper/paper557.jpg,paper,paper,0.6195085644721985
v5_float,angle_minus20,test/paper/paper558.jpg,paper,paper,0.5619176030158997
v5_float,angle_minus20,test/paper/paper563.jpg,paper,other,0.4832470417022705
v5_float,angle_minus20,test/paper/paper569.jpg,paper,paper,0.5040132999420166
v5_float,angle_minus20,test/paper/paper570.jpg,paper,paper,0.4758336842060089
v5_float,angle_minus20,test/paper/paper576.jpg,paper,plastic,0.609836220741272
v5_float,angle_minus20,test/paper/paper58.jpg,paper,paper,0.6353893876075745
v5_float,angle_minus20,test/paper/paper586.jpg,paper,paper,0.4728912115097046
v5_float,angle_minus20,test/paper/paper593.jpg,paper,paper,0.5207014083862305
v5_float,angle_minus20,test/paper/paper6.jpg,paper,paper,0.6543866395950317
v5_float,angle_minus20,test/paper/paper68.jpg,paper,paper,0.5217899680137634
v5_float,angle_minus20,test/paper/paper69.jpg,paper,organic,0.46030178666114807
v5_float,angle_minus20,test/paper/paper7.jpg,paper,paper,0.6074270606040955
v5_float,angle_minus20,test/paper/paper70.jpg,paper,paper,0.5391384959220886
v5_float,angle_minus20,test/paper/paper77.jpg,paper,paper,0.7381884455680847
v5_float,angle_minus20,test/paper/paper86.jpg,paper,organic,0.5764124989509583
v5_float,angle_minus20,test/paper/paper94.jpg,paper,other,0.4232429265975952
v5_float,angle_minus20,test/paper/paper97.jpg,paper,paper,0.598979115486145
v5_float,angle_minus20,test/plastic/plastic103.jpg,plastic,plastic,0.7585811614990234
v5_float,angle_minus20,test/plastic/plastic114.jpg,plastic,plastic,0.47021934390068054
v5_float,angle_minus20,test/plastic/plastic122.jpg,plastic,plastic,0.9289560914039612
v5_float,angle_minus20,test/plastic/plastic125.jpg,plastic,organic,0.3746519982814789
v5_float,angle_minus20,test/plastic/plastic126.jpg,plastic,paper,0.4331773817539215
v5_float,angle_minus20,test/plastic/plastic132.jpg,plastic,plastic,0.4588353633880615
v5_float,angle_minus20,test/plastic/plastic138.jpg,plastic,plastic,0.5113311409950256
v5_float,angle_minus20,test/plastic/plastic145.jpg,plastic,paper,0.4693392217159271
v5_float,angle_minus20,test/plastic/plastic146.jpg,plastic,paper,0.47382107377052307
v5_float,angle_minus20,test/plastic/plastic152.jpg,plastic,paper,0.6171086430549622
v5_float,angle_minus20,test/plastic/plastic156.jpg,plastic,paper,0.5523000359535217
v5_float,angle_minus20,test/plastic/plastic159.jpg,plastic,plastic,0.6053987741470337
v5_float,angle_minus20,test/plastic/plastic170.jpg,plastic,paper,0.44447794556617737
v5_float,angle_minus20,test/plastic/plastic172.jpg,plastic,plastic,0.6735153794288635
v5_float,angle_minus20,test/plastic/plastic177.jpg,plastic,plastic,0.7730807065963745
v5_float,angle_minus20,test/plastic/plastic187.jpg,plastic,plastic,0.6929891109466553
v5_float,angle_minus20,test/plastic/plastic2.jpg,plastic,paper,0.6283323168754578
v5_float,angle_minus20,test/plastic/plastic201.jpg,plastic,other,0.5644150376319885
v5_float,angle_minus20,test/plastic/plastic205.jpg,plastic,plastic,0.8666540384292603
v5_float,angle_minus20,test/plastic/plastic207.jpg,plastic,plastic,0.6686325669288635
v5_float,angle_minus20,test/plastic/plastic21.jpg,plastic,plastic,0.698954701423645
v5_float,angle_minus20,test/plastic/plastic214.jpg,plastic,plastic,0.7558109164237976
v5_float,angle_minus20,test/plastic/plastic217.jpg,plastic,plastic,0.9396306276321411
v5_float,angle_minus20,test/plastic/plastic226.jpg,plastic,plastic,0.8419491648674011
v5_float,angle_minus20,test/plastic/plastic227.jpg,plastic,plastic,0.8835011124610901
v5_float,angle_minus20,test/plastic/plastic242.jpg,plastic,plastic,0.8421421051025391
v5_float,angle_minus20,test/plastic/plastic251.jpg,plastic,plastic,0.9360886812210083
v5_float,angle_minus20,test/plastic/plastic252.jpg,plastic,plastic,0.8450067639350891
v5_float,angle_minus20,test/plastic/plastic253.jpg,plastic,plastic,0.8952573537826538
v5_float,angle_minus20,test/plastic/plastic260.jpg,plastic,plastic,0.7756639719009399
v5_float,angle_minus20,test/plastic/plastic264.jpg,plastic,other,0.6132540106773376
v5_float,angle_minus20,test/plastic/plastic265.jpg,plastic,plastic,0.9172613024711609
v5_float,angle_minus20,test/plastic/plastic268.jpg,plastic,other,0.5149299502372742
v5_float,angle_minus20,test/plastic/plastic270.jpg,plastic,plastic,0.8850008249282837
v5_float,angle_minus20,test/plastic/plastic285.jpg,plastic,other,0.636887788772583
v5_float,angle_minus20,test/plastic/plastic305.jpg,plastic,plastic,0.5161330699920654
v5_float,angle_minus20,test/plastic/plastic306.jpg,plastic,plastic,0.9350002408027649
v5_float,angle_minus20,test/plastic/plastic312.jpg,plastic,plastic,0.4142993092536926
v5_float,angle_minus20,test/plastic/plastic314.jpg,plastic,paper,0.5223663449287415
v5_float,angle_minus20,test/plastic/plastic315.jpg,plastic,plastic,0.7942437529563904
v5_float,angle_minus20,test/plastic/plastic317.jpg,plastic,plastic,0.833984911441803
v5_float,angle_minus20,test/plastic/plastic32.jpg,plastic,plastic,0.8965650796890259
v5_float,angle_minus20,test/plastic/plastic328.jpg,plastic,paper,0.40833476185798645
v5_float,angle_minus20,test/plastic/plastic348.jpg,plastic,plastic,0.7670080065727234
v5_float,angle_minus20,test/plastic/plastic349.jpg,plastic,plastic,0.9460785388946533
v5_float,angle_minus20,test/plastic/plastic372.jpg,plastic,plastic,0.8221792578697205
v5_float,angle_minus20,test/plastic/plastic374.jpg,plastic,plastic,0.401773601770401
v5_float,angle_minus20,test/plastic/plastic379.jpg,plastic,plastic,0.9320200085639954
v5_float,angle_minus20,test/plastic/plastic383.jpg,plastic,plastic,0.5239290595054626
v5_float,angle_minus20,test/plastic/plastic388.jpg,plastic,plastic,0.9381812810897827
v5_float,angle_minus20,test/plastic/plastic39.jpg,plastic,plastic,0.7492822408676147
v5_float,angle_minus20,test/plastic/plastic390.jpg,plastic,plastic,0.8622167110443115
v5_float,angle_minus20,test/plastic/plastic398.jpg,plastic,plastic,0.9104799032211304
v5_float,angle_minus20,test/plastic/plastic399.jpg,plastic,plastic,0.944661557674408
v5_float,angle_minus20,test/plastic/plastic405.jpg,plastic,paper,0.589654266834259
v5_float,angle_minus20,test/plastic/plastic411.jpg,plastic,plastic,0.920159637928009
v5_float,angle_minus20,test/plastic/plastic420.jpg,plastic,plastic,0.8944244980812073
v5_float,angle_minus20,test/plastic/plastic423.jpg,plastic,plastic,0.94938725233078
v5_float,angle_minus20,test/plastic/plastic426.jpg,plastic,plastic,0.901278555393219
v5_float,angle_minus20,test/plastic/plastic434.jpg,plastic,plastic,0.9194998145103455
v5_float,angle_minus20,test/plastic/plastic438.jpg,plastic,paper,0.5344416499137878
v5_float,angle_minus20,test/plastic/plastic465.jpg,plastic,paper,0.36693841218948364
v5_float,angle_minus20,test/plastic/plastic473.jpg,plastic,plastic,0.5407763123512268
v5_float,angle_minus20,test/plastic/plastic49.jpg,plastic,plastic,0.9201669096946716
v5_float,angle_minus20,test/plastic/plastic64.jpg,plastic,plastic,0.6434524059295654
v5_float,angle_minus20,test/plastic/plastic66.jpg,plastic,plastic,0.8419766426086426
v5_float,angle_minus20,test/plastic/plastic67.jpg,plastic,plastic,0.9368794560432434
v5_float,angle_minus20,test/plastic/plastic79.jpg,plastic,other,0.6813241839408875
v5_float,angle_minus20,test/plastic/plastic80.jpg,plastic,plastic,0.8244343400001526
v5_float,angle_minus20,test/plastic/plastic82.jpg,plastic,plastic,0.5625857710838318
v5_float,angle_minus20,test/plastic/plastic84.jpg,plastic,plastic,0.9149487614631653
v5_float,angle_minus20,test/plastic/plastic93.jpg,plastic,plastic,0.513912558555603
v5_float,angle_minus20,test/plastic/plastic98.jpg,plastic,other,0.5982775688171387
v5_float,angle_minus20,test/plastic/plastic99.jpg,plastic,plastic,0.9300461411476135
v5_float,angle_minus20,test/organic/organic_0001.jpg,organic,organic,0.7867102026939392
v5_float,angle_minus20,test/organic/organic_0002.jpg,organic,organic,0.9209683537483215
v5_float,angle_minus20,test/organic/organic_0003.jpg,organic,organic,0.5973570346832275
v5_float,angle_minus20,test/organic/organic_0004.jpg,organic,organic,0.5409474968910217
v5_float,angle_minus20,test/organic/organic_0005.jpg,organic,paper,0.5703199505805969
v5_float,angle_minus20,test/organic/organic_0006.jpg,organic,organic,0.9584442377090454
v5_float,angle_minus20,test/organic/organic_0007.jpg,organic,organic,0.5547682046890259
v5_float,angle_minus20,test/organic/organic_0008.jpg,organic,organic,0.7479382753372192
v5_float,angle_minus20,test/organic/organic_0009.jpg,organic,organic,0.81502765417099
v5_float,angle_minus20,test/organic/organic_0010.jpg,organic,organic,0.8920287489891052
v5_float,angle_minus20,test/organic/organic_0011.jpg,organic,organic,0.9042479395866394
v5_float,angle_minus20,test/organic/organic_0012.jpg,organic,organic,0.9413890838623047
v5_float,angle_minus20,test/organic/organic_0013.jpg,organic,organic,0.7639454007148743
v5_float,angle_minus20,test/organic/organic_0014.jpg,organic,paper,0.5360344648361206
v5_float,angle_minus20,test/organic/organic_0015.jpg,organic,organic,0.9837146401405334
v5_float,angle_minus20,test/organic/organic_0016.jpg,organic,organic,0.8959397673606873
v5_float,angle_minus20,test/organic/organic_0017.jpg,organic,organic,0.9500626921653748
v5_float,angle_minus20,test/organic/organic_0018.jpg,organic,organic,0.6302681565284729
v5_float,angle_minus20,test/organic/organic_0019.jpg,organic,organic,0.5375367403030396
v5_float,angle_minus20,test/organic/organic_0020.jpg,organic,paper,0.5232834815979004
v5_float,angle_minus20,test/organic/organic_0021.jpg,organic,organic,0.910363495349884
v5_float,angle_minus20,test/organic/organic_0022.jpg,organic,organic,0.7064191102981567
v5_float,angle_minus20,test/organic/organic_0023.jpg,organic,organic,0.850965678691864
v5_float,angle_minus20,test/organic/organic_0024.jpg,organic,organic,0.5593245625495911
v5_float,angle_minus20,test/organic/organic_0025.jpg,organic,organic,0.9807161092758179
v5_float,angle_minus20,test/organic/organic_0026.jpg,organic,organic,0.5654661655426025
v5_float,angle_minus20,test/organic/organic_0027.jpg,organic,organic,0.811213493347168
v5_float,angle_minus20,test/organic/organic_0028.jpg,organic,organic,0.706872820854187
v5_float,angle_minus20,test/organic/organic_0029.jpg,organic,organic,0.9797114729881287
v5_float,angle_minus20,test/organic/organic_0030.jpg,organic,organic,0.9039292335510254
v5_float,angle_minus20,test/organic/organic_0031.jpg,organic,organic,0.890466570854187
v5_float,angle_minus20,test/organic/organic_0032.jpg,organic,organic,0.804419755935669
v5_float,angle_minus20,test/organic/organic_0033.jpg,organic,organic,0.9411402344703674
v5_float,angle_minus20,test/organic/organic_0034.jpg,organic,organic,0.8791972398757935
v5_float,angle_minus20,test/organic/organic_0035.jpg,organic,other,0.6204211711883545
v5_float,angle_minus20,test/organic/organic_0036.jpg,organic,paper,0.37599384784698486
v5_float,angle_minus20,test/organic/organic_0037.jpg,organic,organic,0.8948832750320435
v5_float,angle_minus20,test/organic/organic_0038.jpg,organic,other,0.5595534443855286
v5_float,angle_minus20,test/organic/organic_0039.jpg,organic,organic,0.9621059894561768
v5_float,angle_minus20,test/organic/organic_0040.jpg,organic,organic,0.9734665751457214
v5_float,angle_minus20,test/organic/organic_0041.jpg,organic,organic,0.6622255444526672
v5_float,angle_minus20,test/organic/organic_0042.jpg,organic,organic,0.7698204517364502
v5_float,angle_minus20,test/organic/organic_0043.jpg,organic,organic,0.5608699917793274
v5_float,angle_minus20,test/organic/organic_0044.jpg,organic,organic,0.4536816477775574
v5_float,angle_minus20,test/organic/organic_0045.jpg,organic,organic,0.8845082521438599
v5_float,angle_minus20,test/organic/organic_0046.jpg,organic,paper,0.49683019518852234
v5_float,angle_minus20,test/organic/organic_0047.jpg,organic,organic,0.9736290574073792
v5_float,angle_minus20,test/organic/organic_0048.jpg,organic,organic,0.5823299884796143
v5_float,angle_minus20,test/organic/organic_0049.jpg,organic,organic,0.9857897162437439
v5_float,angle_minus20,test/organic/organic_0050.jpg,organic,organic,0.8603262901306152
v5_float,angle_minus20,test/organic/organic_0051.jpg,organic,paper,0.6184386610984802
v5_float,angle_minus20,test/organic/organic_0052.jpg,organic,organic,0.9296021461486816
v5_float,angle_minus20,test/organic/organic_0053.jpg,organic,organic,0.6884607672691345
v5_float,angle_minus20,test/organic/organic_0054.jpg,organic,organic,0.8036389946937561
v5_float,angle_minus20,test/organic/organic_0055.jpg,organic,organic,0.8813655972480774
v5_float,angle_minus20,test/organic/organic_0056.jpg,organic,organic,0.7894776463508606
v5_float,angle_minus20,test/organic/organic_0057.jpg,organic,organic,0.8953416347503662
v5_float,angle_minus20,test/organic/organic_0058.jpg,organic,organic,0.8306975364685059
v5_float,angle_minus20,test/organic/organic_0059.jpg,organic,organic,0.8245584964752197
v5_float,angle_minus20,test/organic/organic_0060.jpg,organic,organic,0.6416477560997009
v5_float,angle_minus20,test/organic/organic_0061.jpg,organic,organic,0.45594319701194763
v5_float,angle_minus20,test/organic/organic_0062.jpg,organic,organic,0.8584862947463989
v5_float,angle_minus20,test/organic/organic_0063.jpg,organic,organic,0.9783411622047424
v5_float,angle_minus20,test/organic/organic_0064.jpg,organic,organic,0.916134238243103
v5_float,angle_minus20,test/organic/organic_0065.jpg,organic,organic,0.8300352692604065
v5_float,angle_minus20,test/organic/organic_0066.jpg,organic,organic,0.9724721312522888
v5_float,angle_minus20,test/organic/organic_0067.jpg,organic,organic,0.6751455068588257
v5_float,angle_minus20,test/organic/organic_0068.jpg,organic,organic,0.912638783454895
v5_float,angle_minus20,test/organic/organic_0069.jpg,organic,organic,0.8715770244598389
v5_float,angle_minus20,test/organic/organic_0070.jpg,organic,organic,0.4918561279773712
v5_float,angle_minus20,test/organic/organic_0071.jpg,organic,organic,0.9894434213638306
v5_float,angle_minus20,test/organic/organic_0072.jpg,organic,organic,0.9757415056228638
v5_float,angle_minus20,test/organic/organic_0073.jpg,organic,organic,0.9850012063980103
v5_float,angle_minus20,test/organic/organic_0074.jpg,organic,organic,0.9175775647163391
v5_float,angle_minus20,test/other/cardboard105.jpg,other,other,0.9173848032951355
v5_float,angle_minus20,test/other/cardboard115.jpg,other,other,0.8647264242172241
v5_float,angle_minus20,test/other/cardboard121.jpg,other,other,0.5046424269676208
v5_float,angle_minus20,test/other/cardboard125.jpg,other,other,0.6660266518592834
v5_float,angle_minus20,test/other/cardboard128.jpg,other,other,0.4632236957550049
v5_float,angle_minus20,test/other/cardboard160.jpg,other,other,0.8580271601676941
v5_float,angle_minus20,test/other/cardboard162.jpg,other,plastic,0.6321157813072205
v5_float,angle_minus20,test/other/cardboard175.jpg,other,other,0.5696108937263489
v5_float,angle_minus20,test/other/cardboard18.jpg,other,other,0.8535100817680359
v5_float,angle_minus20,test/other/cardboard184.jpg,other,other,0.7471929788589478
v5_float,angle_minus20,test/other/cardboard19.jpg,other,other,0.9025450348854065
v5_float,angle_minus20,test/other/cardboard190.jpg,other,paper,0.6245924830436707
v5_float,angle_minus20,test/other/cardboard2.jpg,other,plastic,0.398634135723114
v5_float,angle_minus20,test/other/cardboard208.jpg,other,other,0.8126456141471863
v5_float,angle_minus20,test/other/cardboard210.jpg,other,other,0.935366690158844
v5_float,angle_minus20,test/other/cardboard213.jpg,other,other,0.793726921081543
v5_float,angle_minus20,test/other/cardboard214.jpg,other,other,0.7597767114639282
v5_float,angle_minus20,test/other/cardboard216.jpg,other,other,0.564761757850647
v5_float,angle_minus20,test/other/cardboard218.jpg,other,other,0.5371841788291931
v5_float,angle_minus20,test/other/cardboard222.jpg,other,other,0.9706741571426392
v5_float,angle_minus20,test/other/cardboard231.jpg,other,other,0.9176703095436096
v5_float,angle_minus20,test/other/cardboard239.jpg,other,organic,0.7077643275260925
v5_float,angle_minus20,test/other/cardboard248.jpg,other,other,0.3758736252784729
v5_float,angle_minus20,test/other/cardboard252.jpg,other,other,0.8114864230155945
v5_float,angle_minus20,test/other/cardboard259.jpg,other,other,0.964301586151123
v5_float,angle_minus20,test/other/cardboard260.jpg,other,other,0.7541659474372864
v5_float,angle_minus20,test/other/cardboard261.jpg,other,other,0.8757730722427368
v5_float,angle_minus20,test/other/cardboard266.jpg,other,organic,0.6522926688194275
v5_float,angle_minus20,test/other/cardboard274.jpg,other,paper,0.33499231934547424
v5_float,angle_minus20,test/other/cardboard276.jpg,other,plastic,0.35356155037879944
v5_float,angle_minus20,test/other/cardboard286.jpg,other,paper,0.5491935610771179
v5_float,angle_minus20,test/other/cardboard289.jpg,other,other,0.8772019147872925
v5_float,angle_minus20,test/other/cardboard290.jpg,other,other,0.5299933552742004
v5_float,angle_minus20,test/other/cardboard293.jpg,other,other,0.9408754110336304
v5_float,angle_minus20,test/other/cardboard299.jpg,other,other,0.8906337022781372
v5_float,angle_minus20,test/other/cardboard304.jpg,other,other,0.9052883982658386
v5_float,angle_minus20,test/other/cardboard308.jpg,other,other,0.6763134598731995
v5_float,angle_minus20,test/other/cardboard31.jpg,other,other,0.9246405363082886
v5_float,angle_minus20,test/other/cardboard310.jpg,other,other,0.9614897966384888
v5_float,angle_minus20,test/other/cardboard312.jpg,other,other,0.9286677837371826
v5_float,angle_minus20,test/other/cardboard313.jpg,other,other,0.9741379618644714
v5_float,angle_minus20,test/other/cardboard314.jpg,other,other,0.9476079940795898
v5_float,angle_minus20,test/other/cardboard321.jpg,other,other,0.7672817707061768
v5_float,angle_minus20,test/other/cardboard323.jpg,other,other,0.811888575553894
v5_float,angle_minus20,test/other/cardboard332.jpg,other,other,0.9225339889526367
v5_float,angle_minus20,test/other/cardboard334.jpg,other,other,0.8832160830497742
v5_float,angle_minus20,test/other/cardboard34.jpg,other,other,0.9122324585914612
v5_float,angle_minus20,test/other/cardboard356.jpg,other,other,0.8391476273536682
v5_float,angle_minus20,test/other/cardboard363.jpg,other,other,0.690944492816925
v5_float,angle_minus20,test/other/cardboard372.jpg,other,other,0.7956415414810181
v5_float,angle_minus20,test/other/cardboard383.jpg,other,other,0.4465654194355011
v5_float,angle_minus20,test/other/cardboard384.jpg,other,organic,0.41967204213142395
v5_float,angle_minus20,test/other/cardboard387.jpg,other,plastic,0.6411668658256531
v5_float,angle_minus20,test/other/cardboard388.jpg,other,other,0.8718823790550232
v5_float,angle_minus20,test/other/cardboard397.jpg,other,other,0.9283760190010071
v5_float,angle_minus20,test/other/cardboard40.jpg,other,other,0.9482192993164062
v5_float,angle_minus20,test/other/cardboard401.jpg,other,other,0.9671612977981567
v5_float,angle_minus20,test/other/cardboard44.jpg,other,other,0.8962711095809937
v5_float,angle_minus20,test/other/cardboard51.jpg,other,other,0.969972550868988
v5_float,angle_minus20,test/other/cardboard57.jpg,other,other,0.936532199382782
v5_float,angle_minus20,test/other/cardboard63.jpg,other,plastic,0.7192715406417847
v5_float,angle_minus20,test/other/cardboard69.jpg,other,paper,0.5154577493667603
v5_float,angle_minus20,test/other/cardboard71.jpg,other,other,0.8945934176445007
v5_float,angle_minus20,test/other/cardboard73.jpg,other,other,0.58445805311203
v5_float,angle_minus20,test/other/cardboard8.jpg,other,other,0.8886451721191406
v5_float,angle_minus20,test/other/cardboard88.jpg,other,other,0.8895944356918335
v5_float,angle_minus20,test/other/cardboard89.jpg,other,other,0.8831465244293213
v5_float,angle_minus20,test/other/cardboard9.jpg,other,other,0.9501675963401794
v5_float,angle_minus20,test/other/cardboard92.jpg,other,other,0.8860483765602112
v5_float,angle_minus20,test/other/cardboard98.jpg,other,other,0.8831607699394226
v5_float,angle_minus20,test/other/metal112.jpg,other,other,0.4688344895839691
v5_float,angle_minus20,test/other/metal114.jpg,other,paper,0.40603986382484436
v5_float,angle_minus20,test/other/metal119.jpg,other,other,0.5362725853919983
v5_float,angle_minus20,test/other/metal12.jpg,other,other,0.40615394711494446
v5_float,angle_minus20,test/other/metal13.jpg,other,plastic,0.5518593788146973
v5_float,angle_minus20,test/other/metal133.jpg,other,other,0.6779708862304688
v5_float,angle_minus20,test/other/metal134.jpg,other,other,0.5029593706130981
v5_float,angle_minus20,test/other/metal139.jpg,other,other,0.521926760673523
v5_float,angle_minus20,test/other/metal143.jpg,other,paper,0.4079636335372925
v5_float,angle_minus20,test/other/metal146.jpg,other,other,0.7814006805419922
v5_float,angle_minus20,test/other/metal157.jpg,other,plastic,0.3524262011051178
v5_float,angle_minus20,test/other/metal159.jpg,other,plastic,0.4141704738140106
v5_float,angle_minus20,test/other/metal161.jpg,other,plastic,0.7530275583267212
v5_float,angle_minus20,test/other/metal170.jpg,other,paper,0.608927309513092
v5_float,angle_minus20,test/other/metal172.jpg,other,paper,0.7378080487251282
v5_float,angle_minus20,test/other/metal175.jpg,other,paper,0.5012155771255493
v5_float,angle_minus20,test/other/metal18.jpg,other,plastic,0.7186878323554993
v5_float,angle_minus20,test/other/metal186.jpg,other,plastic,0.5550422072410583
v5_float,angle_minus20,test/other/metal187.jpg,other,other,0.42643094062805176
v5_float,angle_minus20,test/other/metal188.jpg,other,organic,0.3345903754234314
v5_float,angle_minus20,test/other/metal192.jpg,other,paper,0.4256177842617035
v5_float,angle_minus20,test/other/metal198.jpg,other,other,0.5336440801620483
v5_float,angle_minus20,test/other/metal201.jpg,other,plastic,0.5328018665313721
v5_float,angle_minus20,test/other/metal205.jpg,other,paper,0.3872031569480896
v5_float,angle_minus20,test/other/metal209.jpg,other,other,0.3889758586883545
v5_float,angle_minus20,test/other/metal217.jpg,other,other,0.44678542017936707
v5_float,angle_minus20,test/other/metal239.jpg,other,other,0.39371970295906067
v5_float,angle_minus20,test/other/metal24.jpg,other,other,0.3241040110588074
v5_float,angle_minus20,test/other/metal246.jpg,other,paper,0.40762579441070557
v5_float,angle_minus20,test/other/metal247.jpg,other,other,0.5114805698394775
v5_float,angle_minus20,test/other/metal248.jpg,other,plastic,0.6878306269645691
v5_float,angle_minus20,test/other/metal249.jpg,other,paper,0.44417518377304077
v5_float,angle_minus20,test/other/metal258.jpg,other,paper,0.5817152857780457
v5_float,angle_minus20,test/other/metal261.jpg,other,plastic,0.44230425357818604
v5_float,angle_minus20,test/other/metal263.jpg,other,other,0.6682422161102295
v5_float,angle_minus20,test/other/metal269.jpg,other,other,0.768701434135437
v5_float,angle_minus20,test/other/metal27.jpg,other,other,0.384419322013855
v5_float,angle_minus20,test/other/metal275.jpg,other,other,0.6267416477203369
v5_float,angle_minus20,test/other/metal292.jpg,other,plastic,0.647014319896698
v5_float,angle_minus20,test/other/metal296.jpg,other,paper,0.31630849838256836
v5_float,angle_minus20,test/other/metal317.jpg,other,other,0.5452890396118164
v5_float,angle_minus20,test/other/metal324.jpg,other,organic,0.741155743598938
v5_float,angle_minus20,test/other/metal325.jpg,other,other,0.5432068109512329
v5_float,angle_minus20,test/other/metal328.jpg,other,other,0.4728357791900635
v5_float,angle_minus20,test/other/metal33.jpg,other,other,0.5502265095710754
v5_float,angle_minus20,test/other/metal341.jpg,other,paper,0.4504668414592743
v5_float,angle_minus20,test/other/metal344.jpg,other,plastic,0.5233832597732544
v5_float,angle_minus20,test/other/metal350.jpg,other,other,0.516940176486969
v5_float,angle_minus20,test/other/metal355.jpg,other,other,0.7715852856636047
v5_float,angle_minus20,test/other/metal364.jpg,other,other,0.5932660698890686
v5_float,angle_minus20,test/other/metal370.jpg,other,plastic,0.49016934633255005
v5_float,angle_minus20,test/other/metal387.jpg,other,other,0.4461260139942169
v5_float,angle_minus20,test/other/metal389.jpg,other,other,0.5660341382026672
v5_float,angle_minus20,test/other/metal393.jpg,other,other,0.3772774934768677
v5_float,angle_minus20,test/other/metal394.jpg,other,organic,0.45160719752311707
v5_float,angle_minus20,test/other/metal395.jpg,other,paper,0.3897317945957184
v5_float,angle_minus20,test/other/metal403.jpg,other,other,0.8108494877815247
v5_float,angle_minus20,test/other/metal48.jpg,other,paper,0.4701034128665924
v5_float,angle_minus20,test/other/metal50.jpg,other,other,0.43859627842903137
v5_float,angle_minus20,test/other/metal52.jpg,other,paper,0.3928532898426056
v5_float,angle_minus20,test/other/metal62.jpg,other,organic,0.33496931195259094
v5_float,angle_minus20,test/other/metal65.jpg,other,organic,0.5709003806114197
v5_float,angle_minus20,test/other/metal68.jpg,other,other,0.5979651808738708
v5_float,angle_minus20,test/other/metal77.jpg,other,paper,0.42622116208076477
v5_float,angle_minus20,test/other/metal80.jpg,other,other,0.44858378171920776
v5_float,angle_minus20,test/other/metal84.jpg,other,other,0.43938103318214417
v5_float,angle_minus20,test/other/metal87.jpg,other,other,0.3825221359729767
v5_float,angle_minus20,test/other/metal99.jpg,other,other,0.6620873212814331
v5_float,shadow_rgb565,test/paper/paper104.jpg,paper,paper,0.4886697828769684
v5_float,shadow_rgb565,test/paper/paper112.jpg,paper,paper,0.39587467908859253
v5_float,shadow_rgb565,test/paper/paper113.jpg,paper,paper,0.5491673946380615
v5_float,shadow_rgb565,test/paper/paper114.jpg,paper,paper,0.6293181777000427
v5_float,shadow_rgb565,test/paper/paper12.jpg,paper,paper,0.4453558623790741
v5_float,shadow_rgb565,test/paper/paper120.jpg,paper,plastic,0.557654857635498
v5_float,shadow_rgb565,test/paper/paper124.jpg,paper,plastic,0.7128728628158569
v5_float,shadow_rgb565,test/paper/paper125.jpg,paper,other,0.40461549162864685
v5_float,shadow_rgb565,test/paper/paper129.jpg,paper,paper,0.4866345226764679
v5_float,shadow_rgb565,test/paper/paper13.jpg,paper,plastic,0.7063788175582886
v5_float,shadow_rgb565,test/paper/paper137.jpg,paper,plastic,0.6597821116447449
v5_float,shadow_rgb565,test/paper/paper143.jpg,paper,plastic,0.630171000957489
v5_float,shadow_rgb565,test/paper/paper149.jpg,paper,plastic,0.6154953241348267
v5_float,shadow_rgb565,test/paper/paper161.jpg,paper,paper,0.409320592880249
v5_float,shadow_rgb565,test/paper/paper167.jpg,paper,paper,0.5472378730773926
v5_float,shadow_rgb565,test/paper/paper169.jpg,paper,plastic,0.6475855112075806
v5_float,shadow_rgb565,test/paper/paper186.jpg,paper,plastic,0.5023816227912903
v5_float,shadow_rgb565,test/paper/paper188.jpg,paper,paper,0.7136082649230957
v5_float,shadow_rgb565,test/paper/paper208.jpg,paper,paper,0.3749516010284424
v5_float,shadow_rgb565,test/paper/paper209.jpg,paper,organic,0.5190628170967102
v5_float,shadow_rgb565,test/paper/paper218.jpg,paper,other,0.4675399959087372
v5_float,shadow_rgb565,test/paper/paper219.jpg,paper,plastic,0.5555183291435242
v5_float,shadow_rgb565,test/paper/paper220.jpg,paper,plastic,0.5274758338928223
v5_float,shadow_rgb565,test/paper/paper225.jpg,paper,plastic,0.5375162959098816
v5_float,shadow_rgb565,test/paper/paper230.jpg,paper,paper,0.49203580617904663
v5_float,shadow_rgb565,test/paper/paper235.jpg,paper,other,0.419442355632782
v5_float,shadow_rgb565,test/paper/paper266.jpg,paper,paper,0.519076406955719
v5_float,shadow_rgb565,test/paper/paper269.jpg,paper,paper,0.3754197955131531
v5_float,shadow_rgb565,test/paper/paper271.jpg,paper,plastic,0.5874130725860596
v5_float,shadow_rgb565,test/paper/paper273.jpg,paper,plastic,0.5923786163330078
v5_float,shadow_rgb565,test/paper/paper276.jpg,paper,plastic,0.4604145586490631
v5_float,shadow_rgb565,test/paper/paper279.jpg,paper,plastic,0.5782908201217651
v5_float,shadow_rgb565,test/paper/paper282.jpg,paper,plastic,0.620756983757019
v5_float,shadow_rgb565,test/paper/paper286.jpg,paper,paper,0.3889944851398468
v5_float,shadow_rgb565,test/paper/paper289.jpg,paper,paper,0.6360114216804504
v5_float,shadow_rgb565,test/paper/paper294.jpg,paper,paper,0.5302733778953552
v5_float,shadow_rgb565,test/paper/paper3.jpg,paper,plastic,0.3895670771598816
v5_float,shadow_rgb565,test/paper/paper301.jpg,paper,other,0.49062395095825195
v5_float,shadow_rgb565,test/paper/paper303.jpg,paper,plastic,0.6977199912071228
v5_float,shadow_rgb565,test/paper/paper311.jpg,paper,organic,0.6447988152503967
v5_float,shadow_rgb565,test/paper/paper319.jpg,paper,paper,0.5142980217933655
v5_float,shadow_rgb565,test/paper/paper32.jpg,paper,plastic,0.533704936504364
v5_float,shadow_rgb565,test/paper/paper346.jpg,paper,plastic,0.4762668013572693
v5_float,shadow_rgb565,test/paper/paper348.jpg,paper,plastic,0.5096403360366821
v5_float,shadow_rgb565,test/paper/paper350.jpg,paper,paper,0.45379969477653503
v5_float,shadow_rgb565,test/paper/paper354.jpg,paper,plastic,0.6019795536994934
v5_float,shadow_rgb565,test/paper/paper356.jpg,paper,paper,0.6138129234313965
v5_float,shadow_rgb565,test/paper/paper357.jpg,paper,plastic,0.6030028462409973
v5_float,shadow_rgb565,test/paper/paper361.jpg,paper,plastic,0.7093194127082825
v5_float,shadow_rgb565,test/paper/paper362.jpg,paper,other,0.3986281752586365
v5_float,shadow_rgb565,test/paper/paper368.jpg,paper,plastic,0.6037003397941589
v5_float,shadow_rgb565,test/paper/paper373.jpg,paper,plastic,0.6349679827690125
v5_float,shadow_rgb565,test/paper/paper380.jpg,paper,paper,0.34842798113822937
v5_float,shadow_rgb565,test/paper/paper381.jpg,paper,other,0.37667182087898254
v5_float,shadow_rgb565,test/paper/paper385.jpg,paper,plastic,0.6350539922714233
v5_float,shadow_rgb565,test/paper/paper392.jpg,paper,paper,0.5475761294364929
v5_float,shadow_rgb565,test/paper/paper396.jpg,paper,plastic,0.5030118823051453
v5_float,shadow_rgb565,test/paper/paper404.jpg,paper,plastic,0.6158092021942139
v5_float,shadow_rgb565,test/paper/paper405.jpg,paper,paper,0.43984413146972656
v5_float,shadow_rgb565,test/paper/paper416.jpg,paper,plastic,0.6663490533828735
v5_float,shadow_rgb565,test/paper/paper417.jpg,paper,plastic,0.4976831078529358
v5_float,shadow_rgb565,test/paper/paper422.jpg,paper,paper,0.38955017924308777
v5_float,shadow_rgb565,test/paper/paper434.jpg,paper,paper,0.497456431388855
v5_float,shadow_rgb565,test/paper/paper444.jpg,paper,plastic,0.6558813452720642
v5_float,shadow_rgb565,test/paper/paper450.jpg,paper,paper,0.5845463275909424
v5_float,shadow_rgb565,test/paper/paper457.jpg,paper,paper,0.3816029727458954
v5_float,shadow_rgb565,test/paper/paper460.jpg,paper,paper,0.4238256514072418
v5_float,shadow_rgb565,test/paper/paper461.jpg,paper,plastic,0.587725043296814
v5_float,shadow_rgb565,test/paper/paper462.jpg,paper,other,0.407770037651062
v5_float,shadow_rgb565,test/paper/paper465.jpg,paper,plastic,0.40812212228775024
v5_float,shadow_rgb565,test/paper/paper474.jpg,paper,other,0.3484882414340973
v5_float,shadow_rgb565,test/paper/paper48.jpg,paper,other,0.4126061499118805
v5_float,shadow_rgb565,test/paper/paper495.jpg,paper,plastic,0.6840105056762695
v5_float,shadow_rgb565,test/paper/paper500.jpg,paper,plastic,0.6366013288497925
v5_float,shadow_rgb565,test/paper/paper502.jpg,paper,paper,0.5111921429634094
v5_float,shadow_rgb565,test/paper/paper503.jpg,paper,plastic,0.5888879299163818
v5_float,shadow_rgb565,test/paper/paper505.jpg,paper,plastic,0.6223778128623962
v5_float,shadow_rgb565,test/paper/paper508.jpg,paper,plastic,0.536812961101532
v5_float,shadow_rgb565,test/paper/paper515.jpg,paper,plastic,0.6795355677604675
v5_float,shadow_rgb565,test/paper/paper525.jpg,paper,plastic,0.558904230594635
v5_float,shadow_rgb565,test/paper/paper527.jpg,paper,other,0.49324408173561096
v5_float,shadow_rgb565,test/paper/paper53.jpg,paper,paper,0.40793508291244507
v5_float,shadow_rgb565,test/paper/paper534.jpg,paper,paper,0.4418981969356537
v5_float,shadow_rgb565,test/paper/paper537.jpg,paper,other,0.37084609270095825
v5_float,shadow_rgb565,test/paper/paper541.jpg,paper,other,0.4482606053352356
v5_float,shadow_rgb565,test/paper/paper542.jpg,paper,paper,0.5183830857276917
v5_float,shadow_rgb565,test/paper/paper543.jpg,paper,paper,0.5324337482452393
v5_float,shadow_rgb565,test/paper/paper547.jpg,paper,other,0.4379030764102936
v5_float,shadow_rgb565,test/paper/paper548.jpg,paper,plastic,0.3842501938343048
v5_float,shadow_rgb565,test/paper/paper55.jpg,paper,paper,0.6703423857688904
v5_float,shadow_rgb565,test/paper/paper557.jpg,paper,plastic,0.5432925224304199
v5_float,shadow_rgb565,test/paper/paper558.jpg,paper,paper,0.3501923680305481
v5_float,shadow_rgb565,test/paper/paper563.jpg,paper,other,0.4577656090259552
v5_float,shadow_rgb565,test/paper/paper569.jpg,paper,paper,0.5787119269371033
v5_float,shadow_rgb565,test/paper/paper570.jpg,paper,other,0.34537920355796814
v5_float,shadow_rgb565,test/paper/paper576.jpg,paper,plastic,0.6634824275970459
v5_float,shadow_rgb565,test/paper/paper58.jpg,paper,paper,0.4937196671962738
v5_float,shadow_rgb565,test/paper/paper586.jpg,paper,other,0.3842785358428955
v5_float,shadow_rgb565,test/paper/paper593.jpg,paper,plastic,0.5850927233695984
v5_float,shadow_rgb565,test/paper/paper6.jpg,paper,plastic,0.610236644744873
v5_float,shadow_rgb565,test/paper/paper68.jpg,paper,other,0.3262413740158081
v5_float,shadow_rgb565,test/paper/paper69.jpg,paper,paper,0.389064222574234
v5_float,shadow_rgb565,test/paper/paper7.jpg,paper,paper,0.7681384682655334
v5_float,shadow_rgb565,test/paper/paper70.jpg,paper,plastic,0.5491796135902405
v5_float,shadow_rgb565,test/paper/paper77.jpg,paper,paper,0.5146910548210144
v5_float,shadow_rgb565,test/paper/paper86.jpg,paper,organic,0.515209436416626
v5_float,shadow_rgb565,test/paper/paper94.jpg,paper,plastic,0.5294435620307922
v5_float,shadow_rgb565,test/paper/paper97.jpg,paper,paper,0.46352124214172363
v5_float,shadow_rgb565,test/plastic/plastic103.jpg,plastic,plastic,0.6456243395805359
v5_float,shadow_rgb565,test/plastic/plastic114.jpg,plastic,plastic,0.4689156413078308
v5_float,shadow_rgb565,test/plastic/plastic122.jpg,plastic,plastic,0.8510093688964844
v5_float,shadow_rgb565,test/plastic/plastic125.jpg,plastic,paper,0.3251652717590332
v5_float,shadow_rgb565,test/plastic/plastic126.jpg,plastic,plastic,0.47605061531066895
v5_float,shadow_rgb565,test/plastic/plastic132.jpg,plastic,other,0.4026821255683899
v5_float,shadow_rgb565,test/plastic/plastic138.jpg,plastic,plastic,0.5194749236106873
v5_float,shadow_rgb565,test/plastic/plastic145.jpg,plastic,plastic,0.5444138050079346
v5_float,shadow_rgb565,test/plastic/plastic146.jpg,plastic,plastic,0.572717010974884
v5_float,shadow_rgb565,test/plastic/plastic152.jpg,plastic,plastic,0.4889846444129944
v5_float,shadow_rgb565,test/plastic/plastic156.jpg,plastic,plastic,0.5938482880592346
v5_float,shadow_rgb565,test/plastic/plastic159.jpg,plastic,plastic,0.5671865940093994
v5_float,shadow_rgb565,test/plastic/plastic170.jpg,plastic,plastic,0.5194084644317627
v5_float,shadow_rgb565,test/plastic/plastic172.jpg,plastic,plastic,0.8158987760543823
v5_float,shadow_rgb565,test/plastic/plastic177.jpg,plastic,plastic,0.7037327885627747
v5_float,shadow_rgb565,test/plastic/plastic187.jpg,plastic,plastic,0.5366466641426086
v5_float,shadow_rgb565,test/plastic/plastic2.jpg,plastic,plastic,0.6646368503570557
v5_float,shadow_rgb565,test/plastic/plastic201.jpg,plastic,other,0.4740891754627228
v5_float,shadow_rgb565,test/plastic/plastic205.jpg,plastic,plastic,0.7681896090507507
v5_float,shadow_rgb565,test/plastic/plastic207.jpg,plastic,plastic,0.5609943270683289
v5_float,shadow_rgb565,test/plastic/plastic21.jpg,plastic,plastic,0.7171525955200195
v5_float,shadow_rgb565,test/plastic/plastic214.jpg,plastic,plastic,0.681915283203125
v5_float,shadow_rgb565,test/plastic/plastic217.jpg,plastic,plastic,0.8763359785079956
v5_float,shadow_rgb565,test/plastic/plastic226.jpg,plastic,plastic,0.6200774312019348
v5_float,shadow_rgb565,test/plastic/plastic227.jpg,plastic,plastic,0.7646716237068176
v5_float,shadow_rgb565,test/plastic/plastic242.jpg,plastic,plastic,0.7293956279754639
v5_float,shadow_rgb565,test/plastic/plastic251.jpg,plastic,plastic,0.7202093005180359
v5_float,shadow_rgb565,test/plastic/plastic252.jpg,plastic,plastic,0.7240904569625854
v5_float,shadow_rgb565,test/plastic/plastic253.jpg,plastic,plastic,0.7745115756988525
v5_float,shadow_rgb565,test/plastic/plastic260.jpg,plastic,plastic,0.7393107414245605
v5_float,shadow_rgb565,test/plastic/plastic264.jpg,plastic,other,0.5813131332397461
v5_float,shadow_rgb565,test/plastic/plastic265.jpg,plastic,plastic,0.8213924765586853
v5_float,shadow_rgb565,test/plastic/plastic268.jpg,plastic,other,0.40964511036872864
v5_float,shadow_rgb565,test/plastic/plastic270.jpg,plastic,plastic,0.7137414813041687
v5_float,shadow_rgb565,test/plastic/plastic285.jpg,plastic,other,0.5041823983192444
v5_float,shadow_rgb565,test/plastic/plastic305.jpg,plastic,plastic,0.5424433946609497
v5_float,shadow_rgb565,test/plastic/plastic306.jpg,plastic,plastic,0.8596767783164978
v5_float,shadow_rgb565,test/plastic/plastic312.jpg,plastic,other,0.4773559272289276
v5_float,shadow_rgb565,test/plastic/plastic314.jpg,plastic,plastic,0.5415008068084717
v5_float,shadow_rgb565,test/plastic/plastic315.jpg,plastic,plastic,0.5195509791374207
v5_float,shadow_rgb565,test/plastic/plastic317.jpg,plastic,plastic,0.8175209760665894
v5_float,shadow_rgb565,test/plastic/plastic32.jpg,plastic,plastic,0.8194575309753418
v5_float,shadow_rgb565,test/plastic/plastic328.jpg,plastic,plastic,0.5238677859306335
v5_float,shadow_rgb565,test/plastic/plastic348.jpg,plastic,plastic,0.6663113236427307
v5_float,shadow_rgb565,test/plastic/plastic349.jpg,plastic,plastic,0.8467728495597839
v5_float,shadow_rgb565,test/plastic/plastic372.jpg,plastic,plastic,0.740017294883728
v5_float,shadow_rgb565,test/plastic/plastic374.jpg,plastic,plastic,0.39757826924324036
v5_float,shadow_rgb565,test/plastic/plastic379.jpg,plastic,plastic,0.9115719795227051
v5_float,shadow_rgb565,test/plastic/plastic383.jpg,plastic,plastic,0.6392340064048767
v5_float,shadow_rgb565,test/plastic/plastic388.jpg,plastic,plastic,0.7954432964324951
v5_float,shadow_rgb565,test/plastic/plastic39.jpg,plastic,plastic,0.6675657629966736
v5_float,shadow_rgb565,test/plastic/plastic390.jpg,plastic,plastic,0.686176598072052
v5_float,shadow_rgb565,test/plastic/plastic398.jpg,plastic,plastic,0.864456295967102
v5_float,shadow_rgb565,test/plastic/plastic399.jpg,plastic,plastic,0.8647257685661316
v5_float,shadow_rgb565,test/plastic/plastic405.jpg,plastic,plastic,0.6458638906478882
v5_float,shadow_rgb565,test/plastic/plastic411.jpg,plastic,plastic,0.8313924074172974
v5_float,shadow_rgb565,test/plastic/plastic420.jpg,plastic,plastic,0.897569477558136
v5_float,shadow_rgb565,test/plastic/plastic423.jpg,plastic,plastic,0.8255692720413208
v5_float,shadow_rgb565,test/plastic/plastic426.jpg,plastic,plastic,0.8109963536262512
v5_float,shadow_rgb565,test/plastic/plastic434.jpg,plastic,plastic,0.7924168705940247
v5_float,shadow_rgb565,test/plastic/plastic438.jpg,plastic,plastic,0.6337745785713196
v5_float,shadow_rgb565,test/plastic/plastic465.jpg,plastic,paper,0.5224819779396057
v5_float,shadow_rgb565,test/plastic/plastic473.jpg,plastic,plastic,0.7899426817893982
v5_float,shadow_rgb565,test/plastic/plastic49.jpg,plastic,plastic,0.8574353456497192
v5_float,shadow_rgb565,test/plastic/plastic64.jpg,plastic,plastic,0.7296887040138245
v5_float,shadow_rgb565,test/plastic/plastic66.jpg,plastic,plastic,0.706457257270813
v5_float,shadow_rgb565,test/plastic/plastic67.jpg,plastic,plastic,0.7053161263465881
v5_float,shadow_rgb565,test/plastic/plastic79.jpg,plastic,other,0.6601185202598572
v5_float,shadow_rgb565,test/plastic/plastic80.jpg,plastic,plastic,0.770798921585083
v5_float,shadow_rgb565,test/plastic/plastic82.jpg,plastic,plastic,0.7517351508140564
v5_float,shadow_rgb565,test/plastic/plastic84.jpg,plastic,plastic,0.8010113835334778
v5_float,shadow_rgb565,test/plastic/plastic93.jpg,plastic,plastic,0.6128796339035034
v5_float,shadow_rgb565,test/plastic/plastic98.jpg,plastic,other,0.5228159427642822
v5_float,shadow_rgb565,test/plastic/plastic99.jpg,plastic,plastic,0.8372946381568909
v5_float,shadow_rgb565,test/organic/organic_0001.jpg,organic,organic,0.7614541053771973
v5_float,shadow_rgb565,test/organic/organic_0002.jpg,organic,organic,0.7859100103378296
v5_float,shadow_rgb565,test/organic/organic_0003.jpg,organic,organic,0.42952150106430054
v5_float,shadow_rgb565,test/organic/organic_0004.jpg,organic,paper,0.4601104259490967
v5_float,shadow_rgb565,test/organic/organic_0005.jpg,organic,paper,0.5248331427574158
v5_float,shadow_rgb565,test/organic/organic_0006.jpg,organic,organic,0.8961601853370667
v5_float,shadow_rgb565,test/organic/organic_0007.jpg,organic,organic,0.6083142757415771
v5_float,shadow_rgb565,test/organic/organic_0008.jpg,organic,organic,0.38499149680137634
v5_float,shadow_rgb565,test/organic/organic_0009.jpg,organic,organic,0.823414146900177
v5_float,shadow_rgb565,test/organic/organic_0010.jpg,organic,organic,0.7435675859451294
v5_float,shadow_rgb565,test/organic/organic_0011.jpg,organic,organic,0.9576084613800049
v5_float,shadow_rgb565,test/organic/organic_0012.jpg,organic,organic,0.9112387895584106
v5_float,shadow_rgb565,test/organic/organic_0013.jpg,organic,paper,0.5617429614067078
v5_float,shadow_rgb565,test/organic/organic_0014.jpg,organic,paper,0.5969523787498474
v5_float,shadow_rgb565,test/organic/organic_0015.jpg,organic,organic,0.9377782940864563
v5_float,shadow_rgb565,test/organic/organic_0016.jpg,organic,organic,0.5450049042701721
v5_float,shadow_rgb565,test/organic/organic_0017.jpg,organic,organic,0.7016821503639221
v5_float,shadow_rgb565,test/organic/organic_0018.jpg,organic,plastic,0.49134504795074463
v5_float,shadow_rgb565,test/organic/organic_0019.jpg,organic,paper,0.3877013921737671
v5_float,shadow_rgb565,test/organic/organic_0020.jpg,organic,paper,0.49858495593070984
v5_float,shadow_rgb565,test/organic/organic_0021.jpg,organic,organic,0.91256183385849
v5_float,shadow_rgb565,test/organic/organic_0022.jpg,organic,organic,0.44738301634788513
v5_float,shadow_rgb565,test/organic/organic_0023.jpg,organic,organic,0.6955360174179077
v5_float,shadow_rgb565,test/organic/organic_0024.jpg,organic,organic,0.7327585220336914
v5_float,shadow_rgb565,test/organic/organic_0025.jpg,organic,organic,0.91383957862854
v5_float,shadow_rgb565,test/organic/organic_0026.jpg,organic,other,0.8796464800834656
v5_float,shadow_rgb565,test/organic/organic_0027.jpg,organic,organic,0.7784080505371094
v5_float,shadow_rgb565,test/organic/organic_0028.jpg,organic,organic,0.7331020832061768
v5_float,shadow_rgb565,test/organic/organic_0029.jpg,organic,organic,0.6792547702789307
v5_float,shadow_rgb565,test/organic/organic_0030.jpg,organic,organic,0.7321914434432983
v5_float,shadow_rgb565,test/organic/organic_0031.jpg,organic,organic,0.7456473708152771
v5_float,shadow_rgb565,test/organic/organic_0032.jpg,organic,organic,0.7967325448989868
v5_float,shadow_rgb565,test/organic/organic_0033.jpg,organic,organic,0.8624997735023499
v5_float,shadow_rgb565,test/organic/organic_0034.jpg,organic,other,0.4966776371002197
v5_float,shadow_rgb565,test/organic/organic_0035.jpg,organic,other,0.8635886907577515
v5_float,shadow_rgb565,test/organic/organic_0036.jpg,organic,organic,0.4438314437866211
v5_float,shadow_rgb565,test/organic/organic_0037.jpg,organic,organic,0.6234849691390991
v5_float,shadow_rgb565,test/organic/organic_0038.jpg,organic,other,0.44343578815460205
v5_float,shadow_rgb565,test/organic/organic_0039.jpg,organic,organic,0.8945876359939575
v5_float,shadow_rgb565,test/organic/organic_0040.jpg,organic,organic,0.5978102087974548
v5_float,shadow_rgb565,test/organic/organic_0041.jpg,organic,organic,0.7486392855644226
v5_float,shadow_rgb565,test/organic/organic_0042.jpg,organic,organic,0.6849333047866821
v5_float,shadow_rgb565,test/organic/organic_0043.jpg,organic,paper,0.43280649185180664
v5_float,shadow_rgb565,test/organic/organic_0044.jpg,organic,other,0.7297780513763428
v5_float,shadow_rgb565,test/organic/organic_0045.jpg,organic,organic,0.701844334602356
v5_float,shadow_rgb565,test/organic/organic_0046.jpg,organic,paper,0.511063277721405
v5_float,shadow_rgb565,test/organic/organic_0047.jpg,organic,organic,0.9181634783744812
v5_float,shadow_rgb565,test/organic/organic_0048.jpg,organic,paper,0.3184577524662018
v5_float,shadow_rgb565,test/organic/organic_0049.jpg,organic,organic,0.8950353860855103
v5_float,shadow_rgb565,test/organic/organic_0050.jpg,organic,organic,0.6663936972618103
v5_float,shadow_rgb565,test/organic/organic_0051.jpg,organic,paper,0.4376560151576996
v5_float,shadow_rgb565,test/organic/organic_0052.jpg,organic,organic,0.8099275827407837
v5_float,shadow_rgb565,test/organic/organic_0053.jpg,organic,organic,0.5531842708587646
v5_float,shadow_rgb565,test/organic/organic_0054.jpg,organic,paper,0.5017157793045044
v5_float,shadow_rgb565,test/organic/organic_0055.jpg,organic,organic,0.6100743412971497
v5_float,shadow_rgb565,test/organic/organic_0056.jpg,organic,paper,0.4316663146018982
v5_float,shadow_rgb565,test/organic/organic_0057.jpg,organic,organic,0.8092945218086243
v5_float,shadow_rgb565,test/organic/organic_0058.jpg,organic,organic,0.8903933763504028
v5_float,shadow_rgb565,test/organic/organic_0059.jpg,organic,other,0.5176193118095398
v5_float,shadow_rgb565,test/organic/organic_0060.jpg,organic,organic,0.5331968665122986
v5_float,shadow_rgb565,test/organic/organic_0061.jpg,organic,paper,0.4498569667339325
v5_float,shadow_rgb565,test/organic/organic_0062.jpg,organic,other,0.49821439385414124
v5_float,shadow_rgb565,test/organic/organic_0063.jpg,organic,organic,0.4824466109275818
v5_float,shadow_rgb565,test/organic/organic_0064.jpg,organic,other,0.45770642161369324
v5_float,shadow_rgb565,test/organic/organic_0065.jpg,organic,other,0.6944613456726074
v5_float,shadow_rgb565,test/organic/organic_0066.jpg,organic,organic,0.8547401428222656
v5_float,shadow_rgb565,test/organic/organic_0067.jpg,organic,plastic,0.520352303981781
v5_float,shadow_rgb565,test/organic/organic_0068.jpg,organic,organic,0.44869548082351685
v5_float,shadow_rgb565,test/organic/organic_0069.jpg,organic,organic,0.8273415565490723
v5_float,shadow_rgb565,test/organic/organic_0070.jpg,organic,plastic,0.524351179599762
v5_float,shadow_rgb565,test/organic/organic_0071.jpg,organic,organic,0.9325779676437378
v5_float,shadow_rgb565,test/organic/organic_0072.jpg,organic,organic,0.9560374617576599
v5_float,shadow_rgb565,test/organic/organic_0073.jpg,organic,organic,0.9065135717391968
v5_float,shadow_rgb565,test/organic/organic_0074.jpg,organic,organic,0.8317634463310242
v5_float,shadow_rgb565,test/other/cardboard105.jpg,other,other,0.8158725500106812
v5_float,shadow_rgb565,test/other/cardboard115.jpg,other,other,0.8171226382255554
v5_float,shadow_rgb565,test/other/cardboard121.jpg,other,other,0.5182543992996216
v5_float,shadow_rgb565,test/other/cardboard125.jpg,other,other,0.6667623519897461
v5_float,shadow_rgb565,test/other/cardboard128.jpg,other,other,0.5076992511749268
v5_float,shadow_rgb565,test/other/cardboard160.jpg,other,other,0.7708393335342407
v5_float,shadow_rgb565,test/other/cardboard162.jpg,other,plastic,0.5038307309150696
v5_float,shadow_rgb565,test/other/cardboard175.jpg,other,other,0.5741453170776367
v5_float,shadow_rgb565,test/other/cardboard18.jpg,other,other,0.6183639764785767
v5_float,shadow_rgb565,test/other/cardboard184.jpg,other,other,0.748038649559021
v5_float,shadow_rgb565,test/other/cardboard19.jpg,other,other,0.7903982400894165
v5_float,shadow_rgb565,test/other/cardboard190.jpg,other,paper,0.5757407546043396
v5_float,shadow_rgb565,test/other/cardboard2.jpg,other,plastic,0.6693278551101685
v5_float,shadow_rgb565,test/other/cardboard208.jpg,other,other,0.8515992164611816
v5_float,shadow_rgb565,test/other/cardboard210.jpg,other,other,0.825331449508667
v5_float,shadow_rgb565,test/other/cardboard213.jpg,other,other,0.8213090300559998
v5_float,shadow_rgb565,test/other/cardboard214.jpg,other,other,0.6777802109718323
v5_float,shadow_rgb565,test/other/cardboard216.jpg,other,plastic,0.590742826461792
v5_float,shadow_rgb565,test/other/cardboard218.jpg,other,plastic,0.5762150883674622
v5_float,shadow_rgb565,test/other/cardboard222.jpg,other,other,0.8325166702270508
v5_float,shadow_rgb565,test/other/cardboard231.jpg,other,other,0.8133368492126465
v5_float,shadow_rgb565,test/other/cardboard239.jpg,other,other,0.3985097110271454
v5_float,shadow_rgb565,test/other/cardboard248.jpg,other,plastic,0.3943301737308502
v5_float,shadow_rgb565,test/other/cardboard252.jpg,other,other,0.6032708287239075
v5_float,shadow_rgb565,test/other/cardboard259.jpg,other,other,0.8625192642211914
v5_float,shadow_rgb565,test/other/cardboard260.jpg,other,other,0.6204540133476257
v5_float,shadow_rgb565,test/other/cardboard261.jpg,other,other,0.6964043974876404
v5_float,shadow_rgb565,test/other/cardboard266.jpg,other,organic,0.3507689833641052
v5_float,shadow_rgb565,test/other/cardboard274.jpg,other,plastic,0.5297253727912903
v5_float,shadow_rgb565,test/other/cardboard276.jpg,other,other,0.3562888205051422
v5_float,shadow_rgb565,test/other/cardboard286.jpg,other,paper,0.4643636643886566
v5_float,shadow_rgb565,test/other/cardboard289.jpg,other,other,0.742108941078186
v5_float,shadow_rgb565,test/other/cardboard290.jpg,other,other,0.619888424873352
v5_float,shadow_rgb565,test/other/cardboard293.jpg,other,other,0.8222772479057312
v5_float,shadow_rgb565,test/other/cardboard299.jpg,other,other,0.737749457359314
v5_float,shadow_rgb565,test/other/cardboard304.jpg,other,other,0.735717236995697
v5_float,shadow_rgb565,test/other/cardboard308.jpg,other,other,0.49327725172042847
v5_float,shadow_rgb565,test/other/cardboard31.jpg,other,other,0.8992159962654114
v5_float,shadow_rgb565,test/other/cardboard310.jpg,other,other,0.8884674906730652
v5_float,shadow_rgb565,test/other/cardboard312.jpg,other,other,0.7277058959007263
v5_float,shadow_rgb565,test/other/cardboard313.jpg,other,other,0.894028902053833
v5_float,shadow_rgb565,test/other/cardboard314.jpg,other,other,0.8841383457183838
v5_float,shadow_rgb565,test/other/cardboard321.jpg,other,other,0.5054467916488647
v5_float,shadow_rgb565,test/other/cardboard323.jpg,other,other,0.7171642184257507
v5_float,shadow_rgb565,test/other/cardboard332.jpg,other,other,0.8393768668174744
v5_float,shadow_rgb565,test/other/cardboard334.jpg,other,other,0.8142363429069519
v5_float,shadow_rgb565,test/other/cardboard34.jpg,other,other,0.7678763270378113
v5_float,shadow_rgb565,test/other/cardboard356.jpg,other,other,0.59095698595047
v5_float,shadow_rgb565,test/other/cardboard363.jpg,other,other,0.5953129529953003
v5_float,shadow_rgb565,test/other/cardboard372.jpg,other,other,0.6809881329536438
v5_float,shadow_rgb565,test/other/cardboard383.jpg,other,plastic,0.5945291519165039
v5_float,shadow_rgb565,test/other/cardboard384.jpg,other,other,0.42225325107574463
v5_float,shadow_rgb565,test/other/cardboard387.jpg,other,plastic,0.7410640716552734
v5_float,shadow_rgb565,test/other/cardboard388.jpg,other,other,0.8364344835281372
v5_float,shadow_rgb565,test/other/cardboard397.jpg,other,other,0.877036452293396
v5_float,shadow_rgb565,test/other/cardboard40.jpg,other,other,0.7547211647033691
v5_float,shadow_rgb565,test/other/cardboard401.jpg,other,other,0.906863808631897
v5_float,shadow_rgb565,test/other/cardboard44.jpg,other,other,0.8229831457138062
v5_float,shadow_rgb565,test/other/cardboard51.jpg,other,other,0.8991644382476807
v5_float,shadow_rgb565,test/other/cardboard57.jpg,other,other,0.7945945262908936
v5_float,shadow_rgb565,test/other/cardboard63.jpg,other,plastic,0.6610996127128601
v5_float,shadow_rgb565,test/other/cardboard69.jpg,other,plastic,0.4352355897426605
v5_float,shadow_rgb565,test/other/cardboard71.jpg,other,other,0.8603716492652893
v5_float,shadow_rgb565,test/other/cardboard73.jpg,other,other,0.574053943157196
v5_float,shadow_rgb565,test/other/cardboard8.jpg,other,other,0.8840599656105042
v5_float,shadow_rgb565,test/other/cardboard88.jpg,other,other,0.6371646523475647
v5_float,shadow_rgb565,test/other/cardboard89.jpg,other,other,0.7370145916938782
v5_float,shadow_rgb565,test/other/cardboard9.jpg,other,other,0.9234816431999207
v5_float,shadow_rgb565,test/other/cardboard92.jpg,other,other,0.712324321269989
v5_float,shadow_rgb565,test/other/cardboard98.jpg,other,other,0.6402856707572937
v5_float,shadow_rgb565,test/other/metal112.jpg,other,other,0.48372969031333923
v5_float,shadow_rgb565,test/other/metal114.jpg,other,paper,0.43889108300209045
v5_float,shadow_rgb565,test/other/metal119.jpg,other,other,0.4547698497772217
v5_float,shadow_rgb565,test/other/metal12.jpg,other,plastic,0.6046050190925598
v5_float,shadow_rgb565,test/other/metal13.jpg,other,plastic,0.6078795790672302
v5_float,shadow_rgb565,test/other/metal133.jpg,other,other,0.603094756603241
v5_float,shadow_rgb565,test/other/metal134.jpg,other,plastic,0.5144361257553101
v5_float,shadow_rgb565,test/other/metal139.jpg,other,plastic,0.6681943535804749
v5_float,shadow_rgb565,test/other/metal143.jpg,other,paper,0.3541945815086365
v5_float,shadow_rgb565,test/other/metal146.jpg,other,other,0.686608076095581
v5_float,shadow_rgb565,test/other/metal157.jpg,other,plastic,0.4144333302974701
v5_float,shadow_rgb565,test/other/metal159.jpg,other,plastic,0.49498969316482544
v5_float,shadow_rgb565,test/other/metal161.jpg,other,plastic,0.5696899890899658
v5_float,shadow_rgb565,test/other/metal170.jpg,other,plastic,0.48995718359947205
v5_float,shadow_rgb565,test/other/metal172.jpg,other,plastic,0.4325680434703827
v5_float,shadow_rgb565,test/other/metal175.jpg,other,plastic,0.6500324606895447
v5_float,shadow_rgb565,test/other/metal18.jpg,other,plastic,0.7616668939590454
v5_float,shadow_rgb565,test/other/metal186.jpg,other,plastic,0.613580584526062
v5_float,shadow_rgb565,test/other/metal187.jpg,other,plastic,0.39370113611221313
v5_float,shadow_rgb565,test/other/metal188.jpg,other,plastic,0.47066178917884827
v5_float,shadow_rgb565,test/other/metal192.jpg,other,other,0.44660070538520813
v5_float,shadow_rgb565,test/other/metal198.jpg,other,other,0.4807591140270233
v5_float,shadow_rgb565,test/other/metal201.jpg,other,other,0.3927859365940094
v5_float,shadow_rgb565,test/other/metal205.jpg,other,plastic,0.43040910363197327
v5_float,shadow_rgb565,test/other/metal209.jpg,other,paper,0.4561954736709595
v5_float,shadow_rgb565,test/other/metal217.jpg,other,other,0.418397456407547
v5_float,shadow_rgb565,test/other/metal239.jpg,other,other,0.4302535653114319
v5_float,shadow_rgb565,test/other/metal24.jpg,other,other,0.46274852752685547
v5_float,shadow_rgb565,test/other/metal246.jpg,other,paper,0.43216028809547424
v5_float,shadow_rgb565,test/other/metal247.jpg,other,plastic,0.42041265964508057
v5_float,shadow_rgb565,test/other/metal248.jpg,other,plastic,0.7890926599502563
v5_float,shadow_rgb565,test/other/metal249.jpg,other,paper,0.5170561075210571
v5_float,shadow_rgb565,test/other/metal258.jpg,other,paper,0.44973617792129517
v5_float,shadow_rgb565,test/other/metal261.jpg,other,other,0.4945064187049866
v5_float,shadow_rgb565,test/other/metal263.jpg,other,other,0.5427078604698181
v5_float,shadow_rgb565,test/other/metal269.jpg,other,other,0.5602195858955383
v5_float,shadow_rgb565,test/other/metal27.jpg,other,other,0.37749651074409485
v5_float,shadow_rgb565,test/other/metal275.jpg,other,plastic,0.4719483256340027
v5_float,shadow_rgb565,test/other/metal292.jpg,other,plastic,0.48562008142471313
v5_float,shadow_rgb565,test/other/metal296.jpg,other,plastic,0.5469793677330017
v5_float,shadow_rgb565,test/other/metal317.jpg,other,plastic,0.49976813793182373
v5_float,shadow_rgb565,test/other/metal324.jpg,other,paper,0.5675001740455627
v5_float,shadow_rgb565,test/other/metal325.jpg,other,other,0.5250867605209351
v5_float,shadow_rgb565,test/other/metal328.jpg,other,other,0.40038618445396423
v5_float,shadow_rgb565,test/other/metal33.jpg,other,other,0.41697144508361816
v5_float,shadow_rgb565,test/other/metal341.jpg,other,other,0.43135449290275574
v5_float,shadow_rgb565,test/other/metal344.jpg,other,plastic,0.39461904764175415
v5_float,shadow_rgb565,test/other/metal350.jpg,other,plastic,0.46823588013648987
v5_float,shadow_rgb565,test/other/metal355.jpg,other,other,0.6748750805854797
v5_float,shadow_rgb565,test/other/metal364.jpg,other,other,0.5894256234169006
v5_float,shadow_rgb565,test/other/metal370.jpg,other,plastic,0.6472475528717041
v5_float,shadow_rgb565,test/other/metal387.jpg,other,other,0.48623815178871155
v5_float,shadow_rgb565,test/other/metal389.jpg,other,other,0.5803459286689758
v5_float,shadow_rgb565,test/other/metal393.jpg,other,plastic,0.403114378452301
v5_float,shadow_rgb565,test/other/metal394.jpg,other,other,0.40955185890197754
v5_float,shadow_rgb565,test/other/metal395.jpg,other,plastic,0.41935545206069946
v5_float,shadow_rgb565,test/other/metal403.jpg,other,other,0.7119114398956299
v5_float,shadow_rgb565,test/other/metal48.jpg,other,plastic,0.5659371614456177
v5_float,shadow_rgb565,test/other/metal50.jpg,other,other,0.4533580243587494
v5_float,shadow_rgb565,test/other/metal52.jpg,other,paper,0.36395835876464844
v5_float,shadow_rgb565,test/other/metal62.jpg,other,other,0.40389350056648254
v5_float,shadow_rgb565,test/other/metal65.jpg,other,paper,0.330612450838089
v5_float,shadow_rgb565,test/other/metal68.jpg,other,other,0.42041051387786865
v5_float,shadow_rgb565,test/other/metal77.jpg,other,paper,0.4351767599582672
v5_float,shadow_rgb565,test/other/metal80.jpg,other,other,0.49497368931770325
v5_float,shadow_rgb565,test/other/metal84.jpg,other,paper,0.4761313199996948
v5_float,shadow_rgb565,test/other/metal87.jpg,other,other,0.5260450839996338
v5_float,shadow_rgb565,test/other/metal99.jpg,other,other,0.585137128829956
v5_float,combined_hard,test/paper/paper104.jpg,paper,other,0.37371617555618286
v5_float,combined_hard,test/paper/paper112.jpg,paper,paper,0.7323374152183533
v5_float,combined_hard,test/paper/paper113.jpg,paper,other,0.5161255598068237
v5_float,combined_hard,test/paper/paper114.jpg,paper,paper,0.49264925718307495
v5_float,combined_hard,test/paper/paper12.jpg,paper,other,0.9622552990913391
v5_float,combined_hard,test/paper/paper120.jpg,paper,paper,0.6182706952095032
v5_float,combined_hard,test/paper/paper124.jpg,paper,paper,0.4480646848678589
v5_float,combined_hard,test/paper/paper125.jpg,paper,other,0.47068899869918823
v5_float,combined_hard,test/paper/paper129.jpg,paper,organic,0.5004962682723999
v5_float,combined_hard,test/paper/paper13.jpg,paper,plastic,0.4941541254520416
v5_float,combined_hard,test/paper/paper137.jpg,paper,plastic,0.7226969003677368
v5_float,combined_hard,test/paper/paper143.jpg,paper,plastic,0.9367273449897766
v5_float,combined_hard,test/paper/paper149.jpg,paper,other,0.7818848490715027
v5_float,combined_hard,test/paper/paper161.jpg,paper,other,0.6840718388557434
v5_float,combined_hard,test/paper/paper167.jpg,paper,other,0.7042693495750427
v5_float,combined_hard,test/paper/paper169.jpg,paper,other,0.5865656733512878
v5_float,combined_hard,test/paper/paper186.jpg,paper,other,0.4585064649581909
v5_float,combined_hard,test/paper/paper188.jpg,paper,organic,0.6240900754928589
v5_float,combined_hard,test/paper/paper208.jpg,paper,plastic,0.7321192622184753
v5_float,combined_hard,test/paper/paper209.jpg,paper,organic,0.795225977897644
v5_float,combined_hard,test/paper/paper218.jpg,paper,other,0.6020693778991699
v5_float,combined_hard,test/paper/paper219.jpg,paper,plastic,0.6003300547599792
v5_float,combined_hard,test/paper/paper220.jpg,paper,plastic,0.5024752616882324
v5_float,combined_hard,test/paper/paper225.jpg,paper,other,0.5082699656486511
v5_float,combined_hard,test/paper/paper230.jpg,paper,plastic,0.8144783973693848
v5_float,combined_hard,test/paper/paper235.jpg,paper,other,0.8609889149665833
v5_float,combined_hard,test/paper/paper266.jpg,paper,plastic,0.5593374371528625
v5_float,combined_hard,test/paper/paper269.jpg,paper,other,0.6130927205085754
v5_float,combined_hard,test/paper/paper271.jpg,paper,paper,0.4813650846481323
v5_float,combined_hard,test/paper/paper273.jpg,paper,plastic,0.8076564073562622
v5_float,combined_hard,test/paper/paper276.jpg,paper,plastic,0.802646815776825
v5_float,combined_hard,test/paper/paper279.jpg,paper,plastic,0.5344588756561279
v5_float,combined_hard,test/paper/paper282.jpg,paper,plastic,0.6267163157463074
v5_float,combined_hard,test/paper/paper286.jpg,paper,other,0.44003522396087646
v5_float,combined_hard,test/paper/paper289.jpg,paper,paper,0.3921490013599396
v5_float,combined_hard,test/paper/paper294.jpg,paper,other,0.9583195447921753
v5_float,combined_hard,test/paper/paper3.jpg,paper,plastic,0.8986389636993408
v5_float,combined_hard,test/paper/paper301.jpg,paper,plastic,0.7470313906669617
v5_float,combined_hard,test/paper/paper303.jpg,paper,plastic,0.5938856601715088
v5_float,combined_hard,test/paper/paper311.jpg,paper,other,0.46754997968673706
v5_float,combined_hard,test/paper/paper319.jpg,paper,paper,0.3803921043872833
v5_float,combined_hard,test/paper/paper32.jpg,paper,plastic,0.512435793876648
v5_float,combined_hard,test/paper/paper346.jpg,paper,other,0.5977475643157959
v5_float,combined_hard,test/paper/paper348.jpg,paper,other,0.8538703322410583
v5_float,combined_hard,test/paper/paper350.jpg,paper,paper,0.5480642318725586
v5_float,combined_hard,test/paper/paper354.jpg,paper,other,0.4559724032878876
v5_float,combined_hard,test/paper/paper356.jpg,paper,paper,0.6110890507698059
v5_float,combined_hard,test/paper/paper357.jpg,paper,other,0.4710618853569031
v5_float,combined_hard,test/paper/paper361.jpg,paper,paper,0.6612403988838196
v5_float,combined_hard,test/paper/paper362.jpg,paper,plastic,0.5537180304527283
v5_float,combined_hard,test/paper/paper368.jpg,paper,other,0.4406464695930481
v5_float,combined_hard,test/paper/paper373.jpg,paper,paper,0.6677903532981873
v5_float,combined_hard,test/paper/paper380.jpg,paper,organic,0.5339017510414124
v5_float,combined_hard,test/paper/paper381.jpg,paper,other,0.5391026139259338
v5_float,combined_hard,test/paper/paper385.jpg,paper,plastic,0.8826276659965515
v5_float,combined_hard,test/paper/paper392.jpg,paper,paper,0.41995853185653687
v5_float,combined_hard,test/paper/paper396.jpg,paper,plastic,0.763833224773407
v5_float,combined_hard,test/paper/paper404.jpg,paper,paper,0.36713042855262756
v5_float,combined_hard,test/paper/paper405.jpg,paper,other,0.6967165470123291
v5_float,combined_hard,test/paper/paper416.jpg,paper,plastic,0.6846485733985901
v5_float,combined_hard,test/paper/paper417.jpg,paper,other,0.43882837891578674
v5_float,combined_hard,test/paper/paper422.jpg,paper,paper,0.3599511981010437
v5_float,combined_hard,test/paper/paper434.jpg,paper,plastic,0.8479122519493103
v5_float,combined_hard,test/paper/paper444.jpg,paper,other,0.9561765789985657
v5_float,combined_hard,test/paper/paper450.jpg,paper,other,0.3806256055831909
v5_float,combined_hard,test/paper/paper457.jpg,paper,other,0.4478934109210968
v5_float,combined_hard,test/paper/paper460.jpg,paper,plastic,0.7013536095619202
v5_float,combined_hard,test/paper/paper461.jpg,paper,plastic,0.4398081302642822
v5_float,combined_hard,test/paper/paper462.jpg,paper,other,0.41790884733200073
v5_float,combined_hard,test/paper/paper465.jpg,paper,plastic,0.549225389957428
v5_float,combined_hard,test/paper/paper474.jpg,paper,other,0.5123363733291626
v5_float,combined_hard,test/paper/paper48.jpg,paper,other,0.48452532291412354
v5_float,combined_hard,test/paper/paper495.jpg,paper,plastic,0.9416679739952087
v5_float,combined_hard,test/paper/paper500.jpg,paper,paper,0.5914521813392639
v5_float,combined_hard,test/paper/paper502.jpg,paper,other,0.517331600189209
v5_float,combined_hard,test/paper/paper503.jpg,paper,plastic,0.8830540180206299
v5_float,combined_hard,test/paper/paper505.jpg,paper,paper,0.6609220504760742
v5_float,combined_hard,test/paper/paper508.jpg,paper,plastic,0.9176739454269409
v5_float,combined_hard,test/paper/paper515.jpg,paper,plastic,0.8756890296936035
v5_float,combined_hard,test/paper/paper525.jpg,paper,other,0.7619414329528809
v5_float,combined_hard,test/paper/paper527.jpg,paper,other,0.4012734889984131
v5_float,combined_hard,test/paper/paper53.jpg,paper,plastic,0.3612653911113739
v5_float,combined_hard,test/paper/paper534.jpg,paper,other,0.576421856880188
v5_float,combined_hard,test/paper/paper537.jpg,paper,plastic,0.5500038266181946
v5_float,combined_hard,test/paper/paper541.jpg,paper,organic,0.8100563287734985
v5_float,combined_hard,test/paper/paper542.jpg,paper,organic,0.7528107166290283
v5_float,combined_hard,test/paper/paper543.jpg,paper,other,0.47720158100128174
v5_float,combined_hard,test/paper/paper547.jpg,paper,organic,0.5209130644798279
v5_float,combined_hard,test/paper/paper548.jpg,paper,other,0.9552629590034485
v5_float,combined_hard,test/paper/paper55.jpg,paper,paper,0.5018987059593201
v5_float,combined_hard,test/paper/paper557.jpg,paper,plastic,0.9074863791465759
v5_float,combined_hard,test/paper/paper558.jpg,paper,other,0.6228637099266052
v5_float,combined_hard,test/paper/paper563.jpg,paper,other,0.5667145252227783
v5_float,combined_hard,test/paper/paper569.jpg,paper,other,0.532768964767456
v5_float,combined_hard,test/paper/paper570.jpg,paper,other,0.3690490126609802
v5_float,combined_hard,test/paper/paper576.jpg,paper,plastic,0.9607055187225342
v5_float,combined_hard,test/paper/paper58.jpg,paper,other,0.806761622428894
v5_float,combined_hard,test/paper/paper586.jpg,paper,other,0.6119797825813293
v5_float,combined_hard,test/paper/paper593.jpg,paper,plastic,0.787358820438385
v5_float,combined_hard,test/paper/paper6.jpg,paper,paper,0.46410229802131653
v5_float,combined_hard,test/paper/paper68.jpg,paper,organic,0.524725079536438
v5_float,combined_hard,test/paper/paper69.jpg,paper,organic,0.6079899072647095
v5_float,combined_hard,test/paper/paper7.jpg,paper,other,0.5256062746047974
v5_float,combined_hard,test/paper/paper70.jpg,paper,organic,0.577280580997467
v5_float,combined_hard,test/paper/paper77.jpg,paper,paper,0.5311955213546753
v5_float,combined_hard,test/paper/paper86.jpg,paper,organic,0.5622841119766235
v5_float,combined_hard,test/paper/paper94.jpg,paper,other,0.5017934441566467
v5_float,combined_hard,test/paper/paper97.jpg,paper,other,0.4462551176548004
v5_float,combined_hard,test/plastic/plastic103.jpg,plastic,plastic,0.7384623885154724
v5_float,combined_hard,test/plastic/plastic114.jpg,plastic,other,0.890285074710846
v5_float,combined_hard,test/plastic/plastic122.jpg,plastic,plastic,0.9203466176986694
v5_float,combined_hard,test/plastic/plastic125.jpg,plastic,other,0.34817805886268616
v5_float,combined_hard,test/plastic/plastic126.jpg,plastic,plastic,0.513785719871521
v5_float,combined_hard,test/plastic/plastic132.jpg,plastic,other,0.7516870498657227
v5_float,combined_hard,test/plastic/plastic138.jpg,plastic,plastic,0.5886415243148804
v5_float,combined_hard,test/plastic/plastic145.jpg,plastic,plastic,0.9223008751869202
v5_float,combined_hard,test/plastic/plastic146.jpg,plastic,other,0.8563724160194397
v5_float,combined_hard,test/plastic/plastic152.jpg,plastic,organic,0.4038143455982208
v5_float,combined_hard,test/plastic/plastic156.jpg,plastic,plastic,0.49526211619377136
v5_float,combined_hard,test/plastic/plastic159.jpg,plastic,other,0.6995882987976074
v5_float,combined_hard,test/plastic/plastic170.jpg,plastic,other,0.6141632795333862
v5_float,combined_hard,test/plastic/plastic172.jpg,plastic,plastic,0.8918299674987793
v5_float,combined_hard,test/plastic/plastic177.jpg,plastic,other,0.5272101759910583
v5_float,combined_hard,test/plastic/plastic187.jpg,plastic,other,0.661065399646759
v5_float,combined_hard,test/plastic/plastic2.jpg,plastic,plastic,0.5919753909111023
v5_float,combined_hard,test/plastic/plastic201.jpg,plastic,plastic,0.6344019174575806
v5_float,combined_hard,test/plastic/plastic205.jpg,plastic,plastic,0.869107186794281
v5_float,combined_hard,test/plastic/plastic207.jpg,plastic,plastic,0.41592490673065186
v5_float,combined_hard,test/plastic/plastic21.jpg,plastic,plastic,0.7219018340110779
v5_float,combined_hard,test/plastic/plastic214.jpg,plastic,other,0.4288915693759918
v5_float,combined_hard,test/plastic/plastic217.jpg,plastic,plastic,0.9116740226745605
v5_float,combined_hard,test/plastic/plastic226.jpg,plastic,plastic,0.8628075122833252
v5_float,combined_hard,test/plastic/plastic227.jpg,plastic,plastic,0.7580540776252747
v5_float,combined_hard,test/plastic/plastic242.jpg,plastic,plastic,0.6824095845222473
v5_float,combined_hard,test/plastic/plastic251.jpg,plastic,plastic,0.8810532093048096
v5_float,combined_hard,test/plastic/plastic252.jpg,plastic,plastic,0.8786604404449463
v5_float,combined_hard,test/plastic/plastic253.jpg,plastic,plastic,0.6780354380607605
v5_float,combined_hard,test/plastic/plastic260.jpg,plastic,plastic,0.6199818253517151
v5_float,combined_hard,test/plastic/plastic264.jpg,plastic,other,0.9157265424728394
v5_float,combined_hard,test/plastic/plastic265.jpg,plastic,plastic,0.7948089241981506
v5_float,combined_hard,test/plastic/plastic268.jpg,plastic,organic,0.6244217753410339
v5_float,combined_hard,test/plastic/plastic270.jpg,plastic,plastic,0.9037955403327942
v5_float,combined_hard,test/plastic/plastic285.jpg,plastic,other,0.5375800728797913
v5_float,combined_hard,test/plastic/plastic305.jpg,plastic,plastic,0.7857306599617004
v5_float,combined_hard,test/plastic/plastic306.jpg,plastic,plastic,0.9135332703590393
v5_float,combined_hard,test/plastic/plastic312.jpg,plastic,other,0.5776939392089844
v5_float,combined_hard,test/plastic/plastic314.jpg,plastic,plastic,0.8744434714317322
v5_float,combined_hard,test/plastic/plastic315.jpg,plastic,plastic,0.9285565614700317
v5_float,combined_hard,test/plastic/plastic317.jpg,plastic,paper,0.6990973353385925
v5_float,combined_hard,test/plastic/plastic32.jpg,plastic,plastic,0.918044924736023
v5_float,combined_hard,test/plastic/plastic328.jpg,plastic,plastic,0.5682269930839539
v5_float,combined_hard,test/plastic/plastic348.jpg,plastic,plastic,0.8330446481704712
v5_float,combined_hard,test/plastic/plastic349.jpg,plastic,paper,0.6026059985160828
v5_float,combined_hard,test/plastic/plastic372.jpg,plastic,plastic,0.8996632099151611
v5_float,combined_hard,test/plastic/plastic374.jpg,plastic,organic,0.3242623805999756
v5_float,combined_hard,test/plastic/plastic379.jpg,plastic,other,0.5351861119270325
v5_float,combined_hard,test/plastic/plastic383.jpg,plastic,plastic,0.7071453928947449
v5_float,combined_hard,test/plastic/plastic388.jpg,plastic,paper,0.4038725793361664
v5_float,combined_hard,test/plastic/plastic39.jpg,plastic,plastic,0.946161687374115
v5_float,combined_hard,test/plastic/plastic390.jpg,plastic,paper,0.5090649724006653
v5_float,combined_hard,test/plastic/plastic398.jpg,plastic,plastic,0.6566737294197083
v5_float,combined_hard,test/plastic/plastic399.jpg,plastic,plastic,0.9257726073265076
v5_float,combined_hard,test/plastic/plastic405.jpg,plastic,plastic,0.7389925718307495
v5_float,combined_hard,test/plastic/plastic411.jpg,plastic,plastic,0.7486861944198608
v5_float,combined_hard,test/plastic/plastic420.jpg,plastic,plastic,0.7854703664779663
v5_float,combined_hard,test/plastic/plastic423.jpg,plastic,plastic,0.5546869039535522
v5_float,combined_hard,test/plastic/plastic426.jpg,plastic,other,0.9418574571609497
v5_float,combined_hard,test/plastic/plastic434.jpg,plastic,plastic,0.7266594767570496
v5_float,combined_hard,test/plastic/plastic438.jpg,plastic,plastic,0.8425499796867371
v5_float,combined_hard,test/plastic/plastic465.jpg,plastic,organic,0.480461984872818
v5_float,combined_hard,test/plastic/plastic473.jpg,plastic,plastic,0.6972289681434631
v5_float,combined_hard,test/plastic/plastic49.jpg,plastic,plastic,0.9063453674316406
v5_float,combined_hard,test/plastic/plastic64.jpg,plastic,plastic,0.5518467426300049
v5_float,combined_hard,test/plastic/plastic66.jpg,plastic,paper,0.6145944595336914
v5_float,combined_hard,test/plastic/plastic67.jpg,plastic,plastic,0.3954451382160187
v5_float,combined_hard,test/plastic/plastic79.jpg,plastic,other,0.5822511911392212
v5_float,combined_hard,test/plastic/plastic80.jpg,plastic,plastic,0.8148193359375
v5_float,combined_hard,test/plastic/plastic82.jpg,plastic,plastic,0.9013608694076538
v5_float,combined_hard,test/plastic/plastic84.jpg,plastic,plastic,0.8932456970214844
v5_float,combined_hard,test/plastic/plastic93.jpg,plastic,plastic,0.8610596656799316
v5_float,combined_hard,test/plastic/plastic98.jpg,plastic,plastic,0.6115986704826355
v5_float,combined_hard,test/plastic/plastic99.jpg,plastic,plastic,0.759373664855957
v5_float,combined_hard,test/organic/organic_0001.jpg,organic,organic,0.7216821312904358
v5_float,combined_hard,test/organic/organic_0002.jpg,organic,organic,0.5211771130561829
v5_float,combined_hard,test/organic/organic_0003.jpg,organic,other,0.39353957772254944
v5_float,combined_hard,test/organic/organic_0004.jpg,organic,organic,0.6728022694587708
v5_float,combined_hard,test/organic/organic_0005.jpg,organic,organic,0.8746321797370911
v5_float,combined_hard,test/organic/organic_0006.jpg,organic,organic,0.922256588935852
v5_float,combined_hard,test/organic/organic_0007.jpg,organic,organic,0.5819774866104126
v5_float,combined_hard,test/organic/organic_0008.jpg,organic,other,0.3574557304382324
v5_float,combined_hard,test/organic/organic_0009.jpg,organic,organic,0.5100232362747192
v5_float,combined_hard,test/organic/organic_0010.jpg,organic,organic,0.7556919455528259
v5_float,combined_hard,test/organic/organic_0011.jpg,organic,organic,0.9491422176361084
v5_float,combined_hard,test/organic/organic_0012.jpg,organic,organic,0.9443976283073425
v5_float,combined_hard,test/organic/organic_0013.jpg,organic,organic,0.5854535102844238
v5_float,combined_hard,test/organic/organic_0014.jpg,organic,paper,0.5270261764526367
v5_float,combined_hard,test/organic/organic_0015.jpg,organic,organic,0.9803588390350342
v5_float,combined_hard,test/organic/organic_0016.jpg,organic,organic,0.8075365424156189
v5_float,combined_hard,test/organic/organic_0017.jpg,organic,organic,0.6430703401565552
v5_float,combined_hard,test/organic/organic_0018.jpg,organic,paper,0.35654416680336
v5_float,combined_hard,test/organic/organic_0019.jpg,organic,organic,0.5554378032684326
v5_float,combined_hard,test/organic/organic_0020.jpg,organic,other,0.8668983578681946
v5_float,combined_hard,test/organic/organic_0021.jpg,organic,organic,0.9714889526367188
v5_float,combined_hard,test/organic/organic_0022.jpg,organic,organic,0.5794822573661804
v5_float,combined_hard,test/organic/organic_0023.jpg,organic,organic,0.6459676623344421
v5_float,combined_hard,test/organic/organic_0024.jpg,organic,organic,0.7828724384307861
v5_float,combined_hard,test/organic/organic_0025.jpg,organic,organic,0.9356114268302917
v5_float,combined_hard,test/organic/organic_0026.jpg,organic,other,0.715395450592041
v5_float,combined_hard,test/organic/organic_0027.jpg,organic,organic,0.6653280854225159
v5_float,combined_hard,test/organic/organic_0028.jpg,organic,other,0.4272085726261139
v5_float,combined_hard,test/organic/organic_0029.jpg,organic,organic,0.9289484620094299
v5_float,combined_hard,test/organic/organic_0030.jpg,organic,organic,0.6226918697357178
v5_float,combined_hard,test/organic/organic_0031.jpg,organic,organic,0.7028101682662964
v5_float,combined_hard,test/organic/organic_0032.jpg,organic,organic,0.9747025370597839
v5_float,combined_hard,test/organic/organic_0033.jpg,organic,organic,0.9683021903038025
v5_float,combined_hard,test/organic/organic_0034.jpg,organic,organic,0.9269023537635803
v5_float,combined_hard,test/organic/organic_0035.jpg,organic,other,0.9171342849731445
v5_float,combined_hard,test/organic/organic_0036.jpg,organic,organic,0.6725671887397766
v5_float,combined_hard,test/organic/organic_0037.jpg,organic,organic,0.809776246547699
v5_float,combined_hard,test/organic/organic_0038.jpg,organic,other,0.6606311202049255
v5_float,combined_hard,test/organic/organic_0039.jpg,organic,organic,0.9799511432647705
v5_float,combined_hard,test/organic/organic_0040.jpg,organic,organic,0.8962484002113342
v5_float,combined_hard,test/organic/organic_0041.jpg,organic,organic,0.553227961063385
v5_float,combined_hard,test/organic/organic_0042.jpg,organic,organic,0.7423415780067444
v5_float,combined_hard,test/organic/organic_0043.jpg,organic,organic,0.623047411441803
v5_float,combined_hard,test/organic/organic_0044.jpg,organic,other,0.904158890247345
v5_float,combined_hard,test/organic/organic_0045.jpg,organic,organic,0.881030261516571
v5_float,combined_hard,test/organic/organic_0046.jpg,organic,organic,0.5164453387260437
v5_float,combined_hard,test/organic/organic_0047.jpg,organic,organic,0.7832246422767639
v5_float,combined_hard,test/organic/organic_0048.jpg,organic,other,0.5997251272201538
v5_float,combined_hard,test/organic/organic_0049.jpg,organic,organic,0.9694207310676575
v5_float,combined_hard,test/organic/organic_0050.jpg,organic,organic,0.6126154065132141
v5_float,combined_hard,test/organic/organic_0051.jpg,organic,other,0.3605724275112152
v5_float,combined_hard,test/organic/organic_0052.jpg,organic,organic,0.9031729698181152
v5_float,combined_hard,test/organic/organic_0053.jpg,organic,organic,0.652475893497467
v5_float,combined_hard,test/organic/organic_0054.jpg,organic,paper,0.506840169429779
v5_float,combined_hard,test/organic/organic_0055.jpg,organic,organic,0.7848180532455444
v5_float,combined_hard,test/organic/organic_0056.jpg,organic,other,0.4114679992198944
v5_float,combined_hard,test/organic/organic_0057.jpg,organic,organic,0.7298061847686768
v5_float,combined_hard,test/organic/organic_0058.jpg,organic,organic,0.9130597114562988
v5_float,combined_hard,test/organic/organic_0059.jpg,organic,other,0.5425087809562683
v5_float,combined_hard,test/organic/organic_0060.jpg,organic,organic,0.8731106519699097
v5_float,combined_hard,test/organic/organic_0061.jpg,organic,paper,0.43824028968811035
v5_float,combined_hard,test/organic/organic_0062.jpg,organic,organic,0.8119449615478516
v5_float,combined_hard,test/organic/organic_0063.jpg,organic,organic,0.5145623683929443
v5_float,combined_hard,test/organic/organic_0064.jpg,organic,other,0.6127495169639587
v5_float,combined_hard,test/organic/organic_0065.jpg,organic,other,0.8369864821434021
v5_float,combined_hard,test/organic/organic_0066.jpg,organic,organic,0.9807642698287964
v5_float,combined_hard,test/organic/organic_0067.jpg,organic,organic,0.4414792060852051
v5_float,combined_hard,test/organic/organic_0068.jpg,organic,organic,0.5127189755439758
v5_float,combined_hard,test/organic/organic_0069.jpg,organic,organic,0.8466764688491821
v5_float,combined_hard,test/organic/organic_0070.jpg,organic,paper,0.3468652367591858
v5_float,combined_hard,test/organic/organic_0071.jpg,organic,organic,0.9082509875297546
v5_float,combined_hard,test/organic/organic_0072.jpg,organic,organic,0.969165027141571
v5_float,combined_hard,test/organic/organic_0073.jpg,organic,organic,0.9130354523658752
v5_float,combined_hard,test/organic/organic_0074.jpg,organic,organic,0.7813164591789246
v5_float,combined_hard,test/other/cardboard105.jpg,other,other,0.5264385938644409
v5_float,combined_hard,test/other/cardboard115.jpg,other,organic,0.8098353147506714
v5_float,combined_hard,test/other/cardboard121.jpg,other,other,0.6601778268814087
v5_float,combined_hard,test/other/cardboard125.jpg,other,other,0.7714494466781616
v5_float,combined_hard,test/other/cardboard128.jpg,other,other,0.7104588150978088
v5_float,combined_hard,test/other/cardboard160.jpg,other,plastic,0.3477691113948822
v5_float,combined_hard,test/other/cardboard162.jpg,other,paper,0.4534899890422821
v5_float,combined_hard,test/other/cardboard175.jpg,other,other,0.6781781315803528
v5_float,combined_hard,test/other/cardboard18.jpg,other,other,0.7786790132522583
v5_float,combined_hard,test/other/cardboard184.jpg,other,other,0.4052087366580963
v5_float,combined_hard,test/other/cardboard19.jpg,other,other,0.9165613651275635
v5_float,combined_hard,test/other/cardboard190.jpg,other,paper,0.4807552397251129
v5_float,combined_hard,test/other/cardboard2.jpg,other,other,0.4503277540206909
v5_float,combined_hard,test/other/cardboard208.jpg,other,other,0.7968953251838684
v5_float,combined_hard,test/other/cardboard210.jpg,other,plastic,0.4704568088054657
v5_float,combined_hard,test/other/cardboard213.jpg,other,plastic,0.552916944026947
v5_float,combined_hard,test/other/cardboard214.jpg,other,other,0.5616716146469116
v5_float,combined_hard,test/other/cardboard216.jpg,other,plastic,0.6655791997909546
v5_float,combined_hard,test/other/cardboard218.jpg,other,plastic,0.44415947794914246
v5_float,combined_hard,test/other/cardboard222.jpg,other,other,0.749011218547821
v5_float,combined_hard,test/other/cardboard231.jpg,other,other,0.8566548824310303
v5_float,combined_hard,test/other/cardboard239.jpg,other,other,0.5300393104553223
v5_float,combined_hard,test/other/cardboard248.jpg,other,other,0.7099599838256836
v5_float,combined_hard,test/other/cardboard252.jpg,other,paper,0.5981404185295105
v5_float,combined_hard,test/other/cardboard259.jpg,other,organic,0.6822613477706909
v5_float,combined_hard,test/other/cardboard260.jpg,other,other,0.7131147384643555
v5_float,combined_hard,test/other/cardboard261.jpg,other,plastic,0.9205445051193237
v5_float,combined_hard,test/other/cardboard266.jpg,other,organic,0.532368540763855
v5_float,combined_hard,test/other/cardboard274.jpg,other,other,0.6167798042297363
v5_float,combined_hard,test/other/cardboard276.jpg,other,other,0.7140436768531799
v5_float,combined_hard,test/other/cardboard286.jpg,other,other,0.3852032423019409
v5_float,combined_hard,test/other/cardboard289.jpg,other,other,0.5572817325592041
v5_float,combined_hard,test/other/cardboard290.jpg,other,other,0.5182667374610901
v5_float,combined_hard,test/other/cardboard293.jpg,other,other,0.8815425038337708
v5_float,combined_hard,test/other/cardboard299.jpg,other,other,0.7563822865486145
v5_float,combined_hard,test/other/cardboard304.jpg,other,other,0.9359305500984192
v5_float,combined_hard,test/other/cardboard308.jpg,other,other,0.9185417294502258
v5_float,combined_hard,test/other/cardboard31.jpg,other,other,0.9433188438415527
v5_float,combined_hard,test/other/cardboard310.jpg,other,other,0.8783537745475769
v5_float,combined_hard,test/other/cardboard312.jpg,other,organic,0.6786910891532898
v5_float,combined_hard,test/other/cardboard313.jpg,other,other,0.7270442247390747
v5_float,combined_hard,test/other/cardboard314.jpg,other,other,0.9557737112045288
v5_float,combined_hard,test/other/cardboard321.jpg,other,organic,0.5444700121879578
v5_float,combined_hard,test/other/cardboard323.jpg,other,organic,0.6879895925521851
v5_float,combined_hard,test/other/cardboard332.jpg,other,other,0.9530066847801208
v5_float,combined_hard,test/other/cardboard334.jpg,other,other,0.8673912286758423
v5_float,combined_hard,test/other/cardboard34.jpg,other,other,0.9523028135299683
v5_float,combined_hard,test/other/cardboard356.jpg,other,other,0.35071688890457153
v5_float,combined_hard,test/other/cardboard363.jpg,other,other,0.5430504083633423
v5_float,combined_hard,test/other/cardboard372.jpg,other,other,0.4882121682167053
v5_float,combined_hard,test/other/cardboard383.jpg,other,paper,0.5484685301780701
v5_float,combined_hard,test/other/cardboard384.jpg,other,organic,0.8058893084526062
v5_float,combined_hard,test/other/cardboard387.jpg,other,plastic,0.6537100672721863
v5_float,combined_hard,test/other/cardboard388.jpg,other,plastic,0.5420963168144226
v5_float,combined_hard,test/other/cardboard397.jpg,other,organic,0.6149564981460571
v5_float,combined_hard,test/other/cardboard40.jpg,other,organic,0.7572863101959229
v5_float,combined_hard,test/other/cardboard401.jpg,other,other,0.9159436821937561
v5_float,combined_hard,test/other/cardboard44.jpg,other,other,0.8535909056663513
v5_float,combined_hard,test/other/cardboard51.jpg,other,other,0.9578016400337219
v5_float,combined_hard,test/other/cardboard57.jpg,other,organic,0.8209739327430725
v5_float,combined_hard,test/other/cardboard63.jpg,other,plastic,0.7044444680213928
v5_float,combined_hard,test/other/cardboard69.jpg,other,other,0.43505650758743286
v5_float,combined_hard,test/other/cardboard71.jpg,other,other,0.6893430948257446
v5_float,combined_hard,test/other/cardboard73.jpg,other,other,0.7019878029823303
v5_float,combined_hard,test/other/cardboard8.jpg,other,other,0.5883103609085083
v5_float,combined_hard,test/other/cardboard88.jpg,other,paper,0.7139571905136108
v5_float,combined_hard,test/other/cardboard89.jpg,other,other,0.5004671812057495
v5_float,combined_hard,test/other/cardboard9.jpg,other,other,0.9277567863464355
v5_float,combined_hard,test/other/cardboard92.jpg,other,other,0.9448609948158264
v5_float,combined_hard,test/other/cardboard98.jpg,other,other,0.9150642156600952
v5_float,combined_hard,test/other/metal112.jpg,other,other,0.7470794320106506
v5_float,combined_hard,test/other/metal114.jpg,other,organic,0.518778383731842
v5_float,combined_hard,test/other/metal119.jpg,other,other,0.4591140151023865
v5_float,combined_hard,test/other/metal12.jpg,other,paper,0.42200353741645813
v5_float,combined_hard,test/other/metal13.jpg,other,plastic,0.7455432415008545
v5_float,combined_hard,test/other/metal133.jpg,other,other,0.5585744976997375
v5_float,combined_hard,test/other/metal134.jpg,other,paper,0.45603808760643005
v5_float,combined_hard,test/other/metal139.jpg,other,other,0.6194620132446289
v5_float,combined_hard,test/other/metal143.jpg,other,organic,0.6569900512695312
v5_float,combined_hard,test/other/metal146.jpg,other,other,0.8022884130477905
v5_float,combined_hard,test/other/metal157.jpg,other,other,0.6864146590232849
v5_float,combined_hard,test/other/metal159.jpg,other,plastic,0.6451489925384521
v5_float,combined_hard,test/other/metal161.jpg,other,plastic,0.5622025728225708
v5_float,combined_hard,test/other/metal170.jpg,other,paper,0.5802648663520813
v5_float,combined_hard,test/other/metal172.jpg,other,other,0.6177685260772705
v5_float,combined_hard,test/other/metal175.jpg,other,plastic,0.5318868160247803
v5_float,combined_hard,test/other/metal18.jpg,other,plastic,0.8432525992393494
v5_float,combined_hard,test/other/metal186.jpg,other,other,0.3954528272151947
v5_float,combined_hard,test/other/metal187.jpg,other,other,0.37732192873954773
v5_float,combined_hard,test/other/metal188.jpg,other,paper,0.4356330335140228
v5_float,combined_hard,test/other/metal192.jpg,other,other,0.5696974396705627
v5_float,combined_hard,test/other/metal198.jpg,other,other,0.5083821415901184
v5_float,combined_hard,test/other/metal201.jpg,other,other,0.5721786618232727
v5_float,combined_hard,test/other/metal205.jpg,other,organic,0.46953389048576355
v5_float,combined_hard,test/other/metal209.jpg,other,other,0.45373156666755676
v5_float,combined_hard,test/other/metal217.jpg,other,other,0.5687673687934875
v5_float,combined_hard,test/other/metal239.jpg,other,other,0.5167663097381592
v5_float,combined_hard,test/other/metal24.jpg,other,plastic,0.32482364773750305
v5_float,combined_hard,test/other/metal246.jpg,other,other,0.7946054339408875
v5_float,combined_hard,test/other/metal247.jpg,other,other,0.4729516804218292
v5_float,combined_hard,test/other/metal248.jpg,other,plastic,0.5334236025810242
v5_float,combined_hard,test/other/metal249.jpg,other,paper,0.4496482014656067
v5_float,combined_hard,test/other/metal258.jpg,other,paper,0.3963324725627899
v5_float,combined_hard,test/other/metal261.jpg,other,plastic,0.765364944934845
v5_float,combined_hard,test/other/metal263.jpg,other,other,0.6764184832572937
v5_float,combined_hard,test/other/metal269.jpg,other,other,0.8906340003013611
v5_float,combined_hard,test/other/metal27.jpg,other,organic,0.4453304708003998
v5_float,combined_hard,test/other/metal275.jpg,other,plastic,0.693921685218811
v5_float,combined_hard,test/other/metal292.jpg,other,plastic,0.5970128774642944
v5_float,combined_hard,test/other/metal296.jpg,other,plastic,0.864341139793396
v5_float,combined_hard,test/other/metal317.jpg,other,plastic,0.7798933982849121
v5_float,combined_hard,test/other/metal324.jpg,other,organic,0.7772243022918701
v5_float,combined_hard,test/other/metal325.jpg,other,other,0.5038982033729553
v5_float,combined_hard,test/other/metal328.jpg,other,plastic,0.7893076539039612
v5_float,combined_hard,test/other/metal33.jpg,other,paper,0.31235578656196594
v5_float,combined_hard,test/other/metal341.jpg,other,organic,0.5047054290771484
v5_float,combined_hard,test/other/metal344.jpg,other,plastic,0.7019725441932678
v5_float,combined_hard,test/other/metal350.jpg,other,organic,0.3895680010318756
v5_float,combined_hard,test/other/metal355.jpg,other,other,0.7577754855155945
v5_float,combined_hard,test/other/metal364.jpg,other,other,0.6217101216316223
v5_float,combined_hard,test/other/metal370.jpg,other,other,0.44627195596694946
v5_float,combined_hard,test/other/metal387.jpg,other,other,0.3805108666419983
v5_float,combined_hard,test/other/metal389.jpg,other,organic,0.5865558981895447
v5_float,combined_hard,test/other/metal393.jpg,other,plastic,0.88624507188797
v5_float,combined_hard,test/other/metal394.jpg,other,other,0.49436846375465393
v5_float,combined_hard,test/other/metal395.jpg,other,plastic,0.4574905335903168
v5_float,combined_hard,test/other/metal403.jpg,other,other,0.8062139749526978
v5_float,combined_hard,test/other/metal48.jpg,other,paper,0.5499045252799988
v5_float,combined_hard,test/other/metal50.jpg,other,other,0.5812326073646545
v5_float,combined_hard,test/other/metal52.jpg,other,paper,0.3805476427078247
v5_float,combined_hard,test/other/metal62.jpg,other,other,0.7047674059867859
v5_float,combined_hard,test/other/metal65.jpg,other,organic,0.8465461730957031
v5_float,combined_hard,test/other/metal68.jpg,other,paper,0.41172561049461365
v5_float,combined_hard,test/other/metal77.jpg,other,other,0.44194915890693665
v5_float,combined_hard,test/other/metal80.jpg,other,plastic,0.832561731338501
v5_float,combined_hard,test/other/metal84.jpg,other,other,0.34136655926704407
v5_float,combined_hard,test/other/metal87.jpg,other,other,0.5446135401725769
v5_float,combined_hard,test/other/metal99.jpg,other,other,0.767953634262085
v5_int8,clean,test/paper/paper104.jpg,paper,paper,0.7436462044715881
v5_int8,clean,test/paper/paper112.jpg,paper,paper,0.7454150319099426
v5_int8,clean,test/paper/paper113.jpg,paper,other,0.423544704914093
v5_int8,clean,test/paper/paper114.jpg,paper,paper,0.7160834670066833
v5_int8,clean,test/paper/paper12.jpg,paper,paper,0.7012233734130859
v5_int8,clean,test/paper/paper120.jpg,paper,paper,0.626390814781189
v5_int8,clean,test/paper/paper124.jpg,paper,paper,0.4857558310031891
v5_int8,clean,test/paper/paper125.jpg,paper,paper,0.6268018484115601
v5_int8,clean,test/paper/paper129.jpg,paper,paper,0.6800248622894287
v5_int8,clean,test/paper/paper13.jpg,paper,plastic,0.6405530571937561
v5_int8,clean,test/paper/paper137.jpg,paper,plastic,0.5139959454536438
v5_int8,clean,test/paper/paper143.jpg,paper,paper,0.7033793330192566
v5_int8,clean,test/paper/paper149.jpg,paper,paper,0.47148239612579346
v5_int8,clean,test/paper/paper161.jpg,paper,paper,0.6234835982322693
v5_int8,clean,test/paper/paper167.jpg,paper,paper,0.4783421456813812
v5_int8,clean,test/paper/paper169.jpg,paper,paper,0.47067585587501526
v5_int8,clean,test/paper/paper186.jpg,paper,paper,0.6737833619117737
v5_int8,clean,test/paper/paper188.jpg,paper,paper,0.8643515706062317
v5_int8,clean,test/paper/paper208.jpg,paper,paper,0.6352928280830383
v5_int8,clean,test/paper/paper209.jpg,paper,organic,0.462089478969574
v5_int8,clean,test/paper/paper218.jpg,paper,paper,0.3716977834701538
v5_int8,clean,test/paper/paper219.jpg,paper,paper,0.6990494728088379
v5_int8,clean,test/paper/paper220.jpg,paper,paper,0.6327799558639526
v5_int8,clean,test/paper/paper225.jpg,paper,paper,0.4429783821105957
v5_int8,clean,test/paper/paper230.jpg,paper,paper,0.6621419787406921
v5_int8,clean,test/paper/paper235.jpg,paper,paper,0.4058394730091095
v5_int8,clean,test/paper/paper266.jpg,paper,paper,0.6633198857307434
v5_int8,clean,test/paper/paper269.jpg,paper,paper,0.693354606628418
v5_int8,clean,test/paper/paper271.jpg,paper,paper,0.6498958468437195
v5_int8,clean,test/paper/paper273.jpg,paper,paper,0.6210082769393921
v5_int8,clean,test/paper/paper276.jpg,paper,paper,0.4098144769668579
v5_int8,clean,test/paper/paper279.jpg,paper,paper,0.4667278528213501
v5_int8,clean,test/paper/paper282.jpg,paper,paper,0.5159749388694763
v5_int8,clean,test/paper/paper286.jpg,paper,paper,0.657354474067688
v5_int8,clean,test/paper/paper289.jpg,paper,paper,0.6452683210372925
v5_int8,clean,test/paper/paper294.jpg,paper,paper,0.6685213446617126
v5_int8,clean,test/paper/paper3.jpg,paper,paper,0.5297101140022278
v5_int8,clean,test/paper/paper301.jpg,paper,paper,0.5711883306503296
v5_int8,clean,test/paper/paper303.jpg,paper,paper,0.5615774989128113
v5_int8,clean,test/paper/paper311.jpg,paper,organic,0.8604937195777893
v5_int8,clean,test/paper/paper319.jpg,paper,paper,0.6159807443618774
v5_int8,clean,test/paper/paper32.jpg,paper,paper,0.5233207941055298
v5_int8,clean,test/paper/paper346.jpg,paper,paper,0.5042587518692017
v5_int8,clean,test/paper/paper348.jpg,paper,plastic,0.4408772587776184
v5_int8,clean,test/paper/paper350.jpg,paper,paper,0.5816218256950378
v5_int8,clean,test/paper/paper354.jpg,paper,paper,0.4649043083190918
v5_int8,clean,test/paper/paper356.jpg,paper,paper,0.855738639831543
v5_int8,clean,test/paper/paper357.jpg,paper,paper,0.7161426544189453
v5_int8,clean,test/paper/paper361.jpg,paper,paper,0.7107626795768738
v5_int8,clean,test/paper/paper362.jpg,paper,paper,0.5164633393287659
v5_int8,clean,test/paper/paper368.jpg,paper,plastic,0.4060610830783844
v5_int8,clean,test/paper/paper373.jpg,paper,paper,0.6166300773620605
v5_int8,clean,test/paper/paper380.jpg,paper,paper,0.5868057608604431
v5_int8,clean,test/paper/paper381.jpg,paper,paper,0.7630271315574646
v5_int8,clean,test/paper/paper385.jpg,paper,plastic,0.5230310559272766
v5_int8,clean,test/paper/paper392.jpg,paper,paper,0.6251938343048096
v5_int8,clean,test/paper/paper396.jpg,paper,paper,0.6825141310691833
v5_int8,clean,test/paper/paper404.jpg,paper,paper,0.5549234747886658
v5_int8,clean,test/paper/paper405.jpg,paper,paper,0.5292777419090271
v5_int8,clean,test/paper/paper416.jpg,paper,paper,0.5424035787582397
v5_int8,clean,test/paper/paper417.jpg,paper,plastic,0.5092968940734863
v5_int8,clean,test/paper/paper422.jpg,paper,paper,0.5435239672660828
v5_int8,clean,test/paper/paper434.jpg,paper,paper,0.5755707621574402
v5_int8,clean,test/paper/paper444.jpg,paper,paper,0.5744451284408569
v5_int8,clean,test/paper/paper450.jpg,paper,paper,0.7082614302635193
v5_int8,clean,test/paper/paper457.jpg,paper,paper,0.44308218359947205
v5_int8,clean,test/paper/paper460.jpg,paper,paper,0.7189562916755676
v5_int8,clean,test/paper/paper461.jpg,paper,paper,0.6245350241661072
v5_int8,clean,test/paper/paper462.jpg,paper,paper,0.47129616141319275
v5_int8,clean,test/paper/paper465.jpg,paper,other,0.4817773997783661
v5_int8,clean,test/paper/paper474.jpg,paper,organic,0.6802293658256531
v5_int8,clean,test/paper/paper48.jpg,paper,paper,0.4645965099334717
v5_int8,clean,test/paper/paper495.jpg,paper,paper,0.5727562308311462
v5_int8,clean,test/paper/paper500.jpg,paper,paper,0.77959144115448
v5_int8,clean,test/paper/paper502.jpg,paper,paper,0.7445490956306458
v5_int8,clean,test/paper/paper503.jpg,paper,paper,0.5009252429008484
v5_int8,clean,test/paper/paper505.jpg,paper,paper,0.5041019320487976
v5_int8,clean,test/paper/paper508.jpg,paper,plastic,0.48985156416893005
v5_int8,clean,test/paper/paper515.jpg,paper,paper,0.616356611251831
v5_int8,clean,test/paper/paper525.jpg,paper,plastic,0.545210599899292
v5_int8,clean,test/paper/paper527.jpg,paper,paper,0.5605063438415527
v5_int8,clean,test/paper/paper53.jpg,paper,paper,0.39436718821525574
v5_int8,clean,test/paper/paper534.jpg,paper,paper,0.6003348231315613
v5_int8,clean,test/paper/paper537.jpg,paper,paper,0.6587767004966736
v5_int8,clean,test/paper/paper541.jpg,paper,organic,0.43641284108161926
v5_int8,clean,test/paper/paper542.jpg,paper,paper,0.6661220192909241
v5_int8,clean,test/paper/paper543.jpg,paper,paper,0.8321889638900757
v5_int8,clean,test/paper/paper547.jpg,paper,paper,0.5724567770957947
v5_int8,clean,test/paper/paper548.jpg,paper,paper,0.43459102511405945
v5_int8,clean,test/paper/paper55.jpg,paper,paper,0.7797642350196838
v5_int8,clean,test/paper/paper557.jpg,paper,paper,0.6211485862731934
v5_int8,clean,test/paper/paper558.jpg,paper,paper,0.4662252366542816
v5_int8,clean,test/paper/paper563.jpg,paper,paper,0.4381951093673706
v5_int8,clean,test/paper/paper569.jpg,paper,paper,0.6820874810218811
v5_int8,clean,test/paper/paper570.jpg,paper,paper,0.5837030410766602
v5_int8,clean,test/paper/paper576.jpg,paper,plastic,0.6374954581260681
v5_int8,clean,test/paper/paper58.jpg,paper,paper,0.6721280217170715
v5_int8,clean,test/paper/paper586.jpg,paper,paper,0.6185111403465271
v5_int8,clean,test/paper/paper593.jpg,paper,paper,0.5436740517616272
v5_int8,clean,test/paper/paper6.jpg,paper,paper,0.6344558000564575
v5_int8,clean,test/paper/paper68.jpg,paper,paper,0.46689310669898987
v5_int8,clean,test/paper/paper69.jpg,paper,paper,0.5053313374519348
v5_int8,clean,test/paper/paper7.jpg,paper,paper,0.78544682264328
v5_int8,clean,test/paper/paper70.jpg,paper,paper,0.5037502646446228
v5_int8,clean,test/paper/paper77.jpg,paper,paper,0.8371966481208801
v5_int8,clean,test/paper/paper86.jpg,paper,organic,0.5841115117073059
v5_int8,clean,test/paper/paper94.jpg,paper,paper,0.35091617703437805
v5_int8,clean,test/paper/paper97.jpg,paper,paper,0.5832951068878174
v5_int8,clean,test/plastic/plastic103.jpg,plastic,plastic,0.734060525894165
v5_int8,clean,test/plastic/plastic114.jpg,plastic,plastic,0.5217857360839844
v5_int8,clean,test/plastic/plastic122.jpg,plastic,plastic,0.9159088730812073
v5_int8,clean,test/plastic/plastic125.jpg,plastic,paper,0.46269598603248596
v5_int8,clean,test/plastic/plastic126.jpg,plastic,plastic,0.4217192828655243
v5_int8,clean,test/plastic/plastic132.jpg,plastic,plastic,0.4688260555267334
v5_int8,clean,test/plastic/plastic138.jpg,plastic,plastic,0.5333577394485474
v5_int8,clean,test/plastic/plastic145.jpg,plastic,paper,0.5128920078277588
v5_int8,clean,test/plastic/plastic146.jpg,plastic,paper,0.5343125462532043
v5_int8,clean,test/plastic/plastic152.jpg,plastic,paper,0.6694340109825134
v5_int8,clean,test/plastic/plastic156.jpg,plastic,paper,0.5124959349632263
v5_int8,clean,test/plastic/plastic159.jpg,plastic,plastic,0.6165416240692139
v5_int8,clean,test/plastic/plastic170.jpg,plastic,paper,0.4277490973472595
v5_int8,clean,test/plastic/plastic172.jpg,plastic,plastic,0.7245150208473206
v5_int8,clean,test/plastic/plastic177.jpg,plastic,plastic,0.7532121539115906
v5_int8,clean,test/plastic/plastic187.jpg,plastic,plastic,0.7070567011833191
v5_int8,clean,test/plastic/plastic2.jpg,plastic,paper,0.6297085285186768
v5_int8,clean,test/plastic/plastic201.jpg,plastic,other,0.5106777548789978
v5_int8,clean,test/plastic/plastic205.jpg,plastic,plastic,0.8082219362258911
v5_int8,clean,test/plastic/plastic207.jpg,plastic,plastic,0.7122604846954346
v5_int8,clean,test/plastic/plastic21.jpg,plastic,plastic,0.8043459057807922
v5_int8,clean,test/plastic/plastic214.jpg,plastic,plastic,0.8078998923301697
v5_int8,clean,test/plastic/plastic217.jpg,plastic,plastic,0.9466800093650818
v5_int8,clean,test/plastic/plastic226.jpg,plastic,plastic,0.8067881464958191
v5_int8,clean,test/plastic/plastic227.jpg,plastic,plastic,0.8658555150032043
v5_int8,clean,test/plastic/plastic242.jpg,plastic,plastic,0.7635629773139954
v5_int8,clean,test/plastic/plastic251.jpg,plastic,plastic,0.9237116575241089
v5_int8,clean,test/plastic/plastic252.jpg,plastic,plastic,0.8226610422134399
v5_int8,clean,test/plastic/plastic253.jpg,plastic,plastic,0.9019620418548584
v5_int8,clean,test/plastic/plastic260.jpg,plastic,plastic,0.6740221977233887
v5_int8,clean,test/plastic/plastic264.jpg,plastic,other,0.6876228451728821
v5_int8,clean,test/plastic/plastic265.jpg,plastic,plastic,0.9213243126869202
v5_int8,clean,test/plastic/plastic268.jpg,plastic,other,0.5150740146636963
v5_int8,clean,test/plastic/plastic270.jpg,plastic,plastic,0.8815153241157532
v5_int8,clean,test/plastic/plastic285.jpg,plastic,other,0.7163160443305969
v5_int8,clean,test/plastic/plastic305.jpg,plastic,paper,0.5122156739234924
v5_int8,clean,test/plastic/plastic306.jpg,plastic,plastic,0.945350170135498
v5_int8,clean,test/plastic/plastic312.jpg,plastic,other,0.42162996530532837
v5_int8,clean,test/plastic/plastic314.jpg,plastic,paper,0.47533631324768066
v5_int8,clean,test/plastic/plastic315.jpg,plastic,plastic,0.7710651755332947
v5_int8,clean,test/plastic/plastic317.jpg,plastic,plastic,0.8907241225242615
v5_int8,clean,test/plastic/plastic32.jpg,plastic,plastic,0.9091742634773254
v5_int8,clean,test/plastic/plastic328.jpg,plastic,paper,0.4439631700515747
v5_int8,clean,test/plastic/plastic348.jpg,plastic,plastic,0.7879290580749512
v5_int8,clean,test/plastic/plastic349.jpg,plastic,plastic,0.9451821446418762
v5_int8,clean,test/plastic/plastic372.jpg,plastic,plastic,0.8973976969718933
v5_int8,clean,test/plastic/plastic374.jpg,plastic,plastic,0.3992100954055786
v5_int8,clean,test/plastic/plastic379.jpg,plastic,plastic,0.9311978220939636
v5_int8,clean,test/plastic/plastic383.jpg,plastic,plastic,0.5765641331672668
v5_int8,clean,test/plastic/plastic388.jpg,plastic,plastic,0.9256181716918945
v5_int8,clean,test/plastic/plastic39.jpg,plastic,plastic,0.7012872099876404
v5_int8,clean,test/plastic/plastic390.jpg,plastic,plastic,0.8231364488601685
v5_int8,clean,test/plastic/plastic398.jpg,plastic,plastic,0.915196418762207
v5_int8,clean,test/plastic/plastic399.jpg,plastic,plastic,0.9459164142608643
v5_int8,clean,test/plastic/plastic405.jpg,plastic,paper,0.5550562143325806
v5_int8,clean,test/plastic/plastic411.jpg,plastic,plastic,0.9084394574165344
v5_int8,clean,test/plastic/plastic420.jpg,plastic,plastic,0.8952890038490295
v5_int8,clean,test/plastic/plastic423.jpg,plastic,plastic,0.9511967301368713
v5_int8,clean,test/plastic/plastic426.jpg,plastic,plastic,0.9141145348548889
v5_int8,clean,test/plastic/plastic434.jpg,plastic,plastic,0.902301549911499
v5_int8,clean,test/plastic/plastic438.jpg,plastic,paper,0.5408300757408142
v5_int8,clean,test/plastic/plastic465.jpg,plastic,paper,0.4989408552646637
v5_int8,clean,test/plastic/plastic473.jpg,plastic,plastic,0.5810254812240601
v5_int8,clean,test/plastic/plastic49.jpg,plastic,plastic,0.9355596899986267
v5_int8,clean,test/plastic/plastic64.jpg,plastic,plastic,0.7284636497497559
v5_int8,clean,test/plastic/plastic66.jpg,plastic,plastic,0.8400993347167969
v5_int8,clean,test/plastic/plastic67.jpg,plastic,plastic,0.8982180953025818
v5_int8,clean,test/plastic/plastic79.jpg,plastic,other,0.4916705787181854
v5_int8,clean,test/plastic/plastic80.jpg,plastic,plastic,0.8608526587486267
v5_int8,clean,test/plastic/plastic82.jpg,plastic,plastic,0.5924716591835022
v5_int8,clean,test/plastic/plastic84.jpg,plastic,plastic,0.9028655886650085
v5_int8,clean,test/plastic/plastic93.jpg,plastic,plastic,0.5149685740470886
v5_int8,clean,test/plastic/plastic98.jpg,plastic,other,0.5768147110939026
v5_int8,clean,test/plastic/plastic99.jpg,plastic,plastic,0.9414641261100769
v5_int8,clean,test/organic/organic_0001.jpg,organic,organic,0.7966538667678833
v5_int8,clean,test/organic/organic_0002.jpg,organic,organic,0.9261728525161743
v5_int8,clean,test/organic/organic_0003.jpg,organic,organic,0.7101372480392456
v5_int8,clean,test/organic/organic_0004.jpg,organic,organic,0.5179847478866577
v5_int8,clean,test/organic/organic_0005.jpg,organic,organic,0.5377137064933777
v5_int8,clean,test/organic/organic_0006.jpg,organic,organic,0.9434400796890259
v5_int8,clean,test/organic/organic_0007.jpg,organic,organic,0.5162333250045776
v5_int8,clean,test/organic/organic_0008.jpg,organic,organic,0.6563068628311157
v5_int8,clean,test/organic/organic_0009.jpg,organic,organic,0.8992455005645752
v5_int8,clean,test/organic/organic_0010.jpg,organic,organic,0.9617388248443604
v5_int8,clean,test/organic/organic_0011.jpg,organic,organic,0.9617735147476196
v5_int8,clean,test/organic/organic_0012.jpg,organic,organic,0.9722948670387268
v5_int8,clean,test/organic/organic_0013.jpg,organic,paper,0.5732235312461853
v5_int8,clean,test/organic/organic_0014.jpg,organic,paper,0.6754143834114075
v5_int8,clean,test/organic/organic_0015.jpg,organic,organic,0.9803920388221741
v5_int8,clean,test/organic/organic_0016.jpg,organic,organic,0.8521298170089722
v5_int8,clean,test/organic/organic_0017.jpg,organic,organic,0.9355337023735046
v5_int8,clean,test/organic/organic_0018.jpg,organic,organic,0.6830204725265503
v5_int8,clean,test/organic/organic_0019.jpg,organic,organic,0.33595946431159973
v5_int8,clean,test/organic/organic_0020.jpg,organic,paper,0.5487858057022095
v5_int8,clean,test/organic/organic_0021.jpg,organic,organic,0.9449416399002075
v5_int8,clean,test/organic/organic_0022.jpg,organic,organic,0.6595916152000427
v5_int8,clean,test/organic/organic_0023.jpg,organic,organic,0.8243077993392944
v5_int8,clean,test/organic/organic_0024.jpg,organic,organic,0.6841444969177246
v5_int8,clean,test/organic/organic_0025.jpg,organic,organic,0.9776326417922974
v5_int8,clean,test/organic/organic_0026.jpg,organic,organic,0.5486812591552734
v5_int8,clean,test/organic/organic_0027.jpg,organic,organic,0.8520141839981079
v5_int8,clean,test/organic/organic_0028.jpg,organic,organic,0.7635221481323242
v5_int8,clean,test/organic/organic_0029.jpg,organic,organic,0.8975193500518799
v5_int8,clean,test/organic/organic_0030.jpg,organic,organic,0.7949226498603821
v5_int8,clean,test/organic/organic_0031.jpg,organic,organic,0.8856077194213867
v5_int8,clean,test/organic/organic_0032.jpg,organic,organic,0.8056489825248718
v5_int8,clean,test/organic/organic_0033.jpg,organic,organic,0.9851694107055664
v5_int8,clean,test/organic/organic_0034.jpg,organic,organic,0.7842805981636047
v5_int8,clean,test/organic/organic_0035.jpg,organic,other,0.6985976696014404
v5_int8,clean,test/organic/organic_0036.jpg,organic,organic,0.5371139049530029
v5_int8,clean,test/organic/organic_0037.jpg,organic,organic,0.8559322953224182
v5_int8,clean,test/organic/organic_0038.jpg,organic,other,0.47114798426628113
v5_int8,clean,test/organic/organic_0039.jpg,organic,organic,0.9228188395500183
v5_int8,clean,test/organic/organic_0040.jpg,organic,organic,0.9425838589668274
v5_int8,clean,test/organic/organic_0041.jpg,organic,organic,0.7993229031562805
v5_int8,clean,test/organic/organic_0042.jpg,organic,organic,0.828499972820282
v5_int8,clean,test/organic/organic_0043.jpg,organic,organic,0.5270981192588806
v5_int8,clean,test/organic/organic_0044.jpg,organic,organic,0.4754408001899719
v5_int8,clean,test/organic/organic_0045.jpg,organic,organic,0.8218911290168762
v5_int8,clean,test/organic/organic_0046.jpg,organic,paper,0.5880181789398193
v5_int8,clean,test/organic/organic_0047.jpg,organic,organic,0.9541571140289307
v5_int8,clean,test/organic/organic_0048.jpg,organic,paper,0.4698184132575989
v5_int8,clean,test/organic/organic_0049.jpg,organic,organic,0.9779710173606873
v5_int8,clean,test/organic/organic_0050.jpg,organic,organic,0.912257194519043
v5_int8,clean,test/organic/organic_0051.jpg,organic,paper,0.6677154302597046
v5_int8,clean,test/organic/organic_0052.jpg,organic,organic,0.909870445728302
v5_int8,clean,test/organic/organic_0053.jpg,organic,organic,0.7851665019989014
v5_int8,clean,test/organic/organic_0054.jpg,organic,organic,0.7560235261917114
v5_int8,clean,test/organic/organic_0055.jpg,organic,organic,0.836612343788147
v5_int8,clean,test/organic/organic_0056.jpg,organic,organic,0.6791062355041504
v5_int8,clean,test/organic/organic_0057.jpg,organic,organic,0.8797973394393921
v5_int8,clean,test/organic/organic_0058.jpg,organic,organic,0.946887731552124
v5_int8,clean,test/organic/organic_0059.jpg,organic,organic,0.8516218662261963
v5_int8,clean,test/organic/organic_0060.jpg,organic,organic,0.6606711745262146
v5_int8,clean,test/organic/organic_0061.jpg,organic,paper,0.6182641983032227
v5_int8,clean,test/organic/organic_0062.jpg,organic,organic,0.7957261800765991
v5_int8,clean,test/organic/organic_0063.jpg,organic,organic,0.9145249128341675
v5_int8,clean,test/organic/organic_0064.jpg,organic,organic,0.8618090748786926
v5_int8,clean,test/organic/organic_0065.jpg,organic,organic,0.7857855558395386
v5_int8,clean,test/organic/organic_0066.jpg,organic,organic,0.924429714679718
v5_int8,clean,test/organic/organic_0067.jpg,organic,organic,0.4567234218120575
v5_int8,clean,test/organic/organic_0068.jpg,organic,organic,0.7953730821609497
v5_int8,clean,test/organic/organic_0069.jpg,organic,organic,0.94440758228302
v5_int8,clean,test/organic/organic_0070.jpg,organic,plastic,0.3208668828010559
v5_int8,clean,test/organic/organic_0071.jpg,organic,organic,0.9920850396156311
v5_int8,clean,test/organic/organic_0072.jpg,organic,organic,0.982379674911499
v5_int8,clean,test/organic/organic_0073.jpg,organic,organic,0.9629938006401062
v5_int8,clean,test/organic/organic_0074.jpg,organic,organic,0.8888661861419678
v5_int8,clean,test/other/cardboard105.jpg,other,other,0.9236062169075012
v5_int8,clean,test/other/cardboard115.jpg,other,other,0.8624585270881653
v5_int8,clean,test/other/cardboard121.jpg,other,other,0.5098440051078796
v5_int8,clean,test/other/cardboard125.jpg,other,other,0.6435160040855408
v5_int8,clean,test/other/cardboard128.jpg,other,other,0.4014740586280823
v5_int8,clean,test/other/cardboard160.jpg,other,other,0.8285665512084961
v5_int8,clean,test/other/cardboard162.jpg,other,plastic,0.4423277676105499
v5_int8,clean,test/other/cardboard175.jpg,other,other,0.49988701939582825
v5_int8,clean,test/other/cardboard18.jpg,other,other,0.7778939604759216
v5_int8,clean,test/other/cardboard184.jpg,other,other,0.8410289883613586
v5_int8,clean,test/other/cardboard19.jpg,other,other,0.8825052976608276
v5_int8,clean,test/other/cardboard190.jpg,other,paper,0.5526675581932068
v5_int8,clean,test/other/cardboard2.jpg,other,plastic,0.38159704208374023
v5_int8,clean,test/other/cardboard208.jpg,other,other,0.9002036452293396
v5_int8,clean,test/other/cardboard210.jpg,other,other,0.905096709728241
v5_int8,clean,test/other/cardboard213.jpg,other,other,0.8888719081878662
v5_int8,clean,test/other/cardboard214.jpg,other,other,0.7860992550849915
v5_int8,clean,test/other/cardboard216.jpg,other,plastic,0.5076833367347717
v5_int8,clean,test/other/cardboard218.jpg,other,other,0.5430681109428406
v5_int8,clean,test/other/cardboard222.jpg,other,other,0.9507951736450195
v5_int8,clean,test/other/cardboard231.jpg,other,other,0.9103466868400574
v5_int8,clean,test/other/cardboard239.jpg,other,other,0.46361520886421204
v5_int8,clean,test/other/cardboard248.jpg,other,other,0.4516362249851227
v5_int8,clean,test/other/cardboard252.jpg,other,other,0.6876353025436401
v5_int8,clean,test/other/cardboard259.jpg,other,other,0.9565357565879822
v5_int8,clean,test/other/cardboard260.jpg,other,other,0.7203999757766724
v5_int8,clean,test/other/cardboard261.jpg,other,other,0.89047771692276
v5_int8,clean,test/other/cardboard266.jpg,other,organic,0.5168941617012024
v5_int8,clean,test/other/cardboard274.jpg,other,other,0.39546114206314087
v5_int8,clean,test/other/cardboard276.jpg,other,other,0.4239532947540283
v5_int8,clean,test/other/cardboard286.jpg,other,other,0.4457229673862457
v5_int8,clean,test/other/cardboard289.jpg,other,other,0.9254171252250671
v5_int8,clean,test/other/cardboard290.jpg,other,other,0.6499138474464417
v5_int8,clean,test/other/cardboard293.jpg,other,other,0.9050534963607788
v5_int8,clean,test/other/cardboard299.jpg,other,other,0.8917593359947205
v5_int8,clean,test/other/cardboard304.jpg,other,other,0.9019423723220825
v5_int8,clean,test/other/cardboard308.jpg,other,other,0.6126066446304321
v5_int8,clean,test/other/cardboard31.jpg,other,other,0.9463425874710083
v5_int8,clean,test/other/cardboard310.jpg,other,other,0.9609002470970154
v5_int8,clean,test/other/cardboard312.jpg,other,other,0.918299674987793
v5_int8,clean,test/other/cardboard313.jpg,other,other,0.9749880433082581
v5_int8,clean,test/other/cardboard314.jpg,other,other,0.9501118659973145
v5_int8,clean,test/other/cardboard321.jpg,other,other,0.6696228384971619
v5_int8,clean,test/other/cardboard323.jpg,other,other,0.799005925655365
v5_int8,clean,test/other/cardboard332.jpg,other,other,0.9373714327812195
v5_int8,clean,test/other/cardboard334.jpg,other,other,0.8852143287658691
v5_int8,clean,test/other/cardboard34.jpg,other,other,0.8998709917068481
v5_int8,clean,test/other/cardboard356.jpg,other,other,0.8181893825531006
v5_int8,clean,test/other/cardboard363.jpg,other,other,0.6392141580581665
v5_int8,clean,test/other/cardboard372.jpg,other,other,0.7867367267608643
v5_int8,clean,test/other/cardboard383.jpg,other,other,0.5039458274841309
v5_int8,clean,test/other/cardboard384.jpg,other,organic,0.5846288204193115
v5_int8,clean,test/other/cardboard387.jpg,other,plastic,0.6967067122459412
v5_int8,clean,test/other/cardboard388.jpg,other,other,0.8845358490943909
v5_int8,clean,test/other/cardboard397.jpg,other,other,0.933225691318512
v5_int8,clean,test/other/cardboard40.jpg,other,other,0.9347676634788513
v5_int8,clean,test/other/cardboard401.jpg,other,other,0.9678359627723694
v5_int8,clean,test/other/cardboard44.jpg,other,other,0.9029742479324341
v5_int8,clean,test/other/cardboard51.jpg,other,other,0.9765418767929077
v5_int8,clean,test/other/cardboard57.jpg,other,other,0.9060817360877991
v5_int8,clean,test/other/cardboard63.jpg,other,plastic,0.7054013609886169
v5_int8,clean,test/other/cardboard69.jpg,other,paper,0.4286176860332489
v5_int8,clean,test/other/cardboard71.jpg,other,other,0.7929217219352722
v5_int8,clean,test/other/cardboard73.jpg,other,other,0.7354052662849426
v5_int8,clean,test/other/cardboard8.jpg,other,other,0.9071735143661499
v5_int8,clean,test/other/cardboard88.jpg,other,other,0.8725786209106445
v5_int8,clean,test/other/cardboard89.jpg,other,other,0.8324654698371887
v5_int8,clean,test/other/cardboard9.jpg,other,other,0.9556057453155518
v5_int8,clean,test/other/cardboard92.jpg,other,other,0.893948495388031
v5_int8,clean,test/other/cardboard98.jpg,other,other,0.8692972660064697
v5_int8,clean,test/other/metal112.jpg,other,other,0.5308828353881836
v5_int8,clean,test/other/metal114.jpg,other,paper,0.5592518448829651
v5_int8,clean,test/other/metal119.jpg,other,paper,0.44092217087745667
v5_int8,clean,test/other/metal12.jpg,other,other,0.5607020258903503
v5_int8,clean,test/other/metal13.jpg,other,other,0.47450459003448486
v5_int8,clean,test/other/metal133.jpg,other,other,0.750525712966919
v5_int8,clean,test/other/metal134.jpg,other,other,0.49278828501701355
v5_int8,clean,test/other/metal139.jpg,other,other,0.5272649526596069
v5_int8,clean,test/other/metal143.jpg,other,paper,0.40692242980003357
v5_int8,clean,test/other/metal146.jpg,other,other,0.8398118019104004
v5_int8,clean,test/other/metal157.jpg,other,paper,0.34279415011405945
v5_int8,clean,test/other/metal159.jpg,other,plastic,0.4411819875240326
v5_int8,clean,test/other/metal161.jpg,other,plastic,0.6342625617980957
v5_int8,clean,test/other/metal170.jpg,other,paper,0.7357462644577026
v5_int8,clean,test/other/metal172.jpg,other,paper,0.7003101706504822
v5_int8,clean,test/other/metal175.jpg,other,paper,0.6106817126274109
v5_int8,clean,test/other/metal18.jpg,other,plastic,0.7253828048706055
v5_int8,clean,test/other/metal186.jpg,other,other,0.5738994479179382
v5_int8,clean,test/other/metal187.jpg,other,other,0.3625554144382477
v5_int8,clean,test/other/metal188.jpg,other,paper,0.3585832715034485
v5_int8,clean,test/other/metal192.jpg,other,other,0.4494994878768921
v5_int8,clean,test/other/metal198.jpg,other,other,0.5350177884101868
v5_int8,clean,test/other/metal201.jpg,other,plastic,0.521227240562439
v5_int8,clean,test/other/metal205.jpg,other,paper,0.40772050619125366
v5_int8,clean,test/other/metal209.jpg,other,plastic,0.34418630599975586
v5_int8,clean,test/other/metal217.jpg,other,other,0.5266698002815247
v5_int8,clean,test/other/metal239.jpg,other,other,0.4551437199115753
v5_int8,clean,test/other/metal24.jpg,other,paper,0.3862577974796295
v5_int8,clean,test/other/metal246.jpg,other,other,0.38563621044158936
v5_int8,clean,test/other/metal247.jpg,other,other,0.5489044189453125
v5_int8,clean,test/other/metal248.jpg,other,plastic,0.6011679768562317
v5_int8,clean,test/other/metal249.jpg,other,paper,0.4722364544868469
v5_int8,clean,test/other/metal258.jpg,other,paper,0.592319667339325
v5_int8,clean,test/other/metal261.jpg,other,other,0.38238096237182617
v5_int8,clean,test/other/metal263.jpg,other,other,0.581088662147522
v5_int8,clean,test/other/metal269.jpg,other,other,0.6382508873939514
v5_int8,clean,test/other/metal27.jpg,other,other,0.33861806988716125
v5_int8,clean,test/other/metal275.jpg,other,other,0.5962989330291748
v5_int8,clean,test/other/metal292.jpg,other,plastic,0.6307346224784851
v5_int8,clean,test/other/metal296.jpg,other,plastic,0.5033856630325317
v5_int8,clean,test/other/metal317.jpg,other,other,0.4960983395576477
v5_int8,clean,test/other/metal324.jpg,other,organic,0.4135723114013672
v5_int8,clean,test/other/metal325.jpg,other,other,0.612333357334137
v5_int8,clean,test/other/metal328.jpg,other,other,0.5577319860458374
v5_int8,clean,test/other/metal33.jpg,other,other,0.4327223300933838
v5_int8,clean,test/other/metal341.jpg,other,paper,0.5159138441085815
v5_int8,clean,test/other/metal344.jpg,other,plastic,0.6961886882781982
v5_int8,clean,test/other/metal350.jpg,other,plastic,0.45859795808792114
v5_int8,clean,test/other/metal355.jpg,other,other,0.8666855692863464
v5_int8,clean,test/other/metal364.jpg,other,other,0.6899479627609253
v5_int8,clean,test/other/metal370.jpg,other,other,0.5669645071029663
v5_int8,clean,test/other/metal387.jpg,other,other,0.4878239035606384
v5_int8,clean,test/other/metal389.jpg,other,other,0.577227771282196
v5_int8,clean,test/other/metal393.jpg,other,paper,0.34725579619407654
v5_int8,clean,test/other/metal394.jpg,other,other,0.4618540406227112
v5_int8,clean,test/other/metal395.jpg,other,other,0.36333319544792175
v5_int8,clean,test/other/metal403.jpg,other,other,0.8391583561897278
v5_int8,clean,test/other/metal48.jpg,other,paper,0.4766380190849304
v5_int8,clean,test/other/metal50.jpg,other,other,0.4546998143196106
v5_int8,clean,test/other/metal52.jpg,other,paper,0.4433537721633911
v5_int8,clean,test/other/metal62.jpg,other,other,0.4071534276008606
v5_int8,clean,test/other/metal65.jpg,other,paper,0.3865392208099365
v5_int8,clean,test/other/metal68.jpg,other,other,0.5050311088562012
v5_int8,clean,test/other/metal77.jpg,other,paper,0.5550722479820251
v5_int8,clean,test/other/metal80.jpg,other,other,0.4358168840408325
v5_int8,clean,test/other/metal84.jpg,other,other,0.4883449673652649
v5_int8,clean,test/other/metal87.jpg,other,other,0.4776287376880646
v5_int8,clean,test/other/metal99.jpg,other,other,0.7874987721443176
v5_int8,low_light,test/paper/paper104.jpg,paper,paper,0.46620482206344604
v5_int8,low_light,test/paper/paper112.jpg,paper,other,0.4604451060295105
v5_int8,low_light,test/paper/paper113.jpg,paper,paper,0.5732038617134094
v5_int8,low_light,test/paper/paper114.jpg,paper,paper,0.5653332471847534
v5_int8,low_light,test/paper/paper12.jpg,paper,plastic,0.3504454493522644
v5_int8,low_light,test/paper/paper120.jpg,paper,plastic,0.6147826910018921
v5_int8,low_light,test/paper/paper124.jpg,paper,plastic,0.6421377062797546
v5_int8,low_light,test/paper/paper125.jpg,paper,other,0.46149924397468567
v5_int8,low_light,test/paper/paper129.jpg,paper,paper,0.568600058555603
v5_int8,low_light,test/paper/paper13.jpg,paper,plastic,0.7929612398147583
v5_int8,low_light,test/paper/paper137.jpg,paper,plastic,0.41780364513397217
v5_int8,low_light,test/paper/paper143.jpg,paper,plastic,0.6898406147956848
v5_int8,low_light,test/paper/paper149.jpg,paper,plastic,0.45833277702331543
v5_int8,low_light,test/paper/paper161.jpg,paper,paper,0.47848933935165405
v5_int8,low_light,test/paper/paper167.jpg,paper,paper,0.4717666208744049
v5_int8,low_light,test/paper/paper169.jpg,paper,plastic,0.661577045917511
v5_int8,low_light,test/paper/paper186.jpg,paper,plastic,0.39979901909828186
v5_int8,low_light,test/paper/paper188.jpg,paper,paper,0.8065671920776367
v5_int8,low_light,test/paper/paper208.jpg,paper,paper,0.48279663920402527
v5_int8,low_light,test/paper/paper209.jpg,paper,organic,0.5021867752075195
v5_int8,low_light,test/paper/paper218.jpg,paper,other,0.4733980596065521
v5_int8,low_light,test/paper/paper219.jpg,paper,plastic,0.7054004669189453
v5_int8,low_light,test/paper/paper220.jpg,paper,plastic,0.5732038021087646
v5_int8,low_light,test/paper/paper225.jpg,paper,plastic,0.6124854683876038
v5_int8,low_light,test/paper/paper230.jpg,paper,plastic,0.5053700804710388
v5_int8,low_light,test/paper/paper235.jpg,paper,other,0.5442864298820496
v5_int8,low_light,test/paper/paper266.jpg,paper,paper,0.4542659819126129
v5_int8,low_light,test/paper/paper269.jpg,paper,paper,0.39892274141311646
v5_int8,low_light,test/paper/paper271.jpg,paper,plastic,0.40764155983924866
v5_int8,low_light,test/paper/paper273.jpg,paper,plastic,0.6596041321754456
v5_int8,low_light,test/paper/paper276.jpg,paper,plastic,0.3638247549533844
v5_int8,low_light,test/paper/paper279.jpg,paper,plastic,0.5416774153709412
v5_int8,low_light,test/paper/paper282.jpg,paper,plastic,0.7062054872512817
v5_int8,low_light,test/paper/paper286.jpg,paper,paper,0.5168096423149109
v5_int8,low_light,test/paper/paper289.jpg,paper,paper,0.5612536072731018
v5_int8,low_light,test/paper/paper294.jpg,paper,plastic,0.6360210180282593
v5_int8,low_light,test/paper/paper3.jpg,paper,other,0.44596707820892334
v5_int8,low_light,test/paper/paper301.jpg,paper,other,0.5250551700592041
v5_int8,low_light,test/paper/paper303.jpg,paper,plastic,0.5466753244400024
v5_int8,low_light,test/paper/paper311.jpg,paper,organic,0.6614977717399597
v5_int8,low_light,test/paper/paper319.jpg,paper,paper,0.5037935972213745
v5_int8,low_light,test/paper/paper32.jpg,paper,plastic,0.42829734086990356
v5_int8,low_light,test/paper/paper346.jpg,paper,plastic,0.40405911207199097
v5_int8,low_light,test/paper/paper348.jpg,paper,other,0.48316648602485657
v5_int8,low_light,test/paper/paper350.jpg,paper,plastic,0.617159903049469
v5_int8,low_light,test/paper/paper354.jpg,paper,other,0.4024369418621063
v5_int8,low_light,test/paper/paper356.jpg,paper,paper,0.4234195053577423
v5_int8,low_light,test/paper/paper357.jpg,paper,plastic,0.7052546143531799
v5_int8,low_light,test/paper/paper361.jpg,paper,plastic,0.6176025867462158
v5_int8,low_light,test/paper/paper362.jpg,paper,other,0.46648159623146057
v5_int8,low_light,test/paper/paper368.jpg,paper,plastic,0.5388092398643494
v5_int8,low_light,test/paper/paper373.jpg,paper,plastic,0.6149908304214478
v5_int8,low_light,test/paper/paper380.jpg,paper,paper,0.39603307843208313
v5_int8,low_light,test/paper/paper381.jpg,paper,paper,0.41883915662765503
v5_int8,low_light,test/paper/paper385.jpg,paper,plastic,0.6085942387580872
v5_int8,low_light,test/paper/paper392.jpg,paper,paper,0.5176657438278198
v5_int8,low_light,test/paper/paper396.jpg,paper,plastic,0.46832236647605896
v5_int8,low_light,test/paper/paper404.jpg,paper,plastic,0.38277357816696167
v5_int8,low_light,test/paper/paper405.jpg,paper,paper,0.46747079491615295
v5_int8,low_light,test/paper/paper416.jpg,paper,plastic,0.5881175398826599
v5_int8,low_light,test/paper/paper417.jpg,paper,plastic,0.4667746126651764
v5_int8,low_light,test/paper/paper422.jpg,paper,paper,0.3944507837295532
v5_int8,low_light,test/paper/paper434.jpg,paper,plastic,0.4441240429878235
v5_int8,low_light,test/paper/paper444.jpg,paper,plastic,0.6451452374458313
v5_int8,low_light,test/paper/paper450.jpg,paper,paper,0.6591470837593079
v5_int8,low_light,test/paper/paper457.jpg,paper,organic,0.3727209270000458
v5_int8,low_light,test/paper/paper460.jpg,paper,other,0.4771592319011688
v5_int8,low_light,test/paper/paper461.jpg,paper,plastic,0.6866195201873779
v5_int8,low_light,test/paper/paper462.jpg,paper,paper,0.45679205656051636
v5_int8,low_light,test/paper/paper465.jpg,paper,plastic,0.38585546612739563
v5_int8,low_light,test/paper/paper474.jpg,paper,organic,0.44225290417671204
v5_int8,low_light,test/paper/paper48.jpg,paper,paper,0.5080655217170715
v5_int8,low_light,test/paper/paper495.jpg,paper,plastic,0.549078106880188
v5_int8,low_light,test/paper/paper500.jpg,paper,plastic,0.3910679221153259
v5_int8,low_light,test/paper/paper502.jpg,paper,paper,0.4414450526237488
v5_int8,low_light,test/paper/paper503.jpg,paper,plastic,0.6279422640800476
v5_int8,low_light,test/paper/paper505.jpg,paper,plastic,0.5992111563682556
v5_int8,low_light,test/paper/paper508.jpg,paper,plastic,0.4527987241744995
v5_int8,low_light,test/paper/paper515.jpg,paper,plastic,0.6870608329772949
v5_int8,low_light,test/paper/paper525.jpg,paper,other,0.527779221534729
v5_int8,low_light,test/paper/paper527.jpg,paper,other,0.5480990409851074
v5_int8,low_light,test/paper/paper53.jpg,paper,paper,0.3703709542751312
v5_int8,low_light,test/paper/paper534.jpg,paper,paper,0.4706829786300659
v5_int8,low_light,test/paper/paper537.jpg,paper,paper,0.3963760733604431
v5_int8,low_light,test/paper/paper541.jpg,paper,other,0.44014331698417664
v5_int8,low_light,test/paper/paper542.jpg,paper,paper,0.4884600043296814
v5_int8,low_light,test/paper/paper543.jpg,paper,paper,0.42335963249206543
v5_int8,low_light,test/paper/paper547.jpg,paper,paper,0.437919020652771
v5_int8,low_light,test/paper/paper548.jpg,paper,plastic,0.5087963938713074
v5_int8,low_light,test/paper/paper55.jpg,paper,paper,0.7461524605751038
v5_int8,low_light,test/paper/paper557.jpg,paper,plastic,0.636919379234314
v5_int8,low_light,test/paper/paper558.jpg,paper,organic,0.42784565687179565
v5_int8,low_light,test/paper/paper563.jpg,paper,other,0.48523449897766113
v5_int8,low_light,test/paper/paper569.jpg,paper,paper,0.6768983602523804
v5_int8,low_light,test/paper/paper570.jpg,paper,paper,0.41263777017593384
v5_int8,low_light,test/paper/paper576.jpg,paper,plastic,0.6048616766929626
v5_int8,low_light,test/paper/paper58.jpg,paper,plastic,0.57327800989151
v5_int8,low_light,test/paper/paper586.jpg,paper,paper,0.4504568874835968
v5_int8,low_light,test/paper/paper593.jpg,paper,plastic,0.6010240912437439
v5_int8,low_light,test/paper/paper6.jpg,paper,plastic,0.5170904397964478
v5_int8,low_light,test/paper/paper68.jpg,paper,paper,0.35317862033843994
v5_int8,low_light,test/paper/paper69.jpg,paper,organic,0.3785981237888336
v5_int8,low_light,test/paper/paper7.jpg,paper,paper,0.629951536655426
v5_int8,low_light,test/paper/paper70.jpg,paper,other,0.5232370495796204
v5_int8,low_light,test/paper/paper77.jpg,paper,paper,0.48564228415489197
v5_int8,low_light,test/paper/paper86.jpg,paper,organic,0.5756873488426208
v5_int8,low_light,test/paper/paper94.jpg,paper,plastic,0.45853129029273987
v5_int8,low_light,test/paper/paper97.jpg,paper,paper,0.5849624276161194
v5_int8,low_light,test/plastic/plastic103.jpg,plastic,other,0.4729501008987427
v5_int8,low_light,test/plastic/plastic114.jpg,plastic,plastic,0.47347646951675415
v5_int8,low_light,test/plastic/plastic122.jpg,plastic,plastic,0.4887762665748596
v5_int8,low_light,test/plastic/plastic125.jpg,plastic,other,0.37151625752449036
v5_int8,low_light,test/plastic/plastic126.jpg,plastic,plastic,0.46914058923721313
v5_int8,low_light,test/plastic/plastic132.jpg,plastic,other,0.5217542052268982
v5_int8,low_light,test/plastic/plastic138.jpg,plastic,plastic,0.5658150315284729
v5_int8,low_light,test/plastic/plastic145.jpg,plastic,plastic,0.5473091006278992
v5_int8,low_light,test/plastic/plastic146.jpg,plastic,plastic,0.6390112638473511
v5_int8,low_light,test/plastic/plastic152.jpg,plastic,plastic,0.49825936555862427
v5_int8,low_light,test/plastic/plastic156.jpg,plastic,plastic,0.6059274077415466
v5_int8,low_light,test/plastic/plastic159.jpg,plastic,other,0.5973606705665588
v5_int8,low_light,test/plastic/plastic170.jpg,plastic,plastic,0.606501579284668
v5_int8,low_light,test/plastic/plastic172.jpg,plastic,plastic,0.801521360874176
v5_int8,low_light,test/plastic/plastic177.jpg,plastic,plastic,0.44447535276412964
v5_int8,low_light,test/plastic/plastic187.jpg,plastic,other,0.5036107897758484
v5_int8,low_light,test/plastic/plastic2.jpg,plastic,plastic,0.6368139982223511
v5_int8,low_light,test/plastic/plastic201.jpg,plastic,other,0.5727657079696655
v5_int8,low_light,test/plastic/plastic205.jpg,plastic,other,0.4770316779613495
v5_int8,low_light,test/plastic/plastic207.jpg,plastic,plastic,0.39615127444267273
v5_int8,low_light,test/plastic/plastic21.jpg,plastic,plastic,0.5382521152496338
v5_int8,low_light,test/plastic/plastic214.jpg,plastic,other,0.5143930912017822
v5_int8,low_light,test/plastic/plastic217.jpg,plastic,plastic,0.5972825884819031
v5_int8,low_light,test/plastic/plastic226.jpg,plastic,other,0.46017447113990784
v5_int8,low_light,test/plastic/plastic227.jpg,plastic,other,0.4853716194629669
v5_int8,low_light,test/plastic/plastic242.jpg,plastic,other,0.3785981237888336
v5_int8,low_light,test/plastic/plastic251.jpg,plastic,other,0.44183146953582764
v5_int8,low_light,test/plastic/plastic252.jpg,plastic,other,0.4232465624809265
v5_int8,low_light,test/plastic/plastic253.jpg,plastic,other,0.5030208826065063
v5_int8,low_light,test/plastic/plastic260.jpg,plastic,plastic,0.466835081577301
v5_int8,low_light,test/plastic/plastic264.jpg,plastic,other,0.7646163702011108
v5_int8,low_light,test/plastic/plastic265.jpg,plastic,other,0.4409881830215454
v5_int8,low_light,test/plastic/plastic268.jpg,plastic,other,0.6160224676132202
v5_int8,low_light,test/plastic/plastic270.jpg,plastic,other,0.4962760806083679
v5_int8,low_light,test/plastic/plastic285.jpg,plastic,other,0.5946280360221863
v5_int8,low_light,test/plastic/plastic305.jpg,plastic,plastic,0.5529075264930725
v5_int8,low_light,test/plastic/plastic306.jpg,plastic,plastic,0.5927282571792603
v5_int8,low_light,test/plastic/plastic312.jpg,plastic,other,0.6027970314025879
v5_int8,low_light,test/plastic/plastic314.jpg,plastic,plastic,0.40070849657058716
v5_int8,low_light,test/plastic/plastic315.jpg,plastic,other,0.3895675837993622
v5_int8,low_light,test/plastic/plastic317.jpg,plastic,plastic,0.6575132608413696
v5_int8,low_light,test/plastic/plastic32.jpg,plastic,plastic,0.44469866156578064
v5_int8,low_light,test/plastic/plastic328.jpg,plastic,plastic,0.4570252001285553
v5_int8,low_light,test/plastic/plastic348.jpg,plastic,plastic,0.4869096577167511
v5_int8,low_light,test/plastic/plastic349.jpg,plastic,plastic,0.5826852917671204
v5_int8,low_light,test/plastic/plastic372.jpg,plastic,plastic,0.533355712890625
v5_int8,low_light,test/plastic/plastic374.jpg,plastic,other,0.5052448511123657
v5_int8,low_light,test/plastic/plastic379.jpg,plastic,plastic,0.6406670212745667
v5_int8,low_light,test/plastic/plastic383.jpg,plastic,plastic,0.6466697454452515
v5_int8,low_light,test/plastic/plastic388.jpg,plastic,other,0.4894312024116516
v5_int8,low_light,test/plastic/plastic39.jpg,plastic,other,0.3710067570209503
v5_int8,low_light,test/plastic/plastic390.jpg,plastic,other,0.37588921189308167
v5_int8,low_light,test/plastic/plastic398.jpg,plastic,plastic,0.4595467746257782
v5_int8,low_light,test/plastic/plastic399.jpg,plastic,plastic,0.5614452362060547
v5_int8,low_light,test/plastic/plastic405.jpg,plastic,other,0.41369926929473877
v5_int8,low_light,test/plastic/plastic411.jpg,plastic,plastic,0.7319088578224182
v5_int8,low_light,test/plastic/plastic420.jpg,plastic,plastic,0.7644417881965637
v5_int8,low_light,test/plastic/plastic423.jpg,plastic,other,0.4665219783782959
v5_int8,low_light,test/plastic/plastic426.jpg,plastic,plastic,0.48431891202926636
v5_int8,low_light,test/plastic/plastic434.jpg,plastic,other,0.46293386816978455
v5_int8,low_light,test/plastic/plastic438.jpg,plastic,plastic,0.5615164041519165
v5_int8,low_light,test/plastic/plastic465.jpg,plastic,paper,0.583970308303833
v5_int8,low_light,test/plastic/plastic473.jpg,plastic,plastic,0.7064223289489746
v5_int8,low_light,test/plastic/plastic49.jpg,plastic,plastic,0.5912419557571411
v5_int8,low_light,test/plastic/plastic64.jpg,plastic,plastic,0.46044883131980896
v5_int8,low_light,test/plastic/plastic66.jpg,plastic,plastic,0.43394553661346436
v5_int8,low_light,test/plastic/plastic67.jpg,plastic,other,0.4531426727771759
v5_int8,low_light,test/plastic/plastic79.jpg,plastic,other,0.6797775030136108
v5_int8,low_light,test/plastic/plastic80.jpg,plastic,other,0.47948646545410156
v5_int8,low_light,test/plastic/plastic82.jpg,plastic,plastic,0.6847718954086304
v5_int8,low_light,test/plastic/plastic84.jpg,plastic,plastic,0.5622891187667847
v5_int8,low_light,test/plastic/plastic93.jpg,plastic,plastic,0.4984463155269623
v5_int8,low_light,test/plastic/plastic98.jpg,plastic,other,0.6280554533004761
v5_int8,low_light,test/plastic/plastic99.jpg,plastic,plastic,0.3998364806175232
v5_int8,low_light,test/organic/organic_0001.jpg,organic,organic,0.7151533365249634
v5_int8,low_light,test/organic/organic_0002.jpg,organic,organic,0.692036509513855
v5_int8,low_light,test/organic/organic_0003.jpg,organic,organic,0.48771974444389343
v5_int8,low_light,test/organic/organic_0004.jpg,organic,organic,0.49304839968681335
v5_int8,low_light,test/organic/organic_0005.jpg,organic,organic,0.494758278131485
v5_int8,low_light,test/organic/organic_0006.jpg,organic,organic,0.8666467666625977
v5_int8,low_light,test/organic/organic_0007.jpg,organic,organic,0.5066531300544739
v5_int8,low_light,test/organic/organic_0008.jpg,organic,organic,0.3635381758213043
v5_int8,low_light,test/organic/organic_0009.jpg,organic,organic,0.872718870639801
v5_int8,low_light,test/organic/organic_0010.jpg,organic,organic,0.7087761759757996
v5_int8,low_light,test/organic/organic_0011.jpg,organic,organic,0.9236466884613037
v5_int8,low_light,test/organic/organic_0012.jpg,organic,organic,0.9023963809013367
v5_int8,low_light,test/organic/organic_0013.jpg,organic,paper,0.5897921919822693
v5_int8,low_light,test/organic/organic_0014.jpg,organic,paper,0.5309854745864868
v5_int8,low_light,test/organic/organic_0015.jpg,organic,organic,0.9107693433761597
v5_int8,low_light,test/organic/organic_0016.jpg,organic,organic,0.717651903629303
v5_int8,low_light,test/organic/organic_0017.jpg,organic,organic,0.8936314582824707
v5_int8,low_light,test/organic/organic_0018.jpg,organic,plastic,0.44493213295936584
v5_int8,low_light,test/organic/organic_0019.jpg,organic,other,0.481122761964798
v5_int8,low_light,test/organic/organic_0020.jpg,organic,paper,0.48568931221961975
v5_int8,low_light,test/organic/organic_0021.jpg,organic,organic,0.9078505635261536
v5_int8,low_light,test/organic/organic_0022.jpg,organic,paper,0.47474589943885803
v5_int8,low_light,test/organic/organic_0023.jpg,organic,organic,0.6624405980110168
v5_int8,low_light,test/organic/organic_0024.jpg,organic,organic,0.5068415999412537
v5_int8,low_light,test/organic/organic_0025.jpg,organic,organic,0.9607052206993103
v5_int8,low_light,test/organic/organic_0026.jpg,organic,other,0.6893349289894104
v5_int8,low_light,test/organic/organic_0027.jpg,organic,organic,0.7042173743247986
v5_int8,low_light,test/organic/organic_0028.jpg,organic,organic,0.6741408109664917
v5_int8,low_light,test/organic/organic_0029.jpg,organic,organic,0.7192273139953613
v5_int8,low_light,test/organic/organic_0030.jpg,organic,organic,0.6869688630104065
v5_int8,low_light,test/organic/organic_0031.jpg,organic,organic,0.6877318024635315
v5_int8,low_light,test/organic/organic_0032.jpg,organic,organic,0.8074238896369934
v5_int8,low_light,test/organic/organic_0033.jpg,organic,organic,0.8628053665161133
v5_int8,low_light,test/organic/organic_0034.jpg,organic,organic,0.5028324127197266
v5_int8,low_light,test/organic/organic_0035.jpg,organic,other,0.8432140350341797
v5_int8,low_light,test/organic/organic_0036.jpg,organic,organic,0.5873189568519592
v5_int8,low_light,test/organic/organic_0037.jpg,organic,organic,0.6936002373695374
v5_int8,low_light,test/organic/organic_0038.jpg,organic,other,0.5050307512283325
v5_int8,low_light,test/organic/organic_0039.jpg,organic,organic,0.8183733224868774
v5_int8,low_light,test/organic/organic_0040.jpg,organic,organic,0.49711328744888306
v5_int8,low_light,test/organic/organic_0041.jpg,organic,organic,0.6824571490287781
v5_int8,low_light,test/organic/organic_0042.jpg,organic,organic,0.5905691981315613
v5_int8,low_light,test/organic/organic_0043.jpg,organic,paper,0.3560130000114441
v5_int8,low_light,test/organic/organic_0044.jpg,organic,other,0.8926926851272583
v5_int8,low_light,test/organic/organic_0045.jpg,organic,organic,0.7675583362579346
v5_int8,low_light,test/organic/organic_0046.jpg,organic,organic,0.494069367647171
v5_int8,low_light,test/organic/organic_0047.jpg,organic,organic,0.9227434396743774
v5_int8,low_light,test/organic/organic_0048.jpg,organic,organic,0.5498911142349243
v5_int8,low_light,test/organic/organic_0049.jpg,organic,organic,0.792656660079956
v5_int8,low_light,test/organic/organic_0050.jpg,organic,organic,0.7637916207313538
v5_int8,low_light,test/organic/organic_0051.jpg,organic,paper,0.44024667143821716
v5_int8,low_light,test/organic/organic_0052.jpg,organic,organic,0.89501953125
v5_int8,low_light,test/organic/organic_0053.jpg,organic,organic,0.6432334184646606
v5_int8,low_light,test/organic/organic_0054.jpg,organic,organic,0.5833799242973328
v5_int8,low_light,test/organic/organic_0055.jpg,organic,organic,0.6529531478881836
v5_int8,low_light,test/organic/organic_0056.jpg,organic,organic,0.4233323931694031
v5_int8,low_light,test/organic/organic_0057.jpg,organic,organic,0.8219861388206482
v5_int8,low_light,test/organic/organic_0058.jpg,organic,organic,0.9279968738555908
v5_int8,low_light,test/organic/organic_0059.jpg,organic,organic,0.561228334903717
v5_int8,low_light,test/organic/organic_0060.jpg,organic,paper,0.4742274880409241
v5_int8,low_light,test/organic/organic_0061.jpg,organic,paper,0.38971370458602905
v5_int8,low_light,test/organic/organic_0062.jpg,organic,other,0.7320473790168762
v5_int8,low_light,test/organic/organic_0063.jpg,organic,organic,0.5414736866950989
v5_int8,low_light,test/organic/organic_0064.jpg,organic,other,0.5680228471755981
v5_int8,low_light,test/organic/organic_0065.jpg,organic,other,0.6470543742179871
v5_int8,low_light,test/organic/organic_0066.jpg,organic,organic,0.867006242275238
v5_int8,low_light,test/organic/organic_0067.jpg,organic,plastic,0.5168002247810364
v5_int8,low_light,test/organic/organic_0068.jpg,organic,other,0.48242026567459106
v5_int8,low_light,test/organic/organic_0069.jpg,organic,organic,0.8722472786903381
v5_int8,low_light,test/organic/organic_0070.jpg,organic,plastic,0.37152358889579773
v5_int8,low_light,test/organic/organic_0071.jpg,organic,organic,0.7984806895256042
v5_int8,low_light,test/organic/organic_0072.jpg,organic,organic,0.9588091969490051
v5_int8,low_light,test/organic/organic_0073.jpg,organic,organic,0.9526127576828003
v5_int8,low_light,test/organic/organic_0074.jpg,organic,organic,0.8966956734657288
v5_int8,low_light,test/other/cardboard105.jpg,other,other,0.878881573677063
v5_int8,low_light,test/other/cardboard115.jpg,other,other,0.8870325088500977
v5_int8,low_light,test/other/cardboard121.jpg,other,other,0.7150859832763672
v5_int8,low_light,test/other/cardboard125.jpg,other,other,0.6263441443443298
v5_int8,low_light,test/other/cardboard128.jpg,other,other,0.4633229672908783
v5_int8,low_light,test/other/cardboard160.jpg,other,other,0.7786110043525696
v5_int8,low_light,test/other/cardboard162.jpg,other,plastic,0.445264607667923
v5_int8,low_light,test/other/cardboard175.jpg,other,other,0.5259556770324707
v5_int8,low_light,test/other/cardboard18.jpg,other,other,0.7484172582626343
v5_int8,low_light,test/other/cardboard184.jpg,other,other,0.7670228481292725
v5_int8,low_light,test/other/cardboard19.jpg,other,other,0.8573477268218994
v5_int8,low_light,test/other/cardboard190.jpg,other,paper,0.7417658567428589
v5_int8,low_light,test/other/cardboard2.jpg,other,plastic,0.561496913433075
v5_int8,low_light,test/other/cardboard208.jpg,other,other,0.8276175856590271
v5_int8,low_light,test/other/cardboard210.jpg,other,other,0.8881673216819763
v5_int8,low_light,test/other/cardboard213.jpg,other,other,0.7904584407806396
v5_int8,low_light,test/other/cardboard214.jpg,other,other,0.5458279252052307
v5_int8,low_light,test/other/cardboard216.jpg,other,plastic,0.7151424288749695
v5_int8,low_light,test/other/cardboard218.jpg,other,plastic,0.7352843880653381
v5_int8,low_light,test/other/cardboard222.jpg,other,other,0.9179840683937073
v5_int8,low_light,test/other/cardboard231.jpg,other,other,0.9142624735832214
v5_int8,low_light,test/other/cardboard239.jpg,other,other,0.5084579586982727
v5_int8,low_light,test/other/cardboard248.jpg,other,plastic,0.34084439277648926
v5_int8,low_light,test/other/cardboard252.jpg,other,other,0.7245863676071167
v5_int8,low_light,test/other/cardboard259.jpg,other,other,0.9061285257339478
v5_int8,low_light,test/other/cardboard260.jpg,other,other,0.7226049900054932
v5_int8,low_light,test/other/cardboard261.jpg,other,other,0.7996639609336853
v5_int8,low_light,test/other/cardboard266.jpg,other,other,0.3603239953517914
v5_int8,low_light,test/other/cardboard274.jpg,other,plastic,0.616954505443573
v5_int8,low_light,test/other/cardboard276.jpg,other,other,0.6750541925430298
v5_int8,low_light,test/other/cardboard286.jpg,other,other,0.49199366569519043
v5_int8,low_light,test/other/cardboard289.jpg,other,other,0.7940782904624939
v5_int8,low_light,test/other/cardboard290.jpg,other,other,0.7348228096961975
v5_int8,low_light,test/other/cardboard293.jpg,other,other,0.8768010139465332
v5_int8,low_light,test/other/cardboard299.jpg,other,other,0.8505619764328003
v5_int8,low_light,test/other/cardboard304.jpg,other,other,0.8889198899269104
v5_int8,low_light,test/other/cardboard308.jpg,other,other,0.7381868362426758
v5_int8,low_light,test/other/cardboard31.jpg,other,other,0.9169917106628418
v5_int8,low_light,test/other/cardboard310.jpg,other,other,0.9256963133811951
v5_int8,low_light,test/other/cardboard312.jpg,other,other,0.8338474035263062
v5_int8,low_light,test/other/cardboard313.jpg,other,other,0.9439336657524109
v5_int8,low_light,test/other/cardboard314.jpg,other,other,0.9120250940322876
v5_int8,low_light,test/other/cardboard321.jpg,other,other,0.7140825986862183
v5_int8,low_light,test/other/cardboard323.jpg,other,other,0.7985730171203613
v5_int8,low_light,test/other/cardboard332.jpg,other,other,0.8941965699195862
v5_int8,low_light,test/other/cardboard334.jpg,other,other,0.8102890253067017
v5_int8,low_light,test/other/cardboard34.jpg,other,other,0.7723473310470581
v5_int8,low_light,test/other/cardboard356.jpg,other,other,0.8043197989463806
v5_int8,low_light,test/other/cardboard363.jpg,other,other,0.589035153388977
v5_int8,low_light,test/other/cardboard372.jpg,other,other,0.7543036341667175
v5_int8,low_light,test/other/cardboard383.jpg,other,plastic,0.4871179759502411
v5_int8,low_light,test/other/cardboard384.jpg,other,other,0.42258763313293457
v5_int8,low_light,test/other/cardboard387.jpg,other,plastic,0.46688932180404663
v5_int8,low_light,test/other/cardboard388.jpg,other,other,0.8885375261306763
v5_int8,low_light,test/other/cardboard397.jpg,other,other,0.9162803292274475
v5_int8,low_light,test/other/cardboard40.jpg,other,other,0.8648145794868469
v5_int8,low_light,test/other/cardboard401.jpg,other,other,0.9423612952232361
v5_int8,low_light,test/other/cardboard44.jpg,other,other,0.8641650080680847
v5_int8,low_light,test/other/cardboard51.jpg,other,other,0.9262082576751709
v5_int8,low_light,test/other/cardboard57.jpg,other,other,0.8745322823524475
v5_int8,low_light,test/other/cardboard63.jpg,other,plastic,0.5118728876113892
v5_int8,low_light,test/other/cardboard69.jpg,other,other,0.5278449058532715
v5_int8,low_light,test/other/cardboard71.jpg,other,other,0.865234911441803
v5_int8,low_light,test/other/cardboard73.jpg,other,other,0.7553119659423828
v5_int8,low_light,test/other/cardboard8.jpg,other,other,0.8300246596336365
v5_int8,low_light,test/other/cardboard88.jpg,other,other,0.7875060439109802
v5_int8,low_light,test/other/cardboard89.jpg,other,other,0.807232677936554
v5_int8,low_light,test/other/cardboard9.jpg,other,other,0.9241387248039246
v5_int8,low_light,test/other/cardboard92.jpg,other,other,0.742222249507904
v5_int8,low_light,test/other/cardboard98.jpg,other,other,0.7946189641952515
v5_int8,low_light,test/other/metal112.jpg,other,other,0.6804720163345337
v5_int8,low_light,test/other/metal114.jpg,other,paper,0.42370525002479553
v5_int8,low_light,test/other/metal119.jpg,other,other,0.5565619468688965
v5_int8,low_light,test/other/metal12.jpg,other,plastic,0.5138567090034485
v5_int8,low_light,test/other/metal13.jpg,other,plastic,0.5440729856491089
v5_int8,low_light,test/other/metal133.jpg,other,other,0.6917492151260376
v5_int8,low_light,test/other/metal134.jpg,other,plastic,0.4372764527797699
v5_int8,low_light,test/other/metal139.jpg,other,plastic,0.49068984389305115
v5_int8,low_light,test/other/metal143.jpg,other,other,0.4128705561161041
v5_int8,low_light,test/other/metal146.jpg,other,other,0.7944192886352539
v5_int8,low_light,test/other/metal157.jpg,other,plastic,0.423887699842453
v5_int8,low_light,test/other/metal159.jpg,other,plastic,0.5673792958259583
v5_int8,low_light,test/other/metal161.jpg,other,other,0.47081875801086426
v5_int8,low_light,test/other/metal170.jpg,other,plastic,0.47798576951026917
v5_int8,low_light,test/other/metal172.jpg,other,other,0.4139426052570343
v5_int8,low_light,test/other/metal175.jpg,other,plastic,0.5771697163581848
v5_int8,low_light,test/other/metal18.jpg,other,plastic,0.742946207523346
v5_int8,low_light,test/other/metal186.jpg,other,other,0.5153621435165405
v5_int8,low_light,test/other/metal187.jpg,other,paper,0.36416304111480713
v5_int8,low_light,test/other/metal188.jpg,other,plastic,0.33932897448539734
v5_int8,low_light,test/other/metal192.jpg,other,other,0.4167320728302002
v5_int8,low_light,test/other/metal198.jpg,other,other,0.39445731043815613
v5_int8,low_light,test/other/metal201.jpg,other,other,0.4282444417476654
v5_int8,low_light,test/other/metal205.jpg,other,plastic,0.5797606706619263
v5_int8,low_light,test/other/metal209.jpg,other,plastic,0.5015795230865479
v5_int8,low_light,test/other/metal217.jpg,other,other,0.3638054132461548
v5_int8,low_light,test/other/metal239.jpg,other,other,0.5262098908424377
v5_int8,low_light,test/other/metal24.jpg,other,other,0.426865816116333
v5_int8,low_light,test/other/metal246.jpg,other,other,0.5517809987068176
v5_int8,low_light,test/other/metal247.jpg,other,plastic,0.4049106240272522
v5_int8,low_light,test/other/metal248.jpg,other,plastic,0.6908766627311707
v5_int8,low_light,test/other/metal249.jpg,other,paper,0.48066285252571106
v5_int8,low_light,test/other/metal258.jpg,other,paper,0.3679409623146057
v5_int8,low_light,test/other/metal261.jpg,other,other,0.6092652082443237
v5_int8,low_light,test/other/metal263.jpg,other,other,0.684532880783081
v5_int8,low_light,test/other/metal269.jpg,other,other,0.7274968028068542
v5_int8,low_light,test/other/metal27.jpg,other,organic,0.3804519772529602
v5_int8,low_light,test/other/metal275.jpg,other,plastic,0.5368471145629883
v5_int8,low_light,test/other/metal292.jpg,other,plastic,0.5854796767234802
v5_int8,low_light,test/other/metal296.jpg,other,other,0.46318140625953674
v5_int8,low_light,test/other/metal317.jpg,other,plastic,0.6249051690101624
v5_int8,low_light,test/other/metal324.jpg,other,paper,0.4736732244491577
v5_int8,low_light,test/other/metal325.jpg,other,other,0.6102392673492432
v5_int8,low_light,test/other/metal328.jpg,other,other,0.44250085949897766
v5_int8,low_light,test/other/metal33.jpg,other,paper,0.39876511693000793
v5_int8,low_light,test/other/metal341.jpg,other,other,0.494176983833313
v5_int8,low_light,test/other/metal344.jpg,other,other,0.47021254897117615
v5_int8,low_light,test/other/metal350.jpg,other,other,0.5385063290596008
v5_int8,low_light,test/other/metal355.jpg,other,other,0.8263360261917114
v5_int8,low_light,test/other/metal364.jpg,other,other,0.6019981503486633
v5_int8,low_light,test/other/metal370.jpg,other,plastic,0.5601263046264648
v5_int8,low_light,test/other/metal387.jpg,other,paper,0.37661847472190857
v5_int8,low_light,test/other/metal389.jpg,other,other,0.6830103397369385
v5_int8,low_light,test/other/metal393.jpg,other,other,0.42901885509490967
v5_int8,low_light,test/other/metal394.jpg,other,organic,0.41242751479148865
v5_int8,low_light,test/other/metal395.jpg,other,plastic,0.5080920457839966
v5_int8,low_light,test/other/metal403.jpg,other,other,0.8316684365272522
v5_int8,low_light,test/other/metal48.jpg,other,plastic,0.7102804780006409
v5_int8,low_light,test/other/metal50.jpg,other,other,0.40531036257743835
v5_int8,low_light,test/other/metal52.jpg,other,organic,0.49740365147590637
v5_int8,low_light,test/other/metal62.jpg,other,other,0.5416119694709778
v5_int8,low_light,test/other/metal65.jpg,other,paper,0.3719837963581085
v5_int8,low_light,test/other/metal68.jpg,other,plastic,0.4448760151863098
v5_int8,low_light,test/other/metal77.jpg,other,organic,0.4216858148574829
v5_int8,low_light,test/other/metal80.jpg,other,other,0.6577755808830261
v5_int8,low_light,test/other/metal84.jpg,other,other,0.5969775915145874
v5_int8,low_light,test/other/metal87.jpg,other,other,0.5795645117759705
v5_int8,low_light,test/other/metal99.jpg,other,other,0.6647050976753235
v5_int8,overexposed,test/paper/paper104.jpg,paper,paper,0.6058341860771179
v5_int8,overexposed,test/paper/paper112.jpg,paper,paper,0.6882004141807556
v5_int8,overexposed,test/paper/paper113.jpg,paper,other,0.42846694588661194
v5_int8,overexposed,test/paper/paper114.jpg,paper,paper,0.6729934215545654
v5_int8,overexposed,test/paper/paper12.jpg,paper,paper,0.6649786829948425
v5_int8,overexposed,test/paper/paper120.jpg,paper,paper,0.5799251794815063
v5_int8,overexposed,test/paper/paper124.jpg,paper,paper,0.592852771282196
v5_int8,overexposed,test/paper/paper125.jpg,paper,paper,0.5458143353462219
v5_int8,overexposed,test/paper/paper129.jpg,paper,paper,0.672795295715332
v5_int8,overexposed,test/paper/paper13.jpg,paper,paper,0.36766427755355835
v5_int8,overexposed,test/paper/paper137.jpg,paper,paper,0.5328337550163269
v5_int8,overexposed,test/paper/paper143.jpg,paper,paper,0.7492375373840332
v5_int8,overexposed,test/paper/paper149.jpg,paper,paper,0.5533406138420105
v5_int8,overexposed,test/paper/paper161.jpg,paper,organic,0.4654163122177124
v5_int8,overexposed,test/paper/paper167.jpg,paper,organic,0.5804557800292969
v5_int8,overexposed,test/paper/paper169.jpg,paper,paper,0.7519335746765137
v5_int8,overexposed,test/paper/paper186.jpg,paper,paper,0.4684203267097473
v5_int8,overexposed,test/paper/paper188.jpg,paper,paper,0.8370710611343384
v5_int8,overexposed,test/paper/paper208.jpg,paper,organic,0.5051543712615967
v5_int8,overexposed,test/paper/paper209.jpg,paper,organic,0.5039229393005371
v5_int8,overexposed,test/paper/paper218.jpg,paper,paper,0.48664090037345886
v5_int8,overexposed,test/paper/paper219.jpg,paper,paper,0.5700231194496155
v5_int8,overexposed,test/paper/paper220.jpg,paper,paper,0.6433219909667969
v5_int8,overexposed,test/paper/paper225.jpg,paper,paper,0.36918905377388
v5_int8,overexposed,test/paper/paper230.jpg,paper,paper,0.3892862796783447
v5_int8,overexposed,test/paper/paper235.jpg,paper,paper,0.6276867389678955
v5_int8,overexposed,test/paper/paper266.jpg,paper,paper,0.6588200330734253
v5_int8,overexposed,test/paper/paper269.jpg,paper,paper,0.5893416404724121
v5_int8,overexposed,test/paper/paper271.jpg,paper,paper,0.6679877638816833
v5_int8,overexposed,test/paper/paper273.jpg,paper,paper,0.7074422240257263
v5_int8,overexposed,test/paper/paper276.jpg,paper,plastic,0.3167840540409088
v5_int8,overexposed,test/paper/paper279.jpg,paper,paper,0.522904098033905
v5_int8,overexposed,test/paper/paper282.jpg,paper,paper,0.5344382524490356
v5_int8,overexposed,test/paper/paper286.jpg,paper,paper,0.6321564316749573
v5_int8,overexposed,test/paper/paper289.jpg,paper,paper,0.6744021773338318
v5_int8,overexposed,test/paper/paper294.jpg,paper,paper,0.41893869638442993
v5_int8,overexposed,test/paper/paper3.jpg,paper,paper,0.5592425465583801
v5_int8,overexposed,test/paper/paper301.jpg,paper,paper,0.5404230356216431
v5_int8,overexposed,test/paper/paper303.jpg,paper,paper,0.6329296827316284
v5_int8,overexposed,test/paper/paper311.jpg,paper,organic,0.8113932609558105
v5_int8,overexposed,test/paper/paper319.jpg,paper,paper,0.5462247133255005
v5_int8,overexposed,test/paper/paper32.jpg,paper,paper,0.623360812664032
v5_int8,overexposed,test/paper/paper346.jpg,paper,paper,0.47766757011413574
v5_int8,overexposed,test/paper/paper348.jpg,paper,paper,0.591041624546051
v5_int8,overexposed,test/paper/paper350.jpg,paper,paper,0.6762728691101074
v5_int8,overexposed,test/paper/paper354.jpg,paper,paper,0.45312029123306274
v5_int8,overexposed,test/paper/paper356.jpg,paper,paper,0.7393864393234253
v5_int8,overexposed,test/paper/paper357.jpg,paper,paper,0.7095161080360413
v5_int8,overexposed,test/paper/paper361.jpg,paper,paper,0.8184915781021118
v5_int8,overexposed,test/paper/paper362.jpg,paper,paper,0.5189059972763062
v5_int8,overexposed,test/paper/paper368.jpg,paper,paper,0.6199799180030823
v5_int8,overexposed,test/paper/paper373.jpg,paper,paper,0.6570765376091003
v5_int8,overexposed,test/paper/paper380.jpg,paper,paper,0.664419412612915
v5_int8,overexposed,test/paper/paper381.jpg,paper,paper,0.7696686387062073
v5_int8,overexposed,test/paper/paper385.jpg,paper,paper,0.4214654564857483
v5_int8,overexposed,test/paper/paper392.jpg,paper,paper,0.6629209518432617
v5_int8,overexposed,test/paper/paper396.jpg,paper,paper,0.7072792649269104
v5_int8,overexposed,test/paper/paper404.jpg,paper,paper,0.5654943585395813
v5_int8,overexposed,test/paper/paper405.jpg,paper,paper,0.5309327840805054
v5_int8,overexposed,test/paper/paper416.jpg,paper,paper,0.6038113832473755
v5_int8,overexposed,test/paper/paper417.jpg,paper,paper,0.4602191150188446
v5_int8,overexposed,test/paper/paper422.jpg,paper,paper,0.48360100388526917
v5_int8,overexposed,test/paper/paper434.jpg,paper,paper,0.5613836050033569
v5_int8,overexposed,test/paper/paper444.jpg,paper,paper,0.63218092918396
v5_int8,overexposed,test/paper/paper450.jpg,paper,paper,0.6812160015106201
v5_int8,overexposed,test/paper/paper457.jpg,paper,paper,0.6445032358169556
v5_int8,overexposed,test/paper/paper460.jpg,paper,paper,0.5779458284378052
v5_int8,overexposed,test/paper/paper461.jpg,paper,paper,0.6881466507911682
v5_int8,overexposed,test/paper/paper462.jpg,paper,paper,0.46918827295303345
v5_int8,overexposed,test/paper/paper465.jpg,paper,other,0.425839364528656
v5_int8,overexposed,test/paper/paper474.jpg,paper,organic,0.6968342661857605
v5_int8,overexposed,test/paper/paper48.jpg,paper,organic,0.5213792324066162
v5_int8,overexposed,test/paper/paper495.jpg,paper,paper,0.6845186948776245
v5_int8,overexposed,test/paper/paper500.jpg,paper,paper,0.7723940014839172
v5_int8,overexposed,test/paper/paper502.jpg,paper,paper,0.7788839340209961
v5_int8,overexposed,test/paper/paper503.jpg,paper,paper,0.6423599720001221
v5_int8,overexposed,test/paper/paper505.jpg,paper,paper,0.5166425704956055
v5_int8,overexposed,test/paper/paper508.jpg,paper,plastic,0.536675214767456
v5_int8,overexposed,test/paper/paper515.jpg,paper,paper,0.7711717486381531
v5_int8,overexposed,test/paper/paper525.jpg,paper,paper,0.4394184350967407
v5_int8,overexposed,test/paper/paper527.jpg,paper,paper,0.5726208686828613
v5_int8,overexposed,test/paper/paper53.jpg,paper,paper,0.2825934588909149
v5_int8,overexposed,test/paper/paper534.jpg,paper,paper,0.5758035778999329
v5_int8,overexposed,test/paper/paper537.jpg,paper,paper,0.6419292092323303
v5_int8,overexposed,test/paper/paper541.jpg,paper,paper,0.3977579176425934
v5_int8,overexposed,test/paper/paper542.jpg,paper,paper,0.8084542155265808
v5_int8,overexposed,test/paper/paper543.jpg,paper,paper,0.6803779006004333
v5_int8,overexposed,test/paper/paper547.jpg,paper,paper,0.652812123298645
v5_int8,overexposed,test/paper/paper548.jpg,paper,paper,0.5656271576881409
v5_int8,overexposed,test/paper/paper55.jpg,paper,paper,0.5224542617797852
v5_int8,overexposed,test/paper/paper557.jpg,paper,paper,0.6068347692489624
v5_int8,overexposed,test/paper/paper558.jpg,paper,paper,0.6597257852554321
v5_int8,overexposed,test/paper/paper563.jpg,paper,paper,0.46038100123405457
v5_int8,overexposed,test/paper/paper569.jpg,paper,paper,0.5052758455276489
v5_int8,overexposed,test/paper/paper570.jpg,paper,paper,0.6237984895706177
v5_int8,overexposed,test/paper/paper576.jpg,paper,plastic,0.4960356056690216
v5_int8,overexposed,test/paper/paper58.jpg,paper,paper,0.5990361571311951
v5_int8,overexposed,test/paper/paper586.jpg,paper,organic,0.4445604085922241
v5_int8,overexposed,test/paper/paper593.jpg,paper,paper,0.6368139982223511
v5_int8,overexposed,test/paper/paper6.jpg,paper,paper,0.7635647654533386
v5_int8,overexposed,test/paper/paper68.jpg,paper,paper,0.5752217173576355
v5_int8,overexposed,test/paper/paper69.jpg,paper,paper,0.5689660310745239
v5_int8,overexposed,test/paper/paper7.jpg,paper,paper,0.4667043685913086
v5_int8,overexposed,test/paper/paper70.jpg,paper,paper,0.6934314370155334
v5_int8,overexposed,test/paper/paper77.jpg,paper,paper,0.6817017197608948
v5_int8,overexposed,test/paper/paper86.jpg,paper,organic,0.6472797989845276
v5_int8,overexposed,test/paper/paper94.jpg,paper,plastic,0.4358316957950592
v5_int8,overexposed,test/paper/paper97.jpg,paper,paper,0.5401960015296936
v5_int8,overexposed,test/plastic/plastic103.jpg,plastic,plastic,0.7162420749664307
v5_int8,overexposed,test/plastic/plastic114.jpg,plastic,paper,0.5578827857971191
v5_int8,overexposed,test/plastic/plastic122.jpg,plastic,plastic,0.7771111726760864
v5_int8,overexposed,test/plastic/plastic125.jpg,plastic,paper,0.44433093070983887
v5_int8,overexposed,test/plastic/plastic126.jpg,plastic,paper,0.505126416683197
v5_int8,overexposed,test/plastic/plastic132.jpg,plastic,plastic,0.5373023152351379
v5_int8,overexposed,test/plastic/plastic138.jpg,plastic,plastic,0.5686823725700378
v5_int8,overexposed,test/plastic/plastic145.jpg,plastic,paper,0.5229970216751099
v5_int8,overexposed,test/plastic/plastic146.jpg,plastic,paper,0.4866589307785034
v5_int8,overexposed,test/plastic/plastic152.jpg,plastic,paper,0.7643803358078003
v5_int8,overexposed,test/plastic/plastic156.jpg,plastic,paper,0.6587426066398621
v5_int8,overexposed,test/plastic/plastic159.jpg,plastic,paper,0.4921146631240845
v5_int8,overexposed,test/plastic/plastic170.jpg,plastic,plastic,0.3749062120914459
v5_int8,overexposed,test/plastic/plastic172.jpg,plastic,plastic,0.4946672022342682
v5_int8,overexposed,test/plastic/plastic177.jpg,plastic,plastic,0.5573961734771729
v5_int8,overexposed,test/plastic/plastic187.jpg,plastic,plastic,0.8861273527145386
v5_int8,overexposed,test/plastic/plastic2.jpg,plastic,paper,0.5923643708229065
v5_int8,overexposed,test/plastic/plastic201.jpg,plastic,other,0.358560174703598
v5_int8,overexposed,test/plastic/plastic205.jpg,plastic,plastic,0.696914553642273
v5_int8,overexposed,test/plastic/plastic207.jpg,plastic,plastic,0.565348207950592
v5_int8,overexposed,test/plastic/plastic21.jpg,plastic,plastic,0.5620667934417725
v5_int8,overexposed,test/plastic/plastic214.jpg,plastic,plastic,0.6691268086433411
v5_int8,overexposed,test/plastic/plastic217.jpg,plastic,plastic,0.7734580636024475
v5_int8,overexposed,test/plastic/plastic226.jpg,plastic,plastic,0.7749866247177124
v5_int8,overexposed,test/plastic/plastic227.jpg,plastic,plastic,0.7792882919311523
v5_int8,overexposed,test/plastic/plastic242.jpg,plastic,plastic,0.7115827798843384
v5_int8,overexposed,test/plastic/plastic251.jpg,plastic,plastic,0.8324084877967834
v5_int8,overexposed,test/plastic/plastic252.jpg,plastic,plastic,0.662192702293396
v5_int8,overexposed,test/plastic/plastic253.jpg,plastic,plastic,0.8173578381538391
v5_int8,overexposed,test/plastic/plastic260.jpg,plastic,plastic,0.7248568534851074
v5_int8,overexposed,test/plastic/plastic264.jpg,plastic,plastic,0.47221633791923523
v5_int8,overexposed,test/plastic/plastic265.jpg,plastic,plastic,0.8051532506942749
v5_int8,overexposed,test/plastic/plastic268.jpg,plastic,plastic,0.43003374338150024
v5_int8,overexposed,test/plastic/plastic270.jpg,plastic,plastic,0.840276837348938
v5_int8,overexposed,test/plastic/plastic285.jpg,plastic,other,0.5341861844062805
v5_int8,overexposed,test/plastic/plastic305.jpg,plastic,paper,0.5956200361251831
v5_int8,overexposed,test/plastic/plastic306.jpg,plastic,plastic,0.627423882484436
v5_int8,overexposed,test/plastic/plastic312.jpg,plastic,paper,0.5097523927688599
v5_int8,overexposed,test/plastic/plastic314.jpg,plastic,plastic,0.4778992831707001
v5_int8,overexposed,test/plastic/plastic315.jpg,plastic,plastic,0.8301951289176941
v5_int8,overexposed,test/plastic/plastic317.jpg,plastic,plastic,0.5036744475364685
v5_int8,overexposed,test/plastic/plastic32.jpg,plastic,plastic,0.8886688351631165
v5_int8,overexposed,test/plastic/plastic328.jpg,plastic,paper,0.5139818787574768
v5_int8,overexposed,test/plastic/plastic348.jpg,plastic,organic,0.3469594120979309
v5_int8,overexposed,test/plastic/plastic349.jpg,plastic,plastic,0.6781249046325684
v5_int8,overexposed,test/plastic/plastic372.jpg,plastic,plastic,0.7125298976898193
v5_int8,overexposed,test/plastic/plastic374.jpg,plastic,plastic,0.5457404851913452
v5_int8,overexposed,test/plastic/plastic379.jpg,plastic,plastic,0.8175609111785889
v5_int8,overexposed,test/plastic/plastic383.jpg,plastic,plastic,0.35552459955215454
v5_int8,overexposed,test/plastic/plastic388.jpg,plastic,plastic,0.8514705896377563
v5_int8,overexposed,test/plastic/plastic39.jpg,plastic,plastic,0.566026508808136
v5_int8,overexposed,test/plastic/plastic390.jpg,plastic,plastic,0.7962691783905029
v5_int8,overexposed,test/plastic/plastic398.jpg,plastic,plastic,0.7142636775970459
v5_int8,overexposed,test/plastic/plastic399.jpg,plastic,plastic,0.7838486433029175
v5_int8,overexposed,test/plastic/plastic405.jpg,plastic,paper,0.5104158520698547
v5_int8,overexposed,test/plastic/plastic411.jpg,plastic,plastic,0.631685197353363
v5_int8,overexposed,test/plastic/plastic420.jpg,plastic,plastic,0.6926525235176086
v5_int8,overexposed,test/plastic/plastic423.jpg,plastic,plastic,0.8017342686653137
v5_int8,overexposed,test/plastic/plastic426.jpg,plastic,plastic,0.7061936259269714
v5_int8,overexposed,test/plastic/plastic434.jpg,plastic,plastic,0.855711042881012
v5_int8,overexposed,test/plastic/plastic438.jpg,plastic,paper,0.5728217363357544
v5_int8,overexposed,test/plastic/plastic465.jpg,plastic,organic,0.6709117293357849
v5_int8,overexposed,test/plastic/plastic473.jpg,plastic,paper,0.5026928782463074
v5_int8,overexposed,test/plastic/plastic49.jpg,plastic,plastic,0.8128722906112671
v5_int8,overexposed,test/plastic/plastic64.jpg,plastic,plastic,0.565673828125
v5_int8,overexposed,test/plastic/plastic66.jpg,plastic,plastic,0.6499790549278259
v5_int8,overexposed,test/plastic/plastic67.jpg,plastic,plastic,0.8681919574737549
v5_int8,overexposed,test/plastic/plastic79.jpg,plastic,paper,0.3323749005794525
v5_int8,overexposed,test/plastic/plastic80.jpg,plastic,plastic,0.7946070432662964
v5_int8,overexposed,test/plastic/plastic82.jpg,plastic,paper,0.4355013072490692
v5_int8,overexposed,test/plastic/plastic84.jpg,plastic,plastic,0.5982694625854492
v5_int8,overexposed,test/plastic/plastic93.jpg,plastic,plastic,0.7302491664886475
v5_int8,overexposed,test/plastic/plastic98.jpg,plastic,other,0.36553487181663513
v5_int8,overexposed,test/plastic/plastic99.jpg,plastic,plastic,0.8465595245361328
v5_int8,overexposed,test/organic/organic_0001.jpg,organic,organic,0.9727076292037964
v5_int8,overexposed,test/organic/organic_0002.jpg,organic,organic,0.9854458570480347
v5_int8,overexposed,test/organic/organic_0003.jpg,organic,organic,0.8228564262390137
v5_int8,overexposed,test/organic/organic_0004.jpg,organic,paper,0.5357939600944519
v5_int8,overexposed,test/organic/organic_0005.jpg,organic,organic,0.5169273018836975
v5_int8,overexposed,test/organic/organic_0006.jpg,organic,organic,0.9437201023101807
v5_int8,overexposed,test/organic/organic_0007.jpg,organic,organic,0.6361408233642578
v5_int8,overexposed,test/organic/organic_0008.jpg,organic,organic,0.755940318107605
v5_int8,overexposed,test/organic/organic_0009.jpg,organic,organic,0.9639192819595337
v5_int8,overexposed,test/organic/organic_0010.jpg,organic,organic,0.8148388862609863
v5_int8,overexposed,test/organic/organic_0011.jpg,organic,organic,0.9865858554840088
v5_int8,overexposed,test/organic/organic_0012.jpg,organic,organic,0.9842281341552734
v5_int8,overexposed,test/organic/organic_0013.jpg,organic,paper,0.6627799868583679
v5_int8,overexposed,test/organic/organic_0014.jpg,organic,paper,0.6667878031730652
v5_int8,overexposed,test/organic/organic_0015.jpg,organic,organic,0.9857068657875061
v5_int8,overexposed,test/organic/organic_0016.jpg,organic,organic,0.9230861067771912
v5_int8,overexposed,test/organic/organic_0017.jpg,organic,organic,0.9682640433311462
v5_int8,overexposed,test/organic/organic_0018.jpg,organic,organic,0.8080059885978699
v5_int8,overexposed,test/organic/organic_0019.jpg,organic,organic,0.5842517614364624
v5_int8,overexposed,test/organic/organic_0020.jpg,organic,paper,0.5323330163955688
v5_int8,overexposed,test/organic/organic_0021.jpg,organic,organic,0.9721553325653076
v5_int8,overexposed,test/organic/organic_0022.jpg,organic,organic,0.8389229774475098
v5_int8,overexposed,test/organic/organic_0023.jpg,organic,organic,0.7898352742195129
v5_int8,overexposed,test/organic/organic_0024.jpg,organic,organic,0.9076998233795166
v5_int8,overexposed,test/organic/organic_0025.jpg,organic,organic,0.9832125306129456
v5_int8,overexposed,test/organic/organic_0026.jpg,organic,organic,0.8941715955734253
v5_int8,overexposed,test/organic/organic_0027.jpg,organic,organic,0.9156371355056763
v5_int8,overexposed,test/organic/organic_0028.jpg,organic,organic,0.9006836414337158
v5_int8,overexposed,test/organic/organic_0029.jpg,organic,organic,0.9378111362457275
v5_int8,overexposed,test/organic/organic_0030.jpg,organic,organic,0.9181724190711975
v5_int8,overexposed,test/organic/organic_0031.jpg,organic,organic,0.9553443193435669
v5_int8,overexposed,test/organic/organic_0032.jpg,organic,organic,0.8380299210548401
v5_int8,overexposed,test/organic/organic_0033.jpg,organic,organic,0.9807509183883667
v5_int8,overexposed,test/organic/organic_0034.jpg,organic,organic,0.9105206727981567
v5_int8,overexposed,test/organic/organic_0035.jpg,organic,organic,0.6367743015289307
v5_int8,overexposed,test/organic/organic_0036.jpg,organic,organic,0.5271362066268921
v5_int8,overexposed,test/organic/organic_0037.jpg,organic,organic,0.9507890939712524
v5_int8,overexposed,test/organic/organic_0038.jpg,organic,other,0.4134126901626587
v5_int8,overexposed,test/organic/organic_0039.jpg,organic,organic,0.9150819778442383
v5_int8,overexposed,test/organic/organic_0040.jpg,organic,organic,0.9668861031532288
v5_int8,overexposed,test/organic/organic_0041.jpg,organic,organic,0.7810460329055786
v5_int8,overexposed,test/organic/organic_0042.jpg,organic,organic,0.9595244526863098
v5_int8,overexposed,test/organic/organic_0043.jpg,organic,organic,0.672722578048706
v5_int8,overexposed,test/organic/organic_0044.jpg,organic,organic,0.44795772433280945
v5_int8,overexposed,test/organic/organic_0045.jpg,organic,organic,0.6902151703834534
v5_int8,overexposed,test/organic/organic_0046.jpg,organic,paper,0.5928599834442139
v5_int8,overexposed,test/organic/organic_0047.jpg,organic,organic,0.9583628177642822
v5_int8,overexposed,test/organic/organic_0048.jpg,organic,paper,0.6324499845504761
v5_int8,overexposed,test/organic/organic_0049.jpg,organic,organic,0.9907823204994202
v5_int8,overexposed,test/organic/organic_0050.jpg,organic,organic,0.9529582262039185
v5_int8,overexposed,test/organic/organic_0051.jpg,organic,paper,0.4794872999191284
v5_int8,overexposed,test/organic/organic_0052.jpg,organic,organic,0.9471455812454224
v5_int8,overexposed,test/organic/organic_0053.jpg,organic,organic,0.9533685445785522
v5_int8,overexposed,test/organic/organic_0054.jpg,organic,organic,0.8091450333595276
v5_int8,overexposed,test/organic/organic_0055.jpg,organic,organic,0.778538703918457
v5_int8,overexposed,test/organic/organic_0056.jpg,organic,organic,0.9096133708953857
v5_int8,overexposed,test/organic/organic_0057.jpg,organic,organic,0.9362237453460693
v5_int8,overexposed,test/organic/organic_0058.jpg,organic,organic,0.9834354519844055
v5_int8,overexposed,test/organic/organic_0059.jpg,organic,organic,0.9396543502807617
v5_int8,overexposed,test/organic/organic_0060.jpg,organic,organic,0.8336942195892334
v5_int8,overexposed,test/organic/organic_0061.jpg,organic,paper,0.6020923852920532
v5_int8,overexposed,test/organic/organic_0062.jpg,organic,organic,0.8921340703964233
v5_int8,overexposed,test/organic/organic_0063.jpg,organic,organic,0.7786788940429688
v5_int8,overexposed,test/organic/organic_0064.jpg,organic,organic,0.8861857056617737
v5_int8,overexposed,test/organic/organic_0065.jpg,organic,organic,0.9371686577796936
v5_int8,overexposed,test/organic/organic_0066.jpg,organic,organic,0.9618274569511414
v5_int8,overexposed,test/organic/organic_0067.jpg,organic,organic,0.6887832283973694
v5_int8,overexposed,test/organic/organic_0068.jpg,organic,organic,0.8993775844573975
v5_int8,overexposed,test/organic/organic_0069.jpg,organic,organic,0.9820767641067505
v5_int8,overexposed,test/organic/organic_0070.jpg,organic,organic,0.4671403765678406
v5_int8,overexposed,test/organic/organic_0071.jpg,organic,organic,0.9980200529098511
v5_int8,overexposed,test/organic/organic_0072.jpg,organic,organic,0.9963198900222778
v5_int8,overexposed,test/organic/organic_0073.jpg,organic,organic,0.9630188941955566
v5_int8,overexposed,test/organic/organic_0074.jpg,organic,organic,0.8228959441184998
v5_int8,overexposed,test/other/cardboard105.jpg,other,other,0.4182581901550293
v5_int8,overexposed,test/other/cardboard115.jpg,other,other,0.7433546185493469
v5_int8,overexposed,test/other/cardboard121.jpg,other,paper,0.3111489415168762
v5_int8,overexposed,test/other/cardboard125.jpg,other,other,0.500633955001831
v5_int8,overexposed,test/other/cardboard128.jpg,other,paper,0.38710060715675354
v5_int8,overexposed,test/other/cardboard160.jpg,other,other,0.7596369981765747
v5_int8,overexposed,test/other/cardboard162.jpg,other,plastic,0.4508212208747864
v5_int8,overexposed,test/other/cardboard175.jpg,other,other,0.5371506810188293
v5_int8,overexposed,test/other/cardboard18.jpg,other,paper,0.5507132411003113
v5_int8,overexposed,test/other/cardboard184.jpg,other,other,0.6721874475479126
v5_int8,overexposed,test/other/cardboard19.jpg,other,other,0.8475315570831299
v5_int8,overexposed,test/other/cardboard190.jpg,other,paper,0.5133322477340698
v5_int8,overexposed,test/other/cardboard2.jpg,other,paper,0.6105012893676758
v5_int8,overexposed,test/other/cardboard208.jpg,other,other,0.8028672933578491
v5_int8,overexposed,test/other/cardboard210.jpg,other,other,0.9325252175331116
v5_int8,overexposed,test/other/cardboard213.jpg,other,other,0.816865086555481
v5_int8,overexposed,test/other/cardboard214.jpg,other,other,0.416962206363678
v5_int8,overexposed,test/other/cardboard216.jpg,other,other,0.3676161766052246
v5_int8,overexposed,test/other/cardboard218.jpg,other,other,0.3501279950141907
v5_int8,overexposed,test/other/cardboard222.jpg,other,other,0.9026960134506226
v5_int8,overexposed,test/other/cardboard231.jpg,other,other,0.680639386177063
v5_int8,overexposed,test/other/cardboard239.jpg,other,organic,0.6469408273696899
v5_int8,overexposed,test/other/cardboard248.jpg,other,other,0.3997862637042999
v5_int8,overexposed,test/other/cardboard252.jpg,other,paper,0.48724138736724854
v5_int8,overexposed,test/other/cardboard259.jpg,other,other,0.8988502621650696
v5_int8,overexposed,test/other/cardboard260.jpg,other,other,0.39758116006851196
v5_int8,overexposed,test/other/cardboard261.jpg,other,paper,0.5834957957267761
v5_int8,overexposed,test/other/cardboard266.jpg,other,paper,0.606939971446991
v5_int8,overexposed,test/other/cardboard274.jpg,other,organic,0.4717922508716583
v5_int8,overexposed,test/other/cardboard276.jpg,other,plastic,0.427865207195282
v5_int8,overexposed,test/other/cardboard286.jpg,other,paper,0.4208854138851166
v5_int8,overexposed,test/other/cardboard289.jpg,other,other,0.426943838596344
v5_int8,overexposed,test/other/cardboard290.jpg,other,paper,0.3691405951976776
v5_int8,overexposed,test/other/cardboard293.jpg,other,other,0.9089722633361816
v5_int8,overexposed,test/other/cardboard299.jpg,other,other,0.5823326110839844
v5_int8,overexposed,test/other/cardboard304.jpg,other,other,0.721866250038147
v5_int8,overexposed,test/other/cardboard308.jpg,other,paper,0.6209226846694946
v5_int8,overexposed,test/other/cardboard31.jpg,other,other,0.9677936434745789
v5_int8,overexposed,test/other/cardboard310.jpg,other,other,0.9699447751045227
v5_int8,overexposed,test/other/cardboard312.jpg,other,other,0.46807020902633667
v5_int8,overexposed,test/other/cardboard313.jpg,other,other,0.9696588516235352
v5_int8,overexposed,test/other/cardboard314.jpg,other,other,0.9460393190383911
v5_int8,overexposed,test/other/cardboard321.jpg,other,paper,0.5532375574111938
v5_int8,overexposed,test/other/cardboard323.jpg,other,other,0.8045110702514648
v5_int8,overexposed,test/other/cardboard332.jpg,other,other,0.5066954493522644
v5_int8,overexposed,test/other/cardboard334.jpg,other,other,0.9353567957878113
v5_int8,overexposed,test/other/cardboard34.jpg,other,other,0.5185033679008484
v5_int8,overexposed,test/other/cardboard356.jpg,other,other,0.6014932990074158
v5_int8,overexposed,test/other/cardboard363.jpg,other,other,0.5166000127792358
v5_int8,overexposed,test/other/cardboard372.jpg,other,other,0.3900146484375
v5_int8,overexposed,test/other/cardboard383.jpg,other,paper,0.5706670880317688
v5_int8,overexposed,test/other/cardboard384.jpg,other,organic,0.7467846274375916
v5_int8,overexposed,test/other/cardboard387.jpg,other,plastic,0.45692935585975647
v5_int8,overexposed,test/other/cardboard388.jpg,other,other,0.7048099040985107
v5_int8,overexposed,test/other/cardboard397.jpg,other,other,0.9135679006576538
v5_int8,overexposed,test/other/cardboard40.jpg,other,other,0.49652111530303955
v5_int8,overexposed,test/other/cardboard401.jpg,other,other,0.9578484892845154
v5_int8,overexposed,test/other/cardboard44.jpg,other,other,0.8687987327575684
v5_int8,overexposed,test/other/cardboard51.jpg,other,other,0.606601893901825
v5_int8,overexposed,test/other/cardboard57.jpg,other,other,0.7291958928108215
v5_int8,overexposed,test/other/cardboard63.jpg,other,plastic,0.5167141556739807
v5_int8,overexposed,test/other/cardboard69.jpg,other,paper,0.6068850755691528
v5_int8,overexposed,test/other/cardboard71.jpg,other,other,0.6875602006912231
v5_int8,overexposed,test/other/cardboard73.jpg,other,paper,0.5356009006500244
v5_int8,overexposed,test/other/cardboard8.jpg,other,other,0.8676855564117432
v5_int8,overexposed,test/other/cardboard88.jpg,other,other,0.44634729623794556
v5_int8,overexposed,test/other/cardboard89.jpg,other,paper,0.43255141377449036
v5_int8,overexposed,test/other/cardboard9.jpg,other,other,0.9825848340988159
v5_int8,overexposed,test/other/cardboard92.jpg,other,other,0.4759409725666046
v5_int8,overexposed,test/other/cardboard98.jpg,other,other,0.4964939057826996
v5_int8,overexposed,test/other/metal112.jpg,other,organic,0.4725097417831421
v5_int8,overexposed,test/other/metal114.jpg,other,paper,0.7243497967720032
v5_int8,overexposed,test/other/metal119.jpg,other,paper,0.39701882004737854
v5_int8,overexposed,test/other/metal12.jpg,other,other,0.5746626257896423
v5_int8,overexposed,test/other/metal13.jpg,other,organic,0.398818701505661
v5_int8,overexposed,test/other/metal133.jpg,other,other,0.663648247718811
v5_int8,overexposed,test/other/metal134.jpg,other,plastic,0.5077597498893738
v5_int8,overexposed,test/other/metal139.jpg,other,plastic,0.5622708201408386
v5_int8,overexposed,test/other/metal143.jpg,other,paper,0.5128868222236633
v5_int8,overexposed,test/other/metal146.jpg,other,other,0.6931720972061157
v5_int8,overexposed,test/other/metal157.jpg,other,paper,0.44874781370162964
v5_int8,overexposed,test/other/metal159.jpg,other,organic,0.36458051204681396
v5_int8,overexposed,test/other/metal161.jpg,other,plastic,0.7445607781410217
v5_int8,overexposed,test/other/metal170.jpg,other,paper,0.5965556502342224
v5_int8,overexposed,test/other/metal172.jpg,other,paper,0.7732923626899719
v5_int8,overexposed,test/other/metal175.jpg,other,paper,0.6996696591377258
v5_int8,overexposed,test/other/metal18.jpg,other,plastic,0.5968852639198303
v5_int8,overexposed,test/other/metal186.jpg,other,other,0.38676711916923523
v5_int8,overexposed,test/other/metal187.jpg,other,organic,0.3728615343570709
v5_int8,overexposed,test/other/metal188.jpg,other,paper,0.4042481482028961
v5_int8,overexposed,test/other/metal192.jpg,other,paper,0.45506998896598816
v5_int8,overexposed,test/other/metal198.jpg,other,plastic,0.4019785523414612
v5_int8,overexposed,test/other/metal201.jpg,other,plastic,0.5586462020874023
v5_int8,overexposed,test/other/metal205.jpg,other,other,0.30627554655075073
v5_int8,overexposed,test/other/metal209.jpg,other,organic,0.36441484093666077
v5_int8,overexposed,test/other/metal217.jpg,other,other,0.4592483341693878
v5_int8,overexposed,test/other/metal239.jpg,other,paper,0.5351774096488953
v5_int8,overexposed,test/other/metal24.jpg,other,paper,0.6052611470222473
v5_int8,overexposed,test/other/metal246.jpg,other,paper,0.5067562460899353
v5_int8,overexposed,test/other/metal247.jpg,other,other,0.315419465303421
v5_int8,overexposed,test/other/metal248.jpg,other,paper,0.4061289429664612
v5_int8,overexposed,test/other/metal249.jpg,other,other,0.44709935784339905
v5_int8,overexposed,test/other/metal258.jpg,other,paper,0.6542634963989258
v5_int8,overexposed,test/other/metal261.jpg,other,paper,0.4429498016834259
v5_int8,overexposed,test/other/metal263.jpg,other,plastic,0.5912997126579285
v5_int8,overexposed,test/other/metal269.jpg,other,other,0.5378527641296387
v5_int8,overexposed,test/other/metal27.jpg,other,paper,0.4200526177883148
v5_int8,overexposed,test/other/metal275.jpg,other,other,0.40065279603004456
v5_int8,overexposed,test/other/metal292.jpg,other,plastic,0.6223124265670776
v5_int8,overexposed,test/other/metal296.jpg,other,paper,0.4683353900909424
v5_int8,overexposed,test/other/metal317.jpg,other,plastic,0.5249618291854858
v5_int8,overexposed,test/other/metal324.jpg,other,organic,0.5846099257469177
v5_int8,overexposed,test/other/metal325.jpg,other,other,0.5437036156654358
v5_int8,overexposed,test/other/metal328.jpg,other,other,0.3485969305038452
v5_int8,overexposed,test/other/metal33.jpg,other,organic,0.45307937264442444
v5_int8,overexposed,test/other/metal341.jpg,other,paper,0.6353111863136292
v5_int8,overexposed,test/other/metal344.jpg,other,plastic,0.6086652278900146
v5_int8,overexposed,test/other/metal350.jpg,other,organic,0.6554103493690491
v5_int8,overexposed,test/other/metal355.jpg,other,other,0.5484924912452698
v5_int8,overexposed,test/other/metal364.jpg,other,other,0.537774384021759
v5_int8,overexposed,test/other/metal370.jpg,other,organic,0.32075780630111694
v5_int8,overexposed,test/other/metal387.jpg,other,paper,0.5356071591377258
v5_int8,overexposed,test/other/metal389.jpg,other,paper,0.47029972076416016
v5_int8,overexposed,test/other/metal393.jpg,other,organic,0.36349719762802124
v5_int8,overexposed,test/other/metal394.jpg,other,organic,0.7280587553977966
v5_int8,overexposed,test/other/metal395.jpg,other,paper,0.37961772084236145
v5_int8,overexposed,test/other/metal403.jpg,other,plastic,0.43609049916267395
v5_int8,overexposed,test/other/metal48.jpg,other,paper,0.7119466662406921
v5_int8,overexposed,test/other/metal50.jpg,other,paper,0.5876588821411133
v5_int8,overexposed,test/other/metal52.jpg,other,paper,0.6368288993835449
v5_int8,overexposed,test/other/metal62.jpg,other,paper,0.45540478825569153
v5_int8,overexposed,test/other/metal65.jpg,other,organic,0.6894350051879883
v5_int8,overexposed,test/other/metal68.jpg,other,paper,0.3758414089679718
v5_int8,overexposed,test/other/metal77.jpg,other,paper,0.674150288105011
v5_int8,overexposed,test/other/metal80.jpg,other,plastic,0.6413547992706299
v5_int8,overexposed,test/other/metal84.jpg,other,paper,0.7502387166023254
v5_int8,overexposed,test/other/metal87.jpg,other,other,0.3694336712360382
v5_int8,overexposed,test/other/metal99.jpg,other,other,0.49929681420326233
v5_int8,warm_cast,test/paper/paper104.jpg,paper,organic,0.6391271948814392
v5_int8,warm_cast,test/paper/paper112.jpg,paper,organic,0.6501671671867371
v5_int8,warm_cast,test/paper/paper113.jpg,paper,other,0.7767359018325806
v5_int8,warm_cast,test/paper/paper114.jpg,paper,organic,0.8948099613189697
v5_int8,warm_cast,test/paper/paper12.jpg,paper,other,0.5267682671546936
v5_int8,warm_cast,test/paper/paper120.jpg,paper,other,0.9783183336257935
v5_int8,warm_cast,test/paper/paper124.jpg,paper,other,0.9617191553115845
v5_int8,warm_cast,test/paper/paper125.jpg,paper,other,0.8826805949211121
v5_int8,warm_cast,test/paper/paper129.jpg,paper,organic,0.9097306132316589
v5_int8,warm_cast,test/paper/paper13.jpg,paper,other,0.954643189907074
v5_int8,warm_cast,test/paper/paper137.jpg,paper,other,0.9609555602073669
v5_int8,warm_cast,test/paper/paper143.jpg,paper,other,0.9751710891723633
v5_int8,warm_cast,test/paper/paper149.jpg,paper,other,0.9433732628822327
v5_int8,warm_cast,test/paper/paper161.jpg,paper,organic,0.7585560083389282
v5_int8,warm_cast,test/paper/paper167.jpg,paper,other,0.595547080039978
v5_int8,warm_cast,test/paper/paper169.jpg,paper,other,0.9873270392417908
v5_int8,warm_cast,test/paper/paper186.jpg,paper,other,0.8589842915534973
v5_int8,warm_cast,test/paper/paper188.jpg,paper,organic,0.7583644986152649
v5_int8,warm_cast,test/paper/paper208.jpg,paper,organic,0.7051445245742798
v5_int8,warm_cast,test/paper/paper209.jpg,paper,organic,0.7652990818023682
v5_int8,warm_cast,test/paper/paper218.jpg,paper,other,0.8596264719963074
v5_int8,warm_cast,test/paper/paper219.jpg,paper,other,0.9634257555007935
v5_int8,warm_cast,test/paper/paper220.jpg,paper,other,0.9472225904464722
v5_int8,warm_cast,test/paper/paper225.jpg,paper,other,0.79266357421875
v5_int8,warm_cast,test/paper/paper230.jpg,paper,other,0.9736648797988892
v5_int8,warm_cast,test/paper/paper235.jpg,paper,other,0.7028403878211975
v5_int8,warm_cast,test/paper/paper266.jpg,paper,organic,0.9093238711357117
v5_int8,warm_cast,test/paper/paper269.jpg,paper,organic,0.7634188532829285
v5_int8,warm_cast,test/paper/paper271.jpg,paper,other,0.8883212804794312
v5_int8,warm_cast,test/paper/paper273.jpg,paper,other,0.8917837142944336
v5_int8,warm_cast,test/paper/paper276.jpg,paper,other,0.9277540445327759
v5_int8,warm_cast,test/paper/paper279.jpg,paper,other,0.9652494192123413
v5_int8,warm_cast,test/paper/paper282.jpg,paper,other,0.9572057723999023
v5_int8,warm_cast,test/paper/paper286.jpg,paper,organic,0.6026005148887634
v5_int8,warm_cast,test/paper/paper289.jpg,paper,organic,0.5425576567649841
v5_int8,warm_cast,test/paper/paper294.jpg,paper,other,0.9820192456245422
v5_int8,warm_cast,test/paper/paper3.jpg,paper,other,0.91703200340271
v5_int8,warm_cast,test/paper/paper301.jpg,paper,other,0.8593969345092773
v5_int8,warm_cast,test/paper/paper303.jpg,paper,other,0.9726587533950806
v5_int8,warm_cast,test/paper/paper311.jpg,paper,organic,0.8811132907867432
v5_int8,warm_cast,test/paper/paper319.jpg,paper,organic,0.9217215180397034
v5_int8,warm_cast,test/paper/paper32.jpg,paper,other,0.956076443195343
v5_int8,warm_cast,test/paper/paper346.jpg,paper,other,0.835198700428009
v5_int8,warm_cast,test/paper/paper348.jpg,paper,other,0.8978956341743469
v5_int8,warm_cast,test/paper/paper350.jpg,paper,other,0.9860206246376038
v5_int8,warm_cast,test/paper/paper354.jpg,paper,other,0.9218839406967163
v5_int8,warm_cast,test/paper/paper356.jpg,paper,organic,0.6555529832839966
v5_int8,warm_cast,test/paper/paper357.jpg,paper,other,0.9528895616531372
v5_int8,warm_cast,test/paper/paper361.jpg,paper,other,0.9693137407302856
v5_int8,warm_cast,test/paper/paper362.jpg,paper,other,0.5131316781044006
v5_int8,warm_cast,test/paper/paper368.jpg,paper,other,0.9691604375839233
v5_int8,warm_cast,test/paper/paper373.jpg,paper,other,0.9845420122146606
v5_int8,warm_cast,test/paper/paper380.jpg,paper,organic,0.7299367785453796
v5_int8,warm_cast,test/paper/paper381.jpg,paper,organic,0.7560810446739197
v5_int8,warm_cast,test/paper/paper385.jpg,paper,other,0.949523389339447
v5_int8,warm_cast,test/paper/paper392.jpg,paper,organic,0.48204079270362854
v5_int8,warm_cast,test/paper/paper396.jpg,paper,other,0.9426692128181458
v5_int8,warm_cast,test/paper/paper404.jpg,paper,other,0.8942050933837891
v5_int8,warm_cast,test/paper/paper405.jpg,paper,other,0.49433383345603943
v5_int8,warm_cast,test/paper/paper416.jpg,paper,other,0.9689170718193054
v5_int8,warm_cast,test/paper/paper417.jpg,paper,other,0.8954808115959167
v5_int8,warm_cast,test/paper/paper422.jpg,paper,organic,0.8964092135429382
v5_int8,warm_cast,test/paper/paper434.jpg,paper,other,0.8807592391967773
v5_int8,warm_cast,test/paper/paper444.jpg,paper,other,0.9814656972885132
v5_int8,warm_cast,test/paper/paper450.jpg,paper,organic,0.3902156949043274
v5_int8,warm_cast,test/paper/paper457.jpg,paper,organic,0.6192854046821594
v5_int8,warm_cast,test/paper/paper460.jpg,paper,organic,0.5886485576629639
v5_int8,warm_cast,test/paper/paper461.jpg,paper,other,0.9444090127944946
v5_int8,warm_cast,test/paper/paper462.jpg,paper,other,0.4934753477573395
v5_int8,warm_cast,test/paper/paper465.jpg,paper,other,0.9089465737342834
v5_int8,warm_cast,test/paper/paper474.jpg,paper,organic,0.6535038948059082
v5_int8,warm_cast,test/paper/paper48.jpg,paper,organic,0.6953433752059937
v5_int8,warm_cast,test/paper/paper495.jpg,paper,other,0.9454439282417297
v5_int8,warm_cast,test/paper/paper500.jpg,paper,other,0.5982433557510376
v5_int8,warm_cast,test/paper/paper502.jpg,paper,organic,0.6947762370109558
v5_int8,warm_cast,test/paper/paper503.jpg,paper,other,0.9618768692016602
v5_int8,warm_cast,test/paper/paper505.jpg,paper,other,0.9774655103683472
v5_int8,warm_cast,test/paper/paper508.jpg,paper,other,0.9647663831710815
v5_int8,warm_cast,test/paper/paper515.jpg,paper,other,0.9473052620887756
v5_int8,warm_cast,test/paper/paper525.jpg,paper,other,0.9522786140441895
v5_int8,warm_cast,test/paper/paper527.jpg,paper,other,0.7539253830909729
v5_int8,warm_cast,test/paper/paper53.jpg,paper,other,0.3620384931564331
v5_int8,warm_cast,test/paper/paper534.jpg,paper,organic,0.4463784098625183
v5_int8,warm_cast,test/paper/paper537.jpg,paper,organic,0.8069241046905518
v5_int8,warm_cast,test/paper/paper541.jpg,paper,other,0.6303154826164246
v5_int8,warm_cast,test/paper/paper542.jpg,paper,organic,0.9040775895118713
v5_int8,warm_cast,test/paper/paper543.jpg,paper,other,0.6985639929771423
v5_int8,warm_cast,test/paper/paper547.jpg,paper,organic,0.42998212575912476
v5_int8,warm_cast,test/paper/paper548.jpg,paper,other,0.9773122072219849
v5_int8,warm_cast,test/paper/paper55.jpg,paper,paper,0.4937458634376526
v5_int8,warm_cast,test/paper/paper557.jpg,paper,other,0.9650577306747437
v5_int8,warm_cast,test/paper/paper558.jpg,paper,organic,0.7761104106903076
v5_int8,warm_cast,test/paper/paper563.jpg,paper,other,0.628550112247467
v5_int8,warm_cast,test/paper/paper569.jpg,paper,other,0.4650047719478607
v5_int8,warm_cast,test/paper/paper570.jpg,paper,other,0.7456840872764587
v5_int8,warm_cast,test/paper/paper576.jpg,paper,other,0.9620152115821838
v5_int8,warm_cast,test/paper/paper58.jpg,paper,other,0.9787010550498962
v5_int8,warm_cast,test/paper/paper586.jpg,paper,organic,0.7128952145576477
v5_int8,warm_cast,test/paper/paper593.jpg,paper,other,0.9710903763771057
v5_int8,warm_cast,test/paper/paper6.jpg,paper,other,0.7381443977355957
v5_int8,warm_cast,test/paper/paper68.jpg,paper,organic,0.6016957759857178
v5_int8,warm_cast,test/paper/paper69.jpg,paper,organic,0.8533156514167786
v5_int8,warm_cast,test/paper/paper7.jpg,paper,other,0.667439877986908
v5_int8,warm_cast,test/paper/paper70.jpg,paper,other,0.9718477725982666
v5_int8,warm_cast,test/paper/paper77.jpg,paper,organic,0.4579191505908966
v5_int8,warm_cast,test/paper/paper86.jpg,paper,organic,0.9149333238601685
v5_int8,warm_cast,test/paper/paper94.jpg,paper,other,0.9043724536895752
v5_int8,warm_cast,test/paper/paper97.jpg,paper,organic,0.7831005454063416
v5_int8,warm_cast,test/plastic/plastic103.jpg,plastic,other,0.6724642515182495
v5_int8,warm_cast,test/plastic/plastic114.jpg,plastic,other,0.9643889665603638
v5_int8,warm_cast,test/plastic/plastic122.jpg,plastic,other,0.7208775281906128
v5_int8,warm_cast,test/plastic/plastic125.jpg,plastic,other,0.49962785840034485
v5_int8,warm_cast,test/plastic/plastic126.jpg,plastic,other,0.9296533465385437
v5_int8,warm_cast,test/plastic/plastic132.jpg,plastic,other,0.8688441514968872
v5_int8,warm_cast,test/plastic/plastic138.jpg,plastic,other,0.9744232296943665
v5_int8,warm_cast,test/plastic/plastic145.jpg,plastic,other,0.9493423104286194
v5_int8,warm_cast,test/plastic/plastic146.jpg,plastic,other,0.9844195246696472
v5_int8,warm_cast,test/plastic/plastic152.jpg,plastic,other,0.942288875579834
v5_int8,warm_cast,test/plastic/plastic156.jpg,plastic,other,0.9860895872116089
v5_int8,warm_cast,test/plastic/plastic159.jpg,plastic,other,0.9315654635429382
v5_int8,warm_cast,test/plastic/plastic170.jpg,plastic,other,0.9624506235122681
v5_int8,warm_cast,test/plastic/plastic172.jpg,plastic,other,0.7557002305984497
v5_int8,warm_cast,test/plastic/plastic177.jpg,plastic,other,0.9230979084968567
v5_int8,warm_cast,test/plastic/plastic187.jpg,plastic,other,0.39869949221611023
v5_int8,warm_cast,test/plastic/plastic2.jpg,plastic,other,0.9834980368614197
v5_int8,warm_cast,test/plastic/plastic201.jpg,plastic,other,0.5362491011619568
v5_int8,warm_cast,test/plastic/plastic205.jpg,plastic,other,0.5210129618644714
v5_int8,warm_cast,test/plastic/plastic207.jpg,plastic,other,0.7951318621635437
v5_int8,warm_cast,test/plastic/plastic21.jpg,plastic,other,0.8086124658584595
v5_int8,warm_cast,test/plastic/plastic214.jpg,plastic,other,0.7426854372024536
v5_int8,warm_cast,test/plastic/plastic217.jpg,plastic,other,0.7894191145896912
v5_int8,warm_cast,test/plastic/plastic226.jpg,plastic,other,0.4766179919242859
v5_int8,warm_cast,test/plastic/plastic227.jpg,plastic,other,0.7554620504379272
v5_int8,warm_cast,test/plastic/plastic242.jpg,plastic,other,0.822609543800354
v5_int8,warm_cast,test/plastic/plastic251.jpg,plastic,other,0.8431762456893921
v5_int8,warm_cast,test/plastic/plastic252.jpg,plastic,other,0.8037086129188538
v5_int8,warm_cast,test/plastic/plastic253.jpg,plastic,other,0.8636341691017151
v5_int8,warm_cast,test/plastic/plastic260.jpg,plastic,other,0.7278501391410828
v5_int8,warm_cast,test/plastic/plastic264.jpg,plastic,other,0.9678530693054199
v5_int8,warm_cast,test/plastic/plastic265.jpg,plastic,other,0.7939411997795105
v5_int8,warm_cast,test/plastic/plastic268.jpg,plastic,other,0.5011858940124512
v5_int8,warm_cast,test/plastic/plastic270.jpg,plastic,other,0.7730398774147034
v5_int8,warm_cast,test/plastic/plastic285.jpg,plastic,other,0.6652061939239502
v5_int8,warm_cast,test/plastic/plastic305.jpg,plastic,other,0.9390319585800171
v5_int8,warm_cast,test/plastic/plastic306.jpg,plastic,other,0.861528217792511
v5_int8,warm_cast,test/plastic/plastic312.jpg,plastic,other,0.7683034539222717
v5_int8,warm_cast,test/plastic/plastic314.jpg,plastic,other,0.8449705839157104
v5_int8,warm_cast,test/plastic/plastic315.jpg,plastic,other,0.7950946688652039
v5_int8,warm_cast,test/plastic/plastic317.jpg,plastic,other,0.9008337259292603
v5_int8,warm_cast,test/plastic/plastic32.jpg,plastic,other,0.5936409831047058
v5_int8,warm_cast,test/plastic/plastic328.jpg,plastic,other,0.9272232055664062
v5_int8,warm_cast,test/plastic/plastic348.jpg,plastic,other,0.9142287373542786
v5_int8,warm_cast,test/plastic/plastic349.jpg,plastic,other,0.7511115074157715
v5_int8,warm_cast,test/plastic/plastic372.jpg,plastic,other,0.8735468983650208
v5_int8,warm_cast,test/plastic/plastic374.jpg,plastic,other,0.8951027989387512
v5_int8,warm_cast,test/plastic/plastic379.jpg,plastic,other,0.6004120111465454
v5_int8,warm_cast,test/plastic/plastic383.jpg,plastic,other,0.9286081790924072
v5_int8,warm_cast,test/plastic/plastic388.jpg,plastic,other,0.684306800365448
v5_int8,warm_cast,test/plastic/plastic39.jpg,plastic,other,0.8224043250083923
v5_int8,warm_cast,test/plastic/plastic390.jpg,plastic,other,0.5665505528450012
v5_int8,warm_cast,test/plastic/plastic398.jpg,plastic,other,0.8906124234199524
v5_int8,warm_cast,test/plastic/plastic399.jpg,plastic,other,0.785736620426178
v5_int8,warm_cast,test/plastic/plastic405.jpg,plastic,other,0.777951717376709
v5_int8,warm_cast,test/plastic/plastic411.jpg,plastic,other,0.7749873399734497
v5_int8,warm_cast,test/plastic/plastic420.jpg,plastic,other,0.8140239715576172
v5_int8,warm_cast,test/plastic/plastic423.jpg,plastic,other,0.7708324193954468
v5_int8,warm_cast,test/plastic/plastic426.jpg,plastic,other,0.8644371628761292
v5_int8,warm_cast,test/plastic/plastic434.jpg,plastic,other,0.7270208597183228
v5_int8,warm_cast,test/plastic/plastic438.jpg,plastic,other,0.9524826407432556
v5_int8,warm_cast,test/plastic/plastic465.jpg,plastic,organic,0.4579835832118988
v5_int8,warm_cast,test/plastic/plastic473.jpg,plastic,other,0.942474365234375
v5_int8,warm_cast,test/plastic/plastic49.jpg,plastic,other,0.7150046825408936
v5_int8,warm_cast,test/plastic/plastic64.jpg,plastic,other,0.732217013835907
v5_int8,warm_cast,test/plastic/plastic66.jpg,plastic,other,0.8400529026985168
v5_int8,warm_cast,test/plastic/plastic67.jpg,plastic,other,0.623744785785675
v5_int8,warm_cast,test/plastic/plastic79.jpg,plastic,other,0.6636845469474792
v5_int8,warm_cast,test/plastic/plastic80.jpg,plastic,other,0.6799300909042358
v5_int8,warm_cast,test/plastic/plastic82.jpg,plastic,other,0.9672980308532715
v5_int8,warm_cast,test/plastic/plastic84.jpg,plastic,other,0.6922411918640137
v5_int8,warm_cast,test/plastic/plastic93.jpg,plastic,other,0.8051698207855225
v5_int8,warm_cast,test/plastic/plastic98.jpg,plastic,other,0.880047619342804
v5_int8,warm_cast,test/plastic/plastic99.jpg,plastic,other,0.8093084096908569
v5_int8,warm_cast,test/organic/organic_0001.jpg,organic,organic,0.915622889995575
v5_int8,warm_cast,test/organic/organic_0002.jpg,organic,organic,0.693493127822876
v5_int8,warm_cast,test/organic/organic_0003.jpg,organic,other,0.49808269739151
v5_int8,warm_cast,test/organic/organic_0004.jpg,organic,organic,0.9443310499191284
v5_int8,warm_cast,test/organic/organic_0005.jpg,organic,organic,0.8924278020858765
v5_int8,warm_cast,test/organic/organic_0006.jpg,organic,organic,0.97034752368927
v5_int8,warm_cast,test/organic/organic_0007.jpg,organic,organic,0.8669522404670715
v5_int8,warm_cast,test/organic/organic_0008.jpg,organic,organic,0.7821293473243713
v5_int8,warm_cast,test/organic/organic_0009.jpg,organic,organic,0.9088577628135681
v5_int8,warm_cast,test/organic/organic_0010.jpg,organic,organic,0.982124388217926
v5_int8,warm_cast,test/organic/organic_0011.jpg,organic,organic,0.9653160572052002
v5_int8,warm_cast,test/organic/organic_0012.jpg,organic,organic,0.9824960231781006
v5_int8,warm_cast,test/organic/organic_0013.jpg,organic,organic,0.7803879976272583
v5_int8,warm_cast,test/organic/organic_0014.jpg,organic,organic,0.45640161633491516
v5_int8,warm_cast,test/organic/organic_0015.jpg,organic,organic,0.9893837571144104
v5_int8,warm_cast,test/organic/organic_0016.jpg,organic,organic,0.9217720627784729
v5_int8,warm_cast,test/organic/organic_0017.jpg,organic,organic,0.9296319484710693
v5_int8,warm_cast,test/organic/organic_0018.jpg,organic,other,0.6065225005149841
v5_int8,warm_cast,test/organic/organic_0019.jpg,organic,other,0.7495105862617493
v5_int8,warm_cast,test/organic/organic_0020.jpg,organic,organic,0.7130166888237
v5_int8,warm_cast,test/organic/organic_0021.jpg,organic,organic,0.9527994394302368
v5_int8,warm_cast,test/organic/organic_0022.jpg,organic,organic,0.4716036319732666
v5_int8,warm_cast,test/organic/organic_0023.jpg,organic,organic,0.9166801571846008
v5_int8,warm_cast,test/organic/organic_0024.jpg,organic,organic,0.7072907090187073
v5_int8,warm_cast,test/organic/organic_0025.jpg,organic,organic,0.9816795587539673
v5_int8,warm_cast,test/organic/organic_0026.jpg,organic,organic,0.6385915279388428
v5_int8,warm_cast,test/organic/organic_0027.jpg,organic,organic,0.8846747279167175
v5_int8,warm_cast,test/organic/organic_0028.jpg,organic,organic,0.8398985862731934
v5_int8,warm_cast,test/organic/organic_0029.jpg,organic,organic,0.7473926544189453
v5_int8,warm_cast,test/organic/organic_0030.jpg,organic,organic,0.911371648311615
v5_int8,warm_cast,test/organic/organic_0031.jpg,organic,organic,0.9397292733192444
v5_int8,warm_cast,test/organic/organic_0032.jpg,organic,organic,0.9373266100883484
v5_int8,warm_cast,test/organic/organic_0033.jpg,organic,organic,0.952160120010376
v5_int8,warm_cast,test/organic/organic_0034.jpg,organic,organic,0.6165558099746704
v5_int8,warm_cast,test/organic/organic_0035.jpg,organic,organic,0.6292653679847717
v5_int8,warm_cast,test/organic/organic_0036.jpg,organic,organic,0.873836100101471
v5_int8,warm_cast,test/organic/organic_0037.jpg,organic,organic,0.6796464323997498
v5_int8,warm_cast,test/organic/organic_0038.jpg,organic,other,0.7403034567832947
v5_int8,warm_cast,test/organic/organic_0039.jpg,organic,organic,0.9289395213127136
v5_int8,warm_cast,test/organic/organic_0040.jpg,organic,organic,0.7648376822471619
v5_int8,warm_cast,test/organic/organic_0041.jpg,organic,organic,0.8869644403457642
v5_int8,warm_cast,test/organic/organic_0042.jpg,organic,organic,0.7902351021766663
v5_int8,warm_cast,test/organic/organic_0043.jpg,organic,organic,0.4684567451477051
v5_int8,warm_cast,test/organic/organic_0044.jpg,organic,organic,0.7989366054534912
v5_int8,warm_cast,test/organic/organic_0045.jpg,organic,organic,0.9650397300720215
v5_int8,warm_cast,test/organic/organic_0046.jpg,organic,organic,0.9575061798095703
v5_int8,warm_cast,test/organic/organic_0047.jpg,organic,organic,0.9767083525657654
v5_int8,warm_cast,test/organic/organic_0048.jpg,organic,organic,0.9520960450172424
v5_int8,warm_cast,test/organic/organic_0049.jpg,organic,organic,0.9164546132087708
v5_int8,warm_cast,test/organic/organic_0050.jpg,organic,organic,0.8645302653312683
v5_int8,warm_cast,test/organic/organic_0051.jpg,organic,other,0.6825125813484192
v5_int8,warm_cast,test/organic/organic_0052.jpg,organic,organic,0.9713848829269409
v5_int8,warm_cast,test/organic/organic_0053.jpg,organic,organic,0.8552096486091614
v5_int8,warm_cast,test/organic/organic_0054.jpg,organic,paper,0.29916393756866455
v5_int8,warm_cast,test/organic/organic_0055.jpg,organic,organic,0.9043195843696594
v5_int8,warm_cast,test/organic/organic_0056.jpg,organic,organic,0.37318605184555054
v5_int8,warm_cast,test/organic/organic_0057.jpg,organic,organic,0.9578132629394531
v5_int8,warm_cast,test/organic/organic_0058.jpg,organic,organic,0.9420977830886841
v5_int8,warm_cast,test/organic/organic_0059.jpg,organic,organic,0.8658290505409241
v5_int8,warm_cast,test/organic/organic_0060.jpg,organic,organic,0.8500652313232422
v5_int8,warm_cast,test/organic/organic_0061.jpg,organic,organic,0.5016178488731384
v5_int8,warm_cast,test/organic/organic_0062.jpg,organic,organic,0.8347697854042053
v5_int8,warm_cast,test/organic/organic_0063.jpg,organic,organic,0.848484218120575
v5_int8,warm_cast,test/organic/organic_0064.jpg,organic,organic,0.6347412467002869
v5_int8,warm_cast,test/organic/organic_0065.jpg,organic,organic,0.789830207824707
v5_int8,warm_cast,test/organic/organic_0066.jpg,organic,organic,0.882879376411438
v5_int8,warm_cast,test/organic/organic_0067.jpg,organic,organic,0.5450184345245361
v5_int8,warm_cast,test/organic/organic_0068.jpg,organic,organic,0.6344974637031555
v5_int8,warm_cast,test/organic/organic_0069.jpg,organic,organic,0.9095985293388367
v5_int8,warm_cast,test/organic/organic_0070.jpg,organic,other,0.4163944721221924
v5_int8,warm_cast,test/organic/organic_0071.jpg,organic,organic,0.9830076694488525
v5_int8,warm_cast,test/organic/organic_0072.jpg,organic,organic,0.9833319187164307
v5_int8,warm_cast,test/organic/organic_0073.jpg,organic,organic,0.9823756814002991
v5_int8,warm_cast,test/organic/organic_0074.jpg,organic,organic,0.9623701572418213
v5_int8,warm_cast,test/other/cardboard105.jpg,other,other,0.8958654403686523
v5_int8,warm_cast,test/other/cardboard115.jpg,other,other,0.9602747559547424
v5_int8,warm_cast,test/other/cardboard121.jpg,other,other,0.888420045375824
v5_int8,warm_cast,test/other/cardboard125.jpg,other,other,0.7519363760948181
v5_int8,warm_cast,test/other/cardboard128.jpg,other,other,0.868073582649231
v5_int8,warm_cast,test/other/cardboard160.jpg,other,other,0.9345532655715942
v5_int8,warm_cast,test/other/cardboard162.jpg,other,other,0.6681240797042847
v5_int8,warm_cast,test/other/cardboard175.jpg,other,other,0.5440951585769653
v5_int8,warm_cast,test/other/cardboard18.jpg,other,other,0.8878930807113647
v5_int8,warm_cast,test/other/cardboard184.jpg,other,other,0.9088111519813538
v5_int8,warm_cast,test/other/cardboard19.jpg,other,other,0.7871112823486328
v5_int8,warm_cast,test/other/cardboard190.jpg,other,organic,0.41629552841186523
v5_int8,warm_cast,test/other/cardboard2.jpg,other,other,0.9834612607955933
v5_int8,warm_cast,test/other/cardboard208.jpg,other,other,0.9276718497276306
v5_int8,warm_cast,test/other/cardboard210.jpg,other,other,0.9413007497787476
v5_int8,warm_cast,test/other/cardboard213.jpg,other,other,0.9347217679023743
v5_int8,warm_cast,test/other/cardboard214.jpg,other,other,0.8959351181983948
v5_int8,warm_cast,test/other/cardboard216.jpg,other,other,0.7688918113708496
v5_int8,warm_cast,test/other/cardboard218.jpg,other,other,0.743394136428833
v5_int8,warm_cast,test/other/cardboard222.jpg,other,other,0.9122067093849182
v5_int8,warm_cast,test/other/cardboard231.jpg,other,other,0.9671552777290344
v5_int8,warm_cast,test/other/cardboard239.jpg,other,other,0.614334225654602
v5_int8,warm_cast,test/other/cardboard248.jpg,other,other,0.860957682132721
v5_int8,warm_cast,test/other/cardboard252.jpg,other,other,0.750453531742096
v5_int8,warm_cast,test/other/cardboard259.jpg,other,other,0.9525139927864075
v5_int8,warm_cast,test/other/cardboard260.jpg,other,other,0.7647072672843933
v5_int8,warm_cast,test/other/cardboard261.jpg,other,other,0.9647925496101379
v5_int8,warm_cast,test/other/cardboard266.jpg,other,organic,0.7658247351646423
v5_int8,warm_cast,test/other/cardboard274.jpg,other,other,0.9842389822006226
v5_int8,warm_cast,test/other/cardboard276.jpg,other,other,0.7886808514595032
v5_int8,warm_cast,test/other/cardboard286.jpg,other,other,0.5480473041534424
v5_int8,warm_cast,test/other/cardboard289.jpg,other,other,0.9471835494041443
v5_int8,warm_cast,test/other/cardboard290.jpg,other,other,0.9346692562103271
v5_int8,warm_cast,test/other/cardboard293.jpg,other,other,0.8990619778633118
v5_int8,warm_cast,test/other/cardboard299.jpg,other,other,0.8959805369377136
v5_int8,warm_cast,test/other/cardboard304.jpg,other,other,0.8896980285644531
v5_int8,warm_cast,test/other/cardboard308.jpg,other,other,0.783412754535675
v5_int8,warm_cast,test/other/cardboard31.jpg,other,other,0.9519385099411011
v5_int8,warm_cast,test/other/cardboard310.jpg,other,other,0.9552403092384338
v5_int8,warm_cast,test/other/cardboard312.jpg,other,other,0.9485411643981934
v5_int8,warm_cast,test/other/cardboard313.jpg,other,other,0.9570319652557373
v5_int8,warm_cast,test/other/cardboard314.jpg,other,other,0.9448065161705017
v5_int8,warm_cast,test/other/cardboard321.jpg,other,other,0.7924257516860962
v5_int8,warm_cast,test/other/cardboard323.jpg,other,other,0.9098429083824158
v5_int8,warm_cast,test/other/cardboard332.jpg,other,other,0.9435433745384216
v5_int8,warm_cast,test/other/cardboard334.jpg,other,other,0.8892258405685425
v5_int8,warm_cast,test/other/cardboard34.jpg,other,other,0.9618711471557617
v5_int8,warm_cast,test/other/cardboard356.jpg,other,other,0.9258073568344116
v5_int8,warm_cast,test/other/cardboard363.jpg,other,other,0.6747056841850281
v5_int8,warm_cast,test/other/cardboard372.jpg,other,other,0.9196414351463318
v5_int8,warm_cast,test/other/cardboard383.jpg,other,other,0.9855990409851074
v5_int8,warm_cast,test/other/cardboard384.jpg,other,organic,0.7321757674217224
v5_int8,warm_cast,test/other/cardboard387.jpg,other,other,0.9600103497505188
v5_int8,warm_cast,test/other/cardboard388.jpg,other,other,0.8208739161491394
v5_int8,warm_cast,test/other/cardboard397.jpg,other,other,0.8341599106788635
v5_int8,warm_cast,test/other/cardboard40.jpg,other,other,0.9169281721115112
v5_int8,warm_cast,test/other/cardboard401.jpg,other,other,0.932761549949646
v5_int8,warm_cast,test/other/cardboard44.jpg,other,other,0.8873698711395264
v5_int8,warm_cast,test/other/cardboard51.jpg,other,other,0.9524751901626587
v5_int8,warm_cast,test/other/cardboard57.jpg,other,other,0.8678794503211975
v5_int8,warm_cast,test/other/cardboard63.jpg,other,other,0.9607905149459839
v5_int8,warm_cast,test/other/cardboard69.jpg,other,other,0.9654886722564697
v5_int8,warm_cast,test/other/cardboard71.jpg,other,organic,0.6812266707420349
v5_int8,warm_cast,test/other/cardboard73.jpg,other,other,0.8445501923561096
v5_int8,warm_cast,test/other/cardboard8.jpg,other,other,0.8588371872901917
v5_int8,warm_cast,test/other/cardboard88.jpg,other,other,0.7298699021339417
v5_int8,warm_cast,test/other/cardboard89.jpg,other,other,0.8725476861000061
v5_int8,warm_cast,test/other/cardboard9.jpg,other,other,0.8126220703125
v5_int8,warm_cast,test/other/cardboard92.jpg,other,other,0.9532698392868042
v5_int8,warm_cast,test/other/cardboard98.jpg,other,other,0.942717432975769
v5_int8,warm_cast,test/other/metal112.jpg,other,other,0.6848586797714233
v5_int8,warm_cast,test/other/metal114.jpg,other,organic,0.7339816093444824
v5_int8,warm_cast,test/other/metal119.jpg,other,other,0.9458802342414856
v5_int8,warm_cast,test/other/metal12.jpg,other,other,0.912131130695343
v5_int8,warm_cast,test/other/metal13.jpg,other,other,0.7233201265335083
v5_int8,warm_cast,test/other/metal133.jpg,other,other,0.5580025911331177
v5_int8,warm_cast,test/other/metal134.jpg,other,other,0.8036369681358337
v5_int8,warm_cast,test/other/metal139.jpg,other,other,0.821786642074585
v5_int8,warm_cast,test/other/metal143.jpg,other,other,0.4264877140522003
v5_int8,warm_cast,test/other/metal146.jpg,other,other,0.7916363477706909
v5_int8,warm_cast,test/other/metal157.jpg,other,other,0.8929298520088196
v5_int8,warm_cast,test/other/metal159.jpg,other,other,0.950544536113739
v5_int8,warm_cast,test/other/metal161.jpg,other,other,0.7042199969291687
v5_int8,warm_cast,test/other/metal170.jpg,other,other,0.944718062877655
v5_int8,warm_cast,test/other/metal172.jpg,other,organic,0.7041871547698975
v5_int8,warm_cast,test/other/metal175.jpg,other,other,0.9555185437202454
v5_int8,warm_cast,test/other/metal18.jpg,other,other,0.9067128300666809
v5_int8,warm_cast,test/other/metal186.jpg,other,other,0.6907641291618347
v5_int8,warm_cast,test/other/metal187.jpg,other,other,0.9563650488853455
v5_int8,warm_cast,test/other/metal188.jpg,other,other,0.7936823964118958
v5_int8,warm_cast,test/other/metal192.jpg,other,organic,0.33671918511390686
v5_int8,warm_cast,test/other/metal198.jpg,other,other,0.8261914253234863
v5_int8,warm_cast,test/other/metal201.jpg,other,other,0.5927947163581848
v5_int8,warm_cast,test/other/metal205.jpg,other,other,0.95777827501297
v5_int8,warm_cast,test/other/metal209.jpg,other,other,0.7264684438705444
v5_int8,warm_cast,test/other/metal217.jpg,other,other,0.949632465839386
v5_int8,warm_cast,test/other/metal239.jpg,other,other,0.6600009799003601
v5_int8,warm_cast,test/other/metal24.jpg,other,other,0.7024310827255249
v5_int8,warm_cast,test/other/metal246.jpg,other,other,0.631075918674469
v5_int8,warm_cast,test/other/metal247.jpg,other,other,0.8983171582221985
v5_int8,warm_cast,test/other/metal248.jpg,other,other,0.7218930721282959
v5_int8,warm_cast,test/other/metal249.jpg,other,paper,0.47610288858413696
v5_int8,warm_cast,test/other/metal258.jpg,other,organic,0.6500027179718018
v5_int8,warm_cast,test/other/metal261.jpg,other,other,0.48548319935798645
v5_int8,warm_cast,test/other/metal263.jpg,other,other,0.6822984218597412
v5_int8,warm_cast,test/other/metal269.jpg,other,other,0.9295753836631775
v5_int8,warm_cast,test/other/metal27.jpg,other,other,0.6464346051216125
v5_int8,warm_cast,test/other/metal275.jpg,other,other,0.8692972660064697
v5_int8,warm_cast,test/other/metal292.jpg,other,plastic,0.4564048945903778
v5_int8,warm_cast,test/other/metal296.jpg,other,other,0.764900803565979
v5_int8,warm_cast,test/other/metal317.jpg,other,other,0.9121415019035339
v5_int8,warm_cast,test/other/metal324.jpg,other,other,0.6236501932144165
v5_int8,warm_cast,test/other/metal325.jpg,other,other,0.6106545329093933
v5_int8,warm_cast,test/other/metal328.jpg,other,other,0.9564613699913025
v5_int8,warm_cast,test/other/metal33.jpg,other,other,0.7482693791389465
v5_int8,warm_cast,test/other/metal341.jpg,other,other,0.8994688987731934
v5_int8,warm_cast,test/other/metal344.jpg,other,paper,0.42054206132888794
v5_int8,warm_cast,test/other/metal350.jpg,other,other,0.7007105946540833
v5_int8,warm_cast,test/other/metal355.jpg,other,other,0.9094700813293457
v5_int8,warm_cast,test/other/metal364.jpg,other,other,0.643359899520874
v5_int8,warm_cast,test/other/metal370.jpg,other,other,0.7882060408592224
v5_int8,warm_cast,test/other/metal387.jpg,other,other,0.6567711234092712
v5_int8,warm_cast,test/other/metal389.jpg,other,other,0.8546255826950073
v5_int8,warm_cast,test/other/metal393.jpg,other,other,0.9513770341873169
v5_int8,warm_cast,test/other/metal394.jpg,other,other,0.6041635870933533
v5_int8,warm_cast,test/other/metal395.jpg,other,other,0.9534159302711487
v5_int8,warm_cast,test/other/metal403.jpg,other,other,0.8095247745513916
v5_int8,warm_cast,test/other/metal48.jpg,other,other,0.9868500232696533
v5_int8,warm_cast,test/other/metal50.jpg,other,organic,0.4683353900909424
v5_int8,warm_cast,test/other/metal52.jpg,other,organic,0.6938561201095581
v5_int8,warm_cast,test/other/metal62.jpg,other,other,0.64603590965271
v5_int8,warm_cast,test/other/metal65.jpg,other,organic,0.6234658360481262
v5_int8,warm_cast,test/other/metal68.jpg,other,other,0.6541765332221985
v5_int8,warm_cast,test/other/metal77.jpg,other,organic,0.677351176738739
v5_int8,warm_cast,test/other/metal80.jpg,other,other,0.5979136824607849
v5_int8,warm_cast,test/other/metal84.jpg,other,other,0.5537651777267456
v5_int8,warm_cast,test/other/metal87.jpg,other,organic,0.4811824858188629
v5_int8,warm_cast,test/other/metal99.jpg,other,other,0.7095617651939392
v5_int8,cool_cast,test/paper/paper104.jpg,paper,other,0.7540578246116638
v5_int8,cool_cast,test/paper/paper112.jpg,paper,other,0.6302723288536072
v5_int8,cool_cast,test/paper/paper113.jpg,paper,other,0.6422202587127686
v5_int8,cool_cast,test/paper/paper114.jpg,paper,other,0.4265146851539612
v5_int8,cool_cast,test/paper/paper12.jpg,paper,other,0.6970682740211487
v5_int8,cool_cast,test/paper/paper120.jpg,paper,plastic,0.8095389008522034
v5_int8,cool_cast,test/paper/paper124.jpg,paper,other,0.4954128563404083
v5_int8,cool_cast,test/paper/paper125.jpg,paper,other,0.769865870475769
v5_int8,cool_cast,test/paper/paper129.jpg,paper,other,0.5548533201217651
v5_int8,cool_cast,test/paper/paper13.jpg,paper,other,0.5771890878677368
v5_int8,cool_cast,test/paper/paper137.jpg,paper,other,0.5768766403198242
v5_int8,cool_cast,test/paper/paper143.jpg,paper,plastic,0.588399350643158
v5_int8,cool_cast,test/paper/paper149.jpg,paper,plastic,0.6735981702804565
v5_int8,cool_cast,test/paper/paper161.jpg,paper,other,0.6982053518295288
v5_int8,cool_cast,test/paper/paper167.jpg,paper,other,0.4530864357948303
v5_int8,cool_cast,test/paper/paper169.jpg,paper,plastic,0.8133537173271179
v5_int8,cool_cast,test/paper/paper186.jpg,paper,plastic,0.5011113882064819
v5_int8,cool_cast,test/paper/paper188.jpg,paper,paper,0.6838692426681519
v5_int8,cool_cast,test/paper/paper208.jpg,paper,other,0.7307199835777283
v5_int8,cool_cast,test/paper/paper209.jpg,paper,paper,0.45516929030418396
v5_int8,cool_cast,test/paper/paper218.jpg,paper,other,0.5866315960884094
v5_int8,cool_cast,test/paper/paper219.jpg,paper,other,0.48596322536468506
v5_int8,cool_cast,test/paper/paper220.jpg,paper,plastic,0.7587089538574219
v5_int8,cool_cast,test/paper/paper225.jpg,paper,other,0.5217171311378479
v5_int8,cool_cast,test/paper/paper230.jpg,paper,other,0.4937054216861725
v5_int8,cool_cast,test/paper/paper235.jpg,paper,other,0.6282617449760437
v5_int8,cool_cast,test/paper/paper266.jpg,paper,other,0.6607918739318848
v5_int8,cool_cast,test/paper/paper269.jpg,paper,other,0.7443838119506836
v5_int8,cool_cast,test/paper/paper271.jpg,paper,other,0.5420709252357483
v5_int8,cool_cast,test/paper/paper273.jpg,paper,plastic,0.5762870907783508
v5_int8,cool_cast,test/paper/paper276.jpg,paper,plastic,0.5595128536224365
v5_int8,cool_cast,test/paper/paper279.jpg,paper,plastic,0.5438838601112366
v5_int8,cool_cast,test/paper/paper282.jpg,paper,other,0.5507616400718689
v5_int8,cool_cast,test/paper/paper286.jpg,paper,other,0.6623277068138123
v5_int8,cool_cast,test/paper/paper289.jpg,paper,other,0.6705920100212097
v5_int8,cool_cast,test/paper/paper294.jpg,paper,plastic,0.732388973236084
v5_int8,cool_cast,test/paper/paper3.jpg,paper,plastic,0.600796103477478
v5_int8,cool_cast,test/paper/paper301.jpg,paper,other,0.6131799221038818
v5_int8,cool_cast,test/paper/paper303.jpg,paper,other,0.4572106897830963
v5_int8,cool_cast,test/paper/paper311.jpg,paper,organic,0.5741015076637268
v5_int8,cool_cast,test/paper/paper319.jpg,paper,organic,0.3798952102661133
v5_int8,cool_cast,test/paper/paper32.jpg,paper,plastic,0.5521929860115051
v5_int8,cool_cast,test/paper/paper346.jpg,paper,other,0.5412272214889526
v5_int8,cool_cast,test/paper/paper348.jpg,paper,plastic,0.6182209849357605
v5_int8,cool_cast,test/paper/paper350.jpg,paper,plastic,0.8515286445617676
v5_int8,cool_cast,test/paper/paper354.jpg,paper,other,0.5287355184555054
v5_int8,cool_cast,test/paper/paper356.jpg,paper,other,0.7180504202842712
v5_int8,cool_cast,test/paper/paper357.jpg,paper,plastic,0.46482667326927185
v5_int8,cool_cast,test/paper/paper361.jpg,paper,plastic,0.5746667981147766
v5_int8,cool_cast,test/paper/paper362.jpg,paper,other,0.7277795672416687
v5_int8,cool_cast,test/paper/paper368.jpg,paper,plastic,0.8578515648841858
v5_int8,cool_cast,test/paper/paper373.jpg,paper,plastic,0.8504590392112732
v5_int8,cool_cast,test/paper/paper380.jpg,paper,other,0.42902231216430664
v5_int8,cool_cast,test/paper/paper381.jpg,paper,other,0.6189926266670227
v5_int8,cool_cast,test/paper/paper385.jpg,paper,plastic,0.8246158957481384
v5_int8,cool_cast,test/paper/paper392.jpg,paper,paper,0.49567440152168274
v5_int8,cool_cast,test/paper/paper396.jpg,paper,other,0.5401448011398315
v5_int8,cool_cast,test/paper/paper404.jpg,paper,other,0.43547147512435913
v5_int8,cool_cast,test/paper/paper405.jpg,paper,other,0.8536477088928223
v5_int8,cool_cast,test/paper/paper416.jpg,paper,plastic,0.6324036717414856
v5_int8,cool_cast,test/paper/paper417.jpg,paper,plastic,0.6057747602462769
v5_int8,cool_cast,test/paper/paper422.jpg,paper,other,0.4770967960357666
v5_int8,cool_cast,test/paper/paper434.jpg,paper,other,0.4659719169139862
v5_int8,cool_cast,test/paper/paper444.jpg,paper,plastic,0.8633432388305664
v5_int8,cool_cast,test/paper/paper450.jpg,paper,other,0.7143687605857849
v5_int8,cool_cast,test/paper/paper457.jpg,paper,other,0.5096160769462585
v5_int8,cool_cast,test/paper/paper460.jpg,paper,other,0.5870209336280823
v5_int8,cool_cast,test/paper/paper461.jpg,paper,other,0.5181992650032043
v5_int8,cool_cast,test/paper/paper462.jpg,paper,other,0.7182090282440186
v5_int8,cool_cast,test/paper/paper465.jpg,paper,other,0.7637548446655273
v5_int8,cool_cast,test/paper/paper474.jpg,paper,other,0.4479229152202606
v5_int8,cool_cast,test/paper/paper48.jpg,paper,other,0.7341602444648743
v5_int8,cool_cast,test/paper/paper495.jpg,paper,other,0.48048439621925354
v5_int8,cool_cast,test/paper/paper500.jpg,paper,plastic,0.5376448631286621
v5_int8,cool_cast,test/paper/paper502.jpg,paper,other,0.6945705413818359
v5_int8,cool_cast,test/paper/paper503.jpg,paper,plastic,0.8401203751564026
v5_int8,cool_cast,test/paper/paper505.jpg,paper,plastic,0.7807624936103821
v5_int8,cool_cast,test/paper/paper508.jpg,paper,plastic,0.6094709038734436
v5_int8,cool_cast,test/paper/paper515.jpg,paper,plastic,0.5610342621803284
v5_int8,cool_cast,test/paper/paper525.jpg,paper,other,0.5914777517318726
v5_int8,cool_cast,test/paper/paper527.jpg,paper,other,0.769023597240448
v5_int8,cool_cast,test/paper/paper53.jpg,paper,other,0.444335401058197
v5_int8,cool_cast,test/paper/paper534.jpg,paper,other,0.6807147264480591
v5_int8,cool_cast,test/paper/paper537.jpg,paper,other,0.5951740741729736
v5_int8,cool_cast,test/paper/paper541.jpg,paper,other,0.7841788530349731
v5_int8,cool_cast,test/paper/paper542.jpg,paper,paper,0.4324842393398285
v5_int8,cool_cast,test/paper/paper543.jpg,paper,other,0.7181958556175232
v5_int8,cool_cast,test/paper/paper547.jpg,paper,other,0.7179796695709229
v5_int8,cool_cast,test/paper/paper548.jpg,paper,plastic,0.5048163533210754
v5_int8,cool_cast,test/paper/paper55.jpg,paper,paper,0.4820011854171753
v5_int8,cool_cast,test/paper/paper557.jpg,paper,plastic,0.751907229423523
v5_int8,cool_cast,test/paper/paper558.jpg,paper,other,0.5645031929016113
v5_int8,cool_cast,test/paper/paper563.jpg,paper,other,0.7784280776977539
v5_int8,cool_cast,test/paper/paper569.jpg,paper,other,0.7998316287994385
v5_int8,cool_cast,test/paper/paper570.jpg,paper,other,0.5963540077209473
v5_int8,cool_cast,test/paper/paper576.jpg,paper,plastic,0.8391805291175842
v5_int8,cool_cast,test/paper/paper58.jpg,paper,plastic,0.8073325753211975
v5_int8,cool_cast,test/paper/paper586.jpg,paper,other,0.6438585519790649
v5_int8,cool_cast,test/paper/paper593.jpg,paper,plastic,0.6982319355010986
v5_int8,cool_cast,test/paper/paper6.jpg,paper,plastic,0.4278862774372101
v5_int8,cool_cast,test/paper/paper68.jpg,paper,other,0.5504189133644104
v5_int8,cool_cast,test/paper/paper69.jpg,paper,other,0.4689338207244873
v5_int8,cool_cast,test/paper/paper7.jpg,paper,other,0.6090022921562195
v5_int8,cool_cast,test/paper/paper70.jpg,paper,plastic,0.8935187458992004
v5_int8,cool_cast,test/paper/paper77.jpg,paper,other,0.7829440236091614
v5_int8,cool_cast,test/paper/paper86.jpg,paper,organic,0.3628994822502136
v5_int8,cool_cast,test/paper/paper94.jpg,paper,other,0.5666839480400085
v5_int8,cool_cast,test/paper/paper97.jpg,paper,other,0.5374014973640442
v5_int8,cool_cast,test/plastic/plastic103.jpg,plastic,other,0.5830934047698975
v5_int8,cool_cast,test/plastic/plastic114.jpg,plastic,plastic,0.635647177696228
v5_int8,cool_cast,test/plastic/plastic122.jpg,plastic,other,0.7021797895431519
v5_int8,cool_cast,test/plastic/plastic125.jpg,plastic,other,0.4413161873817444
v5_int8,cool_cast,test/plastic/plastic126.jpg,plastic,other,0.5900113582611084
v5_int8,cool_cast,test/plastic/plastic132.jpg,plastic,plastic,0.6939694285392761
v5_int8,cool_cast,test/plastic/plastic138.jpg,plastic,plastic,0.7398523092269897
v5_int8,cool_cast,test/plastic/plastic145.jpg,plastic,plastic,0.5366421937942505
v5_int8,cool_cast,test/plastic/plastic146.jpg,plastic,plastic,0.8681444525718689
v5_int8,cool_cast,test/plastic/plastic152.jpg,plastic,plastic,0.8771937489509583
v5_int8,cool_cast,test/plastic/plastic156.jpg,plastic,plastic,0.8981263637542725
v5_int8,cool_cast,test/plastic/plastic159.jpg,plastic,plastic,0.524587094783783
v5_int8,cool_cast,test/plastic/plastic170.jpg,plastic,other,0.5286877155303955
v5_int8,cool_cast,test/plastic/plastic172.jpg,plastic,plastic,0.834729790687561
v5_int8,cool_cast,test/plastic/plastic177.jpg,plastic,other,0.3939674198627472
v5_int8,cool_cast,test/plastic/plastic187.jpg,plastic,other,0.6457956433296204
v5_int8,cool_cast,test/plastic/plastic2.jpg,plastic,plastic,0.6967966556549072
v5_int8,cool_cast,test/plastic/plastic201.jpg,plastic,other,0.8419191837310791
v5_int8,cool_cast,test/plastic/plastic205.jpg,plastic,other,0.6559767127037048
v5_int8,cool_cast,test/plastic/plastic207.jpg,plastic,plastic,0.7137791514396667
v5_int8,cool_cast,test/plastic/plastic21.jpg,plastic,other,0.6828490495681763
v5_int8,cool_cast,test/plastic/plastic214.jpg,plastic,other,0.5249449014663696
v5_int8,cool_cast,test/plastic/plastic217.jpg,plastic,other,0.5482146739959717
v5_int8,cool_cast,test/plastic/plastic226.jpg,plastic,other,0.4374430775642395
v5_int8,cool_cast,test/plastic/plastic227.jpg,plastic,other,0.662555456161499
v5_int8,cool_cast,test/plastic/plastic242.jpg,plastic,other,0.5568404793739319
v5_int8,cool_cast,test/plastic/plastic251.jpg,plastic,other,0.5236383676528931
v5_int8,cool_cast,test/plastic/plastic252.jpg,plastic,other,0.6140795350074768
v5_int8,cool_cast,test/plastic/plastic253.jpg,plastic,other,0.5746626257896423
v5_int8,cool_cast,test/plastic/plastic260.jpg,plastic,plastic,0.7044219374656677
v5_int8,cool_cast,test/plastic/plastic264.jpg,plastic,plastic,0.7960759997367859
v5_int8,cool_cast,test/plastic/plastic265.jpg,plastic,other,0.6703739166259766
v5_int8,cool_cast,test/plastic/plastic268.jpg,plastic,plastic,0.3481265604496002
v5_int8,cool_cast,test/plastic/plastic270.jpg,plastic,other,0.6431949734687805
v5_int8,cool_cast,test/plastic/plastic285.jpg,plastic,other,0.8786934018135071
v5_int8,cool_cast,test/plastic/plastic305.jpg,plastic,plastic,0.5259689688682556
v5_int8,cool_cast,test/plastic/plastic306.jpg,plastic,other,0.5993255972862244
v5_int8,cool_cast,test/plastic/plastic312.jpg,plastic,plastic,0.8154856562614441
v5_int8,cool_cast,test/plastic/plastic314.jpg,plastic,plastic,0.7145614624023438
v5_int8,cool_cast,test/plastic/plastic315.jpg,plastic,plastic,0.6946589946746826
v5_int8,cool_cast,test/plastic/plastic317.jpg,plastic,other,0.5396726727485657
v5_int8,cool_cast,test/plastic/plastic32.jpg,plastic,other,0.6066151261329651
v5_int8,cool_cast,test/plastic/plastic328.jpg,plastic,plastic,0.7107929587364197
v5_int8,cool_cast,test/plastic/plastic348.jpg,plastic,other,0.6400068998336792
v5_int8,cool_cast,test/plastic/plastic349.jpg,plastic,other,0.5303281545639038
v5_int8,cool_cast,test/plastic/plastic372.jpg,plastic,plastic,0.5492303371429443
v5_int8,cool_cast,test/plastic/plastic374.jpg,plastic,plastic,0.7975343465805054
v5_int8,cool_cast,test/plastic/plastic379.jpg,plastic,other,0.6674731969833374
v5_int8,cool_cast,test/plastic/plastic383.jpg,plastic,other,0.5229833722114563
v5_int8,cool_cast,test/plastic/plastic388.jpg,plastic,other,0.6077601313591003
v5_int8,cool_cast,test/plastic/plastic39.jpg,plastic,other,0.5275660157203674
v5_int8,cool_cast,test/plastic/plastic390.jpg,plastic,other,0.3902253210544586
v5_int8,cool_cast,test/plastic/plastic398.jpg,plastic,other,0.5998584628105164
v5_int8,cool_cast,test/plastic/plastic399.jpg,plastic,other,0.5567192435264587
v5_int8,cool_cast,test/plastic/plastic405.jpg,plastic,other,0.5032600164413452
v5_int8,cool_cast,test/plastic/plastic411.jpg,plastic,other,0.6886991858482361
v5_int8,cool_cast,test/plastic/plastic420.jpg,plastic,other,0.6804858446121216
v5_int8,cool_cast,test/plastic/plastic423.jpg,plastic,other,0.6212058067321777
v5_int8,cool_cast,test/plastic/plastic426.jpg,plastic,other,0.531130313873291
v5_int8,cool_cast,test/plastic/plastic434.jpg,plastic,other,0.5953145623207092
v5_int8,cool_cast,test/plastic/plastic438.jpg,plastic,plastic,0.7519636750221252
v5_int8,cool_cast,test/plastic/plastic465.jpg,plastic,other,0.6980511546134949
v5_int8,cool_cast,test/plastic/plastic473.jpg,plastic,plastic,0.5346717834472656
v5_int8,cool_cast,test/plastic/plastic49.jpg,plastic,other,0.6554332971572876
v5_int8,cool_cast,test/plastic/plastic64.jpg,plastic,other,0.7262418866157532
v5_int8,cool_cast,test/plastic/plastic66.jpg,plastic,other,0.5615034103393555
v5_int8,cool_cast,test/plastic/plastic67.jpg,plastic,other,0.4989906847476959
v5_int8,cool_cast,test/plastic/plastic79.jpg,plastic,plastic,0.3603453040122986
v5_int8,cool_cast,test/plastic/plastic80.jpg,plastic,other,0.6910866498947144
v5_int8,cool_cast,test/plastic/plastic82.jpg,plastic,other,0.5310466885566711
v5_int8,cool_cast,test/plastic/plastic84.jpg,plastic,plastic,0.49724307656288147
v5_int8,cool_cast,test/plastic/plastic93.jpg,plastic,other,0.67433762550354
v5_int8,cool_cast,test/plastic/plastic98.jpg,plastic,other,0.5659924745559692
v5_int8,cool_cast,test/plastic/plastic99.jpg,plastic,other,0.5575990080833435
v5_int8,cool_cast,test/organic/organic_0001.jpg,organic,organic,0.5243816375732422
v5_int8,cool_cast,test/organic/organic_0002.jpg,organic,organic,0.8552426099777222
v5_int8,cool_cast,test/organic/organic_0003.jpg,organic,plastic,0.5188000202178955
v5_int8,cool_cast,test/organic/organic_0004.jpg,organic,paper,0.572884738445282
v5_int8,cool_cast,test/organic/organic_0005.jpg,organic,paper,0.47856903076171875
v5_int8,cool_cast,test/organic/organic_0006.jpg,organic,organic,0.8528448939323425
v5_int8,cool_cast,test/organic/organic_0007.jpg,organic,paper,0.46747270226478577
v5_int8,cool_cast,test/organic/organic_0008.jpg,organic,organic,0.47250255942344666
v5_int8,cool_cast,test/organic/organic_0009.jpg,organic,organic,0.8250629305839539
v5_int8,cool_cast,test/organic/organic_0010.jpg,organic,paper,0.4702645242214203
v5_int8,cool_cast,test/organic/organic_0011.jpg,organic,organic,0.9330353140830994
v5_int8,cool_cast,test/organic/organic_0012.jpg,organic,organic,0.9013463854789734
v5_int8,cool_cast,test/organic/organic_0013.jpg,organic,other,0.6039753556251526
v5_int8,cool_cast,test/organic/organic_0014.jpg,organic,paper,0.4852811098098755
v5_int8,cool_cast,test/organic/organic_0015.jpg,organic,organic,0.9469432830810547
v5_int8,cool_cast,test/organic/organic_0016.jpg,organic,organic,0.7200111746788025
v5_int8,cool_cast,test/organic/organic_0017.jpg,organic,organic,0.8786024451255798
v5_int8,cool_cast,test/organic/organic_0018.jpg,organic,plastic,0.7140929698944092
v5_int8,cool_cast,test/organic/organic_0019.jpg,organic,plastic,0.5652784109115601
v5_int8,cool_cast,test/organic/organic_0020.jpg,organic,other,0.541337788105011
v5_int8,cool_cast,test/organic/organic_0021.jpg,organic,organic,0.9379847645759583
v5_int8,cool_cast,test/organic/organic_0022.jpg,organic,organic,0.5309803485870361
v5_int8,cool_cast,test/organic/organic_0023.jpg,organic,organic,0.49726441502571106
v5_int8,cool_cast,test/organic/organic_0024.jpg,organic,organic,0.646164059638977
v5_int8,cool_cast,test/organic/organic_0025.jpg,organic,organic,0.9758321046829224
v5_int8,cool_cast,test/organic/organic_0026.jpg,organic,organic,0.562705397605896
v5_int8,cool_cast,test/organic/organic_0027.jpg,organic,organic,0.7889597415924072
v5_int8,cool_cast,test/organic/organic_0028.jpg,organic,organic,0.7668686509132385
v5_int8,cool_cast,test/organic/organic_0029.jpg,organic,organic,0.8791453242301941
v5_int8,cool_cast,test/organic/organic_0030.jpg,organic,organic,0.7523830533027649
v5_int8,cool_cast,test/organic/organic_0031.jpg,organic,organic,0.8216489553451538
v5_int8,cool_cast,test/organic/organic_0032.jpg,organic,organic,0.5694500207901001
v5_int8,cool_cast,test/organic/organic_0033.jpg,organic,organic,0.8525642156600952
v5_int8,cool_cast,test/organic/organic_0034.jpg,organic,organic,0.6456878781318665
v5_int8,cool_cast,test/organic/organic_0035.jpg,organic,organic,0.46927711367607117
v5_int8,cool_cast,test/organic/organic_0036.jpg,organic,paper,0.3345777094364166
v5_int8,cool_cast,test/organic/organic_0037.jpg,organic,organic,0.4724763035774231
v5_int8,cool_cast,test/organic/organic_0038.jpg,organic,plastic,0.49084237217903137
v5_int8,cool_cast,test/organic/organic_0039.jpg,organic,organic,0.8824350237846375
v5_int8,cool_cast,test/organic/organic_0040.jpg,organic,organic,0.9861246347427368
v5_int8,cool_cast,test/organic/organic_0041.jpg,organic,organic,0.5953002572059631
v5_int8,cool_cast,test/organic/organic_0042.jpg,organic,organic,0.7868590354919434
v5_int8,cool_cast,test/organic/organic_0043.jpg,organic,other,0.5684648752212524
v5_int8,cool_cast,test/organic/organic_0044.jpg,organic,other,0.4276536703109741
v5_int8,cool_cast,test/organic/organic_0045.jpg,organic,paper,0.5730292201042175
v5_int8,cool_cast,test/organic/organic_0046.jpg,organic,paper,0.5227920413017273
v5_int8,cool_cast,test/organic/organic_0047.jpg,organic,organic,0.8995729684829712
v5_int8,cool_cast,test/organic/organic_0048.jpg,organic,paper,0.5639196634292603
v5_int8,cool_cast,test/organic/organic_0049.jpg,organic,organic,0.988685131072998
v5_int8,cool_cast,test/organic/organic_0050.jpg,organic,organic,0.7957013845443726
v5_int8,cool_cast,test/organic/organic_0051.jpg,organic,other,0.674004316329956
v5_int8,cool_cast,test/organic/organic_0052.jpg,organic,organic,0.7974667549133301
v5_int8,cool_cast,test/organic/organic_0053.jpg,organic,organic,0.7963171601295471
v5_int8,cool_cast,test/organic/organic_0054.jpg,organic,plastic,0.6041911244392395
v5_int8,cool_cast,test/organic/organic_0055.jpg,organic,organic,0.6412306427955627
v5_int8,cool_cast,test/organic/organic_0056.jpg,organic,plastic,0.6111674904823303
v5_int8,cool_cast,test/organic/organic_0057.jpg,organic,organic,0.6556357741355896
v5_int8,cool_cast,test/organic/organic_0058.jpg,organic,organic,0.9384727478027344
v5_int8,cool_cast,test/organic/organic_0059.jpg,organic,organic,0.8445760607719421
v5_int8,cool_cast,test/organic/organic_0060.jpg,organic,organic,0.7317231297492981
v5_int8,cool_cast,test/organic/organic_0061.jpg,organic,other,0.5731568336486816
v5_int8,cool_cast,test/organic/organic_0062.jpg,organic,organic,0.8083494305610657
v5_int8,cool_cast,test/organic/organic_0063.jpg,organic,organic,0.7950202822685242
v5_int8,cool_cast,test/organic/organic_0064.jpg,organic,organic,0.7962551116943359
v5_int8,cool_cast,test/organic/organic_0065.jpg,organic,organic,0.9454746246337891
v5_int8,cool_cast,test/organic/organic_0066.jpg,organic,organic,0.9644976258277893
v5_int8,cool_cast,test/organic/organic_0067.jpg,organic,organic,0.6162348389625549
v5_int8,cool_cast,test/organic/organic_0068.jpg,organic,organic,0.6979467272758484
v5_int8,cool_cast,test/organic/organic_0069.jpg,organic,organic,0.9071475267410278
v5_int8,cool_cast,test/organic/organic_0070.jpg,organic,plastic,0.7718870043754578
v5_int8,cool_cast,test/organic/organic_0071.jpg,organic,organic,0.9979122281074524
v5_int8,cool_cast,test/organic/organic_0072.jpg,organic,organic,0.9655724763870239
v5_int8,cool_cast,test/organic/organic_0073.jpg,organic,organic,0.8477994799613953
v5_int8,cool_cast,test/organic/organic_0074.jpg,organic,organic,0.5335507392883301
v5_int8,cool_cast,test/other/cardboard105.jpg,other,paper,0.4687560498714447
v5_int8,cool_cast,test/other/cardboard115.jpg,other,plastic,0.6183764338493347
v5_int8,cool_cast,test/other/cardboard121.jpg,other,other,0.6626499891281128
v5_int8,cool_cast,test/other/cardboard125.jpg,other,other,0.7320528030395508
v5_int8,cool_cast,test/other/cardboard128.jpg,other,other,0.7218858599662781
v5_int8,cool_cast,test/other/cardboard160.jpg,other,other,0.6127299666404724
v5_int8,cool_cast,test/other/cardboard162.jpg,other,other,0.6925262808799744
v5_int8,cool_cast,test/other/cardboard175.jpg,other,plastic,0.44230473041534424
v5_int8,cool_cast,test/other/cardboard18.jpg,other,plastic,0.39546114206314087
v5_int8,cool_cast,test/other/cardboard184.jpg,other,other,0.6710669994354248
v5_int8,cool_cast,test/other/cardboard19.jpg,other,plastic,0.4820011854171753
v5_int8,cool_cast,test/other/cardboard190.jpg,other,paper,0.4990418553352356
v5_int8,cool_cast,test/other/cardboard2.jpg,other,plastic,0.87386155128479
v5_int8,cool_cast,test/other/cardboard208.jpg,other,other,0.8408443331718445
v5_int8,cool_cast,test/other/cardboard210.jpg,other,other,0.674682080745697
v5_int8,cool_cast,test/other/cardboard213.jpg,other,other,0.6763310432434082
v5_int8,cool_cast,test/other/cardboard214.jpg,other,other,0.7829130291938782
v5_int8,cool_cast,test/other/cardboard216.jpg,other,other,0.7762748599052429
v5_int8,cool_cast,test/other/cardboard218.jpg,other,other,0.7432688474655151
v5_int8,cool_cast,test/other/cardboard222.jpg,other,plastic,0.4010954201221466
v5_int8,cool_cast,test/other/cardboard231.jpg,other,plastic,0.7608055472373962
v5_int8,cool_cast,test/other/cardboard239.jpg,other,other,0.4645923674106598
v5_int8,cool_cast,test/other/cardboard248.jpg,other,other,0.795445442199707
v5_int8,cool_cast,test/other/cardboard252.jpg,other,paper,0.3759070336818695
v5_int8,cool_cast,test/other/cardboard259.jpg,other,plastic,0.6864330172538757
v5_int8,cool_cast,test/other/cardboard260.jpg,other,plastic,0.5238466262817383
v5_int8,cool_cast,test/other/cardboard261.jpg,other,plastic,0.7532497644424438
v5_int8,cool_cast,test/other/cardboard266.jpg,other,organic,0.3608326315879822
v5_int8,cool_cast,test/other/cardboard274.jpg,other,other,0.7971087098121643
v5_int8,cool_cast,test/other/cardboard276.jpg,other,plastic,0.8166791200637817
v5_int8,cool_cast,test/other/cardboard286.jpg,other,other,0.5319356322288513
v5_int8,cool_cast,test/other/cardboard289.jpg,other,plastic,0.6186903715133667
v5_int8,cool_cast,test/other/cardboard290.jpg,other,other,0.4979758858680725
v5_int8,cool_cast,test/other/cardboard293.jpg,other,other,0.6959864497184753
v5_int8,cool_cast,test/other/cardboard299.jpg,other,plastic,0.735329806804657
v5_int8,cool_cast,test/other/cardboard304.jpg,other,plastic,0.515568196773529
v5_int8,cool_cast,test/other/cardboard308.jpg,other,other,0.5462409257888794
v5_int8,cool_cast,test/other/cardboard31.jpg,other,other,0.5607306957244873
v5_int8,cool_cast,test/other/cardboard310.jpg,other,plastic,0.5303763151168823
v5_int8,cool_cast,test/other/cardboard312.jpg,other,plastic,0.6200780272483826
v5_int8,cool_cast,test/other/cardboard313.jpg,other,plastic,0.5455629825592041
v5_int8,cool_cast,test/other/cardboard314.jpg,other,other,0.7858942151069641
v5_int8,cool_cast,test/other/cardboard321.jpg,other,plastic,0.7346296310424805
v5_int8,cool_cast,test/other/cardboard323.jpg,other,plastic,0.4625426232814789
v5_int8,cool_cast,test/other/cardboard332.jpg,other,plastic,0.5116295218467712
v5_int8,cool_cast,test/other/cardboard334.jpg,other,other,0.7707823514938354
v5_int8,cool_cast,test/other/cardboard34.jpg,other,plastic,0.7657767534255981
v5_int8,cool_cast,test/other/cardboard356.jpg,other,plastic,0.5639139413833618
v5_int8,cool_cast,test/other/cardboard363.jpg,other,other,0.5806224346160889
v5_int8,cool_cast,test/other/cardboard372.jpg,other,plastic,0.7228305339813232
v5_int8,cool_cast,test/other/cardboard383.jpg,other,plastic,0.8084827661514282
v5_int8,cool_cast,test/other/cardboard384.jpg,other,organic,0.5823780298233032
v5_int8,cool_cast,test/other/cardboard387.jpg,other,other,0.5442375540733337
v5_int8,cool_cast,test/other/cardboard388.jpg,other,other,0.45060282945632935
v5_int8,cool_cast,test/other/cardboard397.jpg,other,other,0.7854878902435303
v5_int8,cool_cast,test/other/cardboard40.jpg,other,plastic,0.6225917935371399
v5_int8,cool_cast,test/other/cardboard401.jpg,other,other,0.5887390375137329
v5_int8,cool_cast,test/other/cardboard44.jpg,other,plastic,0.4874531030654907
v5_int8,cool_cast,test/other/cardboard51.jpg,other,paper,0.5450730919837952
v5_int8,cool_cast,test/other/cardboard57.jpg,other,plastic,0.6008594632148743
v5_int8,cool_cast,test/other/cardboard63.jpg,other,other,0.5575571656227112
v5_int8,cool_cast,test/other/cardboard69.jpg,other,plastic,0.6640908122062683
v5_int8,cool_cast,test/other/cardboard71.jpg,other,paper,0.5068408250808716
v5_int8,cool_cast,test/other/cardboard73.jpg,other,plastic,0.6892721652984619
v5_int8,cool_cast,test/other/cardboard8.jpg,other,other,0.5730174779891968
v5_int8,cool_cast,test/other/cardboard88.jpg,other,paper,0.7854544520378113
v5_int8,cool_cast,test/other/cardboard89.jpg,other,plastic,0.5046147704124451
v5_int8,cool_cast,test/other/cardboard9.jpg,other,other,0.8270119428634644
v5_int8,cool_cast,test/other/cardboard92.jpg,other,plastic,0.8423885703086853
v5_int8,cool_cast,test/other/cardboard98.jpg,other,plastic,0.7473814487457275
v5_int8,cool_cast,test/other/metal112.jpg,other,other,0.812116801738739
v5_int8,cool_cast,test/other/metal114.jpg,other,other,0.5217679142951965
v5_int8,cool_cast,test/other/metal119.jpg,other,other,0.8164840936660767
v5_int8,cool_cast,test/other/metal12.jpg,other,other,0.7273593544960022
v5_int8,cool_cast,test/other/metal13.jpg,other,other,0.6936792731285095
v5_int8,cool_cast,test/other/metal133.jpg,other,other,0.8329277634620667
v5_int8,cool_cast,test/other/metal134.jpg,other,other,0.6508647203445435
v5_int8,cool_cast,test/other/metal139.jpg,other,other,0.7005177736282349
v5_int8,cool_cast,test/other/metal143.jpg,other,other,0.7631595730781555
v5_int8,cool_cast,test/other/metal146.jpg,other,other,0.7937663793563843
v5_int8,cool_cast,test/other/metal157.jpg,other,other,0.6452999114990234
v5_int8,cool_cast,test/other/metal159.jpg,other,other,0.6052629351615906
v5_int8,cool_cast,test/other/metal161.jpg,other,other,0.6439520120620728
v5_int8,cool_cast,test/other/metal170.jpg,other,other,0.6830886602401733
v5_int8,cool_cast,test/other/metal172.jpg,other,plastic,0.44553056359291077
v5_int8,cool_cast,test/other/metal175.jpg,other,plastic,0.5887097120285034
v5_int8,cool_cast,test/other/metal18.jpg,other,other,0.49210819602012634
v5_int8,cool_cast,test/other/metal186.jpg,other,other,0.7845417857170105
v5_int8,cool_cast,test/other/metal187.jpg,other,other,0.7173784971237183
v5_int8,cool_cast,test/other/metal188.jpg,other,other,0.7721166014671326
v5_int8,cool_cast,test/other/metal192.jpg,other,other,0.6774190664291382
v5_int8,cool_cast,test/other/metal198.jpg,other,other,0.7251942157745361
v5_int8,cool_cast,test/other/metal201.jpg,other,other,0.644382894039154
v5_int8,cool_cast,test/other/metal205.jpg,other,other,0.7797178626060486
v5_int8,cool_cast,test/other/metal209.jpg,other,other,0.6003342866897583
v5_int8,cool_cast,test/other/metal217.jpg,other,other,0.7027633786201477
v5_int8,cool_cast,test/other/metal239.jpg,other,other,0.737892746925354
v5_int8,cool_cast,test/other/metal24.jpg,other,other,0.5416396260261536
v5_int8,cool_cast,test/other/metal246.jpg,other,other,0.8158506155014038
v5_int8,cool_cast,test/other/metal247.jpg,other,other,0.6940904855728149
v5_int8,cool_cast,test/other/metal248.jpg,other,other,0.6769808530807495
v5_int8,cool_cast,test/other/metal249.jpg,other,paper,0.48523837327957153
v5_int8,cool_cast,test/other/metal258.jpg,other,other,0.7312616109848022
v5_int8,cool_cast,test/other/metal261.jpg,other,other,0.49680545926094055
v5_int8,cool_cast,test/other/metal263.jpg,other,other,0.4666394889354706
v5_int8,cool_cast,test/other/metal269.jpg,other,other,0.7133731245994568
v5_int8,cool_cast,test/other/metal27.jpg,other,other,0.5737106800079346
v5_int8,cool_cast,test/other/metal275.jpg,other,other,0.8156295418739319
v5_int8,cool_cast,test/other/metal292.jpg,other,other,0.7321131229400635
v5_int8,cool_cast,test/other/metal296.jpg,other,other,0.549602746963501
v5_int8,cool_cast,test/other/metal317.jpg,other,other,0.49363312125205994
v5_int8,cool_cast,test/other/metal324.jpg,other,other,0.7054559588432312
v5_int8,cool_cast,test/other/metal325.jpg,other,other,0.7903343439102173
v5_int8,cool_cast,test/other/metal328.jpg,other,other,0.5422170758247375
v5_int8,cool_cast,test/other/metal33.jpg,other,other,0.580560028553009
v5_int8,cool_cast,test/other/metal341.jpg,other,plastic,0.49324268102645874
v5_int8,cool_cast,test/other/metal344.jpg,other,other,0.39688795804977417
v5_int8,cool_cast,test/other/metal350.jpg,other,plastic,0.6361333727836609
v5_int8,cool_cast,test/other/metal355.jpg,other,other,0.6707049012184143
v5_int8,cool_cast,test/other/metal364.jpg,other,other,0.7481497526168823
v5_int8,cool_cast,test/other/metal370.jpg,other,other,0.6752956509590149
v5_int8,cool_cast,test/other/metal387.jpg,other,other,0.6597058176994324
v5_int8,cool_cast,test/other/metal389.jpg,other,plastic,0.45755279064178467
v5_int8,cool_cast,test/other/metal393.jpg,other,plastic,0.6448028683662415
v5_int8,cool_cast,test/other/metal394.jpg,other,other,0.45511895418167114
v5_int8,cool_cast,test/other/metal395.jpg,other,other,0.5644389390945435
v5_int8,cool_cast,test/other/metal403.jpg,other,other,0.4142516851425171
v5_int8,cool_cast,test/other/metal48.jpg,other,plastic,0.856389582157135
v5_int8,cool_cast,test/other/metal50.jpg,other,other,0.5287917256355286
v5_int8,cool_cast,test/other/metal52.jpg,other,other,0.4833943545818329
v5_int8,cool_cast,test/other/metal62.jpg,other,other,0.8131968975067139
v5_int8,cool_cast,test/other/metal65.jpg,other,other,0.6040158867835999
v5_int8,cool_cast,test/other/metal68.jpg,other,other,0.8018888831138611
v5_int8,cool_cast,test/other/metal77.jpg,other,other,0.5981980562210083
v5_int8,cool_cast,test/other/metal80.jpg,other,other,0.5852369666099548
v5_int8,cool_cast,test/other/metal84.jpg,other,other,0.5242727398872375
v5_int8,cool_cast,test/other/metal87.jpg,other,other,0.6188831925392151
v5_int8,cool_cast,test/other/metal99.jpg,other,other,0.713006317615509
v5_int8,angle_plus20,test/paper/paper104.jpg,paper,paper,0.770301342010498
v5_int8,angle_plus20,test/paper/paper112.jpg,paper,paper,0.5938654541969299
v5_int8,angle_plus20,test/paper/paper113.jpg,paper,plastic,0.39720669388771057
v5_int8,angle_plus20,test/paper/paper114.jpg,paper,paper,0.7157726287841797
v5_int8,angle_plus20,test/paper/paper12.jpg,paper,paper,0.7541630864143372
v5_int8,angle_plus20,test/paper/paper120.jpg,paper,paper,0.5933834910392761
v5_int8,angle_plus20,test/paper/paper124.jpg,paper,plastic,0.542357861995697
v5_int8,angle_plus20,test/paper/paper125.jpg,paper,paper,0.5863659381866455
v5_int8,angle_plus20,test/paper/paper129.jpg,paper,paper,0.7272120714187622
v5_int8,angle_plus20,test/paper/paper13.jpg,paper,plastic,0.6155164241790771
v5_int8,angle_plus20,test/paper/paper137.jpg,paper,plastic,0.5657148361206055
v5_int8,angle_plus20,test/paper/paper143.jpg,paper,paper,0.6838783621788025
v5_int8,angle_plus20,test/paper/paper149.jpg,paper,paper,0.49113866686820984
v5_int8,angle_plus20,test/paper/paper161.jpg,paper,paper,0.42723721265792847
v5_int8,angle_plus20,test/paper/paper167.jpg,paper,paper,0.5025964379310608
v5_int8,angle_plus20,test/paper/paper169.jpg,paper,paper,0.5539422631263733
v5_int8,angle_plus20,test/paper/paper186.jpg,paper,paper,0.7407718896865845
v5_int8,angle_plus20,test/paper/paper188.jpg,paper,paper,0.6533507704734802
v5_int8,angle_plus20,test/paper/paper208.jpg,paper,paper,0.6096006631851196
v5_int8,angle_plus20,test/paper/paper209.jpg,paper,organic,0.44230493903160095
v5_int8,angle_plus20,test/paper/paper218.jpg,paper,paper,0.3886392116546631
v5_int8,angle_plus20,test/paper/paper219.jpg,paper,paper,0.5126659870147705
v5_int8,angle_plus20,test/paper/paper220.jpg,paper,paper,0.625054657459259
v5_int8,angle_plus20,test/paper/paper225.jpg,paper,paper,0.5220625400543213
v5_int8,angle_plus20,test/paper/paper230.jpg,paper,paper,0.6492806077003479
v5_int8,angle_plus20,test/paper/paper235.jpg,paper,paper,0.4335644245147705
v5_int8,angle_plus20,test/paper/paper266.jpg,paper,paper,0.7218048572540283
v5_int8,angle_plus20,test/paper/paper269.jpg,paper,paper,0.6061004996299744
v5_int8,angle_plus20,test/paper/paper271.jpg,paper,paper,0.7571974396705627
v5_int8,angle_plus20,test/paper/paper273.jpg,paper,paper,0.6226619482040405
v5_int8,angle_plus20,test/paper/paper276.jpg,paper,plastic,0.4000428020954132
v5_int8,angle_plus20,test/paper/paper279.jpg,paper,paper,0.5075827240943909
v5_int8,angle_plus20,test/paper/paper282.jpg,paper,paper,0.5366153120994568
v5_int8,angle_plus20,test/paper/paper286.jpg,paper,paper,0.5210720300674438
v5_int8,angle_plus20,test/paper/paper289.jpg,paper,paper,0.44550591707229614
v5_int8,angle_plus20,test/paper/paper294.jpg,paper,paper,0.6623302102088928
v5_int8,angle_plus20,test/paper/paper3.jpg,paper,paper,0.5399196147918701
v5_int8,angle_plus20,test/paper/paper301.jpg,paper,paper,0.4383057653903961
v5_int8,angle_plus20,test/paper/paper303.jpg,paper,paper,0.5624118447303772
v5_int8,angle_plus20,test/paper/paper311.jpg,paper,organic,0.6844059228897095
v5_int8,angle_plus20,test/paper/paper319.jpg,paper,organic,0.4972072243690491
v5_int8,angle_plus20,test/paper/paper32.jpg,paper,paper,0.6648352146148682
v5_int8,angle_plus20,test/paper/paper346.jpg,paper,paper,0.5052078366279602
v5_int8,angle_plus20,test/paper/paper348.jpg,paper,plastic,0.4368920624256134
v5_int8,angle_plus20,test/paper/paper350.jpg,paper,paper,0.5915868878364563
v5_int8,angle_plus20,test/paper/paper354.jpg,paper,paper,0.45937126874923706
v5_int8,angle_plus20,test/paper/paper356.jpg,paper,paper,0.8206692934036255
v5_int8,angle_plus20,test/paper/paper357.jpg,paper,paper,0.671143651008606
v5_int8,angle_plus20,test/paper/paper361.jpg,paper,paper,0.6791118383407593
v5_int8,angle_plus20,test/paper/paper362.jpg,paper,paper,0.3887590169906616
v5_int8,angle_plus20,test/paper/paper368.jpg,paper,plastic,0.3654119074344635
v5_int8,angle_plus20,test/paper/paper373.jpg,paper,paper,0.6278864145278931
v5_int8,angle_plus20,test/paper/paper380.jpg,paper,paper,0.45860064029693604
v5_int8,angle_plus20,test/paper/paper381.jpg,paper,paper,0.6389663219451904
v5_int8,angle_plus20,test/paper/paper385.jpg,paper,plastic,0.4449215233325958
v5_int8,angle_plus20,test/paper/paper392.jpg,paper,paper,0.4391145408153534
v5_int8,angle_plus20,test/paper/paper396.jpg,paper,paper,0.7143827080726624
v5_int8,angle_plus20,test/paper/paper404.jpg,paper,plastic,0.5069531202316284
v5_int8,angle_plus20,test/paper/paper405.jpg,paper,paper,0.39897552132606506
v5_int8,angle_plus20,test/paper/paper416.jpg,paper,paper,0.6703284978866577
v5_int8,angle_plus20,test/paper/paper417.jpg,paper,plastic,0.5341784954071045
v5_int8,angle_plus20,test/paper/paper422.jpg,paper,paper,0.5416497588157654
v5_int8,angle_plus20,test/paper/paper434.jpg,paper,paper,0.4788574278354645
v5_int8,angle_plus20,test/paper/paper444.jpg,paper,paper,0.612766444683075
v5_int8,angle_plus20,test/paper/paper450.jpg,paper,paper,0.5385063290596008
v5_int8,angle_plus20,test/paper/paper457.jpg,paper,paper,0.4232640266418457
v5_int8,angle_plus20,test/paper/paper460.jpg,paper,paper,0.59381103515625
v5_int8,angle_plus20,test/paper/paper461.jpg,paper,paper,0.5811953544616699
v5_int8,angle_plus20,test/paper/paper462.jpg,paper,paper,0.3890097737312317
v5_int8,angle_plus20,test/paper/paper465.jpg,paper,other,0.4834827780723572
v5_int8,angle_plus20,test/paper/paper474.jpg,paper,organic,0.6519683003425598
v5_int8,angle_plus20,test/paper/paper48.jpg,paper,paper,0.5409045815467834
v5_int8,angle_plus20,test/paper/paper495.jpg,paper,paper,0.6156620383262634
v5_int8,angle_plus20,test/paper/paper500.jpg,paper,paper,0.7866163849830627
v5_int8,angle_plus20,test/paper/paper502.jpg,paper,paper,0.7324803471565247
v5_int8,angle_plus20,test/paper/paper503.jpg,paper,paper,0.5841440558433533
v5_int8,angle_plus20,test/paper/paper505.jpg,paper,paper,0.5343912839889526
v5_int8,angle_plus20,test/paper/paper508.jpg,paper,paper,0.4502876102924347
v5_int8,angle_plus20,test/paper/paper515.jpg,paper,paper,0.608986496925354
v5_int8,angle_plus20,test/paper/paper525.jpg,paper,plastic,0.5952924489974976
v5_int8,angle_plus20,test/paper/paper527.jpg,paper,paper,0.49127689003944397
v5_int8,angle_plus20,test/paper/paper53.jpg,paper,paper,0.4404756724834442
v5_int8,angle_plus20,test/paper/paper534.jpg,paper,other,0.40484824776649475
v5_int8,angle_plus20,test/paper/paper537.jpg,paper,paper,0.773648738861084
v5_int8,angle_plus20,test/paper/paper541.jpg,paper,paper,0.4932717978954315
v5_int8,angle_plus20,test/paper/paper542.jpg,paper,paper,0.7220809459686279
v5_int8,angle_plus20,test/paper/paper543.jpg,paper,paper,0.8000280261039734
v5_int8,angle_plus20,test/paper/paper547.jpg,paper,paper,0.6155730485916138
v5_int8,angle_plus20,test/paper/paper548.jpg,paper,paper,0.428617000579834
v5_int8,angle_plus20,test/paper/paper55.jpg,paper,paper,0.757168710231781
v5_int8,angle_plus20,test/paper/paper557.jpg,paper,paper,0.6003485321998596
v5_int8,angle_plus20,test/paper/paper558.jpg,paper,paper,0.5428470373153687
v5_int8,angle_plus20,test/paper/paper563.jpg,paper,paper,0.42129379510879517
v5_int8,angle_plus20,test/paper/paper569.jpg,paper,paper,0.463916152715683
v5_int8,angle_plus20,test/paper/paper570.jpg,paper,paper,0.4354824721813202
v5_int8,angle_plus20,test/paper/paper576.jpg,paper,plastic,0.6034020781517029
v5_int8,angle_plus20,test/paper/paper58.jpg,paper,paper,0.6535937786102295
v5_int8,angle_plus20,test/paper/paper586.jpg,paper,paper,0.5157469511032104
v5_int8,angle_plus20,test/paper/paper593.jpg,paper,paper,0.5499234795570374
v5_int8,angle_plus20,test/paper/paper6.jpg,paper,paper,0.68794846534729
v5_int8,angle_plus20,test/paper/paper68.jpg,paper,paper,0.486923485994339
v5_int8,angle_plus20,test/paper/paper69.jpg,paper,paper,0.48708370327949524
v5_int8,angle_plus20,test/paper/paper7.jpg,paper,paper,0.630949079990387
v5_int8,angle_plus20,test/paper/paper70.jpg,paper,paper,0.5261918306350708
v5_int8,angle_plus20,test/paper/paper77.jpg,paper,paper,0.800302267074585
v5_int8,angle_plus20,test/paper/paper86.jpg,paper,organic,0.58541339635849
v5_int8,angle_plus20,test/paper/paper94.jpg,paper,other,0.3448461592197418
v5_int8,angle_plus20,test/paper/paper97.jpg,paper,paper,0.5519101619720459
v5_int8,angle_plus20,test/plastic/plastic103.jpg,plastic,plastic,0.8287743926048279
v5_int8,angle_plus20,test/plastic/plastic114.jpg,plastic,plastic,0.5255423784255981
v5_int8,angle_plus20,test/plastic/plastic122.jpg,plastic,plastic,0.9142062067985535
v5_int8,angle_plus20,test/plastic/plastic125.jpg,plastic,paper,0.5888034105300903
v5_int8,angle_plus20,test/plastic/plastic126.jpg,plastic,plastic,0.4525734782218933
v5_int8,angle_plus20,test/plastic/plastic132.jpg,plastic,plastic,0.4972131848335266
v5_int8,angle_plus20,test/plastic/plastic138.jpg,plastic,plastic,0.6250107288360596
v5_int8,angle_plus20,test/plastic/plastic145.jpg,plastic,plastic,0.5200970768928528
v5_int8,angle_plus20,test/plastic/plastic146.jpg,plastic,paper,0.4661019444465637
v5_int8,angle_plus20,test/plastic/plastic152.jpg,plastic,paper,0.5668886303901672
v5_int8,angle_plus20,test/plastic/plastic156.jpg,plastic,paper,0.5528118014335632
v5_int8,angle_plus20,test/plastic/plastic159.jpg,plastic,plastic,0.6162852048873901
v5_int8,angle_plus20,test/plastic/plastic170.jpg,plastic,plastic,0.46964478492736816
v5_int8,angle_plus20,test/plastic/plastic172.jpg,plastic,plastic,0.7344061136245728
v5_int8,angle_plus20,test/plastic/plastic177.jpg,plastic,plastic,0.7841994166374207
v5_int8,angle_plus20,test/plastic/plastic187.jpg,plastic,plastic,0.7373850345611572
v5_int8,angle_plus20,test/plastic/plastic2.jpg,plastic,paper,0.6183125376701355
v5_int8,angle_plus20,test/plastic/plastic201.jpg,plastic,other,0.4662681519985199
v5_int8,angle_plus20,test/plastic/plastic205.jpg,plastic,plastic,0.8659709692001343
v5_int8,angle_plus20,test/plastic/plastic207.jpg,plastic,plastic,0.6511585712432861
v5_int8,angle_plus20,test/plastic/plastic21.jpg,plastic,plastic,0.7381864786148071
v5_int8,angle_plus20,test/plastic/plastic214.jpg,plastic,plastic,0.8389922976493835
v5_int8,angle_plus20,test/plastic/plastic217.jpg,plastic,plastic,0.944821834564209
v5_int8,angle_plus20,test/plastic/plastic226.jpg,plastic,plastic,0.8452680110931396
v5_int8,angle_plus20,test/plastic/plastic227.jpg,plastic,plastic,0.8636245131492615
v5_int8,angle_plus20,test/plastic/plastic242.jpg,plastic,plastic,0.8273983597755432
v5_int8,angle_plus20,test/plastic/plastic251.jpg,plastic,plastic,0.9403252005577087
v5_int8,angle_plus20,test/plastic/plastic252.jpg,plastic,plastic,0.8674741983413696
v5_int8,angle_plus20,test/plastic/plastic253.jpg,plastic,plastic,0.9143019318580627
v5_int8,angle_plus20,test/plastic/plastic260.jpg,plastic,plastic,0.7266692519187927
v5_int8,angle_plus20,test/plastic/plastic264.jpg,plastic,other,0.6152995824813843
v5_int8,angle_plus20,test/plastic/plastic265.jpg,plastic,plastic,0.9199456572532654
v5_int8,angle_plus20,test/plastic/plastic268.jpg,plastic,other,0.5979658961296082
v5_int8,angle_plus20,test/plastic/plastic270.jpg,plastic,plastic,0.8759591579437256
v5_int8,angle_plus20,test/plastic/plastic285.jpg,plastic,other,0.6514827013015747
v5_int8,angle_plus20,test/plastic/plastic305.jpg,plastic,plastic,0.47810617089271545
v5_int8,angle_plus20,test/plastic/plastic306.jpg,plastic,plastic,0.9509392380714417
v5_int8,angle_plus20,test/plastic/plastic312.jpg,plastic,other,0.4157332479953766
v5_int8,angle_plus20,test/plastic/plastic314.jpg,plastic,paper,0.510806143283844
v5_int8,angle_plus20,test/plastic/plastic315.jpg,plastic,plastic,0.7405328750610352
v5_int8,angle_plus20,test/plastic/plastic317.jpg,plastic,plastic,0.8796645402908325
v5_int8,angle_plus20,test/plastic/plastic32.jpg,plastic,plastic,0.8978320360183716
v5_int8,angle_plus20,test/plastic/plastic328.jpg,plastic,paper,0.6023240685462952
v5_int8,angle_plus20,test/plastic/plastic348.jpg,plastic,plastic,0.734959065914154
v5_int8,angle_plus20,test/plastic/plastic349.jpg,plastic,plastic,0.9566571712493896
v5_int8,angle_plus20,test/plastic/plastic372.jpg,plastic,plastic,0.8974918127059937
v5_int8,angle_plus20,test/plastic/plastic374.jpg,plastic,plastic,0.38663023710250854
v5_int8,angle_plus20,test/plastic/plastic379.jpg,plastic,plastic,0.9251156449317932
v5_int8,angle_plus20,test/plastic/plastic383.jpg,plastic,plastic,0.5327100157737732
v5_int8,angle_plus20,test/plastic/plastic388.jpg,plastic,plastic,0.929699718952179
v5_int8,angle_plus20,test/plastic/plastic39.jpg,plastic,plastic,0.8019225597381592
v5_int8,angle_plus20,test/plastic/plastic390.jpg,plastic,plastic,0.7707077860832214
v5_int8,angle_plus20,test/plastic/plastic398.jpg,plastic,plastic,0.9195022583007812
v5_int8,angle_plus20,test/plastic/plastic399.jpg,plastic,plastic,0.9509857296943665
v5_int8,angle_plus20,test/plastic/plastic405.jpg,plastic,plastic,0.5096887350082397
v5_int8,angle_plus20,test/plastic/plastic411.jpg,plastic,plastic,0.9378033876419067
v5_int8,angle_plus20,test/plastic/plastic420.jpg,plastic,plastic,0.9203460216522217
v5_int8,angle_plus20,test/plastic/plastic423.jpg,plastic,plastic,0.9577674269676208
v5_int8,angle_plus20,test/plastic/plastic426.jpg,plastic,plastic,0.911000669002533
v5_int8,angle_plus20,test/plastic/plastic434.jpg,plastic,plastic,0.930645227432251
v5_int8,angle_plus20,test/plastic/plastic438.jpg,plastic,paper,0.5723737478256226
v5_int8,angle_plus20,test/plastic/plastic465.jpg,plastic,paper,0.4011818468570709
v5_int8,angle_plus20,test/plastic/plastic473.jpg,plastic,plastic,0.48758435249328613
v5_int8,angle_plus20,test/plastic/plastic49.jpg,plastic,plastic,0.9352213144302368
v5_int8,angle_plus20,test/plastic/plastic64.jpg,plastic,plastic,0.7813658714294434
v5_int8,angle_plus20,test/plastic/plastic66.jpg,plastic,plastic,0.8651087284088135
v5_int8,angle_plus20,test/plastic/plastic67.jpg,plastic,plastic,0.9321244955062866
v5_int8,angle_plus20,test/plastic/plastic79.jpg,plastic,other,0.6086066365242004
v5_int8,angle_plus20,test/plastic/plastic80.jpg,plastic,plastic,0.8707455992698669
v5_int8,angle_plus20,test/plastic/plastic82.jpg,plastic,plastic,0.5654850602149963
v5_int8,angle_plus20,test/plastic/plastic84.jpg,plastic,plastic,0.9393405318260193
v5_int8,angle_plus20,test/plastic/plastic93.jpg,plastic,plastic,0.6406869888305664
v5_int8,angle_plus20,test/plastic/plastic98.jpg,plastic,other,0.6067429184913635
v5_int8,angle_plus20,test/plastic/plastic99.jpg,plastic,plastic,0.9430945515632629
v5_int8,angle_plus20,test/organic/organic_0001.jpg,organic,organic,0.575511634349823
v5_int8,angle_plus20,test/organic/organic_0002.jpg,organic,organic,0.8391894102096558
v5_int8,angle_plus20,test/organic/organic_0003.jpg,organic,organic,0.737440288066864
v5_int8,angle_plus20,test/organic/organic_0004.jpg,organic,organic,0.6727216839790344
v5_int8,angle_plus20,test/organic/organic_0005.jpg,organic,organic,0.5328536629676819
v5_int8,angle_plus20,test/organic/organic_0006.jpg,organic,organic,0.9027817249298096
v5_int8,angle_plus20,test/organic/organic_0007.jpg,organic,organic,0.45648473501205444
v5_int8,angle_plus20,test/organic/organic_0008.jpg,organic,organic,0.8319129943847656
v5_int8,angle_plus20,test/organic/organic_0009.jpg,organic,organic,0.8831799030303955
v5_int8,angle_plus20,test/organic/organic_0010.jpg,organic,organic,0.9165905117988586
v5_int8,angle_plus20,test/organic/organic_0011.jpg,organic,organic,0.9064335227012634
v5_int8,angle_plus20,test/organic/organic_0012.jpg,organic,organic,0.9771265387535095
v5_int8,angle_plus20,test/organic/organic_0013.jpg,organic,organic,0.5508100390434265
v5_int8,angle_plus20,test/organic/organic_0014.jpg,organic,paper,0.6235462427139282
v5_int8,angle_plus20,test/organic/organic_0015.jpg,organic,organic,0.9703564047813416
v5_int8,angle_plus20,test/organic/organic_0016.jpg,organic,organic,0.9113839864730835
v5_int8,angle_plus20,test/organic/organic_0017.jpg,organic,organic,0.791421115398407
v5_int8,angle_plus20,test/organic/organic_0018.jpg,organic,organic,0.7499805092811584
v5_int8,angle_plus20,test/organic/organic_0019.jpg,organic,other,0.351226806640625
v5_int8,angle_plus20,test/organic/organic_0020.jpg,organic,paper,0.43804731965065
v5_int8,angle_plus20,test/organic/organic_0021.jpg,organic,organic,0.9366266131401062
v5_int8,angle_plus20,test/organic/organic_0022.jpg,organic,organic,0.7296661138534546
v5_int8,angle_plus20,test/organic/organic_0023.jpg,organic,organic,0.8062982559204102
v5_int8,angle_plus20,test/organic/organic_0024.jpg,organic,other,0.5075129866600037
v5_int8,angle_plus20,test/organic/organic_0025.jpg,organic,organic,0.9845743775367737
v5_int8,angle_plus20,test/organic/organic_0026.jpg,organic,organic,0.586447536945343
v5_int8,angle_plus20,test/organic/organic_0027.jpg,organic,organic,0.881773054599762
v5_int8,angle_plus20,test/organic/organic_0028.jpg,organic,organic,0.77377849817276
v5_int8,angle_plus20,test/organic/organic_0029.jpg,organic,organic,0.975832998752594
v5_int8,angle_plus20,test/organic/organic_0030.jpg,organic,organic,0.9464837908744812
v5_int8,angle_plus20,test/organic/organic_0031.jpg,organic,organic,0.8426289558410645
v5_int8,angle_plus20,test/organic/organic_0032.jpg,organic,organic,0.7433691620826721
v5_int8,angle_plus20,test/organic/organic_0033.jpg,organic,organic,0.9665852785110474
v5_int8,angle_plus20,test/organic/organic_0034.jpg,organic,organic,0.775921106338501
v5_int8,angle_plus20,test/organic/organic_0035.jpg,organic,other,0.7594518065452576
v5_int8,angle_plus20,test/organic/organic_0036.jpg,organic,paper,0.3988485634326935
v5_int8,angle_plus20,test/organic/organic_0037.jpg,organic,organic,0.9082069396972656
v5_int8,angle_plus20,test/organic/organic_0038.jpg,organic,other,0.4451988637447357
v5_int8,angle_plus20,test/organic/organic_0039.jpg,organic,organic,0.9650477170944214
v5_int8,angle_plus20,test/organic/organic_0040.jpg,organic,organic,0.9754757881164551
v5_int8,angle_plus20,test/organic/organic_0041.jpg,organic,organic,0.7533391118049622
v5_int8,angle_plus20,test/organic/organic_0042.jpg,organic,organic,0.855366051197052
v5_int8,angle_plus20,test/organic/organic_0043.jpg,organic,organic,0.48081615567207336
v5_int8,angle_plus20,test/organic/organic_0044.jpg,organic,organic,0.5028102993965149
v5_int8,angle_plus20,test/organic/organic_0045.jpg,organic,organic,0.93365478515625
v5_int8,angle_plus20,test/organic/organic_0046.jpg,organic,paper,0.5683239698410034
v5_int8,angle_plus20,test/organic/organic_0047.jpg,organic,organic,0.9733259677886963
v5_int8,angle_plus20,test/organic/organic_0048.jpg,organic,organic,0.5710085034370422
v5_int8,angle_plus20,test/organic/organic_0049.jpg,organic,organic,0.9861918687820435
v5_int8,angle_plus20,test/organic/organic_0050.jpg,organic,organic,0.89544677734375
v5_int8,angle_plus20,test/organic/organic_0051.jpg,organic,paper,0.45516929030418396
v5_int8,angle_plus20,test/organic/organic_0052.jpg,organic,organic,0.9239122867584229
v5_int8,angle_plus20,test/organic/organic_0053.jpg,organic,organic,0.7687503099441528
v5_int8,angle_plus20,test/organic/organic_0054.jpg,organic,organic,0.7422375082969666
v5_int8,angle_plus20,test/organic/organic_0055.jpg,organic,organic,0.7724363803863525
v5_int8,angle_plus20,test/organic/organic_0056.jpg,organic,organic,0.7139124870300293
v5_int8,angle_plus20,test/organic/organic_0057.jpg,organic,organic,0.8805945515632629
v5_int8,angle_plus20,test/organic/organic_0058.jpg,organic,organic,0.9616358280181885
v5_int8,angle_plus20,test/organic/organic_0059.jpg,organic,organic,0.8559867739677429
v5_int8,angle_plus20,test/organic/organic_0060.jpg,organic,organic,0.6916682720184326
v5_int8,angle_plus20,test/organic/organic_0061.jpg,organic,organic,0.4838336408138275
v5_int8,angle_plus20,test/organic/organic_0062.jpg,organic,organic,0.833653450012207
v5_int8,angle_plus20,test/organic/organic_0063.jpg,organic,organic,0.8775229454040527
v5_int8,angle_plus20,test/organic/organic_0064.jpg,organic,organic,0.9273221492767334
v5_int8,angle_plus20,test/organic/organic_0065.jpg,organic,organic,0.8243523836135864
v5_int8,angle_plus20,test/organic/organic_0066.jpg,organic,organic,0.9774290323257446
v5_int8,angle_plus20,test/organic/organic_0067.jpg,organic,organic,0.8246264457702637
v5_int8,angle_plus20,test/organic/organic_0068.jpg,organic,organic,0.9358269572257996
v5_int8,angle_plus20,test/organic/organic_0069.jpg,organic,organic,0.960040807723999
v5_int8,angle_plus20,test/organic/organic_0070.jpg,organic,organic,0.4449073076248169
v5_int8,angle_plus20,test/organic/organic_0071.jpg,organic,organic,0.9918549060821533
v5_int8,angle_plus20,test/organic/organic_0072.jpg,organic,organic,0.9739720821380615
v5_int8,angle_plus20,test/organic/organic_0073.jpg,organic,organic,0.9475682973861694
v5_int8,angle_plus20,test/organic/organic_0074.jpg,organic,organic,0.8928276896476746
v5_int8,angle_plus20,test/other/cardboard105.jpg,other,other,0.9583816528320312
v5_int8,angle_plus20,test/other/cardboard115.jpg,other,other,0.8288758397102356
v5_int8,angle_plus20,test/other/cardboard121.jpg,other,other,0.43677300214767456
v5_int8,angle_plus20,test/other/cardboard125.jpg,other,other,0.5971707701683044
v5_int8,angle_plus20,test/other/cardboard128.jpg,other,other,0.5383104681968689
v5_int8,angle_plus20,test/other/cardboard160.jpg,other,other,0.8594755530357361
v5_int8,angle_plus20,test/other/cardboard162.jpg,other,plastic,0.4212533235549927
v5_int8,angle_plus20,test/other/cardboard175.jpg,other,other,0.443101704120636
v5_int8,angle_plus20,test/other/cardboard18.jpg,other,other,0.8105324506759644
v5_int8,angle_plus20,test/other/cardboard184.jpg,other,other,0.782780110836029
v5_int8,angle_plus20,test/other/cardboard19.jpg,other,other,0.9308807849884033
v5_int8,angle_plus20,test/other/cardboard190.jpg,other,paper,0.5163209438323975
v5_int8,angle_plus20,test/other/cardboard2.jpg,other,plastic,0.34894120693206787
v5_int8,angle_plus20,test/other/cardboard208.jpg,other,other,0.8428391814231873
v5_int8,angle_plus20,test/other/cardboard210.jpg,other,other,0.9217389822006226
v5_int8,angle_plus20,test/other/cardboard213.jpg,other,other,0.7679614424705505
v5_int8,angle_plus20,test/other/cardboard214.jpg,other,other,0.677202045917511
v5_int8,angle_plus20,test/other/cardboard216.jpg,other,plastic,0.5697804093360901
v5_int8,angle_plus20,test/other/cardboard218.jpg,other,plastic,0.5545289516448975
v5_int8,angle_plus20,test/other/cardboard222.jpg,other,other,0.9644961953163147
v5_int8,angle_plus20,test/other/cardboard231.jpg,other,other,0.9223320484161377
v5_int8,angle_plus20,test/other/cardboard239.jpg,other,organic,0.5708226561546326
v5_int8,angle_plus20,test/other/cardboard248.jpg,other,paper,0.3713093400001526
v5_int8,angle_plus20,test/other/cardboard252.jpg,other,other,0.697286069393158
v5_int8,angle_plus20,test/other/cardboard259.jpg,other,other,0.9591517448425293
v5_int8,angle_plus20,test/other/cardboard260.jpg,other,other,0.7175890207290649
v5_int8,angle_plus20,test/other/cardboard261.jpg,other,other,0.895267128944397
v5_int8,angle_plus20,test/other/cardboard266.jpg,other,organic,0.5358904004096985
v5_int8,angle_plus20,test/other/cardboard274.jpg,other,paper,0.4425572454929352
v5_int8,angle_plus20,test/other/cardboard276.jpg,other,paper,0.3925182521343231
v5_int8,angle_plus20,test/other/cardboard286.jpg,other,other,0.5380796790122986
v5_int8,angle_plus20,test/other/cardboard289.jpg,other,other,0.8927546143531799
v5_int8,angle_plus20,test/other/cardboard290.jpg,other,other,0.4987950921058655
v5_int8,angle_plus20,test/other/cardboard293.jpg,other,other,0.9180483222007751
v5_int8,angle_plus20,test/other/cardboard299.jpg,other,other,0.9019785523414612
v5_int8,angle_plus20,test/other/cardboard304.jpg,other,other,0.888420045375824
v5_int8,angle_plus20,test/other/cardboard308.jpg,other,other,0.6807657480239868
v5_int8,angle_plus20,test/other/cardboard31.jpg,other,other,0.9556781053543091
v5_int8,angle_plus20,test/other/cardboard310.jpg,other,other,0.9662301540374756
v5_int8,angle_plus20,test/other/cardboard312.jpg,other,other,0.9304338097572327
v5_int8,angle_plus20,test/other/cardboard313.jpg,other,other,0.976179838180542
v5_int8,angle_plus20,test/other/cardboard314.jpg,other,other,0.9345192909240723
v5_int8,angle_plus20,test/other/cardboard321.jpg,other,other,0.7209736108779907
v5_int8,angle_plus20,test/other/cardboard323.jpg,other,other,0.7973834872245789
v5_int8,angle_plus20,test/other/cardboard332.jpg,other,other,0.9387602806091309
v5_int8,angle_plus20,test/other/cardboard334.jpg,other,other,0.8146787881851196
v5_int8,angle_plus20,test/other/cardboard34.jpg,other,other,0.9001192450523376
v5_int8,angle_plus20,test/other/cardboard356.jpg,other,other,0.7847967743873596
v5_int8,angle_plus20,test/other/cardboard363.jpg,other,other,0.6791200637817383
v5_int8,angle_plus20,test/other/cardboard372.jpg,other,other,0.7918354272842407
v5_int8,angle_plus20,test/other/cardboard383.jpg,other,other,0.5213669538497925
v5_int8,angle_plus20,test/other/cardboard384.jpg,other,organic,0.6288884878158569
v5_int8,angle_plus20,test/other/cardboard387.jpg,other,plastic,0.7176705002784729
v5_int8,angle_plus20,test/other/cardboard388.jpg,other,other,0.896450400352478
v5_int8,angle_plus20,test/other/cardboard397.jpg,other,other,0.9368528723716736
v5_int8,angle_plus20,test/other/cardboard40.jpg,other,other,0.9551131725311279
v5_int8,angle_plus20,test/other/cardboard401.jpg,other,other,0.9739150404930115
v5_int8,angle_plus20,test/other/cardboard44.jpg,other,other,0.9014880657196045
v5_int8,angle_plus20,test/other/cardboard51.jpg,other,other,0.9795212149620056
v5_int8,angle_plus20,test/other/cardboard57.jpg,other,other,0.9309793710708618
v5_int8,angle_plus20,test/other/cardboard63.jpg,other,plastic,0.7569773197174072
v5_int8,angle_plus20,test/other/cardboard69.jpg,other,paper,0.36275285482406616
v5_int8,angle_plus20,test/other/cardboard71.jpg,other,other,0.890781581401825
v5_int8,angle_plus20,test/other/cardboard73.jpg,other,other,0.6560111045837402
v5_int8,angle_plus20,test/other/cardboard8.jpg,other,other,0.8817881941795349
v5_int8,angle_plus20,test/other/cardboard88.jpg,other,other,0.8832997679710388
v5_int8,angle_plus20,test/other/cardboard89.jpg,other,other,0.8601500391960144
v5_int8,angle_plus20,test/other/cardboard9.jpg,other,other,0.9547917246818542
v5_int8,angle_plus20,test/other/cardboard92.jpg,other,other,0.8777948617935181
v5_int8,angle_plus20,test/other/cardboard98.jpg,other,other,0.909774661064148
v5_int8,angle_plus20,test/other/metal112.jpg,other,organic,0.36737826466560364
v5_int8,angle_plus20,test/other/metal114.jpg,other,paper,0.5113018751144409
v5_int8,angle_plus20,test/other/metal119.jpg,other,other,0.49441441893577576
v5_int8,angle_plus20,test/other/metal12.jpg,other,other,0.4521131217479706
v5_int8,angle_plus20,test/other/metal13.jpg,other,plastic,0.6295381188392639
v5_int8,angle_plus20,test/other/metal133.jpg,other,other,0.6491689682006836
v5_int8,angle_plus20,test/other/metal134.jpg,other,plastic,0.46044883131980896
v5_int8,angle_plus20,test/other/metal139.jpg,other,other,0.5254318714141846
v5_int8,angle_plus20,test/other/metal143.jpg,other,paper,0.3567185699939728
v5_int8,angle_plus20,test/other/metal146.jpg,other,other,0.7809640169143677
v5_int8,angle_plus20,test/other/metal157.jpg,other,paper,0.3534054160118103
v5_int8,angle_plus20,test/other/metal159.jpg,other,plastic,0.5085787177085876
v5_int8,angle_plus20,test/other/metal161.jpg,other,plastic,0.718620240688324
v5_int8,angle_plus20,test/other/metal170.jpg,other,paper,0.6090745329856873
v5_int8,angle_plus20,test/other/metal172.jpg,other,paper,0.5430071353912354
v5_int8,angle_plus20,test/other/metal175.jpg,other,paper,0.6316993832588196
v5_int8,angle_plus20,test/other/metal18.jpg,other,plastic,0.7026152610778809
v5_int8,angle_plus20,test/other/metal186.jpg,other,plastic,0.5321217775344849
v5_int8,angle_plus20,test/other/metal187.jpg,other,other,0.3465881049633026
v5_int8,angle_plus20,test/other/metal188.jpg,other,other,0.3293234407901764
v5_int8,angle_plus20,test/other/metal192.jpg,other,other,0.557941734790802
v5_int8,angle_plus20,test/other/metal198.jpg,other,other,0.5057139992713928
v5_int8,angle_plus20,test/other/metal201.jpg,other,plastic,0.444195955991745
v5_int8,angle_plus20,test/other/metal205.jpg,other,other,0.3497968316078186
v5_int8,angle_plus20,test/other/metal209.jpg,other,paper,0.31627464294433594
v5_int8,angle_plus20,test/other/metal217.jpg,other,other,0.4519457221031189
v5_int8,angle_plus20,test/other/metal239.jpg,other,paper,0.3900163173675537
v5_int8,angle_plus20,test/other/metal24.jpg,other,plastic,0.37048548460006714
v5_int8,angle_plus20,test/other/metal246.jpg,other,organic,0.41472816467285156
v5_int8,angle_plus20,test/other/metal247.jpg,other,other,0.3885003328323364
v5_int8,angle_plus20,test/other/metal248.jpg,other,plastic,0.7392677068710327
v5_int8,angle_plus20,test/other/metal249.jpg,other,paper,0.4203828275203705
v5_int8,angle_plus20,test/other/metal258.jpg,other,paper,0.4453597366809845
v5_int8,angle_plus20,test/other/metal261.jpg,other,plastic,0.47237130999565125
v5_int8,angle_plus20,test/other/metal263.jpg,other,other,0.5923525094985962
v5_int8,angle_plus20,test/other/metal269.jpg,other,other,0.755399763584137
v5_int8,angle_plus20,test/other/metal27.jpg,other,other,0.41931650042533875
v5_int8,angle_plus20,test/other/metal275.jpg,other,other,0.6104108095169067
v5_int8,angle_plus20,test/other/metal292.jpg,other,plastic,0.5808612108230591
v5_int8,angle_plus20,test/other/metal296.jpg,other,plastic,0.4734598398208618
v5_int8,angle_plus20,test/other/metal317.jpg,other,plastic,0.49262410402297974
v5_int8,angle_plus20,test/other/metal324.jpg,other,other,0.37392738461494446
v5_int8,angle_plus20,test/other/metal325.jpg,other,other,0.48426634073257446
v5_int8,angle_plus20,test/other/metal328.jpg,other,other,0.5629405975341797
v5_int8,angle_plus20,test/other/metal33.jpg,other,other,0.4942621886730194
v5_int8,angle_plus20,test/other/metal341.jpg,other,paper,0.48118671774864197
v5_int8,angle_plus20,test/other/metal344.jpg,other,organic,0.41394054889678955
v5_int8,angle_plus20,test/other/metal350.jpg,other,other,0.3238515555858612
v5_int8,angle_plus20,test/other/metal355.jpg,other,other,0.780171275138855
v5_int8,angle_plus20,test/other/metal364.jpg,other,other,0.5392355918884277
v5_int8,angle_plus20,test/other/metal370.jpg,other,plastic,0.4767689108848572
v5_int8,angle_plus20,test/other/metal387.jpg,other,other,0.5587524771690369
v5_int8,angle_plus20,test/other/metal389.jpg,other,other,0.5540833473205566
v5_int8,angle_plus20,test/other/metal393.jpg,other,paper,0.37032684683799744
v5_int8,angle_plus20,test/other/metal394.jpg,other,organic,0.5221467018127441
v5_int8,angle_plus20,test/other/metal395.jpg,other,other,0.3780427575111389
v5_int8,angle_plus20,test/other/metal403.jpg,other,other,0.7804133892059326
v5_int8,angle_plus20,test/other/metal48.jpg,other,paper,0.488789826631546
v5_int8,angle_plus20,test/other/metal50.jpg,other,other,0.4962606728076935
v5_int8,angle_plus20,test/other/metal52.jpg,other,paper,0.35091617703437805
v5_int8,angle_plus20,test/other/metal62.jpg,other,paper,0.3888472616672516
v5_int8,angle_plus20,test/other/metal65.jpg,other,paper,0.46877679228782654
v5_int8,angle_plus20,test/other/metal68.jpg,other,other,0.5942525863647461
v5_int8,angle_plus20,test/other/metal77.jpg,other,other,0.3389109671115875
v5_int8,angle_plus20,test/other/metal80.jpg,other,plastic,0.39927956461906433
v5_int8,angle_plus20,test/other/metal84.jpg,other,other,0.3607049882411957
v5_int8,angle_plus20,test/other/metal87.jpg,other,other,0.5528036952018738
v5_int8,angle_plus20,test/other/metal99.jpg,other,other,0.6718298196792603
v5_int8,angle_minus20,test/paper/paper104.jpg,paper,paper,0.6110047101974487
v5_int8,angle_minus20,test/paper/paper112.jpg,paper,paper,0.8136059045791626
v5_int8,angle_minus20,test/paper/paper113.jpg,paper,other,0.3741251230239868
v5_int8,angle_minus20,test/paper/paper114.jpg,paper,paper,0.746847927570343
v5_int8,angle_minus20,test/paper/paper12.jpg,paper,paper,0.7902079224586487
v5_int8,angle_minus20,test/paper/paper120.jpg,paper,paper,0.561212420463562
v5_int8,angle_minus20,test/paper/paper124.jpg,paper,plastic,0.5577770471572876
v5_int8,angle_minus20,test/paper/paper125.jpg,paper,paper,0.4244932532310486
v5_int8,angle_minus20,test/paper/paper129.jpg,paper,paper,0.7669569253921509
v5_int8,angle_minus20,test/paper/paper13.jpg,paper,plastic,0.6176648139953613
v5_int8,angle_minus20,test/paper/paper137.jpg,paper,paper,0.503150224685669
v5_int8,angle_minus20,test/paper/paper143.jpg,paper,paper,0.5872949361801147
v5_int8,angle_minus20,test/paper/paper149.jpg,paper,plastic,0.49290764331817627
v5_int8,angle_minus20,test/paper/paper161.jpg,paper,paper,0.47693225741386414
v5_int8,angle_minus20,test/paper/paper167.jpg,paper,paper,0.3695904612541199
v5_int8,angle_minus20,test/paper/paper169.jpg,paper,paper,0.4571714699268341
v5_int8,angle_minus20,test/paper/paper186.jpg,paper,paper,0.5231999158859253
v5_int8,angle_minus20,test/paper/paper188.jpg,paper,paper,0.5459558367729187
v5_int8,angle_minus20,test/paper/paper208.jpg,paper,paper,0.6680404543876648
v5_int8,angle_minus20,test/paper/paper209.jpg,paper,paper,0.3656858205795288
v5_int8,angle_minus20,test/paper/paper218.jpg,paper,paper,0.5402716398239136
v5_int8,angle_minus20,test/paper/paper219.jpg,paper,paper,0.5130407214164734
v5_int8,angle_minus20,test/paper/paper220.jpg,paper,paper,0.5583253502845764
v5_int8,angle_minus20,test/paper/paper225.jpg,paper,plastic,0.41616347432136536
v5_int8,angle_minus20,test/paper/paper230.jpg,paper,paper,0.6895068287849426
v5_int8,angle_minus20,test/paper/paper235.jpg,paper,other,0.3780801594257355
v5_int8,angle_minus20,test/paper/paper266.jpg,paper,paper,0.7465476989746094
v5_int8,angle_minus20,test/paper/paper269.jpg,paper,paper,0.7002487778663635
v5_int8,angle_minus20,test/paper/paper271.jpg,paper,paper,0.7436890006065369
v5_int8,angle_minus20,test/paper/paper273.jpg,paper,paper,0.5978899002075195
v5_int8,angle_minus20,test/paper/paper276.jpg,paper,paper,0.43518632650375366
v5_int8,angle_minus20,test/paper/paper279.jpg,paper,paper,0.4592534601688385
v5_int8,angle_minus20,test/paper/paper282.jpg,paper,plastic,0.5632463693618774
v5_int8,angle_minus20,test/paper/paper286.jpg,paper,organic,0.4938410222530365
v5_int8,angle_minus20,test/paper/paper289.jpg,paper,organic,0.4411793649196625
v5_int8,angle_minus20,test/paper/paper294.jpg,paper,paper,0.5933352112770081
v5_int8,angle_minus20,test/paper/paper3.jpg,paper,paper,0.5308292508125305
v5_int8,angle_minus20,test/paper/paper301.jpg,paper,paper,0.49360769987106323
v5_int8,angle_minus20,test/paper/paper303.jpg,paper,paper,0.5518028140068054
v5_int8,angle_minus20,test/paper/paper311.jpg,paper,organic,0.8666518926620483
v5_int8,angle_minus20,test/paper/paper319.jpg,paper,paper,0.6717469096183777
v5_int8,angle_minus20,test/paper/paper32.jpg,paper,paper,0.5214023590087891
v5_int8,angle_minus20,test/paper/paper346.jpg,paper,paper,0.5122283101081848
v5_int8,angle_minus20,test/paper/paper348.jpg,paper,plastic,0.5416281819343567
v5_int8,angle_minus20,test/paper/paper350.jpg,paper,paper,0.5559459924697876
v5_int8,angle_minus20,test/paper/paper354.jpg,paper,plastic,0.524019718170166
v5_int8,angle_minus20,test/paper/paper356.jpg,paper,paper,0.7430341839790344
v5_int8,angle_minus20,test/paper/paper357.jpg,paper,paper,0.5782613754272461
v5_int8,angle_minus20,test/paper/paper361.jpg,paper,paper,0.6239010691642761
v5_int8,angle_minus20,test/paper/paper362.jpg,paper,paper,0.4077148735523224
v5_int8,angle_minus20,test/paper/paper368.jpg,paper,plastic,0.3872600793838501
v5_int8,angle_minus20,test/paper/paper373.jpg,paper,paper,0.5577281713485718
v5_int8,angle_minus20,test/paper/paper380.jpg,paper,paper,0.46523067355155945
v5_int8,angle_minus20,test/paper/paper381.jpg,paper,paper,0.5443322062492371
v5_int8,angle_minus20,test/paper/paper385.jpg,paper,plastic,0.5446586608886719
v5_int8,angle_minus20,test/paper/paper392.jpg,paper,paper,0.4629606008529663
v5_int8,angle_minus20,test/paper/paper396.jpg,paper,paper,0.6081739664077759
v5_int8,angle_minus20,test/paper/paper404.jpg,paper,plastic,0.5553030371665955
v5_int8,angle_minus20,test/paper/paper405.jpg,paper,paper,0.6216594576835632
v5_int8,angle_minus20,test/paper/paper416.jpg,paper,paper,0.5420101284980774
v5_int8,angle_minus20,test/paper/paper417.jpg,paper,plastic,0.545867383480072
v5_int8,angle_minus20,test/paper/paper422.jpg,paper,paper,0.7019437551498413
v5_int8,angle_minus20,test/paper/paper434.jpg,paper,paper,0.5001668334007263
v5_int8,angle_minus20,test/paper/paper444.jpg,paper,paper,0.4975099563598633
v5_int8,angle_minus20,test/paper/paper450.jpg,paper,paper,0.609246015548706
v5_int8,angle_minus20,test/paper/paper457.jpg,paper,paper,0.4546707570552826
v5_int8,angle_minus20,test/paper/paper460.jpg,paper,paper,0.7048099040985107
v5_int8,angle_minus20,test/paper/paper461.jpg,paper,paper,0.7291328310966492
v5_int8,angle_minus20,test/paper/paper462.jpg,paper,paper,0.3774261176586151
v5_int8,angle_minus20,test/paper/paper465.jpg,paper,other,0.42636361718177795
v5_int8,angle_minus20,test/paper/paper474.jpg,paper,organic,0.6470053195953369
v5_int8,angle_minus20,test/paper/paper48.jpg,paper,paper,0.5133041143417358
v5_int8,angle_minus20,test/paper/paper495.jpg,paper,plastic,0.5392414331436157
v5_int8,angle_minus20,test/paper/paper500.jpg,paper,paper,0.8425507545471191
v5_int8,angle_minus20,test/paper/paper502.jpg,paper,paper,0.7780067324638367
v5_int8,angle_minus20,test/paper/paper503.jpg,paper,paper,0.5373891592025757
v5_int8,angle_minus20,test/paper/paper505.jpg,paper,paper,0.46595072746276855
v5_int8,angle_minus20,test/paper/paper508.jpg,paper,paper,0.4475969672203064
v5_int8,angle_minus20,test/paper/paper515.jpg,paper,paper,0.6192330121994019
v5_int8,angle_minus20,test/paper/paper525.jpg,paper,plastic,0.6250784397125244
v5_int8,angle_minus20,test/paper/paper527.jpg,paper,paper,0.4718707799911499
v5_int8,angle_minus20,test/paper/paper53.jpg,paper,paper,0.4482171833515167
v5_int8,angle_minus20,test/paper/paper534.jpg,paper,paper,0.6113160848617554
v5_int8,angle_minus20,test/paper/paper537.jpg,paper,paper,0.6304990649223328
v5_int8,angle_minus20,test/paper/paper541.jpg,paper,organic,0.46819260716438293
v5_int8,angle_minus20,test/paper/paper542.jpg,paper,paper,0.7608094811439514
v5_int8,angle_minus20,test/paper/paper543.jpg,paper,paper,0.6866933107376099
v5_int8,angle_minus20,test/paper/paper547.jpg,paper,paper,0.590626060962677
v5_int8,angle_minus20,test/paper/paper548.jpg,paper,paper,0.41108468174934387
v5_int8,angle_minus20,test/paper/paper55.jpg,paper,paper,0.6270595192909241
v5_int8,angle_minus20,test/paper/paper557.jpg,paper,paper,0.6343632936477661
v5_int8,angle_minus20,test/paper/paper558.jpg,paper,paper,0.5629072785377502
v5_int8,angle_minus20,test/paper/paper563.jpg,paper,other,0.4491591155529022
v5_int8,angle_minus20,test/paper/paper569.jpg,paper,paper,0.5266125202178955
v5_int8,angle_minus20,test/paper/paper570.jpg,paper,paper,0.495300829410553
v5_int8,angle_minus20,test/paper/paper576.jpg,paper,plastic,0.6128042936325073
v5_int8,angle_minus20,test/paper/paper58.jpg,paper,paper,0.633948028087616
v5_int8,angle_minus20,test/paper/paper586.jpg,paper,paper,0.4910258948802948
v5_int8,angle_minus20,test/paper/paper593.jpg,paper,paper,0.5193150043487549
v5_int8,angle_minus20,test/paper/paper6.jpg,paper,paper,0.6320278644561768
v5_int8,angle_minus20,test/paper/paper68.jpg,paper,paper,0.5352147817611694
v5_int8,angle_minus20,test/paper/paper69.jpg,paper,organic,0.4289203882217407
v5_int8,angle_minus20,test/paper/paper7.jpg,paper,paper,0.6406413912773132
v5_int8,angle_minus20,test/paper/paper70.jpg,paper,paper,0.542033314704895
v5_int8,angle_minus20,test/paper/paper77.jpg,paper,paper,0.7505048513412476
v5_int8,angle_minus20,test/paper/paper86.jpg,paper,organic,0.5697018504142761
v5_int8,angle_minus20,test/paper/paper94.jpg,paper,other,0.39351406693458557
v5_int8,angle_minus20,test/paper/paper97.jpg,paper,paper,0.6272428035736084
v5_int8,angle_minus20,test/plastic/plastic103.jpg,plastic,plastic,0.7704049944877625
v5_int8,angle_minus20,test/plastic/plastic114.jpg,plastic,plastic,0.4883626401424408
v5_int8,angle_minus20,test/plastic/plastic122.jpg,plastic,plastic,0.9371610283851624
v5_int8,angle_minus20,test/plastic/plastic125.jpg,plastic,paper,0.37873855233192444
v5_int8,angle_minus20,test/plastic/plastic126.jpg,plastic,paper,0.4853286147117615
v5_int8,angle_minus20,test/plastic/plastic132.jpg,plastic,plastic,0.48452576994895935
v5_int8,angle_minus20,test/plastic/plastic138.jpg,plastic,plastic,0.5100809931755066
v5_int8,angle_minus20,test/plastic/plastic145.jpg,plastic,paper,0.4867004156112671
v5_int8,angle_minus20,test/plastic/plastic146.jpg,plastic,paper,0.5044057369232178
v5_int8,angle_minus20,test/plastic/plastic152.jpg,plastic,paper,0.6162933707237244
v5_int8,angle_minus20,test/plastic/plastic156.jpg,plastic,paper,0.5666376948356628
v5_int8,angle_minus20,test/plastic/plastic159.jpg,plastic,plastic,0.6129359006881714
v5_int8,angle_minus20,test/plastic/plastic170.jpg,plastic,paper,0.49269890785217285
v5_int8,angle_minus20,test/plastic/plastic172.jpg,plastic,plastic,0.6973074078559875
v5_int8,angle_minus20,test/plastic/plastic177.jpg,plastic,plastic,0.7917104363441467
v5_int8,angle_minus20,test/plastic/plastic187.jpg,plastic,plastic,0.7219020128250122
v5_int8,angle_minus20,test/plastic/plastic2.jpg,plastic,paper,0.6302685141563416
v5_int8,angle_minus20,test/plastic/plastic201.jpg,plastic,other,0.5424267649650574
v5_int8,angle_minus20,test/plastic/plastic205.jpg,plastic,plastic,0.8860973119735718
v5_int8,angle_minus20,test/plastic/plastic207.jpg,plastic,plastic,0.6784566044807434
v5_int8,angle_minus20,test/plastic/plastic21.jpg,plastic,plastic,0.7241727709770203
v5_int8,angle_minus20,test/plastic/plastic214.jpg,plastic,plastic,0.7681788206100464
v5_int8,angle_minus20,test/plastic/plastic217.jpg,plastic,plastic,0.9462248682975769
v5_int8,angle_minus20,test/plastic/plastic226.jpg,plastic,plastic,0.841964602470398
v5_int8,angle_minus20,test/plastic/plastic227.jpg,plastic,plastic,0.8965559601783752
v5_int8,angle_minus20,test/plastic/plastic242.jpg,plastic,plastic,0.8474269509315491
v5_int8,angle_minus20,test/plastic/plastic251.jpg,plastic,plastic,0.9408295154571533
v5_int8,angle_minus20,test/plastic/plastic252.jpg,plastic,plastic,0.8487699627876282
v5_int8,angle_minus20,test/plastic/plastic253.jpg,plastic,plastic,0.9024993777275085
v5_int8,angle_minus20,test/plastic/plastic260.jpg,plastic,plastic,0.7845723628997803
v5_int8,angle_minus20,test/plastic/plastic264.jpg,plastic,other,0.5973120331764221
v5_int8,angle_minus20,test/plastic/plastic265.jpg,plastic,plastic,0.9269894957542419
v5_int8,angle_minus20,test/plastic/plastic268.jpg,plastic,other,0.5109840035438538
v5_int8,angle_minus20,test/plastic/plastic270.jpg,plastic,plastic,0.898756742477417
v5_int8,angle_minus20,test/plastic/plastic285.jpg,plastic,other,0.623845636844635
v5_int8,angle_minus20,test/plastic/plastic305.jpg,plastic,plastic,0.5408030152320862
v5_int8,angle_minus20,test/plastic/plastic306.jpg,plastic,plastic,0.9387860298156738
v5_int8,angle_minus20,test/plastic/plastic312.jpg,plastic,plastic,0.4285975396633148
v5_int8,angle_minus20,test/plastic/plastic314.jpg,plastic,paper,0.5270165801048279
v5_int8,angle_minus20,test/plastic/plastic315.jpg,plastic,plastic,0.8001625537872314
v5_int8,angle_minus20,test/plastic/plastic317.jpg,plastic,plastic,0.8374791145324707
v5_int8,angle_minus20,test/plastic/plastic32.jpg,plastic,plastic,0.9135493040084839
v5_int8,angle_minus20,test/plastic/plastic328.jpg,plastic,paper,0.4238681197166443
v5_int8,angle_minus20,test/plastic/plastic348.jpg,plastic,plastic,0.7965227961540222
v5_int8,angle_minus20,test/plastic/plastic349.jpg,plastic,plastic,0.9500662684440613
v5_int8,angle_minus20,test/plastic/plastic372.jpg,plastic,plastic,0.8166364431381226
v5_int8,angle_minus20,test/plastic/plastic374.jpg,plastic,plastic,0.4091278314590454
v5_int8,angle_minus20,test/plastic/plastic379.jpg,plastic,plastic,0.940638542175293
v5_int8,angle_minus20,test/plastic/plastic383.jpg,plastic,plastic,0.543328046798706
v5_int8,angle_minus20,test/plastic/plastic388.jpg,plastic,plastic,0.9437081813812256
v5_int8,angle_minus20,test/plastic/plastic39.jpg,plastic,plastic,0.7587774991989136
v5_int8,angle_minus20,test/plastic/plastic390.jpg,plastic,plastic,0.8671665787696838
v5_int8,angle_minus20,test/plastic/plastic398.jpg,plastic,plastic,0.9184219241142273
v5_int8,angle_minus20,test/plastic/plastic399.jpg,plastic,plastic,0.9498242139816284
v5_int8,angle_minus20,test/plastic/plastic405.jpg,plastic,paper,0.5824766755104065
v5_int8,angle_minus20,test/plastic/plastic411.jpg,plastic,plastic,0.9278250336647034
v5_int8,angle_minus20,test/plastic/plastic420.jpg,plastic,plastic,0.9063596725463867
v5_int8,angle_minus20,test/plastic/plastic423.jpg,plastic,plastic,0.9526207447052002
v5_int8,angle_minus20,test/plastic/plastic426.jpg,plastic,plastic,0.9120687246322632
v5_int8,angle_minus20,test/plastic/plastic434.jpg,plastic,plastic,0.9281964898109436
v5_int8,angle_minus20,test/plastic/plastic438.jpg,plastic,paper,0.5424773097038269
v5_int8,angle_minus20,test/plastic/plastic465.jpg,plastic,paper,0.414651095867157
v5_int8,angle_minus20,test/plastic/plastic473.jpg,plastic,plastic,0.5451912879943848
v5_int8,angle_minus20,test/plastic/plastic49.jpg,plastic,plastic,0.9295316934585571
v5_int8,angle_minus20,test/plastic/plastic64.jpg,plastic,plastic,0.674659788608551
v5_int8,angle_minus20,test/plastic/plastic66.jpg,plastic,plastic,0.8491843938827515
v5_int8,angle_minus20,test/plastic/plastic67.jpg,plastic,plastic,0.940371572971344
v5_int8,angle_minus20,test/plastic/plastic79.jpg,plastic,other,0.6688834428787231
v5_int8,angle_minus20,test/plastic/plastic80.jpg,plastic,plastic,0.8447332382202148
v5_int8,angle_minus20,test/plastic/plastic82.jpg,plastic,plastic,0.5812981128692627
v5_int8,angle_minus20,test/plastic/plastic84.jpg,plastic,plastic,0.9231692552566528
v5_int8,angle_minus20,test/plastic/plastic93.jpg,plastic,plastic,0.5499180555343628
v5_int8,angle_minus20,test/plastic/plastic98.jpg,plastic,other,0.586931586265564
v5_int8,angle_minus20,test/plastic/plastic99.jpg,plastic,plastic,0.9373326301574707
v5_int8,angle_minus20,test/organic/organic_0001.jpg,organic,organic,0.785702645778656
v5_int8,angle_minus20,test/organic/organic_0002.jpg,organic,organic,0.901763379573822
v5_int8,angle_minus20,test/organic/organic_0003.jpg,organic,organic,0.5671215653419495
v5_int8,angle_minus20,test/organic/organic_0004.jpg,organic,organic,0.5328902006149292
v5_int8,angle_minus20,test/organic/organic_0005.jpg,organic,paper,0.5826601982116699
v5_int8,angle_minus20,test/organic/organic_0006.jpg,organic,organic,0.9575849771499634
v5_int8,angle_minus20,test/organic/organic_0007.jpg,organic,organic,0.5529106855392456
v5_int8,angle_minus20,test/organic/organic_0008.jpg,organic,organic,0.7346460819244385
v5_int8,angle_minus20,test/organic/organic_0009.jpg,organic,organic,0.823526918888092
v5_int8,angle_minus20,test/organic/organic_0010.jpg,organic,organic,0.875798761844635
v5_int8,angle_minus20,test/organic/organic_0011.jpg,organic,organic,0.9057267308235168
v5_int8,angle_minus20,test/organic/organic_0012.jpg,organic,organic,0.9423427581787109
v5_int8,angle_minus20,test/organic/organic_0013.jpg,organic,organic,0.7457177042961121
v5_int8,angle_minus20,test/organic/organic_0014.jpg,organic,paper,0.5383977293968201
v5_int8,angle_minus20,test/organic/organic_0015.jpg,organic,organic,0.9835573434829712
v5_int8,angle_minus20,test/organic/organic_0016.jpg,organic,organic,0.897697389125824
v5_int8,angle_minus20,test/organic/organic_0017.jpg,organic,organic,0.952180027961731
v5_int8,angle_minus20,test/organic/organic_0018.jpg,organic,organic,0.633809506893158
v5_int8,angle_minus20,test/organic/organic_0019.jpg,organic,organic,0.5200267434120178
v5_int8,angle_minus20,test/organic/organic_0020.jpg,organic,paper,0.5280253291130066
v5_int8,angle_minus20,test/organic/organic_0021.jpg,organic,organic,0.911190927028656
v5_int8,angle_minus20,test/organic/organic_0022.jpg,organic,organic,0.7023853063583374
v5_int8,angle_minus20,test/organic/organic_0023.jpg,organic,organic,0.8438259363174438
v5_int8,angle_minus20,test/organic/organic_0024.jpg,organic,organic,0.5579218864440918
v5_int8,angle_minus20,test/organic/organic_0025.jpg,organic,organic,0.9803376197814941
v5_int8,angle_minus20,test/organic/organic_0026.jpg,organic,organic,0.5743753910064697
v5_int8,angle_minus20,test/organic/organic_0027.jpg,organic,organic,0.8144254088401794
v5_int8,angle_minus20,test/organic/organic_0028.jpg,organic,organic,0.7148675918579102
v5_int8,angle_minus20,test/organic/organic_0029.jpg,organic,organic,0.9781002998352051
v5_int8,angle_minus20,test/organic/organic_0030.jpg,organic,organic,0.904483437538147
v5_int8,angle_minus20,test/organic/organic_0031.jpg,organic,organic,0.895158588886261
v5_int8,angle_minus20,test/organic/organic_0032.jpg,organic,organic,0.7946149110794067
v5_int8,angle_minus20,test/organic/organic_0033.jpg,organic,organic,0.9404897689819336
v5_int8,angle_minus20,test/organic/organic_0034.jpg,organic,organic,0.8778467774391174
v5_int8,angle_minus20,test/organic/organic_0035.jpg,organic,other,0.6110035181045532
v5_int8,angle_minus20,test/organic/organic_0036.jpg,organic,paper,0.3828733563423157
v5_int8,angle_minus20,test/organic/organic_0037.jpg,organic,organic,0.8894312977790833
v5_int8,angle_minus20,test/organic/organic_0038.jpg,organic,other,0.5377486944198608
v5_int8,angle_minus20,test/organic/organic_0039.jpg,organic,organic,0.9617677927017212
v5_int8,angle_minus20,test/organic/organic_0040.jpg,organic,organic,0.973002552986145
v5_int8,angle_minus20,test/organic/organic_0041.jpg,organic,organic,0.6567202806472778
v5_int8,angle_minus20,test/organic/organic_0042.jpg,organic,organic,0.7697261571884155
v5_int8,angle_minus20,test/organic/organic_0043.jpg,organic,organic,0.5367856025695801
v5_int8,angle_minus20,test/organic/organic_0044.jpg,organic,organic,0.4741755723953247
v5_int8,angle_minus20,test/organic/organic_0045.jpg,organic,organic,0.8818526864051819
v5_int8,angle_minus20,test/organic/organic_0046.jpg,organic,paper,0.5071157217025757
v5_int8,angle_minus20,test/organic/organic_0047.jpg,organic,organic,0.9739115834236145
v5_int8,angle_minus20,test/organic/organic_0048.jpg,organic,organic,0.5767310857772827
v5_int8,angle_minus20,test/organic/organic_0049.jpg,organic,organic,0.9854133725166321
v5_int8,angle_minus20,test/organic/organic_0050.jpg,organic,organic,0.8572747111320496
v5_int8,angle_minus20,test/organic/organic_0051.jpg,organic,paper,0.6478558778762817
v5_int8,angle_minus20,test/organic/organic_0052.jpg,organic,organic,0.9301753640174866
v5_int8,angle_minus20,test/organic/organic_0053.jpg,organic,organic,0.6983726620674133
v5_int8,angle_minus20,test/organic/organic_0054.jpg,organic,organic,0.7873538732528687
v5_int8,angle_minus20,test/organic/organic_0055.jpg,organic,organic,0.8797657489776611
v5_int8,angle_minus20,test/organic/organic_0056.jpg,organic,organic,0.772740364074707
v5_int8,angle_minus20,test/organic/organic_0057.jpg,organic,organic,0.8938712477684021
v5_int8,angle_minus20,test/organic/organic_0058.jpg,organic,organic,0.8319435119628906
v5_int8,angle_minus20,test/organic/organic_0059.jpg,organic,organic,0.8198556303977966
v5_int8,angle_minus20,test/organic/organic_0060.jpg,organic,organic,0.5989041328430176
v5_int8,angle_minus20,test/organic/organic_0061.jpg,organic,organic,0.43858465552330017
v5_int8,angle_minus20,test/organic/organic_0062.jpg,organic,organic,0.8536544442176819
v5_int8,angle_minus20,test/organic/organic_0063.jpg,organic,organic,0.9783825278282166
v5_int8,angle_minus20,test/organic/organic_0064.jpg,organic,organic,0.9151260256767273
v5_int8,angle_minus20,test/organic/organic_0065.jpg,organic,organic,0.8317266702651978
v5_int8,angle_minus20,test/organic/organic_0066.jpg,organic,organic,0.9739930033683777
v5_int8,angle_minus20,test/organic/organic_0067.jpg,organic,organic,0.6686358451843262
v5_int8,angle_minus20,test/organic/organic_0068.jpg,organic,organic,0.9131870269775391
v5_int8,angle_minus20,test/organic/organic_0069.jpg,organic,organic,0.8730153441429138
v5_int8,angle_minus20,test/organic/organic_0070.jpg,organic,organic,0.4785436987876892
v5_int8,angle_minus20,test/organic/organic_0071.jpg,organic,organic,0.989679217338562
v5_int8,angle_minus20,test/organic/organic_0072.jpg,organic,organic,0.9765915870666504
v5_int8,angle_minus20,test/organic/organic_0073.jpg,organic,organic,0.9838275909423828
v5_int8,angle_minus20,test/organic/organic_0074.jpg,organic,organic,0.9113785624504089
v5_int8,angle_minus20,test/other/cardboard105.jpg,other,other,0.9203222990036011
v5_int8,angle_minus20,test/other/cardboard115.jpg,other,other,0.8583846092224121
v5_int8,angle_minus20,test/other/cardboard121.jpg,other,other,0.4766922891139984
v5_int8,angle_minus20,test/other/cardboard125.jpg,other,other,0.6693260073661804
v5_int8,angle_minus20,test/other/cardboard128.jpg,other,other,0.43174993991851807
v5_int8,angle_minus20,test/other/cardboard160.jpg,other,other,0.8505179286003113
v5_int8,angle_minus20,test/other/cardboard162.jpg,other,plastic,0.6705441474914551
v5_int8,angle_minus20,test/other/cardboard175.jpg,other,other,0.5597268342971802
v5_int8,angle_minus20,test/other/cardboard18.jpg,other,other,0.8416866064071655
v5_int8,angle_minus20,test/other/cardboard184.jpg,other,other,0.7299286127090454
v5_int8,angle_minus20,test/other/cardboard19.jpg,other,other,0.8990058302879333
v5_int8,angle_minus20,test/other/cardboard190.jpg,other,paper,0.6376364231109619
v5_int8,angle_minus20,test/other/cardboard2.jpg,other,plastic,0.43777912855148315
v5_int8,angle_minus20,test/other/cardboard208.jpg,other,other,0.8155609369277954
v5_int8,angle_minus20,test/other/cardboard210.jpg,other,other,0.9364005923271179
v5_int8,angle_minus20,test/other/cardboard213.jpg,other,other,0.7836569547653198
v5_int8,angle_minus20,test/other/cardboard214.jpg,other,other,0.7410128116607666
v5_int8,angle_minus20,test/other/cardboard216.jpg,other,other,0.543439507484436
v5_int8,angle_minus20,test/other/cardboard218.jpg,other,other,0.5070309042930603
v5_int8,angle_minus20,test/other/cardboard222.jpg,other,other,0.9698137640953064
v5_int8,angle_minus20,test/other/cardboard231.jpg,other,other,0.9157460927963257
v5_int8,angle_minus20,test/other/cardboard239.jpg,other,organic,0.7112792730331421
v5_int8,angle_minus20,test/other/cardboard248.jpg,other,other,0.3617384731769562
v5_int8,angle_minus20,test/other/cardboard252.jpg,other,other,0.8087095022201538
v5_int8,angle_minus20,test/other/cardboard259.jpg,other,other,0.9637640118598938
v5_int8,angle_minus20,test/other/cardboard260.jpg,other,other,0.7413204908370972
v5_int8,angle_minus20,test/other/cardboard261.jpg,other,other,0.8681054711341858
v5_int8,angle_minus20,test/other/cardboard266.jpg,other,organic,0.630473792552948
v5_int8,angle_minus20,test/other/cardboard274.jpg,other,paper,0.42485374212265015
v5_int8,angle_minus20,test/other/cardboard276.jpg,other,plastic,0.38668927550315857
v5_int8,angle_minus20,test/other/cardboard286.jpg,other,paper,0.5535166263580322
v5_int8,angle_minus20,test/other/cardboard289.jpg,other,other,0.8703349828720093
v5_int8,angle_minus20,test/other/cardboard290.jpg,other,other,0.500693142414093
v5_int8,angle_minus20,test/other/cardboard293.jpg,other,other,0.9403983354568481
v5_int8,angle_minus20,test/other/cardboard299.jpg,other,other,0.8843941688537598
v5_int8,angle_minus20,test/other/cardboard304.jpg,other,other,0.8990731835365295
v5_int8,angle_minus20,test/other/cardboard308.jpg,other,other,0.6509858965873718
v5_int8,angle_minus20,test/other/cardboard31.jpg,other,other,0.9278864860534668
v5_int8,angle_minus20,test/other/cardboard310.jpg,other,other,0.9609455466270447
v5_int8,angle_minus20,test/other/cardboard312.jpg,other,other,0.9232817888259888
v5_int8,angle_minus20,test/other/cardboard313.jpg,other,other,0.9744358062744141
v5_int8,angle_minus20,test/other/cardboard314.jpg,other,other,0.9474369883537292
v5_int8,angle_minus20,test/other/cardboard321.jpg,other,other,0.7562435865402222
v5_int8,angle_minus20,test/other/cardboard323.jpg,other,other,0.8092291951179504
v5_int8,angle_minus20,test/other/cardboard332.jpg,other,other,0.9230268001556396
v5_int8,angle_minus20,test/other/cardboard334.jpg,other,other,0.8867813348770142
v5_int8,angle_minus20,test/other/cardboard34.jpg,other,other,0.9048468470573425
v5_int8,angle_minus20,test/other/cardboard356.jpg,other,other,0.8331474661827087
v5_int8,angle_minus20,test/other/cardboard363.jpg,other,other,0.6777816414833069
v5_int8,angle_minus20,test/other/cardboard372.jpg,other,other,0.7810794115066528
v5_int8,angle_minus20,test/other/cardboard383.jpg,other,plastic,0.39832234382629395
v5_int8,angle_minus20,test/other/cardboard384.jpg,other,organic,0.3838891386985779
v5_int8,angle_minus20,test/other/cardboard387.jpg,other,plastic,0.6555178761482239
v5_int8,angle_minus20,test/other/cardboard388.jpg,other,other,0.8665662407875061
v5_int8,angle_minus20,test/other/cardboard397.jpg,other,other,0.9308868646621704
v5_int8,angle_minus20,test/other/cardboard40.jpg,other,other,0.9459896087646484
v5_int8,angle_minus20,test/other/cardboard401.jpg,other,other,0.9672407507896423
v5_int8,angle_minus20,test/other/cardboard44.jpg,other,other,0.892796516418457
v5_int8,angle_minus20,test/other/cardboard51.jpg,other,other,0.9700161218643188
v5_int8,angle_minus20,test/other/cardboard57.jpg,other,other,0.9345918893814087
v5_int8,angle_minus20,test/other/cardboard63.jpg,other,plastic,0.7356091141700745
v5_int8,angle_minus20,test/other/cardboard69.jpg,other,paper,0.5260066986083984
v5_int8,angle_minus20,test/other/cardboard71.jpg,other,other,0.8929124474525452
v5_int8,angle_minus20,test/other/cardboard73.jpg,other,other,0.569361686706543
v5_int8,angle_minus20,test/other/cardboard8.jpg,other,other,0.8876057863235474
v5_int8,angle_minus20,test/other/cardboard88.jpg,other,other,0.8888661861419678
v5_int8,angle_minus20,test/other/cardboard89.jpg,other,other,0.8792347311973572
v5_int8,angle_minus20,test/other/cardboard9.jpg,other,other,0.9526708722114563
v5_int8,angle_minus20,test/other/cardboard92.jpg,other,other,0.8759605288505554
v5_int8,angle_minus20,test/other/cardboard98.jpg,other,other,0.8758738040924072
v5_int8,angle_minus20,test/other/metal112.jpg,other,other,0.44857344031333923
v5_int8,angle_minus20,test/other/metal114.jpg,other,paper,0.4204650819301605
v5_int8,angle_minus20,test/other/metal119.jpg,other,other,0.5051712989807129
v5_int8,angle_minus20,test/other/metal12.jpg,other,plastic,0.410892128944397
v5_int8,angle_minus20,test/other/metal13.jpg,other,plastic,0.5690566897392273
v5_int8,angle_minus20,test/other/metal133.jpg,other,other,0.6638020873069763
v5_int8,angle_minus20,test/other/metal134.jpg,other,other,0.486382395029068
v5_int8,angle_minus20,test/other/metal139.jpg,other,other,0.49918290972709656
v5_int8,angle_minus20,test/other/metal143.jpg,other,paper,0.42052823305130005
v5_int8,angle_minus20,test/other/metal146.jpg,other,other,0.7685641646385193
v5_int8,angle_minus20,test/other/metal157.jpg,other,plastic,0.37092480063438416
v5_int8,angle_minus20,test/other/metal159.jpg,other,plastic,0.46326324343681335
v5_int8,angle_minus20,test/other/metal161.jpg,other,plastic,0.7858358025550842
v5_int8,angle_minus20,test/other/metal170.jpg,other,paper,0.6388574838638306
v5_int8,angle_minus20,test/other/metal172.jpg,other,paper,0.7233927249908447
v5_int8,angle_minus20,test/other/metal175.jpg,other,paper,0.5074076652526855
v5_int8,angle_minus20,test/other/metal18.jpg,other,plastic,0.7492157220840454
v5_int8,angle_minus20,test/other/metal186.jpg,other,plastic,0.5770108699798584
v5_int8,angle_minus20,test/other/metal187.jpg,other,other,0.4095952808856964
v5_int8,angle_minus20,test/other/metal188.jpg,other,paper,0.374604731798172
v5_int8,angle_minus20,test/other/metal192.jpg,other,paper,0.4278356730937958
v5_int8,angle_minus20,test/other/metal198.jpg,other,other,0.5068028569221497
v5_int8,angle_minus20,test/other/metal201.jpg,other,plastic,0.5488752722740173
v5_int8,angle_minus20,test/other/metal205.jpg,other,paper,0.4244932532310486
v5_int8,angle_minus20,test/other/metal209.jpg,other,plastic,0.3662458658218384
v5_int8,angle_minus20,test/other/metal217.jpg,other,other,0.41893863677978516
v5_int8,angle_minus20,test/other/metal239.jpg,other,paper,0.38614457845687866
v5_int8,angle_minus20,test/other/metal24.jpg,other,paper,0.3150179982185364
v5_int8,angle_minus20,test/other/metal246.jpg,other,paper,0.42985692620277405
v5_int8,angle_minus20,test/other/metal247.jpg,other,other,0.47052255272865295
v5_int8,angle_minus20,test/other/metal248.jpg,other,plastic,0.7126023173332214
v5_int8,angle_minus20,test/other/metal249.jpg,other,paper,0.452233225107193
v5_int8,angle_minus20,test/other/metal258.jpg,other,paper,0.5905572175979614
v5_int8,angle_minus20,test/other/metal261.jpg,other,plastic,0.4711678922176361
v5_int8,angle_minus20,test/other/metal263.jpg,other,other,0.6493920087814331
v5_int8,angle_minus20,test/other/metal269.jpg,other,other,0.7513303756713867
v5_int8,angle_minus20,test/other/metal27.jpg,other,other,0.37860238552093506
v5_int8,angle_minus20,test/other/metal275.jpg,other,other,0.6014167070388794
v5_int8,angle_minus20,test/other/metal292.jpg,other,plastic,0.6631399989128113
v5_int8,angle_minus20,test/other/metal296.jpg,other,paper,0.3198448717594147
v5_int8,angle_minus20,test/other/metal317.jpg,other,other,0.5099620223045349
v5_int8,angle_minus20,test/other/metal324.jpg,other,organic,0.7333359122276306
v5_int8,angle_minus20,test/other/metal325.jpg,other,other,0.5327093601226807
v5_int8,angle_minus20,test/other/metal328.jpg,other,other,0.44217583537101746
v5_int8,angle_minus20,test/other/metal33.jpg,other,other,0.5167833566665649
v5_int8,angle_minus20,test/other/metal341.jpg,other,paper,0.4695729911327362
v5_int8,angle_minus20,test/other/metal344.jpg,other,plastic,0.5220878720283508
v5_int8,angle_minus20,test/other/metal350.jpg,other,other,0.49151191115379333
v5_int8,angle_minus20,test/other/metal355.jpg,other,other,0.7556284070014954
v5_int8,angle_minus20,test/other/metal364.jpg,other,other,0.5823598504066467
v5_int8,angle_minus20,test/other/metal370.jpg,other,plastic,0.5079194903373718
v5_int8,angle_minus20,test/other/metal387.jpg,other,paper,0.4378475844860077
v5_int8,angle_minus20,test/other/metal389.jpg,other,other,0.5450973510742188
v5_int8,angle_minus20,test/other/metal393.jpg,other,paper,0.3496544659137726
v5_int8,angle_minus20,test/other/metal394.jpg,other,organic,0.4376387596130371
v5_int8,angle_minus20,test/other/metal395.jpg,other,paper,0.44127047061920166
v5_int8,angle_minus20,test/other/metal403.jpg,other,other,0.7970272302627563
v5_int8,angle_minus20,test/other/metal48.jpg,other,paper,0.48614302277565
v5_int8,angle_minus20,test/other/metal50.jpg,other,other,0.4394413232803345
v5_int8,angle_minus20,test/other/metal52.jpg,other,paper,0.40596652030944824
v5_int8,angle_minus20,test/other/metal62.jpg,other,organic,0.33699673414230347
v5_int8,angle_minus20,test/other/metal65.jpg,other,organic,0.5707882642745972
v5_int8,angle_minus20,test/other/metal68.jpg,other,other,0.5800760984420776
v5_int8,angle_minus20,test/other/metal77.jpg,other,paper,0.4396929144859314
v5_int8,angle_minus20,test/other/metal80.jpg,other,other,0.41278985142707825
v5_int8,angle_minus20,test/other/metal84.jpg,other,other,0.41893529891967773
v5_int8,angle_minus20,test/other/metal87.jpg,other,other,0.36643439531326294
v5_int8,angle_minus20,test/other/metal99.jpg,other,other,0.6520971655845642
v5_int8,shadow_rgb565,test/paper/paper104.jpg,paper,paper,0.4917380213737488
v5_int8,shadow_rgb565,test/paper/paper112.jpg,paper,paper,0.3912626802921295
v5_int8,shadow_rgb565,test/paper/paper113.jpg,paper,paper,0.5463789701461792
v5_int8,shadow_rgb565,test/paper/paper114.jpg,paper,paper,0.647605836391449
v5_int8,shadow_rgb565,test/paper/paper12.jpg,paper,paper,0.44677266478538513
v5_int8,shadow_rgb565,test/paper/paper120.jpg,paper,plastic,0.5602278709411621
v5_int8,shadow_rgb565,test/paper/paper124.jpg,paper,plastic,0.7210404276847839
v5_int8,shadow_rgb565,test/paper/paper125.jpg,paper,plastic,0.43333157896995544
v5_int8,shadow_rgb565,test/paper/paper129.jpg,paper,paper,0.4994700253009796
v5_int8,shadow_rgb565,test/paper/paper13.jpg,paper,plastic,0.7041231393814087
v5_int8,shadow_rgb565,test/paper/paper137.jpg,paper,plastic,0.675806999206543
v5_int8,shadow_rgb565,test/paper/paper143.jpg,paper,plastic,0.6342045068740845
v5_int8,shadow_rgb565,test/paper/paper149.jpg,paper,plastic,0.6243770718574524
v5_int8,shadow_rgb565,test/paper/paper161.jpg,paper,paper,0.42731279134750366
v5_int8,shadow_rgb565,test/paper/paper167.jpg,paper,paper,0.5623389482498169
v5_int8,shadow_rgb565,test/paper/paper169.jpg,paper,plastic,0.6592538952827454
v5_int8,shadow_rgb565,test/paper/paper186.jpg,paper,plastic,0.5281031131744385
v5_int8,shadow_rgb565,test/paper/paper188.jpg,paper,paper,0.7097173929214478
v5_int8,shadow_rgb565,test/paper/paper208.jpg,paper,paper,0.3862583041191101
v5_int8,shadow_rgb565,test/paper/paper209.jpg,paper,organic,0.520449161529541
v5_int8,shadow_rgb565,test/paper/paper218.jpg,paper,other,0.45052626729011536
v5_int8,shadow_rgb565,test/paper/paper219.jpg,paper,plastic,0.5781551599502563
v5_int8,shadow_rgb565,test/paper/paper220.jpg,paper,plastic,0.5291458368301392
v5_int8,shadow_rgb565,test/paper/paper225.jpg,paper,plastic,0.5604695677757263
v5_int8,shadow_rgb565,test/paper/paper230.jpg,paper,paper,0.4997706413269043
v5_int8,shadow_rgb565,test/paper/paper235.jpg,paper,other,0.400336354970932
v5_int8,shadow_rgb565,test/paper/paper266.jpg,paper,paper,0.5131157040596008
v5_int8,shadow_rgb565,test/paper/paper269.jpg,paper,paper,0.38400501012802124
v5_int8,shadow_rgb565,test/paper/paper271.jpg,paper,plastic,0.6042845249176025
v5_int8,shadow_rgb565,test/paper/paper273.jpg,paper,plastic,0.6021766066551208
v5_int8,shadow_rgb565,test/paper/paper276.jpg,paper,plastic,0.4815899431705475
v5_int8,shadow_rgb565,test/paper/paper279.jpg,paper,plastic,0.5943398475646973
v5_int8,shadow_rgb565,test/paper/paper282.jpg,paper,plastic,0.6365143656730652
v5_int8,shadow_rgb565,test/paper/paper286.jpg,paper,paper,0.3956800103187561
v5_int8,shadow_rgb565,test/paper/paper289.jpg,paper,paper,0.6542385816574097
v5_int8,shadow_rgb565,test/paper/paper294.jpg,paper,paper,0.5224785804748535
v5_int8,shadow_rgb565,test/paper/paper3.jpg,paper,plastic,0.40869614481925964
v5_int8,shadow_rgb565,test/paper/paper301.jpg,paper,other,0.47467270493507385
v5_int8,shadow_rgb565,test/paper/paper303.jpg,paper,plastic,0.7038889527320862
v5_int8,shadow_rgb565,test/paper/paper311.jpg,paper,organic,0.6356213688850403
v5_int8,shadow_rgb565,test/paper/paper319.jpg,paper,paper,0.5243268609046936
v5_int8,shadow_rgb565,test/paper/paper32.jpg,paper,plastic,0.5500456094741821
v5_int8,shadow_rgb565,test/paper/paper346.jpg,paper,plastic,0.4799632728099823
v5_int8,shadow_rgb565,test/paper/paper348.jpg,paper,plastic,0.5200069546699524
v5_int8,shadow_rgb565,test/paper/paper350.jpg,paper,paper,0.4560648202896118
v5_int8,shadow_rgb565,test/paper/paper354.jpg,paper,plastic,0.6325932145118713
v5_int8,shadow_rgb565,test/paper/paper356.jpg,paper,paper,0.6096452474594116
v5_int8,shadow_rgb565,test/paper/paper357.jpg,paper,plastic,0.6165039539337158
v5_int8,shadow_rgb565,test/paper/paper361.jpg,paper,plastic,0.7214182615280151
v5_int8,shadow_rgb565,test/paper/paper362.jpg,paper,other,0.37603726983070374
v5_int8,shadow_rgb565,test/paper/paper368.jpg,paper,plastic,0.6154451370239258
v5_int8,shadow_rgb565,test/paper/paper373.jpg,paper,plastic,0.6428758502006531
v5_int8,shadow_rgb565,test/paper/paper380.jpg,paper,paper,0.351326584815979
v5_int8,shadow_rgb565,test/paper/paper381.jpg,paper,other,0.3777367174625397
v5_int8,shadow_rgb565,test/paper/paper385.jpg,paper,plastic,0.6462811231613159
v5_int8,shadow_rgb565,test/paper/paper392.jpg,paper,paper,0.5585597157478333
v5_int8,shadow_rgb565,test/paper/paper396.jpg,paper,plastic,0.533320963382721
v5_int8,shadow_rgb565,test/paper/paper404.jpg,paper,plastic,0.6397873759269714
v5_int8,shadow_rgb565,test/paper/paper405.jpg,paper,paper,0.4485856294631958
v5_int8,shadow_rgb565,test/paper/paper416.jpg,paper,plastic,0.6764497756958008
v5_int8,shadow_rgb565,test/paper/paper417.jpg,paper,plastic,0.5005500912666321
v5_int8,shadow_rgb565,test/paper/paper422.jpg,paper,paper,0.3946841359138489
v5_int8,shadow_rgb565,test/paper/paper434.jpg,paper,paper,0.4874073565006256
v5_int8,shadow_rgb565,test/paper/paper444.jpg,paper,plastic,0.6727839708328247
v5_int8,shadow_rgb565,test/paper/paper450.jpg,paper,paper,0.5842841863632202
v5_int8,shadow_rgb565,test/paper/paper457.jpg,paper,paper,0.37823015451431274
v5_int8,shadow_rgb565,test/paper/paper460.jpg,paper,paper,0.4247620105743408
v5_int8,shadow_rgb565,test/paper/paper461.jpg,paper,plastic,0.5966808199882507
v5_int8,shadow_rgb565,test/paper/paper462.jpg,paper,other,0.3966786861419678
v5_int8,shadow_rgb565,test/paper/paper465.jpg,paper,plastic,0.44231653213500977
v5_int8,shadow_rgb565,test/paper/paper474.jpg,paper,other,0.35466185212135315
v5_int8,shadow_rgb565,test/paper/paper48.jpg,paper,other,0.4162627160549164
v5_int8,shadow_rgb565,test/paper/paper495.jpg,paper,plastic,0.6897242069244385
v5_int8,shadow_rgb565,test/paper/paper500.jpg,paper,plastic,0.6476396918296814
v5_int8,shadow_rgb565,test/paper/paper502.jpg,paper,paper,0.5127966403961182
v5_int8,shadow_rgb565,test/paper/paper503.jpg,paper,plastic,0.5903754830360413
v5_int8,shadow_rgb565,test/paper/paper505.jpg,paper,plastic,0.6293178200721741
v5_int8,shadow_rgb565,test/paper/paper508.jpg,paper,plastic,0.5642907023429871
v5_int8,shadow_rgb565,test/paper/paper515.jpg,paper,plastic,0.6857605576515198
v5_int8,shadow_rgb565,test/paper/paper525.jpg,paper,plastic,0.5907349586486816
v5_int8,shadow_rgb565,test/paper/paper527.jpg,paper,other,0.47640344500541687
v5_int8,shadow_rgb565,test/paper/paper53.jpg,paper,paper,0.41358208656311035
v5_int8,shadow_rgb565,test/paper/paper534.jpg,paper,paper,0.45761609077453613
v5_int8,shadow_rgb565,test/paper/paper537.jpg,paper,paper,0.3659559488296509
v5_int8,shadow_rgb565,test/paper/paper541.jpg,paper,other,0.42881640791893005
v5_int8,shadow_rgb565,test/paper/paper542.jpg,paper,paper,0.526209831237793
v5_int8,shadow_rgb565,test/paper/paper543.jpg,paper,paper,0.5327454209327698
v5_int8,shadow_rgb565,test/paper/paper547.jpg,paper,other,0.4296266436576843
v5_int8,shadow_rgb565,test/paper/paper548.jpg,paper,plastic,0.3938060700893402
v5_int8,shadow_rgb565,test/paper/paper55.jpg,paper,paper,0.6675404906272888
v5_int8,shadow_rgb565,test/paper/paper557.jpg,paper,plastic,0.5514243841171265
v5_int8,shadow_rgb565,test/paper/paper558.jpg,paper,paper,0.35091617703437805
v5_int8,shadow_rgb565,test/paper/paper563.jpg,paper,other,0.4437046945095062
v5_int8,shadow_rgb565,test/paper/paper569.jpg,paper,paper,0.5821406841278076
v5_int8,shadow_rgb565,test/paper/paper570.jpg,paper,paper,0.32789814472198486
v5_int8,shadow_rgb565,test/paper/paper576.jpg,paper,plastic,0.6861016750335693
v5_int8,shadow_rgb565,test/paper/paper58.jpg,paper,paper,0.48529547452926636
v5_int8,shadow_rgb565,test/paper/paper586.jpg,paper,paper,0.3752012848854065
v5_int8,shadow_rgb565,test/paper/paper593.jpg,paper,plastic,0.6095682978630066
v5_int8,shadow_rgb565,test/paper/paper6.jpg,paper,plastic,0.6277278065681458
v5_int8,shadow_rgb565,test/paper/paper68.jpg,paper,paper,0.328506737947464
v5_int8,shadow_rgb565,test/paper/paper69.jpg,paper,paper,0.40845903754234314
v5_int8,shadow_rgb565,test/paper/paper7.jpg,paper,paper,0.7790026068687439
v5_int8,shadow_rgb565,test/paper/paper70.jpg,paper,plastic,0.5594761371612549
v5_int8,shadow_rgb565,test/paper/paper77.jpg,paper,paper,0.5198631882667542
v5_int8,shadow_rgb565,test/paper/paper86.jpg,paper,organic,0.5020992159843445
v5_int8,shadow_rgb565,test/paper/paper94.jpg,paper,plastic,0.5517591834068298
v5_int8,shadow_rgb565,test/paper/paper97.jpg,paper,paper,0.49110668897628784
v5_int8,shadow_rgb565,test/plastic/plastic103.jpg,plastic,plastic,0.6654368042945862
v5_int8,shadow_rgb565,test/plastic/plastic114.jpg,plastic,plastic,0.48892754316329956
v5_int8,shadow_rgb565,test/plastic/plastic122.jpg,plastic,plastic,0.8624324798583984
v5_int8,shadow_rgb565,test/plastic/plastic125.jpg,plastic,paper,0.3199286460876465
v5_int8,shadow_rgb565,test/plastic/plastic126.jpg,plastic,plastic,0.49997198581695557
v5_int8,shadow_rgb565,test/plastic/plastic132.jpg,plastic,plastic,0.3710699677467346
v5_int8,shadow_rgb565,test/plastic/plastic138.jpg,plastic,plastic,0.5316470861434937
v5_int8,shadow_rgb565,test/plastic/plastic145.jpg,plastic,plastic,0.5644590854644775
v5_int8,shadow_rgb565,test/plastic/plastic146.jpg,plastic,plastic,0.5862606763839722
v5_int8,shadow_rgb565,test/plastic/plastic152.jpg,plastic,plastic,0.4974501430988312
v5_int8,shadow_rgb565,test/plastic/plastic156.jpg,plastic,plastic,0.6081364750862122
v5_int8,shadow_rgb565,test/plastic/plastic159.jpg,plastic,plastic,0.5914753675460815
v5_int8,shadow_rgb565,test/plastic/plastic170.jpg,plastic,plastic,0.5285494923591614
v5_int8,shadow_rgb565,test/plastic/plastic172.jpg,plastic,plastic,0.8300982713699341
v5_int8,shadow_rgb565,test/plastic/plastic177.jpg,plastic,plastic,0.7157335877418518
v5_int8,shadow_rgb565,test/plastic/plastic187.jpg,plastic,plastic,0.5678115487098694
v5_int8,shadow_rgb565,test/plastic/plastic2.jpg,plastic,plastic,0.6906837821006775
v5_int8,shadow_rgb565,test/plastic/plastic201.jpg,plastic,other,0.46690845489501953
v5_int8,shadow_rgb565,test/plastic/plastic205.jpg,plastic,plastic,0.7854312658309937
v5_int8,shadow_rgb565,test/plastic/plastic207.jpg,plastic,plastic,0.5768563151359558
v5_int8,shadow_rgb565,test/plastic/plastic21.jpg,plastic,plastic,0.7281553745269775
v5_int8,shadow_rgb565,test/plastic/plastic214.jpg,plastic,plastic,0.7045252919197083
v5_int8,shadow_rgb565,test/plastic/plastic217.jpg,plastic,plastic,0.8852803111076355
v5_int8,shadow_rgb565,test/plastic/plastic226.jpg,plastic,plastic,0.642186164855957
v5_int8,shadow_rgb565,test/plastic/plastic227.jpg,plastic,plastic,0.7797813415527344
v5_int8,shadow_rgb565,test/plastic/plastic242.jpg,plastic,plastic,0.743942379951477
v5_int8,shadow_rgb565,test/plastic/plastic251.jpg,plastic,plastic,0.7279641628265381
v5_int8,shadow_rgb565,test/plastic/plastic252.jpg,plastic,plastic,0.7384490370750427
v5_int8,shadow_rgb565,test/plastic/plastic253.jpg,plastic,plastic,0.7951040863990784
v5_int8,shadow_rgb565,test/plastic/plastic260.jpg,plastic,plastic,0.7529367804527283
v5_int8,shadow_rgb565,test/plastic/plastic264.jpg,plastic,other,0.5640567541122437
v5_int8,shadow_rgb565,test/plastic/plastic265.jpg,plastic,plastic,0.8369674682617188
v5_int8,shadow_rgb565,test/plastic/plastic268.jpg,plastic,other,0.4111490249633789
v5_int8,shadow_rgb565,test/plastic/plastic270.jpg,plastic,plastic,0.7374870181083679
v5_int8,shadow_rgb565,test/plastic/plastic285.jpg,plastic,other,0.48483356833457947
v5_int8,shadow_rgb565,test/plastic/plastic305.jpg,plastic,plastic,0.5605233311653137
v5_int8,shadow_rgb565,test/plastic/plastic306.jpg,plastic,plastic,0.8682030439376831
v5_int8,shadow_rgb565,test/plastic/plastic312.jpg,plastic,other,0.47505664825439453
v5_int8,shadow_rgb565,test/plastic/plastic314.jpg,plastic,plastic,0.5588043928146362
v5_int8,shadow_rgb565,test/plastic/plastic315.jpg,plastic,plastic,0.5497542023658752
v5_int8,shadow_rgb565,test/plastic/plastic317.jpg,plastic,plastic,0.8188754320144653
v5_int8,shadow_rgb565,test/plastic/plastic32.jpg,plastic,plastic,0.8356248140335083
v5_int8,shadow_rgb565,test/plastic/plastic328.jpg,plastic,plastic,0.5337429642677307
v5_int8,shadow_rgb565,test/plastic/plastic348.jpg,plastic,plastic,0.688476026058197
v5_int8,shadow_rgb565,test/plastic/plastic349.jpg,plastic,plastic,0.8528201580047607
v5_int8,shadow_rgb565,test/plastic/plastic372.jpg,plastic,plastic,0.7637860774993896
v5_int8,shadow_rgb565,test/plastic/plastic374.jpg,plastic,plastic,0.41081663966178894
v5_int8,shadow_rgb565,test/plastic/plastic379.jpg,plastic,plastic,0.9143580794334412
v5_int8,shadow_rgb565,test/plastic/plastic383.jpg,plastic,plastic,0.6530231237411499
v5_int8,shadow_rgb565,test/plastic/plastic388.jpg,plastic,plastic,0.807611346244812
v5_int8,shadow_rgb565,test/plastic/plastic39.jpg,plastic,plastic,0.6799808144569397
v5_int8,shadow_rgb565,test/plastic/plastic390.jpg,plastic,plastic,0.7141804695129395
v5_int8,shadow_rgb565,test/plastic/plastic398.jpg,plastic,plastic,0.8667810559272766
v5_int8,shadow_rgb565,test/plastic/plastic399.jpg,plastic,plastic,0.8791790008544922
v5_int8,shadow_rgb565,test/plastic/plastic405.jpg,plastic,plastic,0.660803496837616
v5_int8,shadow_rgb565,test/plastic/plastic411.jpg,plastic,plastic,0.8391206860542297
v5_int8,shadow_rgb565,test/plastic/plastic420.jpg,plastic,plastic,0.9056333303451538
v5_int8,shadow_rgb565,test/plastic/plastic423.jpg,plastic,plastic,0.8393834829330444
v5_int8,shadow_rgb565,test/plastic/plastic426.jpg,plastic,plastic,0.8235706090927124
v5_int8,shadow_rgb565,test/plastic/plastic434.jpg,plastic,plastic,0.8017425537109375
v5_int8,shadow_rgb565,test/plastic/plastic438.jpg,plastic,plastic,0.6365342736244202
v5_int8,shadow_rgb565,test/plastic/plastic465.jpg,plastic,paper,0.5461398959159851
v5_int8,shadow_rgb565,test/plastic/plastic473.jpg,plastic,plastic,0.8023267984390259
v5_int8,shadow_rgb565,test/plastic/plastic49.jpg,plastic,plastic,0.8712156414985657
v5_int8,shadow_rgb565,test/plastic/plastic64.jpg,plastic,plastic,0.751392126083374
v5_int8,shadow_rgb565,test/plastic/plastic66.jpg,plastic,plastic,0.7232329249382019
v5_int8,shadow_rgb565,test/plastic/plastic67.jpg,plastic,plastic,0.727256178855896
v5_int8,shadow_rgb565,test/plastic/plastic79.jpg,plastic,other,0.6555497646331787
v5_int8,shadow_rgb565,test/plastic/plastic80.jpg,plastic,plastic,0.7839250564575195
v5_int8,shadow_rgb565,test/plastic/plastic82.jpg,plastic,plastic,0.7647518515586853
v5_int8,shadow_rgb565,test/plastic/plastic84.jpg,plastic,plastic,0.8121171593666077
v5_int8,shadow_rgb565,test/plastic/plastic93.jpg,plastic,plastic,0.6451281905174255
v5_int8,shadow_rgb565,test/plastic/plastic98.jpg,plastic,other,0.4880892336368561
v5_int8,shadow_rgb565,test/plastic/plastic99.jpg,plastic,plastic,0.8449289202690125
v5_int8,shadow_rgb565,test/organic/organic_0001.jpg,organic,organic,0.7683961391448975
v5_int8,shadow_rgb565,test/organic/organic_0002.jpg,organic,organic,0.72016441822052
v5_int8,shadow_rgb565,test/organic/organic_0003.jpg,organic,organic,0.3991115093231201
v5_int8,shadow_rgb565,test/organic/organic_0004.jpg,organic,paper,0.47547346353530884
v5_int8,shadow_rgb565,test/organic/organic_0005.jpg,organic,paper,0.5338140726089478
v5_int8,shadow_rgb565,test/organic/organic_0006.jpg,organic,organic,0.8957669138908386
v5_int8,shadow_rgb565,test/organic/organic_0007.jpg,organic,organic,0.5955944657325745
v5_int8,shadow_rgb565,test/organic/organic_0008.jpg,organic,organic,0.37505877017974854
v5_int8,shadow_rgb565,test/organic/organic_0009.jpg,organic,organic,0.8303035497665405
v5_int8,shadow_rgb565,test/organic/organic_0010.jpg,organic,organic,0.731339693069458
v5_int8,shadow_rgb565,test/organic/organic_0011.jpg,organic,organic,0.9577890634536743
v5_int8,shadow_rgb565,test/organic/organic_0012.jpg,organic,organic,0.9132985472679138
v5_int8,shadow_rgb565,test/organic/organic_0013.jpg,organic,paper,0.5617052316665649
v5_int8,shadow_rgb565,test/organic/organic_0014.jpg,organic,paper,0.6055326461791992
v5_int8,shadow_rgb565,test/organic/organic_0015.jpg,organic,organic,0.9386330842971802
v5_int8,shadow_rgb565,test/organic/organic_0016.jpg,organic,organic,0.5446963906288147
v5_int8,shadow_rgb565,test/organic/organic_0017.jpg,organic,organic,0.7115029096603394
v5_int8,shadow_rgb565,test/organic/organic_0018.jpg,organic,plastic,0.5157493948936462
v5_int8,shadow_rgb565,test/organic/organic_0019.jpg,organic,paper,0.4279344975948334
v5_int8,shadow_rgb565,test/organic/organic_0020.jpg,organic,paper,0.4978083372116089
v5_int8,shadow_rgb565,test/organic/organic_0021.jpg,organic,organic,0.9160398244857788
v5_int8,shadow_rgb565,test/organic/organic_0022.jpg,organic,organic,0.4309549629688263
v5_int8,shadow_rgb565,test/organic/organic_0023.jpg,organic,organic,0.6853143572807312
v5_int8,shadow_rgb565,test/organic/organic_0024.jpg,organic,organic,0.7277747392654419
v5_int8,shadow_rgb565,test/organic/organic_0025.jpg,organic,organic,0.9172353744506836
v5_int8,shadow_rgb565,test/organic/organic_0026.jpg,organic,other,0.8756120800971985
v5_int8,shadow_rgb565,test/organic/organic_0027.jpg,organic,organic,0.7807779908180237
v5_int8,shadow_rgb565,test/organic/organic_0028.jpg,organic,organic,0.736396312713623
v5_int8,shadow_rgb565,test/organic/organic_0029.jpg,organic,organic,0.6576170921325684
v5_int8,shadow_rgb565,test/organic/organic_0030.jpg,organic,organic,0.7291929125785828
v5_int8,shadow_rgb565,test/organic/organic_0031.jpg,organic,organic,0.740658700466156
v5_int8,shadow_rgb565,test/organic/organic_0032.jpg,organic,organic,0.7925882339477539
v5_int8,shadow_rgb565,test/organic/organic_0033.jpg,organic,organic,0.8680034875869751
v5_int8,shadow_rgb565,test/organic/organic_0034.jpg,organic,other,0.4920109212398529
v5_int8,shadow_rgb565,test/organic/organic_0035.jpg,organic,other,0.8635823726654053
v5_int8,shadow_rgb565,test/organic/organic_0036.jpg,organic,organic,0.4315549433231354
v5_int8,shadow_rgb565,test/organic/organic_0037.jpg,organic,organic,0.6038326621055603
v5_int8,shadow_rgb565,test/organic/organic_0038.jpg,organic,other,0.4072687029838562
v5_int8,shadow_rgb565,test/organic/organic_0039.jpg,organic,organic,0.8869640827178955
v5_int8,shadow_rgb565,test/organic/organic_0040.jpg,organic,organic,0.586258053779602
v5_int8,shadow_rgb565,test/organic/organic_0041.jpg,organic,organic,0.7448763251304626
v5_int8,shadow_rgb565,test/organic/organic_0042.jpg,organic,organic,0.685186505317688
v5_int8,shadow_rgb565,test/organic/organic_0043.jpg,organic,paper,0.44338127970695496
v5_int8,shadow_rgb565,test/organic/organic_0044.jpg,organic,other,0.742068350315094
v5_int8,shadow_rgb565,test/organic/organic_0045.jpg,organic,organic,0.6902674436569214
v5_int8,shadow_rgb565,test/organic/organic_0046.jpg,organic,paper,0.5241421461105347
v5_int8,shadow_rgb565,test/organic/organic_0047.jpg,organic,organic,0.9163361191749573
v5_int8,shadow_rgb565,test/organic/organic_0048.jpg,organic,paper,0.3221156597137451
v5_int8,shadow_rgb565,test/organic/organic_0049.jpg,organic,organic,0.898738443851471
v5_int8,shadow_rgb565,test/organic/organic_0050.jpg,organic,organic,0.6468097567558289
v5_int8,shadow_rgb565,test/organic/organic_0051.jpg,organic,paper,0.4608990550041199
v5_int8,shadow_rgb565,test/organic/organic_0052.jpg,organic,organic,0.8152453303337097
v5_int8,shadow_rgb565,test/organic/organic_0053.jpg,organic,organic,0.555460512638092
v5_int8,shadow_rgb565,test/organic/organic_0054.jpg,organic,paper,0.5551600456237793
v5_int8,shadow_rgb565,test/organic/organic_0055.jpg,organic,organic,0.606117308139801
v5_int8,shadow_rgb565,test/organic/organic_0056.jpg,organic,paper,0.4774908125400543
v5_int8,shadow_rgb565,test/organic/organic_0057.jpg,organic,organic,0.8070781230926514
v5_int8,shadow_rgb565,test/organic/organic_0058.jpg,organic,organic,0.8903139233589172
v5_int8,shadow_rgb565,test/organic/organic_0059.jpg,organic,other,0.5111070275306702
v5_int8,shadow_rgb565,test/organic/organic_0060.jpg,organic,organic,0.495220422744751
v5_int8,shadow_rgb565,test/organic/organic_0061.jpg,organic,paper,0.46559062600135803
v5_int8,shadow_rgb565,test/organic/organic_0062.jpg,organic,other,0.4953899681568146
v5_int8,shadow_rgb565,test/organic/organic_0063.jpg,organic,organic,0.48602697253227234
v5_int8,shadow_rgb565,test/organic/organic_0064.jpg,organic,other,0.460613489151001
v5_int8,shadow_rgb565,test/organic/organic_0065.jpg,organic,other,0.6897709965705872
v5_int8,shadow_rgb565,test/organic/organic_0066.jpg,organic,organic,0.8527783751487732
v5_int8,shadow_rgb565,test/organic/organic_0067.jpg,organic,plastic,0.5242727994918823
v5_int8,shadow_rgb565,test/organic/organic_0068.jpg,organic,organic,0.4409480392932892
v5_int8,shadow_rgb565,test/organic/organic_0069.jpg,organic,organic,0.8335920572280884
v5_int8,shadow_rgb565,test/organic/organic_0070.jpg,organic,plastic,0.5202266573905945
v5_int8,shadow_rgb565,test/organic/organic_0071.jpg,organic,organic,0.9366363883018494
v5_int8,shadow_rgb565,test/organic/organic_0072.jpg,organic,organic,0.9584566354751587
v5_int8,shadow_rgb565,test/organic/organic_0073.jpg,organic,organic,0.9010933637619019
v5_int8,shadow_rgb565,test/organic/organic_0074.jpg,organic,organic,0.8248791694641113
v5_int8,shadow_rgb565,test/other/cardboard105.jpg,other,other,0.8060076236724854
v5_int8,shadow_rgb565,test/other/cardboard115.jpg,other,other,0.8098296523094177
v5_int8,shadow_rgb565,test/other/cardboard121.jpg,other,other,0.484936386346817
v5_int8,shadow_rgb565,test/other/cardboard125.jpg,other,other,0.6656163334846497
v5_int8,shadow_rgb565,test/other/cardboard128.jpg,other,other,0.47786590456962585
v5_int8,shadow_rgb565,test/other/cardboard160.jpg,other,other,0.7714512944221497
v5_int8,shadow_rgb565,test/other/cardboard162.jpg,other,plastic,0.5291810631752014
v5_int8,shadow_rgb565,test/other/cardboard175.jpg,other,other,0.574400007724762
v5_int8,shadow_rgb565,test/other/cardboard18.jpg,other,other,0.6028293371200562
v5_int8,shadow_rgb565,test/other/cardboard184.jpg,other,other,0.7319379448890686
v5_int8,shadow_rgb565,test/other/cardboard19.jpg,other,other,0.7882438898086548
v5_int8,shadow_rgb565,test/other/cardboard190.jpg,other,paper,0.5758638978004456
v5_int8,shadow_rgb565,test/other/cardboard2.jpg,other,plastic,0.6757804155349731
v5_int8,shadow_rgb565,test/other/cardboard208.jpg,other,other,0.8459222912788391
v5_int8,shadow_rgb565,test/other/cardboard210.jpg,other,other,0.8243781328201294
v5_int8,shadow_rgb565,test/other/cardboard213.jpg,other,other,0.8164645433425903
v5_int8,shadow_rgb565,test/other/cardboard214.jpg,other,other,0.6459180116653442
v5_int8,shadow_rgb565,test/other/cardboard216.jpg,other,plastic,0.6288409233093262
v5_int8,shadow_rgb565,test/other/cardboard218.jpg,other,plastic,0.6175695657730103
v5_int8,shadow_rgb565,test/other/cardboard222.jpg,other,other,0.8295989632606506
v5_int8,shadow_rgb565,test/other/cardboard231.jpg,other,other,0.8039295673370361
v5_int8,shadow_rgb565,test/other/cardboard239.jpg,other,other,0.39875757694244385
v5_int8,shadow_rgb565,test/other/cardboard248.jpg,other,plastic,0.4168213903903961
v5_int8,shadow_rgb565,test/other/cardboard252.jpg,other,other,0.5961219668388367
v5_int8,shadow_rgb565,test/other/cardboard259.jpg,other,other,0.8626077175140381
v5_int8,shadow_rgb565,test/other/cardboard260.jpg,other,other,0.6073065996170044
v5_int8,shadow_rgb565,test/other/cardboard261.jpg,other,other,0.6727709770202637
v5_int8,shadow_rgb565,test/other/cardboard266.jpg,other,organic,0.33357420563697815
v5_int8,shadow_rgb565,test/other/cardboard274.jpg,other,plastic,0.5528478622436523
v5_int8,shadow_rgb565,test/other/cardboard276.jpg,other,plastic,0.36519894003868103
v5_int8,shadow_rgb565,test/other/cardboard286.jpg,other,paper,0.46747735142707825
v5_int8,shadow_rgb565,test/other/cardboard289.jpg,other,other,0.7208862900733948
v5_int8,shadow_rgb565,test/other/cardboard290.jpg,other,other,0.6010350584983826
v5_int8,shadow_rgb565,test/other/cardboard293.jpg,other,other,0.8264708518981934
v5_int8,shadow_rgb565,test/other/cardboard299.jpg,other,other,0.7220508456230164
v5_int8,shadow_rgb565,test/other/cardboard304.jpg,other,other,0.7268051505088806
v5_int8,shadow_rgb565,test/other/cardboard308.jpg,other,other,0.47789430618286133
v5_int8,shadow_rgb565,test/other/cardboard31.jpg,other,other,0.9015701413154602
v5_int8,shadow_rgb565,test/other/cardboard310.jpg,other,other,0.8850492835044861
v5_int8,shadow_rgb565,test/other/cardboard312.jpg,other,other,0.7157448530197144
v5_int8,shadow_rgb565,test/other/cardboard313.jpg,other,other,0.8955639600753784
v5_int8,shadow_rgb565,test/other/cardboard314.jpg,other,other,0.8822705149650574
v5_int8,shadow_rgb565,test/other/cardboard321.jpg,other,other,0.48759031295776367
v5_int8,shadow_rgb565,test/other/cardboard323.jpg,other,other,0.7089372873306274
v5_int8,shadow_rgb565,test/other/cardboard332.jpg,other,other,0.8291512727737427
v5_int8,shadow_rgb565,test/other/cardboard334.jpg,other,other,0.8171617984771729
v5_int8,shadow_rgb565,test/other/cardboard34.jpg,other,other,0.756777822971344
v5_int8,shadow_rgb565,test/other/cardboard356.jpg,other,other,0.5836062431335449
v5_int8,shadow_rgb565,test/other/cardboard363.jpg,other,other,0.5857716798782349
v5_int8,shadow_rgb565,test/other/cardboard372.jpg,other,other,0.6720486283302307
v5_int8,shadow_rgb565,test/other/cardboard383.jpg,other,plastic,0.6137298345565796
v5_int8,shadow_rgb565,test/other/cardboard384.jpg,other,other,0.4045097231864929
v5_int8,shadow_rgb565,test/other/cardboard387.jpg,other,plastic,0.747627854347229
v5_int8,shadow_rgb565,test/other/cardboard388.jpg,other,other,0.8298516273498535
v5_int8,shadow_rgb565,test/other/cardboard397.jpg,other,other,0.8723098635673523
v5_int8,shadow_rgb565,test/other/cardboard40.jpg,other,other,0.744282066822052
v5_int8,shadow_rgb565,test/other/cardboard401.jpg,other,other,0.9067128300666809
v5_int8,shadow_rgb565,test/other/cardboard44.jpg,other,other,0.8161025643348694
v5_int8,shadow_rgb565,test/other/cardboard51.jpg,other,other,0.8954206705093384
v5_int8,shadow_rgb565,test/other/cardboard57.jpg,other,other,0.7861042618751526
v5_int8,shadow_rgb565,test/other/cardboard63.jpg,other,plastic,0.6710729598999023
v5_int8,shadow_rgb565,test/other/cardboard69.jpg,other,plastic,0.444512277841568
v5_int8,shadow_rgb565,test/other/cardboard71.jpg,other,other,0.862322986125946
v5_int8,shadow_rgb565,test/other/cardboard73.jpg,other,other,0.5551832318305969
v5_int8,shadow_rgb565,test/other/cardboard8.jpg,other,other,0.8820117115974426
v5_int8,shadow_rgb565,test/other/cardboard88.jpg,other,other,0.6273788809776306
v5_int8,shadow_rgb565,test/other/cardboard89.jpg,other,other,0.724653422832489
v5_int8,shadow_rgb565,test/other/cardboard9.jpg,other,other,0.9255078434944153
v5_int8,shadow_rgb565,test/other/cardboard92.jpg,other,other,0.6890017986297607
v5_int8,shadow_rgb565,test/other/cardboard98.jpg,other,other,0.6304933428764343
v5_int8,shadow_rgb565,test/other/metal112.jpg,other,other,0.46687352657318115
v5_int8,shadow_rgb565,test/other/metal114.jpg,other,paper,0.44479694962501526
v5_int8,shadow_rgb565,test/other/metal119.jpg,other,other,0.4417527914047241
v5_int8,shadow_rgb565,test/other/metal12.jpg,other,plastic,0.631264865398407
v5_int8,shadow_rgb565,test/other/metal13.jpg,other,plastic,0.6230213642120361
v5_int8,shadow_rgb565,test/other/metal133.jpg,other,other,0.5944450497627258
v5_int8,shadow_rgb565,test/other/metal134.jpg,other,plastic,0.5360766649246216
v5_int8,shadow_rgb565,test/other/metal139.jpg,other,plastic,0.6862732172012329
v5_int8,shadow_rgb565,test/other/metal143.jpg,other,paper,0.363616406917572
v5_int8,shadow_rgb565,test/other/metal146.jpg,other,other,0.6750484108924866
v5_int8,shadow_rgb565,test/other/metal157.jpg,other,plastic,0.42901599407196045
v5_int8,shadow_rgb565,test/other/metal159.jpg,other,plastic,0.5049397349357605
v5_int8,shadow_rgb565,test/other/metal161.jpg,other,plastic,0.6082378029823303
v5_int8,shadow_rgb565,test/other/metal170.jpg,other,plastic,0.5196412801742554
v5_int8,shadow_rgb565,test/other/metal172.jpg,other,plastic,0.45476865768432617
v5_int8,shadow_rgb565,test/other/metal175.jpg,other,plastic,0.6696844696998596
v5_int8,shadow_rgb565,test/other/metal18.jpg,other,plastic,0.7777745723724365
v5_int8,shadow_rgb565,test/other/metal186.jpg,other,plastic,0.6458542346954346
v5_int8,shadow_rgb565,test/other/metal187.jpg,other,plastic,0.4144262373447418
v5_int8,shadow_rgb565,test/other/metal188.jpg,other,plastic,0.4921157956123352
v5_int8,shadow_rgb565,test/other/metal192.jpg,other,other,0.44115889072418213
v5_int8,shadow_rgb565,test/other/metal198.jpg,other,other,0.44041046500205994
v5_int8,shadow_rgb565,test/other/metal201.jpg,other,other,0.37341824173927307
v5_int8,shadow_rgb565,test/other/metal205.jpg,other,plastic,0.4663195312023163
v5_int8,shadow_rgb565,test/other/metal209.jpg,other,paper,0.46766290068626404
v5_int8,shadow_rgb565,test/other/metal217.jpg,other,other,0.37198030948638916
v5_int8,shadow_rgb565,test/other/metal239.jpg,other,other,0.4174981713294983
v5_int8,shadow_rgb565,test/other/metal24.jpg,other,other,0.4542659819126129
v5_int8,shadow_rgb565,test/other/metal246.jpg,other,paper,0.4411458969116211
v5_int8,shadow_rgb565,test/other/metal247.jpg,other,plastic,0.43069151043891907
v5_int8,shadow_rgb565,test/other/metal248.jpg,other,plastic,0.7995330691337585
v5_int8,shadow_rgb565,test/other/metal249.jpg,other,paper,0.5081616640090942
v5_int8,shadow_rgb565,test/other/metal258.jpg,other,paper,0.45252367854118347
v5_int8,shadow_rgb565,test/other/metal261.jpg,other,other,0.4797718822956085
v5_int8,shadow_rgb565,test/other/metal263.jpg,other,other,0.5394046902656555
v5_int8,shadow_rgb565,test/other/metal269.jpg,other,other,0.5500243902206421
v5_int8,shadow_rgb565,test/other/metal27.jpg,other,other,0.37603673338890076
v5_int8,shadow_rgb565,test/other/metal275.jpg,other,plastic,0.4854733645915985
v5_int8,shadow_rgb565,test/other/metal292.jpg,other,plastic,0.5001093149185181
v5_int8,shadow_rgb565,test/other/metal296.jpg,other,plastic,0.567863941192627
v5_int8,shadow_rgb565,test/other/metal317.jpg,other,plastic,0.5390454530715942
v5_int8,shadow_rgb565,test/other/metal324.jpg,other,paper,0.5841842889785767
v5_int8,shadow_rgb565,test/other/metal325.jpg,other,other,0.5122118592262268
v5_int8,shadow_rgb565,test/other/metal328.jpg,other,other,0.3752345144748688
v5_int8,shadow_rgb565,test/other/metal33.jpg,other,other,0.3903328478336334
v5_int8,shadow_rgb565,test/other/metal341.jpg,other,other,0.4110478162765503
v5_int8,shadow_rgb565,test/other/metal344.jpg,other,plastic,0.40363451838493347
v5_int8,shadow_rgb565,test/other/metal350.jpg,other,plastic,0.4853801131248474
v5_int8,shadow_rgb565,test/other/metal355.jpg,other,other,0.658111035823822
v5_int8,shadow_rgb565,test/other/metal364.jpg,other,other,0.584753155708313
v5_int8,shadow_rgb565,test/other/metal370.jpg,other,plastic,0.6712124943733215
v5_int8,shadow_rgb565,test/other/metal387.jpg,other,other,0.4875890612602234
v5_int8,shadow_rgb565,test/other/metal389.jpg,other,other,0.5653862357139587
v5_int8,shadow_rgb565,test/other/metal393.jpg,other,plastic,0.4288845658302307
v5_int8,shadow_rgb565,test/other/metal394.jpg,other,other,0.4061315357685089
v5_int8,shadow_rgb565,test/other/metal395.jpg,other,plastic,0.4327150881290436
v5_int8,shadow_rgb565,test/other/metal403.jpg,other,other,0.7067847847938538
v5_int8,shadow_rgb565,test/other/metal48.jpg,other,plastic,0.5846168994903564
v5_int8,shadow_rgb565,test/other/metal50.jpg,other,other,0.44357070326805115
v5_int8,shadow_rgb565,test/other/metal52.jpg,other,paper,0.3678402304649353
v5_int8,shadow_rgb565,test/other/metal62.jpg,other,other,0.3969326615333557
v5_int8,shadow_rgb565,test/other/metal65.jpg,other,paper,0.33530378341674805
v5_int8,shadow_rgb565,test/other/metal68.jpg,other,plastic,0.44666576385498047
v5_int8,shadow_rgb565,test/other/metal77.jpg,other,paper,0.4438449740409851
v5_int8,shadow_rgb565,test/other/metal80.jpg,other,other,0.48003342747688293
v5_int8,shadow_rgb565,test/other/metal84.jpg,other,paper,0.4919806122779846
v5_int8,shadow_rgb565,test/other/metal87.jpg,other,other,0.5264142155647278
v5_int8,shadow_rgb565,test/other/metal99.jpg,other,other,0.5814168453216553
v5_int8,combined_hard,test/paper/paper104.jpg,paper,other,0.35684436559677124
v5_int8,combined_hard,test/paper/paper112.jpg,paper,paper,0.7363309860229492
v5_int8,combined_hard,test/paper/paper113.jpg,paper,other,0.4594462513923645
v5_int8,combined_hard,test/paper/paper114.jpg,paper,paper,0.4961604177951813
v5_int8,combined_hard,test/paper/paper12.jpg,paper,other,0.9607219696044922
v5_int8,combined_hard,test/paper/paper120.jpg,paper,paper,0.6216245889663696
v5_int8,combined_hard,test/paper/paper124.jpg,paper,paper,0.471381813287735
v5_int8,combined_hard,test/paper/paper125.jpg,paper,other,0.4573689103126526
v5_int8,combined_hard,test/paper/paper129.jpg,paper,organic,0.5062295198440552
v5_int8,combined_hard,test/paper/paper13.jpg,paper,plastic,0.49658218026161194
v5_int8,combined_hard,test/paper/paper137.jpg,paper,plastic,0.7500296831130981
v5_int8,combined_hard,test/paper/paper143.jpg,paper,plastic,0.9414742588996887
v5_int8,combined_hard,test/paper/paper149.jpg,paper,other,0.7797560691833496
v5_int8,combined_hard,test/paper/paper161.jpg,paper,other,0.6780431866645813
v5_int8,combined_hard,test/paper/paper167.jpg,paper,other,0.7006628513336182
v5_int8,combined_hard,test/paper/paper169.jpg,paper,other,0.536507785320282
v5_int8,combined_hard,test/paper/paper186.jpg,paper,other,0.4344102144241333
v5_int8,combined_hard,test/paper/paper188.jpg,paper,organic,0.6117603182792664
v5_int8,combined_hard,test/paper/paper208.jpg,paper,plastic,0.7595336437225342
v5_int8,combined_hard,test/paper/paper209.jpg,paper,organic,0.8052505254745483
v5_int8,combined_hard,test/paper/paper218.jpg,paper,other,0.6074432730674744
v5_int8,combined_hard,test/paper/paper219.jpg,paper,plastic,0.5957326292991638
v5_int8,combined_hard,test/paper/paper220.jpg,paper,plastic,0.5157816410064697
v5_int8,combined_hard,test/paper/paper225.jpg,paper,other,0.48279663920402527
v5_int8,combined_hard,test/paper/paper230.jpg,paper,plastic,0.8351444005966187
v5_int8,combined_hard,test/paper/paper235.jpg,paper,other,0.854905903339386
v5_int8,combined_hard,test/paper/paper266.jpg,paper,plastic,0.6211127042770386
v5_int8,combined_hard,test/paper/paper269.jpg,paper,other,0.5824567675590515
v5_int8,combined_hard,test/paper/paper271.jpg,paper,paper,0.4816696345806122
v5_int8,combined_hard,test/paper/paper273.jpg,paper,plastic,0.8235888481140137
v5_int8,combined_hard,test/paper/paper276.jpg,paper,plastic,0.8246899247169495
v5_int8,combined_hard,test/paper/paper279.jpg,paper,plastic,0.5596699714660645
v5_int8,combined_hard,test/paper/paper282.jpg,paper,plastic,0.6431553959846497
v5_int8,combined_hard,test/paper/paper286.jpg,paper,other,0.44001713395118713
v5_int8,combined_hard,test/paper/paper289.jpg,paper,paper,0.41944578289985657
v5_int8,combined_hard,test/paper/paper294.jpg,paper,other,0.9559710621833801
v5_int8,combined_hard,test/paper/paper3.jpg,paper,plastic,0.9176604151725769
v5_int8,combined_hard,test/paper/paper301.jpg,paper,plastic,0.7760211229324341
v5_int8,combined_hard,test/paper/paper303.jpg,paper,plastic,0.608100950717926
v5_int8,combined_hard,test/paper/paper311.jpg,paper,other,0.46265465021133423
v5_int8,combined_hard,test/paper/paper319.jpg,paper,paper,0.37855902314186096
v5_int8,combined_hard,test/paper/paper32.jpg,paper,plastic,0.507565438747406
v5_int8,combined_hard,test/paper/paper346.jpg,paper,other,0.5848715305328369
v5_int8,combined_hard,test/paper/paper348.jpg,paper,other,0.8556638956069946
v5_int8,combined_hard,test/paper/paper350.jpg,paper,paper,0.546546995639801
v5_int8,combined_hard,test/paper/paper354.jpg,paper,other,0.3944758176803589
v5_int8,combined_hard,test/paper/paper356.jpg,paper,paper,0.6321320533752441
v5_int8,combined_hard,test/paper/paper357.jpg,paper,other,0.4220248758792877
v5_int8,combined_hard,test/paper/paper361.jpg,paper,paper,0.6403827667236328
v5_int8,combined_hard,test/paper/paper362.jpg,paper,plastic,0.5979201197624207
v5_int8,combined_hard,test/paper/paper368.jpg,paper,other,0.44150522351264954
v5_int8,combined_hard,test/paper/paper373.jpg,paper,paper,0.6758279800415039
v5_int8,combined_hard,test/paper/paper380.jpg,paper,organic,0.5535890460014343
v5_int8,combined_hard,test/paper/paper381.jpg,paper,other,0.5023810863494873
v5_int8,combined_hard,test/paper/paper385.jpg,paper,plastic,0.8941574692726135
v5_int8,combined_hard,test/paper/paper392.jpg,paper,paper,0.42943552136421204
v5_int8,combined_hard,test/paper/paper396.jpg,paper,plastic,0.7767159342765808
v5_int8,combined_hard,test/paper/paper404.jpg,paper,paper,0.3784935474395752
v5_int8,combined_hard,test/paper/paper405.jpg,paper,other,0.6953422427177429
v5_int8,combined_hard,test/paper/paper416.jpg,paper,plastic,0.6962723135948181
v5_int8,combined_hard,test/paper/paper417.jpg,paper,other,0.4013383090496063
v5_int8,combined_hard,test/paper/paper422.jpg,paper,paper,0.38589751720428467
v5_int8,combined_hard,test/paper/paper434.jpg,paper,plastic,0.8620710372924805
v5_int8,combined_hard,test/paper/paper444.jpg,paper,other,0.9549210667610168
v5_int8,combined_hard,test/paper/paper450.jpg,paper,other,0.3785659074783325
v5_int8,combined_hard,test/paper/paper457.jpg,paper,other,0.45441097021102905
v5_int8,combined_hard,test/paper/paper460.jpg,paper,plastic,0.7393883466720581
v5_int8,combined_hard,test/paper/paper461.jpg,paper,plastic,0.4863818287849426
v5_int8,combined_hard,test/paper/paper462.jpg,paper,other,0.4186178743839264
v5_int8,combined_hard,test/paper/paper465.jpg,paper,plastic,0.5794545412063599
v5_int8,combined_hard,test/paper/paper474.jpg,paper,other,0.5060223340988159
v5_int8,combined_hard,test/paper/paper48.jpg,paper,other,0.4856497049331665
v5_int8,combined_hard,test/paper/paper495.jpg,paper,plastic,0.9518100023269653
v5_int8,combined_hard,test/paper/paper500.jpg,paper,paper,0.5800268650054932
v5_int8,combined_hard,test/paper/paper502.jpg,paper,other,0.49540233612060547
v5_int8,combined_hard,test/paper/paper503.jpg,paper,plastic,0.8885209560394287
v5_int8,combined_hard,test/paper/paper505.jpg,paper,paper,0.657904326915741
v5_int8,combined_hard,test/paper/paper508.jpg,paper,plastic,0.9289873242378235
v5_int8,combined_hard,test/paper/paper515.jpg,paper,plastic,0.8811967372894287
v5_int8,combined_hard,test/paper/paper525.jpg,paper,other,0.7512519955635071
v5_int8,combined_hard,test/paper/paper527.jpg,paper,other,0.38995176553726196
v5_int8,combined_hard,test/paper/paper53.jpg,paper,plastic,0.3933679759502411
v5_int8,combined_hard,test/paper/paper534.jpg,paper,other,0.5805583000183105
v5_int8,combined_hard,test/paper/paper537.jpg,paper,plastic,0.595360279083252
v5_int8,combined_hard,test/paper/paper541.jpg,paper,organic,0.8008427023887634
v5_int8,combined_hard,test/paper/paper542.jpg,paper,organic,0.740388810634613
v5_int8,combined_hard,test/paper/paper543.jpg,paper,other,0.43858465552330017
v5_int8,combined_hard,test/paper/paper547.jpg,paper,organic,0.5152193307876587
v5_int8,combined_hard,test/paper/paper548.jpg,paper,other,0.9527097344398499
v5_int8,combined_hard,test/paper/paper55.jpg,paper,paper,0.5179018974304199
v5_int8,combined_hard,test/paper/paper557.jpg,paper,plastic,0.9243897795677185
v5_int8,combined_hard,test/paper/paper558.jpg,paper,other,0.613366425037384
v5_int8,combined_hard,test/paper/paper563.jpg,paper,other,0.5718898773193359
v5_int8,combined_hard,test/paper/paper569.jpg,paper,other,0.5259310603141785
v5_int8,combined_hard,test/paper/paper570.jpg,paper,other,0.3671420216560364
v5_int8,combined_hard,test/paper/paper576.jpg,paper,plastic,0.9650774002075195
v5_int8,combined_hard,test/paper/paper58.jpg,paper,other,0.7743247151374817
v5_int8,combined_hard,test/paper/paper586.jpg,paper,other,0.6012521386146545
v5_int8,combined_hard,test/paper/paper593.jpg,paper,plastic,0.8046059012413025
v5_int8,combined_hard,test/paper/paper6.jpg,paper,paper,0.47710227966308594
v5_int8,combined_hard,test/paper/paper68.jpg,paper,organic,0.5318008065223694
v5_int8,combined_hard,test/paper/paper69.jpg,paper,organic,0.5636472105979919
v5_int8,combined_hard,test/paper/paper7.jpg,paper,other,0.4821094572544098
v5_int8,combined_hard,test/paper/paper70.jpg,paper,organic,0.5430815815925598
v5_int8,combined_hard,test/paper/paper77.jpg,paper,paper,0.5440434813499451
v5_int8,combined_hard,test/paper/paper86.jpg,paper,organic,0.5533245801925659
v5_int8,combined_hard,test/paper/paper94.jpg,paper,other,0.4778577983379364
v5_int8,combined_hard,test/paper/paper97.jpg,paper,other,0.4410512149333954
v5_int8,combined_hard,test/plastic/plastic103.jpg,plastic,plastic,0.7527394890785217
v5_int8,combined_hard,test/plastic/plastic114.jpg,plastic,other,0.8840916156768799
v5_int8,combined_hard,test/plastic/plastic122.jpg,plastic,plastic,0.9264640808105469
v5_int8,combined_hard,test/plastic/plastic125.jpg,plastic,other,0.3449201285839081
v5_int8,combined_hard,test/plastic/plastic126.jpg,plastic,plastic,0.5437151789665222
v5_int8,combined_hard,test/plastic/plastic132.jpg,plastic,other,0.7410021424293518
v5_int8,combined_hard,test/plastic/plastic138.jpg,plastic,plastic,0.5789746046066284
v5_int8,combined_hard,test/plastic/plastic145.jpg,plastic,plastic,0.9320611357688904
v5_int8,combined_hard,test/plastic/plastic146.jpg,plastic,other,0.845227062702179
v5_int8,combined_hard,test/plastic/plastic152.jpg,plastic,organic,0.3612844944000244
v5_int8,combined_hard,test/plastic/plastic156.jpg,plastic,plastic,0.5168330669403076
v5_int8,combined_hard,test/plastic/plastic159.jpg,plastic,other,0.6838944554328918
v5_int8,combined_hard,test/plastic/plastic170.jpg,plastic,other,0.5792950987815857
v5_int8,combined_hard,test/plastic/plastic172.jpg,plastic,plastic,0.9058977961540222
v5_int8,combined_hard,test/plastic/plastic177.jpg,plastic,other,0.5117138028144836
v5_int8,combined_hard,test/plastic/plastic187.jpg,plastic,other,0.6399949193000793
v5_int8,combined_hard,test/plastic/plastic2.jpg,plastic,plastic,0.6109744906425476
v5_int8,combined_hard,test/plastic/plastic201.jpg,plastic,plastic,0.6666388511657715
v5_int8,combined_hard,test/plastic/plastic205.jpg,plastic,plastic,0.8849450349807739
v5_int8,combined_hard,test/plastic/plastic207.jpg,plastic,plastic,0.4405963718891144
v5_int8,combined_hard,test/plastic/plastic21.jpg,plastic,plastic,0.7466635704040527
v5_int8,combined_hard,test/plastic/plastic214.jpg,plastic,plastic,0.41270318627357483
v5_int8,combined_hard,test/plastic/plastic217.jpg,plastic,plastic,0.918367326259613
v5_int8,combined_hard,test/plastic/plastic226.jpg,plastic,plastic,0.8768267035484314
v5_int8,combined_hard,test/plastic/plastic227.jpg,plastic,plastic,0.7857097387313843
v5_int8,combined_hard,test/plastic/plastic242.jpg,plastic,plastic,0.6964752078056335
v5_int8,combined_hard,test/plastic/plastic251.jpg,plastic,plastic,0.8938867449760437
v5_int8,combined_hard,test/plastic/plastic252.jpg,plastic,plastic,0.9002036452293396
v5_int8,combined_hard,test/plastic/plastic253.jpg,plastic,plastic,0.691088080406189
v5_int8,combined_hard,test/plastic/plastic260.jpg,plastic,plastic,0.6393429636955261
v5_int8,combined_hard,test/plastic/plastic264.jpg,plastic,other,0.9131739735603333
v5_int8,combined_hard,test/plastic/plastic265.jpg,plastic,plastic,0.8249214291572571
v5_int8,combined_hard,test/plastic/plastic268.jpg,plastic,organic,0.6004830598831177
v5_int8,combined_hard,test/plastic/plastic270.jpg,plastic,plastic,0.9187314510345459
v5_int8,combined_hard,test/plastic/plastic285.jpg,plastic,other,0.4936763644218445
v5_int8,combined_hard,test/plastic/plastic305.jpg,plastic,plastic,0.7935142517089844
v5_int8,combined_hard,test/plastic/plastic306.jpg,plastic,plastic,0.9245562553405762
v5_int8,combined_hard,test/plastic/plastic312.jpg,plastic,other,0.562529981136322
v5_int8,combined_hard,test/plastic/plastic314.jpg,plastic,plastic,0.8895547389984131
v5_int8,combined_hard,test/plastic/plastic315.jpg,plastic,plastic,0.9401775002479553
v5_int8,combined_hard,test/plastic/plastic317.jpg,plastic,paper,0.6933765411376953
v5_int8,combined_hard,test/plastic/plastic32.jpg,plastic,plastic,0.9235489368438721
v5_int8,combined_hard,test/plastic/plastic328.jpg,plastic,plastic,0.5727607607841492
v5_int8,combined_hard,test/plastic/plastic348.jpg,plastic,plastic,0.8610610365867615
v5_int8,combined_hard,test/plastic/plastic349.jpg,plastic,paper,0.6135472059249878
v5_int8,combined_hard,test/plastic/plastic372.jpg,plastic,plastic,0.912456214427948
v5_int8,combined_hard,test/plastic/plastic374.jpg,plastic,organic,0.3023863136768341
v5_int8,combined_hard,test/plastic/plastic379.jpg,plastic,other,0.5138912796974182
v5_int8,combined_hard,test/plastic/plastic383.jpg,plastic,plastic,0.7483203411102295
v5_int8,combined_hard,test/plastic/plastic388.jpg,plastic,paper,0.40241485834121704
v5_int8,combined_hard,test/plastic/plastic39.jpg,plastic,plastic,0.9507813453674316
v5_int8,combined_hard,test/plastic/plastic390.jpg,plastic,paper,0.5045931339263916
v5_int8,combined_hard,test/plastic/plastic398.jpg,plastic,plastic,0.6652024388313293
v5_int8,combined_hard,test/plastic/plastic399.jpg,plastic,plastic,0.9356539249420166
v5_int8,combined_hard,test/plastic/plastic405.jpg,plastic,plastic,0.7585044503211975
v5_int8,combined_hard,test/plastic/plastic411.jpg,plastic,plastic,0.7720103859901428
v5_int8,combined_hard,test/plastic/plastic420.jpg,plastic,plastic,0.8120190501213074
v5_int8,combined_hard,test/plastic/plastic423.jpg,plastic,plastic,0.591560423374176
v5_int8,combined_hard,test/plastic/plastic426.jpg,plastic,other,0.9379781484603882
v5_int8,combined_hard,test/plastic/plastic434.jpg,plastic,plastic,0.7333118319511414
v5_int8,combined_hard,test/plastic/plastic438.jpg,plastic,plastic,0.8652347326278687
v5_int8,combined_hard,test/plastic/plastic465.jpg,plastic,organic,0.48510733246803284
v5_int8,combined_hard,test/plastic/plastic473.jpg,plastic,plastic,0.719455897808075
v5_int8,combined_hard,test/plastic/plastic49.jpg,plastic,plastic,0.9219328761100769
v5_int8,combined_hard,test/plastic/plastic64.jpg,plastic,plastic,0.562857449054718
v5_int8,combined_hard,test/plastic/plastic66.jpg,plastic,paper,0.6235355734825134
v5_int8,combined_hard,test/plastic/plastic67.jpg,plastic,plastic,0.4212745726108551
v5_int8,combined_hard,test/plastic/plastic79.jpg,plastic,other,0.5816921591758728
v5_int8,combined_hard,test/plastic/plastic80.jpg,plastic,plastic,0.8443892002105713
v5_int8,combined_hard,test/plastic/plastic82.jpg,plastic,plastic,0.916352391242981
v5_int8,combined_hard,test/plastic/plastic84.jpg,plastic,plastic,0.901375412940979
v5_int8,combined_hard,test/plastic/plastic93.jpg,plastic,plastic,0.8807891607284546
v5_int8,combined_hard,test/plastic/plastic98.jpg,plastic,plastic,0.6484621167182922
v5_int8,combined_hard,test/plastic/plastic99.jpg,plastic,plastic,0.765421450138092
v5_int8,combined_hard,test/organic/organic_0001.jpg,organic,organic,0.7282345294952393
v5_int8,combined_hard,test/organic/organic_0002.jpg,organic,organic,0.5106387734413147
v5_int8,combined_hard,test/organic/organic_0003.jpg,organic,other,0.38605210185050964
v5_int8,combined_hard,test/organic/organic_0004.jpg,organic,organic,0.6685506701469421
v5_int8,combined_hard,test/organic/organic_0005.jpg,organic,organic,0.8617355823516846
v5_int8,combined_hard,test/organic/organic_0006.jpg,organic,organic,0.9259604215621948
v5_int8,combined_hard,test/organic/organic_0007.jpg,organic,organic,0.5729122161865234
v5_int8,combined_hard,test/organic/organic_0008.jpg,organic,organic,0.34773001074790955
v5_int8,combined_hard,test/organic/organic_0009.jpg,organic,organic,0.5182824730873108
v5_int8,combined_hard,test/organic/organic_0010.jpg,organic,organic,0.7262791991233826
v5_int8,combined_hard,test/organic/organic_0011.jpg,organic,organic,0.9514568448066711
v5_int8,combined_hard,test/organic/organic_0012.jpg,organic,organic,0.9432266354560852
v5_int8,combined_hard,test/organic/organic_0013.jpg,organic,organic,0.5827195644378662
v5_int8,combined_hard,test/organic/organic_0014.jpg,organic,paper,0.5298715233802795
v5_int8,combined_hard,test/organic/organic_0015.jpg,organic,organic,0.9807697534561157
v5_int8,combined_hard,test/organic/organic_0016.jpg,organic,organic,0.8109776973724365
v5_int8,combined_hard,test/organic/organic_0017.jpg,organic,organic,0.6439147591590881
v5_int8,combined_hard,test/organic/organic_0018.jpg,organic,paper,0.40210679173469543
v5_int8,combined_hard,test/organic/organic_0019.jpg,organic,organic,0.48003265261650085
v5_int8,combined_hard,test/organic/organic_0020.jpg,organic,other,0.8650323748588562
v5_int8,combined_hard,test/organic/organic_0021.jpg,organic,organic,0.9729515314102173
v5_int8,combined_hard,test/organic/organic_0022.jpg,organic,organic,0.5758672952651978
v5_int8,combined_hard,test/organic/organic_0023.jpg,organic,organic,0.6328892707824707
v5_int8,combined_hard,test/organic/organic_0024.jpg,organic,organic,0.7817794680595398
v5_int8,combined_hard,test/organic/organic_0025.jpg,organic,organic,0.9357962012290955
v5_int8,combined_hard,test/organic/organic_0026.jpg,organic,other,0.7004032731056213
v5_int8,combined_hard,test/organic/organic_0027.jpg,organic,organic,0.6713857054710388
v5_int8,combined_hard,test/organic/organic_0028.jpg,organic,other,0.4313361346721649
v5_int8,combined_hard,test/organic/organic_0029.jpg,organic,organic,0.9264960289001465
v5_int8,combined_hard,test/organic/organic_0030.jpg,organic,organic,0.6229286789894104
v5_int8,combined_hard,test/organic/organic_0031.jpg,organic,organic,0.6993555426597595
v5_int8,combined_hard,test/organic/organic_0032.jpg,organic,organic,0.9722830057144165
v5_int8,combined_hard,test/organic/organic_0033.jpg,organic,organic,0.9667152762413025
v5_int8,combined_hard,test/organic/organic_0034.jpg,organic,organic,0.9218537211418152
v5_int8,combined_hard,test/organic/organic_0035.jpg,organic,other,0.9145436882972717
v5_int8,combined_hard,test/organic/organic_0036.jpg,organic,organic,0.6440114974975586
v5_int8,combined_hard,test/organic/organic_0037.jpg,organic,organic,0.804738461971283
v5_int8,combined_hard,test/organic/organic_0038.jpg,organic,other,0.6588658094406128
v5_int8,combined_hard,test/organic/organic_0039.jpg,organic,organic,0.977760910987854
v5_int8,combined_hard,test/organic/organic_0040.jpg,organic,organic,0.898894190788269
v5_int8,combined_hard,test/organic/organic_0041.jpg,organic,organic,0.5439793467521667
v5_int8,combined_hard,test/organic/organic_0042.jpg,organic,organic,0.7447755932807922
v5_int8,combined_hard,test/organic/organic_0043.jpg,organic,organic,0.6012521386146545
v5_int8,combined_hard,test/organic/organic_0044.jpg,organic,other,0.9049168229103088
v5_int8,combined_hard,test/organic/organic_0045.jpg,organic,organic,0.8720195889472961
v5_int8,combined_hard,test/organic/organic_0046.jpg,organic,organic,0.5193272829055786
v5_int8,combined_hard,test/organic/organic_0047.jpg,organic,organic,0.7948846817016602
v5_int8,combined_hard,test/organic/organic_0048.jpg,organic,other,0.5980156660079956
v5_int8,combined_hard,test/organic/organic_0049.jpg,organic,organic,0.9687360525131226
v5_int8,combined_hard,test/organic/organic_0050.jpg,organic,organic,0.6017566323280334
v5_int8,combined_hard,test/organic/organic_0051.jpg,organic,paper,0.3517778515815735
v5_int8,combined_hard,test/organic/organic_0052.jpg,organic,organic,0.9042597413063049
v5_int8,combined_hard,test/organic/organic_0053.jpg,organic,organic,0.6637328863143921
v5_int8,combined_hard,test/organic/organic_0054.jpg,organic,paper,0.5722050070762634
v5_int8,combined_hard,test/organic/organic_0055.jpg,organic,organic,0.7858401536941528
v5_int8,combined_hard,test/organic/organic_0056.jpg,organic,other,0.3847615122795105
v5_int8,combined_hard,test/organic/organic_0057.jpg,organic,organic,0.740666389465332
v5_int8,combined_hard,test/organic/organic_0058.jpg,organic,organic,0.9129865169525146
v5_int8,combined_hard,test/organic/organic_0059.jpg,organic,other,0.5318130254745483
v5_int8,combined_hard,test/organic/organic_0060.jpg,organic,organic,0.8448935747146606
v5_int8,combined_hard,test/organic/organic_0061.jpg,organic,paper,0.4633947014808655
v5_int8,combined_hard,test/organic/organic_0062.jpg,organic,organic,0.8177652955055237
v5_int8,combined_hard,test/organic/organic_0063.jpg,organic,organic,0.5266565680503845
v5_int8,combined_hard,test/organic/organic_0064.jpg,organic,other,0.6097928285598755
v5_int8,combined_hard,test/organic/organic_0065.jpg,organic,other,0.8399916887283325
v5_int8,combined_hard,test/organic/organic_0066.jpg,organic,organic,0.9807841777801514
v5_int8,combined_hard,test/organic/organic_0067.jpg,organic,organic,0.4461326003074646
v5_int8,combined_hard,test/organic/organic_0068.jpg,organic,organic,0.5147168636322021
v5_int8,combined_hard,test/organic/organic_0069.jpg,organic,organic,0.8528041243553162
v5_int8,combined_hard,test/organic/organic_0070.jpg,organic,paper,0.39140284061431885
v5_int8,combined_hard,test/organic/organic_0071.jpg,organic,organic,0.9060454964637756
v5_int8,combined_hard,test/organic/organic_0072.jpg,organic,organic,0.9691765904426575
v5_int8,combined_hard,test/organic/organic_0073.jpg,organic,organic,0.9126176238059998
v5_int8,combined_hard,test/organic/organic_0074.jpg,organic,organic,0.7870200872421265
v5_int8,combined_hard,test/other/cardboard105.jpg,other,other,0.5357654094696045
v5_int8,combined_hard,test/other/cardboard115.jpg,other,organic,0.801179051399231
v5_int8,combined_hard,test/other/cardboard121.jpg,other,other,0.6562604308128357
v5_int8,combined_hard,test/other/cardboard125.jpg,other,other,0.7647305727005005
v5_int8,combined_hard,test/other/cardboard128.jpg,other,other,0.6989845633506775
v5_int8,combined_hard,test/other/cardboard160.jpg,other,plastic,0.3842029571533203
v5_int8,combined_hard,test/other/cardboard162.jpg,other,paper,0.46379390358924866
v5_int8,combined_hard,test/other/cardboard175.jpg,other,other,0.6824317574501038
v5_int8,combined_hard,test/other/cardboard18.jpg,other,other,0.7834508419036865
v5_int8,combined_hard,test/other/cardboard184.jpg,other,other,0.39436718821525574
v5_int8,combined_hard,test/other/cardboard19.jpg,other,other,0.9159801006317139
v5_int8,combined_hard,test/other/cardboard190.jpg,other,paper,0.48518791794776917
v5_int8,combined_hard,test/other/cardboard2.jpg,other,other,0.43224775791168213
v5_int8,combined_hard,test/other/cardboard208.jpg,other,other,0.790461540222168
v5_int8,combined_hard,test/other/cardboard210.jpg,other,plastic,0.48245200514793396
v5_int8,combined_hard,test/other/cardboard213.jpg,other,plastic,0.5935980677604675
v5_int8,combined_hard,test/other/cardboard214.jpg,other,other,0.5190297961235046
v5_int8,combined_hard,test/other/cardboard216.jpg,other,plastic,0.6909902095794678
v5_int8,combined_hard,test/other/cardboard218.jpg,other,plastic,0.48057347536087036
v5_int8,combined_hard,test/other/cardboard222.jpg,other,other,0.7496804594993591
v5_int8,combined_hard,test/other/cardboard231.jpg,other,other,0.8576253056526184
v5_int8,combined_hard,test/other/cardboard239.jpg,other,other,0.5124030709266663
v5_int8,combined_hard,test/other/cardboard248.jpg,other,other,0.698338508605957
v5_int8,combined_hard,test/other/cardboard252.jpg,other,paper,0.5923643708229065
v5_int8,combined_hard,test/other/cardboard259.jpg,other,organic,0.6829583644866943
v5_int8,combined_hard,test/other/cardboard260.jpg,other,other,0.715380072593689
v5_int8,combined_hard,test/other/cardboard261.jpg,other,plastic,0.9292885661125183
v5_int8,combined_hard,test/other/cardboard266.jpg,other,organic,0.4966946244239807
v5_int8,combined_hard,test/other/cardboard274.jpg,other,other,0.5467758178710938
v5_int8,combined_hard,test/other/cardboard276.jpg,other,other,0.6907014846801758
v5_int8,combined_hard,test/other/cardboard286.jpg,other,other,0.36349666118621826
v5_int8,combined_hard,test/other/cardboard289.jpg,other,other,0.5660653114318848
v5_int8,combined_hard,test/other/cardboard290.jpg,other,other,0.48870256543159485
v5_int8,combined_hard,test/other/cardboard293.jpg,other,other,0.874992847442627
v5_int8,combined_hard,test/other/cardboard299.jpg,other,other,0.7528106570243835
v5_int8,combined_hard,test/other/cardboard304.jpg,other,other,0.9342272877693176
v5_int8,combined_hard,test/other/cardboard308.jpg,other,other,0.9127044081687927
v5_int8,combined_hard,test/other/cardboard31.jpg,other,other,0.9452440738677979
v5_int8,combined_hard,test/other/cardboard310.jpg,other,other,0.8792244791984558
v5_int8,combined_hard,test/other/cardboard312.jpg,other,organic,0.6754316091537476
v5_int8,combined_hard,test/other/cardboard313.jpg,other,other,0.7283878922462463
v5_int8,combined_hard,test/other/cardboard314.jpg,other,other,0.9571830630302429
v5_int8,combined_hard,test/other/cardboard321.jpg,other,organic,0.5528563857078552
v5_int8,combined_hard,test/other/cardboard323.jpg,other,organic,0.6760370135307312
v5_int8,combined_hard,test/other/cardboard332.jpg,other,other,0.9519160389900208
v5_int8,combined_hard,test/other/cardboard334.jpg,other,other,0.8631619215011597
v5_int8,combined_hard,test/other/cardboard34.jpg,other,other,0.9521495699882507
v5_int8,combined_hard,test/other/cardboard356.jpg,other,other,0.3600389063358307
v5_int8,combined_hard,test/other/cardboard363.jpg,other,other,0.5355842709541321
v5_int8,combined_hard,test/other/cardboard372.jpg,other,other,0.4881354570388794
v5_int8,combined_hard,test/other/cardboard383.jpg,other,paper,0.5435634255409241
v5_int8,combined_hard,test/other/cardboard384.jpg,other,organic,0.7766721248626709
v5_int8,combined_hard,test/other/cardboard387.jpg,other,plastic,0.6621695160865784
v5_int8,combined_hard,test/other/cardboard388.jpg,other,plastic,0.5542501211166382
v5_int8,combined_hard,test/other/cardboard397.jpg,other,organic,0.6041452884674072
v5_int8,combined_hard,test/other/cardboard40.jpg,other,organic,0.7552536129951477
v5_int8,combined_hard,test/other/cardboard401.jpg,other,other,0.9125926494598389
v5_int8,combined_hard,test/other/cardboard44.jpg,other,other,0.8490705490112305
v5_int8,combined_hard,test/other/cardboard51.jpg,other,other,0.9545077085494995
v5_int8,combined_hard,test/other/cardboard57.jpg,other,organic,0.811260998249054
v5_int8,combined_hard,test/other/cardboard63.jpg,other,plastic,0.7271489500999451
v5_int8,combined_hard,test/other/cardboard69.jpg,other,plastic,0.43867364525794983
v5_int8,combined_hard,test/other/cardboard71.jpg,other,other,0.7070636749267578
v5_int8,combined_hard,test/other/cardboard73.jpg,other,other,0.7131727337837219
v5_int8,combined_hard,test/other/cardboard8.jpg,other,other,0.5970023274421692
v5_int8,combined_hard,test/other/cardboard88.jpg,other,paper,0.703233540058136
v5_int8,combined_hard,test/other/cardboard89.jpg,other,other,0.4594908356666565
v5_int8,combined_hard,test/other/cardboard9.jpg,other,other,0.9279258847236633
v5_int8,combined_hard,test/other/cardboard92.jpg,other,other,0.945153534412384
v5_int8,combined_hard,test/other/cardboard98.jpg,other,other,0.9090757966041565
v5_int8,combined_hard,test/other/metal112.jpg,other,other,0.7375746369361877
v5_int8,combined_hard,test/other/metal114.jpg,other,organic,0.5213994383811951
v5_int8,combined_hard,test/other/metal119.jpg,other,other,0.42682719230651855
v5_int8,combined_hard,test/other/metal12.jpg,other,paper,0.4447837471961975
v5_int8,combined_hard,test/other/metal13.jpg,other,plastic,0.7577316164970398
v5_int8,combined_hard,test/other/metal133.jpg,other,other,0.5359935164451599
v5_int8,combined_hard,test/other/metal134.jpg,other,paper,0.4698634743690491
v5_int8,combined_hard,test/other/metal139.jpg,other,other,0.6023868322372437
v5_int8,combined_hard,test/other/metal143.jpg,other,organic,0.6175903677940369
v5_int8,combined_hard,test/other/metal146.jpg,other,other,0.7970030903816223
v5_int8,combined_hard,test/other/metal157.jpg,other,other,0.6544073224067688
v5_int8,combined_hard,test/other/metal159.jpg,other,plastic,0.681870698928833
v5_int8,combined_hard,test/other/metal161.jpg,other,plastic,0.58497554063797
v5_int8,combined_hard,test/other/metal170.jpg,other,paper,0.5949733853340149
v5_int8,combined_hard,test/other/metal172.jpg,other,other,0.5698550343513489
v5_int8,combined_hard,test/other/metal175.jpg,other,plastic,0.5647703409194946
v5_int8,combined_hard,test/other/metal18.jpg,other,plastic,0.858398973941803
v5_int8,combined_hard,test/other/metal186.jpg,other,plastic,0.40770837664604187
v5_int8,combined_hard,test/other/metal187.jpg,other,other,0.34775182604789734
v5_int8,combined_hard,test/other/metal188.jpg,other,paper,0.46377432346343994
v5_int8,combined_hard,test/other/metal192.jpg,other,other,0.5410321950912476
v5_int8,combined_hard,test/other/metal198.jpg,other,other,0.4807460606098175
v5_int8,combined_hard,test/other/metal201.jpg,other,other,0.544953465461731
v5_int8,combined_hard,test/other/metal205.jpg,other,other,0.4760773777961731
v5_int8,combined_hard,test/other/metal209.jpg,other,other,0.41155484318733215
v5_int8,combined_hard,test/other/metal217.jpg,other,other,0.565615177154541
v5_int8,combined_hard,test/other/metal239.jpg,other,other,0.5159327983856201
v5_int8,combined_hard,test/other/metal24.jpg,other,plastic,0.34833189845085144
v5_int8,combined_hard,test/other/metal246.jpg,other,other,0.7921876311302185
v5_int8,combined_hard,test/other/metal247.jpg,other,other,0.4714103639125824
v5_int8,combined_hard,test/other/metal248.jpg,other,plastic,0.5555126070976257
v5_int8,combined_hard,test/other/metal249.jpg,other,paper,0.4451662302017212
v5_int8,combined_hard,test/other/metal258.jpg,other,paper,0.4028816819190979
v5_int8,combined_hard,test/other/metal261.jpg,other,plastic,0.7954448461532593
v5_int8,combined_hard,test/other/metal263.jpg,other,other,0.6646772027015686
v5_int8,combined_hard,test/other/metal269.jpg,other,other,0.8872882127761841
v5_int8,combined_hard,test/other/metal27.jpg,other,organic,0.39179539680480957
v5_int8,combined_hard,test/other/metal275.jpg,other,plastic,0.7241788506507874
v5_int8,combined_hard,test/other/metal292.jpg,other,plastic,0.6145524382591248
v5_int8,combined_hard,test/other/metal296.jpg,other,plastic,0.8878930807113647
v5_int8,combined_hard,test/other/metal317.jpg,other,plastic,0.8027397394180298
v5_int8,combined_hard,test/other/metal324.jpg,other,organic,0.7636780142784119
v5_int8,combined_hard,test/other/metal325.jpg,other,other,0.4821963608264923
v5_int8,combined_hard,test/other/metal328.jpg,other,plastic,0.8212666511535645
v5_int8,combined_hard,test/other/metal33.jpg,other,paper,0.3469638228416443
v5_int8,combined_hard,test/other/metal341.jpg,other,organic,0.46061640977859497
v5_int8,combined_hard,test/other/metal344.jpg,other,plastic,0.7173849940299988
v5_int8,combined_hard,test/other/metal350.jpg,other,organic,0.3617384433746338
v5_int8,combined_hard,test/other/metal355.jpg,other,other,0.7560046315193176
v5_int8,combined_hard,test/other/metal364.jpg,other,other,0.5989132523536682
v5_int8,combined_hard,test/other/metal370.jpg,other,plastic,0.41958916187286377
v5_int8,combined_hard,test/other/metal387.jpg,other,other,0.3907984793186188
v5_int8,combined_hard,test/other/metal389.jpg,other,organic,0.5531948804855347
v5_int8,combined_hard,test/other/metal393.jpg,other,plastic,0.9009682536125183
v5_int8,combined_hard,test/other/metal394.jpg,other,other,0.49563801288604736
v5_int8,combined_hard,test/other/metal395.jpg,other,plastic,0.47676822543144226
v5_int8,combined_hard,test/other/metal403.jpg,other,other,0.796471118927002
v5_int8,combined_hard,test/other/metal48.jpg,other,paper,0.5516477823257446
v5_int8,combined_hard,test/other/metal50.jpg,other,other,0.5649442672729492
v5_int8,combined_hard,test/other/metal52.jpg,other,paper,0.3784502446651459
v5_int8,combined_hard,test/other/metal62.jpg,other,other,0.7038431763648987
v5_int8,combined_hard,test/other/metal65.jpg,other,organic,0.8510012030601501
v5_int8,combined_hard,test/other/metal68.jpg,other,paper,0.427152544260025
v5_int8,combined_hard,test/other/metal77.jpg,other,other,0.40095096826553345
v5_int8,combined_hard,test/other/metal80.jpg,other,plastic,0.8534383177757263
v5_int8,combined_hard,test/other/metal84.jpg,other,paper,0.35199403762817383
v5_int8,combined_hard,test/other/metal87.jpg,other,other,0.5116872787475586
v5_int8,combined_hard,test/other/metal99.jpg,other,other,0.7507135272026062
v4_int8_baseline,clean,test/paper/paper104.jpg,paper,other,0.9952630996704102
v4_int8_baseline,clean,test/paper/paper112.jpg,paper,other,0.9807449579238892
v4_int8_baseline,clean,test/paper/paper113.jpg,paper,other,0.9991801381111145
v4_int8_baseline,clean,test/paper/paper114.jpg,paper,other,0.9958933591842651
v4_int8_baseline,clean,test/paper/paper12.jpg,paper,other,0.8580091595649719
v4_int8_baseline,clean,test/paper/paper120.jpg,paper,paper,0.722286581993103
v4_int8_baseline,clean,test/paper/paper124.jpg,paper,paper,0.4992440938949585
v4_int8_baseline,clean,test/paper/paper125.jpg,paper,other,0.8662539124488831
v4_int8_baseline,clean,test/paper/paper129.jpg,paper,other,0.9901856184005737
v4_int8_baseline,clean,test/paper/paper13.jpg,paper,paper,0.4894530773162842
v4_int8_baseline,clean,test/paper/paper137.jpg,paper,paper,0.4603902995586395
v4_int8_baseline,clean,test/paper/paper143.jpg,paper,paper,0.7004047632217407
v4_int8_baseline,clean,test/paper/paper149.jpg,paper,plastic,0.6059346795082092
v4_int8_baseline,clean,test/paper/paper161.jpg,paper,other,0.9859427809715271
v4_int8_baseline,clean,test/paper/paper167.jpg,paper,other,0.9822450876235962
v4_int8_baseline,clean,test/paper/paper169.jpg,paper,other,0.46683424711227417
v4_int8_baseline,clean,test/paper/paper186.jpg,paper,other,0.9909701347351074
v4_int8_baseline,clean,test/paper/paper188.jpg,paper,other,0.9979337453842163
v4_int8_baseline,clean,test/paper/paper208.jpg,paper,other,0.9914735555648804
v4_int8_baseline,clean,test/paper/paper209.jpg,paper,other,0.9978659749031067
v4_int8_baseline,clean,test/paper/paper218.jpg,paper,other,0.9083600640296936
v4_int8_baseline,clean,test/paper/paper219.jpg,paper,paper,0.806272029876709
v4_int8_baseline,clean,test/paper/paper220.jpg,paper,plastic,0.8712055087089539
v4_int8_baseline,clean,test/paper/paper225.jpg,paper,other,0.9603736996650696
v4_int8_baseline,clean,test/paper/paper230.jpg,paper,paper,0.8194944858551025
v4_int8_baseline,clean,test/paper/paper235.jpg,paper,other,0.8991312980651855
v4_int8_baseline,clean,test/paper/paper266.jpg,paper,other,0.9935124516487122
v4_int8_baseline,clean,test/paper/paper269.jpg,paper,other,0.9585018754005432
v4_int8_baseline,clean,test/paper/paper271.jpg,paper,plastic,0.6627887487411499
v4_int8_baseline,clean,test/paper/paper273.jpg,paper,plastic,0.9576536417007446
v4_int8_baseline,clean,test/paper/paper276.jpg,paper,other,0.8629493117332458
v4_int8_baseline,clean,test/paper/paper279.jpg,paper,paper,0.46349960565567017
v4_int8_baseline,clean,test/paper/paper282.jpg,paper,paper,0.7712953090667725
v4_int8_baseline,clean,test/paper/paper286.jpg,paper,other,0.9984258413314819
v4_int8_baseline,clean,test/paper/paper289.jpg,paper,other,0.9977366924285889
v4_int8_baseline,clean,test/paper/paper294.jpg,paper,paper,0.9506475329399109
v4_int8_baseline,clean,test/paper/paper3.jpg,paper,other,0.889771580696106
v4_int8_baseline,clean,test/paper/paper301.jpg,paper,other,0.8001075387001038
v4_int8_baseline,clean,test/paper/paper303.jpg,paper,paper,0.35827720165252686
v4_int8_baseline,clean,test/paper/paper311.jpg,paper,other,0.9993307590484619
v4_int8_baseline,clean,test/paper/paper319.jpg,paper,other,0.993392288684845
v4_int8_baseline,clean,test/paper/paper32.jpg,paper,plastic,0.7863720655441284
v4_int8_baseline,clean,test/paper/paper346.jpg,paper,other,0.9667059183120728
v4_int8_baseline,clean,test/paper/paper348.jpg,paper,other,0.9233238697052002
v4_int8_baseline,clean,test/paper/paper350.jpg,paper,paper,0.7725039720535278
v4_int8_baseline,clean,test/paper/paper354.jpg,paper,paper,0.5705465078353882
v4_int8_baseline,clean,test/paper/paper356.jpg,paper,other,0.9948524832725525
v4_int8_baseline,clean,test/paper/paper357.jpg,paper,other,0.4116571545600891
v4_int8_baseline,clean,test/paper/paper361.jpg,paper,paper,0.3568488359451294
v4_int8_baseline,clean,test/paper/paper362.jpg,paper,other,0.9436371922492981
v4_int8_baseline,clean,test/paper/paper368.jpg,paper,other,0.8852347135543823
v4_int8_baseline,clean,test/paper/paper373.jpg,paper,paper,0.9218043088912964
v4_int8_baseline,clean,test/paper/paper380.jpg,paper,other,0.9978912472724915
v4_int8_baseline,clean,test/paper/paper381.jpg,paper,other,0.9608651995658875
v4_int8_baseline,clean,test/paper/paper385.jpg,paper,paper,0.8202697038650513
v4_int8_baseline,clean,test/paper/paper392.jpg,paper,other,0.9884446859359741
v4_int8_baseline,clean,test/paper/paper396.jpg,paper,plastic,0.5210800766944885
v4_int8_baseline,clean,test/paper/paper404.jpg,paper,plastic,0.8078797459602356
v4_int8_baseline,clean,test/paper/paper405.jpg,paper,other,0.991262674331665
v4_int8_baseline,clean,test/paper/paper416.jpg,paper,paper,0.7304793000221252
v4_int8_baseline,clean,test/paper/paper417.jpg,paper,organic,0.7379173636436462
v4_int8_baseline,clean,test/paper/paper422.jpg,paper,other,0.9895665645599365
v4_int8_baseline,clean,test/paper/paper434.jpg,paper,plastic,0.6350237727165222
v4_int8_baseline,clean,test/paper/paper444.jpg,paper,paper,0.9419226050376892
v4_int8_baseline,clean,test/paper/paper450.jpg,paper,other,0.9971121549606323
v4_int8_baseline,clean,test/paper/paper457.jpg,paper,other,0.9633681178092957
v4_int8_baseline,clean,test/paper/paper460.jpg,paper,other,0.954838752746582
v4_int8_baseline,clean,test/paper/paper461.jpg,paper,other,0.633872389793396
v4_int8_baseline,clean,test/paper/paper462.jpg,paper,plastic,0.6512095332145691
v4_int8_baseline,clean,test/paper/paper465.jpg,paper,other,0.9844393134117126
v4_int8_baseline,clean,test/paper/paper474.jpg,paper,other,0.9370541572570801
v4_int8_baseline,clean,test/paper/paper48.jpg,paper,other,0.982284665107727
v4_int8_baseline,clean,test/paper/paper495.jpg,paper,plastic,0.6554659605026245
v4_int8_baseline,clean,test/paper/paper500.jpg,paper,other,0.6351022124290466
v4_int8_baseline,clean,test/paper/paper502.jpg,paper,other,0.9962467551231384
v4_int8_baseline,clean,test/paper/paper503.jpg,paper,other,0.42180871963500977
v4_int8_baseline,clean,test/paper/paper505.jpg,paper,other,0.6115513443946838
v4_int8_baseline,clean,test/paper/paper508.jpg,paper,other,0.6511934995651245
v4_int8_baseline,clean,test/paper/paper515.jpg,paper,plastic,0.6564992070198059
v4_int8_baseline,clean,test/paper/paper525.jpg,paper,other,0.6391676068305969
v4_int8_baseline,clean,test/paper/paper527.jpg,paper,other,0.9871496558189392
v4_int8_baseline,clean,test/paper/paper53.jpg,paper,other,0.9918760061264038
v4_int8_baseline,clean,test/paper/paper534.jpg,paper,other,0.9261878132820129
v4_int8_baseline,clean,test/paper/paper537.jpg,paper,other,0.9960195422172546
v4_int8_baseline,clean,test/paper/paper541.jpg,paper,other,0.978617787361145
v4_int8_baseline,clean,test/paper/paper542.jpg,paper,other,0.9946446418762207
v4_int8_baseline,clean,test/paper/paper543.jpg,paper,other,0.9983281493186951
v4_int8_baseline,clean,test/paper/paper547.jpg,paper,other,0.7830861806869507
v4_int8_baseline,clean,test/paper/paper548.jpg,paper,other,0.8895636200904846
v4_int8_baseline,clean,test/paper/paper55.jpg,paper,other,0.9996218681335449
v4_int8_baseline,clean,test/paper/paper557.jpg,paper,paper,0.7631368637084961
v4_int8_baseline,clean,test/paper/paper558.jpg,paper,other,0.9956633448600769
v4_int8_baseline,clean,test/paper/paper563.jpg,paper,other,0.9913275837898254
v4_int8_baseline,clean,test/paper/paper569.jpg,paper,other,0.9970038533210754
v4_int8_baseline,clean,test/paper/paper570.jpg,paper,other,0.8144250512123108
v4_int8_baseline,clean,test/paper/paper576.jpg,paper,paper,0.5928016304969788
v4_int8_baseline,clean,test/paper/paper58.jpg,paper,other,0.5118725299835205
v4_int8_baseline,clean,test/paper/paper586.jpg,paper,other,0.9860031604766846
v4_int8_baseline,clean,test/paper/paper593.jpg,paper,other,0.8923328518867493
v4_int8_baseline,clean,test/paper/paper6.jpg,paper,plastic,0.925933837890625
v4_int8_baseline,clean,test/paper/paper68.jpg,paper,other,0.9927114248275757
v4_int8_baseline,clean,test/paper/paper69.jpg,paper,other,0.9637776613235474
v4_int8_baseline,clean,test/paper/paper7.jpg,paper,other,0.9846667051315308
v4_int8_baseline,clean,test/paper/paper70.jpg,paper,paper,0.7957832217216492
v4_int8_baseline,clean,test/paper/paper77.jpg,paper,other,0.9981710910797119
v4_int8_baseline,clean,test/paper/paper86.jpg,paper,other,0.9977903366088867
v4_int8_baseline,clean,test/paper/paper94.jpg,paper,other,0.850351095199585
v4_int8_baseline,clean,test/paper/paper97.jpg,paper,other,0.9985836744308472
v4_int8_baseline,clean,test/plastic/plastic103.jpg,plastic,other,0.7784855961799622
v4_int8_baseline,clean,test/plastic/plastic114.jpg,plastic,plastic,0.7367813587188721
v4_int8_baseline,clean,test/plastic/plastic122.jpg,plastic,other,0.975471019744873
v4_int8_baseline,clean,test/plastic/plastic125.jpg,plastic,other,0.9642171263694763
v4_int8_baseline,clean,test/plastic/plastic126.jpg,plastic,other,0.5370960235595703
v4_int8_baseline,clean,test/plastic/plastic132.jpg,plastic,other,0.901242196559906
v4_int8_baseline,clean,test/plastic/plastic138.jpg,plastic,other,0.906030535697937
v4_int8_baseline,clean,test/plastic/plastic145.jpg,plastic,plastic,0.6960673928260803
v4_int8_baseline,clean,test/plastic/plastic146.jpg,plastic,paper,0.6342240571975708
v4_int8_baseline,clean,test/plastic/plastic152.jpg,plastic,plastic,0.4279152750968933
v4_int8_baseline,clean,test/plastic/plastic156.jpg,plastic,paper,0.8993249535560608
v4_int8_baseline,clean,test/plastic/plastic159.jpg,plastic,other,0.7468818426132202
v4_int8_baseline,clean,test/plastic/plastic170.jpg,plastic,other,0.8714425563812256
v4_int8_baseline,clean,test/plastic/plastic172.jpg,plastic,organic,0.9762040376663208
v4_int8_baseline,clean,test/plastic/plastic177.jpg,plastic,paper,0.5662482976913452
v4_int8_baseline,clean,test/plastic/plastic187.jpg,plastic,other,0.9690713286399841
v4_int8_baseline,clean,test/plastic/plastic2.jpg,plastic,paper,0.8109628558158875
v4_int8_baseline,clean,test/plastic/plastic201.jpg,plastic,other,0.960680365562439
v4_int8_baseline,clean,test/plastic/plastic205.jpg,plastic,other,0.9692792892456055
v4_int8_baseline,clean,test/plastic/plastic207.jpg,plastic,plastic,0.9995835423469543
v4_int8_baseline,clean,test/plastic/plastic21.jpg,plastic,other,0.9022018909454346
v4_int8_baseline,clean,test/plastic/plastic214.jpg,plastic,plastic,0.8215277194976807
v4_int8_baseline,clean,test/plastic/plastic217.jpg,plastic,other,0.7373551726341248
v4_int8_baseline,clean,test/plastic/plastic226.jpg,plastic,plastic,0.7547246217727661
v4_int8_baseline,clean,test/plastic/plastic227.jpg,plastic,other,0.9552068114280701
v4_int8_baseline,clean,test/plastic/plastic242.jpg,plastic,plastic,0.9803957343101501
v4_int8_baseline,clean,test/plastic/plastic251.jpg,plastic,other,0.7346415519714355
v4_int8_baseline,clean,test/plastic/plastic252.jpg,plastic,plastic,0.5947090983390808
v4_int8_baseline,clean,test/plastic/plastic253.jpg,plastic,plastic,0.6365793347358704
v4_int8_baseline,clean,test/plastic/plastic260.jpg,plastic,other,0.8321902751922607
v4_int8_baseline,clean,test/plastic/plastic264.jpg,plastic,other,0.9904856085777283
v4_int8_baseline,clean,test/plastic/plastic265.jpg,plastic,other,0.8226788640022278
v4_int8_baseline,clean,test/plastic/plastic268.jpg,plastic,other,0.5239425301551819
v4_int8_baseline,clean,test/plastic/plastic270.jpg,plastic,plastic,0.49216580390930176
v4_int8_baseline,clean,test/plastic/plastic285.jpg,plastic,other,0.9965924620628357
v4_int8_baseline,clean,test/plastic/plastic305.jpg,plastic,other,0.42302894592285156
v4_int8_baseline,clean,test/plastic/plastic306.jpg,plastic,paper,0.49348312616348267
v4_int8_baseline,clean,test/plastic/plastic312.jpg,plastic,other,0.8170145750045776
v4_int8_baseline,clean,test/plastic/plastic314.jpg,plastic,other,0.49705496430397034
v4_int8_baseline,clean,test/plastic/plastic315.jpg,plastic,other,0.7783820033073425
v4_int8_baseline,clean,test/plastic/plastic317.jpg,plastic,paper,0.7791643738746643
v4_int8_baseline,clean,test/plastic/plastic32.jpg,plastic,other,0.9910578727722168
v4_int8_baseline,clean,test/plastic/plastic328.jpg,plastic,other,0.8363693356513977
v4_int8_baseline,clean,test/plastic/plastic348.jpg,plastic,other,0.9083910584449768
v4_int8_baseline,clean,test/plastic/plastic349.jpg,plastic,plastic,0.6052461266517639
v4_int8_baseline,clean,test/plastic/plastic372.jpg,plastic,plastic,0.647091269493103
v4_int8_baseline,clean,test/plastic/plastic374.jpg,plastic,other,0.9784966707229614
v4_int8_baseline,clean,test/plastic/plastic379.jpg,plastic,other,0.9874047040939331
v4_int8_baseline,clean,test/plastic/plastic383.jpg,plastic,other,0.8196613192558289
v4_int8_baseline,clean,test/plastic/plastic388.jpg,plastic,other,0.848891019821167
v4_int8_baseline,clean,test/plastic/plastic39.jpg,plastic,plastic,0.9716132879257202
v4_int8_baseline,clean,test/plastic/plastic390.jpg,plastic,other,0.6702859997749329
v4_int8_baseline,clean,test/plastic/plastic398.jpg,plastic,paper,0.530974268913269
v4_int8_baseline,clean,test/plastic/plastic399.jpg,plastic,other,0.7837151288986206
v4_int8_baseline,clean,test/plastic/plastic405.jpg,plastic,plastic,0.9958220720291138
v4_int8_baseline,clean,test/plastic/plastic411.jpg,plastic,other,0.9558796882629395
v4_int8_baseline,clean,test/plastic/plastic420.jpg,plastic,other,0.9239829182624817
v4_int8_baseline,clean,test/plastic/plastic423.jpg,plastic,other,0.7238309383392334
v4_int8_baseline,clean,test/plastic/plastic426.jpg,plastic,other,0.6528847217559814
v4_int8_baseline,clean,test/plastic/plastic434.jpg,plastic,other,0.8716954588890076
v4_int8_baseline,clean,test/plastic/plastic438.jpg,plastic,plastic,0.7113906145095825
v4_int8_baseline,clean,test/plastic/plastic465.jpg,plastic,other,0.8914698362350464
v4_int8_baseline,clean,test/plastic/plastic473.jpg,plastic,other,0.39296236634254456
v4_int8_baseline,clean,test/plastic/plastic49.jpg,plastic,other,0.9831134080886841
v4_int8_baseline,clean,test/plastic/plastic64.jpg,plastic,other,0.9580161571502686
v4_int8_baseline,clean,test/plastic/plastic66.jpg,plastic,plastic,0.9160659313201904
v4_int8_baseline,clean,test/plastic/plastic67.jpg,plastic,other,0.7071811556816101
v4_int8_baseline,clean,test/plastic/plastic79.jpg,plastic,other,0.9781305193901062
v4_int8_baseline,clean,test/plastic/plastic80.jpg,plastic,other,0.953830361366272
v4_int8_baseline,clean,test/plastic/plastic82.jpg,plastic,paper,0.923615574836731
v4_int8_baseline,clean,test/plastic/plastic84.jpg,plastic,other,0.9541406631469727
v4_int8_baseline,clean,test/plastic/plastic93.jpg,plastic,other,0.8702465295791626
v4_int8_baseline,clean,test/plastic/plastic98.jpg,plastic,other,0.9675273299217224
v4_int8_baseline,clean,test/plastic/plastic99.jpg,plastic,other,0.6410359144210815
v4_int8_baseline,clean,test/organic/organic_0001.jpg,organic,other,0.993477463722229
v4_int8_baseline,clean,test/organic/organic_0002.jpg,organic,other,0.73932284116745
v4_int8_baseline,clean,test/organic/organic_0003.jpg,organic,other,0.8598081469535828
v4_int8_baseline,clean,test/organic/organic_0004.jpg,organic,other,0.9972277283668518
v4_int8_baseline,clean,test/organic/organic_0005.jpg,organic,other,0.998840868473053
v4_int8_baseline,clean,test/organic/organic_0006.jpg,organic,other,0.997565746307373
v4_int8_baseline,clean,test/organic/organic_0007.jpg,organic,other,0.9988686442375183
v4_int8_baseline,clean,test/organic/organic_0008.jpg,organic,other,0.9961181879043579
v4_int8_baseline,clean,test/organic/organic_0009.jpg,organic,other,0.9877931475639343
v4_int8_baseline,clean,test/organic/organic_0010.jpg,organic,other,0.9581032395362854
v4_int8_baseline,clean,test/organic/organic_0011.jpg,organic,other,0.970155656337738
v4_int8_baseline,clean,test/organic/organic_0012.jpg,organic,other,0.9640052914619446
v4_int8_baseline,clean,test/organic/organic_0013.jpg,organic,other,0.9987561702728271
v4_int8_baseline,clean,test/organic/organic_0014.jpg,organic,other,0.9700887799263
v4_int8_baseline,clean,test/organic/organic_0015.jpg,organic,other,0.9985902905464172
v4_int8_baseline,clean,test/organic/organic_0016.jpg,organic,other,0.9774968028068542
v4_int8_baseline,clean,test/organic/organic_0017.jpg,organic,other,0.9929074048995972
v4_int8_baseline,clean,test/organic/organic_0018.jpg,organic,other,0.6930927634239197
v4_int8_baseline,clean,test/organic/organic_0019.jpg,organic,other,0.7813208103179932
v4_int8_baseline,clean,test/organic/organic_0020.jpg,organic,other,0.9985411167144775
v4_int8_baseline,clean,test/organic/organic_0021.jpg,organic,other,0.9741500616073608
v4_int8_baseline,clean,test/organic/organic_0022.jpg,organic,other,0.9949433207511902
v4_int8_baseline,clean,test/organic/organic_0023.jpg,organic,other,0.9995917677879333
v4_int8_baseline,clean,test/organic/organic_0024.jpg,organic,other,0.5374047756195068
v4_int8_baseline,clean,test/organic/organic_0025.jpg,organic,other,0.9898228645324707
v4_int8_baseline,clean,test/organic/organic_0026.jpg,organic,other,0.9849264621734619
v4_int8_baseline,clean,test/organic/organic_0027.jpg,organic,other,0.9970755577087402
v4_int8_baseline,clean,test/organic/organic_0028.jpg,organic,other,0.9927054047584534
v4_int8_baseline,clean,test/organic/organic_0029.jpg,organic,other,0.7321247458457947
v4_int8_baseline,clean,test/organic/organic_0030.jpg,organic,other,0.9961127638816833
v4_int8_baseline,clean,test/organic/organic_0031.jpg,organic,other,0.9899749159812927
v4_int8_baseline,clean,test/organic/organic_0032.jpg,organic,other,0.9951837658882141
v4_int8_baseline,clean,test/organic/organic_0033.jpg,organic,other,0.9942752718925476
v4_int8_baseline,clean,test/organic/organic_0034.jpg,organic,other,0.9847216010093689
v4_int8_baseline,clean,test/organic/organic_0035.jpg,organic,other,0.9850517511367798
v4_int8_baseline,clean,test/organic/organic_0036.jpg,organic,other,0.9837276935577393
v4_int8_baseline,clean,test/organic/organic_0037.jpg,organic,other,0.9759818315505981
v4_int8_baseline,clean,test/organic/organic_0038.jpg,organic,other,0.8460069298744202
v4_int8_baseline,clean,test/organic/organic_0039.jpg,organic,other,0.9815384149551392
v4_int8_baseline,clean,test/organic/organic_0040.jpg,organic,other,0.8829666376113892
v4_int8_baseline,clean,test/organic/organic_0041.jpg,organic,other,0.9979821443557739
v4_int8_baseline,clean,test/organic/organic_0042.jpg,organic,other,0.9734349846839905
v4_int8_baseline,clean,test/organic/organic_0043.jpg,organic,other,0.9378783106803894
v4_int8_baseline,clean,test/organic/organic_0044.jpg,organic,other,0.9731320142745972
v4_int8_baseline,clean,test/organic/organic_0045.jpg,organic,other,0.9976601600646973
v4_int8_baseline,clean,test/organic/organic_0046.jpg,organic,other,0.9945259094238281
v4_int8_baseline,clean,test/organic/organic_0047.jpg,organic,other,0.9971643090248108
v4_int8_baseline,clean,test/organic/organic_0048.jpg,organic,other,0.9992547631263733
v4_int8_baseline,clean,test/organic/organic_0049.jpg,organic,other,0.9793218970298767
v4_int8_baseline,clean,test/organic/organic_0050.jpg,organic,other,0.9689344167709351
v4_int8_baseline,clean,test/organic/organic_0051.jpg,organic,other,0.9861544966697693
v4_int8_baseline,clean,test/organic/organic_0052.jpg,organic,other,0.9986308217048645
v4_int8_baseline,clean,test/organic/organic_0053.jpg,organic,other,0.9213176369667053
v4_int8_baseline,clean,test/organic/organic_0054.jpg,organic,other,0.9115574359893799
v4_int8_baseline,clean,test/organic/organic_0055.jpg,organic,other,0.9698203802108765
v4_int8_baseline,clean,test/organic/organic_0056.jpg,organic,other,0.9613441228866577
v4_int8_baseline,clean,test/organic/organic_0057.jpg,organic,other,0.998755931854248
v4_int8_baseline,clean,test/organic/organic_0058.jpg,organic,other,0.9781433343887329
v4_int8_baseline,clean,test/organic/organic_0059.jpg,organic,other,0.9823843240737915
v4_int8_baseline,clean,test/organic/organic_0060.jpg,organic,other,0.9926444292068481
v4_int8_baseline,clean,test/organic/organic_0061.jpg,organic,other,0.9953357577323914
v4_int8_baseline,clean,test/organic/organic_0062.jpg,organic,other,0.987014651298523
v4_int8_baseline,clean,test/organic/organic_0063.jpg,organic,other,0.9939170479774475
v4_int8_baseline,clean,test/organic/organic_0064.jpg,organic,other,0.9190072417259216
v4_int8_baseline,clean,test/organic/organic_0065.jpg,organic,other,0.9790980815887451
v4_int8_baseline,clean,test/organic/organic_0066.jpg,organic,other,0.967786967754364
v4_int8_baseline,clean,test/organic/organic_0067.jpg,organic,organic,0.8006073236465454
v4_int8_baseline,clean,test/organic/organic_0068.jpg,organic,other,0.9678980708122253
v4_int8_baseline,clean,test/organic/organic_0069.jpg,organic,other,0.9809865355491638
v4_int8_baseline,clean,test/organic/organic_0070.jpg,organic,other,0.861365795135498
v4_int8_baseline,clean,test/organic/organic_0071.jpg,organic,other,0.9806037545204163
v4_int8_baseline,clean,test/organic/organic_0072.jpg,organic,other,0.9904892444610596
v4_int8_baseline,clean,test/organic/organic_0073.jpg,organic,other,0.9924220442771912
v4_int8_baseline,clean,test/organic/organic_0074.jpg,organic,other,0.9991312623023987
v4_int8_baseline,clean,test/other/cardboard105.jpg,other,other,0.9915868043899536
v4_int8_baseline,clean,test/other/cardboard115.jpg,other,other,0.987700343132019
v4_int8_baseline,clean,test/other/cardboard121.jpg,other,organic,0.6820953488349915
v4_int8_baseline,clean,test/other/cardboard125.jpg,other,other,0.9208651185035706
v4_int8_baseline,clean,test/other/cardboard128.jpg,other,other,0.43674108386039734
v4_int8_baseline,clean,test/other/cardboard160.jpg,other,other,0.9717687368392944
v4_int8_baseline,clean,test/other/cardboard162.jpg,other,other,0.9861899018287659
v4_int8_baseline,clean,test/other/cardboard175.jpg,other,other,0.9931032657623291
v4_int8_baseline,clean,test/other/cardboard18.jpg,other,other,0.9720947742462158
v4_int8_baseline,clean,test/other/cardboard184.jpg,other,other,0.9631289839744568
v4_int8_baseline,clean,test/other/cardboard19.jpg,other,other,0.9890590906143188
v4_int8_baseline,clean,test/other/cardboard190.jpg,other,other,0.9997552037239075
v4_int8_baseline,clean,test/other/cardboard2.jpg,other,other,0.92152339220047
v4_int8_baseline,clean,test/other/cardboard208.jpg,other,other,0.9592253565788269
v4_int8_baseline,clean,test/other/cardboard210.jpg,other,other,0.9790332913398743
v4_int8_baseline,clean,test/other/cardboard213.jpg,other,other,0.9743155837059021
v4_int8_baseline,clean,test/other/cardboard214.jpg,other,other,0.8162623047828674
v4_int8_baseline,clean,test/other/cardboard216.jpg,other,other,0.7732874155044556
v4_int8_baseline,clean,test/other/cardboard218.jpg,other,other,0.8644067049026489
v4_int8_baseline,clean,test/other/cardboard222.jpg,other,other,0.9824361801147461
v4_int8_baseline,clean,test/other/cardboard231.jpg,other,other,0.9878531694412231
v4_int8_baseline,clean,test/other/cardboard239.jpg,other,other,0.9961827397346497
v4_int8_baseline,clean,test/other/cardboard248.jpg,other,other,0.9671642184257507
v4_int8_baseline,clean,test/other/cardboard252.jpg,other,other,0.9885784387588501
v4_int8_baseline,clean,test/other/cardboard259.jpg,other,other,0.9888947010040283
v4_int8_baseline,clean,test/other/cardboard260.jpg,other,other,0.9946656227111816
v4_int8_baseline,clean,test/other/cardboard261.jpg,other,other,0.9893112778663635
v4_int8_baseline,clean,test/other/cardboard266.jpg,other,other,0.9842599034309387
v4_int8_baseline,clean,test/other/cardboard274.jpg,other,paper,0.5839332938194275
v4_int8_baseline,clean,test/other/cardboard276.jpg,other,other,0.9995036125183105
v4_int8_baseline,clean,test/other/cardboard286.jpg,other,other,0.9973006844520569
v4_int8_baseline,clean,test/other/cardboard289.jpg,other,other,0.9871383309364319
v4_int8_baseline,clean,test/other/cardboard290.jpg,other,other,0.8459778428077698
v4_int8_baseline,clean,test/other/cardboard293.jpg,other,other,0.9890846610069275
v4_int8_baseline,clean,test/other/cardboard299.jpg,other,other,0.9879055023193359
v4_int8_baseline,clean,test/other/cardboard304.jpg,other,other,0.974835991859436
v4_int8_baseline,clean,test/other/cardboard308.jpg,other,other,0.9891332983970642
v4_int8_baseline,clean,test/other/cardboard31.jpg,other,other,0.9890894293785095
v4_int8_baseline,clean,test/other/cardboard310.jpg,other,other,0.9857180118560791
v4_int8_baseline,clean,test/other/cardboard312.jpg,other,other,0.9928694367408752
v4_int8_baseline,clean,test/other/cardboard313.jpg,other,other,0.9875791668891907
v4_int8_baseline,clean,test/other/cardboard314.jpg,other,other,0.9786518216133118
v4_int8_baseline,clean,test/other/cardboard321.jpg,other,other,0.9774765372276306
v4_int8_baseline,clean,test/other/cardboard323.jpg,other,other,0.9818944334983826
v4_int8_baseline,clean,test/other/cardboard332.jpg,other,other,0.9834074378013611
v4_int8_baseline,clean,test/other/cardboard334.jpg,other,other,0.9845904111862183
v4_int8_baseline,clean,test/other/cardboard34.jpg,other,other,0.9923698902130127
v4_int8_baseline,clean,test/other/cardboard356.jpg,other,other,0.9665407538414001
v4_int8_baseline,clean,test/other/cardboard363.jpg,other,other,0.9988211989402771
v4_int8_baseline,clean,test/other/cardboard372.jpg,other,other,0.9943391680717468
v4_int8_baseline,clean,test/other/cardboard383.jpg,other,other,0.9701882004737854
v4_int8_baseline,clean,test/other/cardboard384.jpg,other,other,0.981534481048584
v4_int8_baseline,clean,test/other/cardboard387.jpg,other,paper,0.9868295788764954
v4_int8_baseline,clean,test/other/cardboard388.jpg,other,other,0.9925405383110046
v4_int8_baseline,clean,test/other/cardboard397.jpg,other,other,0.9741116166114807
v4_int8_baseline,clean,test/other/cardboard40.jpg,other,other,0.987044632434845
v4_int8_baseline,clean,test/other/cardboard401.jpg,other,other,0.9788888096809387
v4_int8_baseline,clean,test/other/cardboard44.jpg,other,other,0.9581906795501709
v4_int8_baseline,clean,test/other/cardboard51.jpg,other,other,0.9938317537307739
v4_int8_baseline,clean,test/other/cardboard57.jpg,other,other,0.9874715209007263
v4_int8_baseline,clean,test/other/cardboard63.jpg,other,paper,0.9739416241645813
v4_int8_baseline,clean,test/other/cardboard69.jpg,other,other,0.9296636581420898
v4_int8_baseline,clean,test/other/cardboard71.jpg,other,other,0.9879539012908936
v4_int8_baseline,clean,test/other/cardboard73.jpg,other,other,0.9930717349052429
v4_int8_baseline,clean,test/other/cardboard8.jpg,other,other,0.9585750102996826
v4_int8_baseline,clean,test/other/cardboard88.jpg,other,other,0.9972525238990784
v4_int8_baseline,clean,test/other/cardboard89.jpg,other,other,0.953669011592865
v4_int8_baseline,clean,test/other/cardboard9.jpg,other,other,0.9772650599479675
v4_int8_baseline,clean,test/other/cardboard92.jpg,other,other,0.9969934225082397
v4_int8_baseline,clean,test/other/cardboard98.jpg,other,other,0.980686604976654
v4_int8_baseline,clean,test/other/metal112.jpg,other,other,0.9849426746368408
v4_int8_baseline,clean,test/other/metal114.jpg,other,other,0.9996684789657593
v4_int8_baseline,clean,test/other/metal119.jpg,other,other,0.7437007427215576
v4_int8_baseline,clean,test/other/metal12.jpg,other,other,0.9717234969139099
v4_int8_baseline,clean,test/other/metal13.jpg,other,other,0.9736962914466858
v4_int8_baseline,clean,test/other/metal133.jpg,other,other,0.9954419136047363
v4_int8_baseline,clean,test/other/metal134.jpg,other,other,0.9619773626327515
v4_int8_baseline,clean,test/other/metal139.jpg,other,other,0.9497136473655701
v4_int8_baseline,clean,test/other/metal143.jpg,other,other,0.9967759251594543
v4_int8_baseline,clean,test/other/metal146.jpg,other,other,0.969552755355835
v4_int8_baseline,clean,test/other/metal157.jpg,other,organic,0.8730422258377075
v4_int8_baseline,clean,test/other/metal159.jpg,other,other,0.8401532173156738
v4_int8_baseline,clean,test/other/metal161.jpg,other,other,0.8983604907989502
v4_int8_baseline,clean,test/other/metal170.jpg,other,other,0.8571460247039795
v4_int8_baseline,clean,test/other/metal172.jpg,other,other,0.5580407381057739
v4_int8_baseline,clean,test/other/metal175.jpg,other,plastic,0.48639944195747375
v4_int8_baseline,clean,test/other/metal18.jpg,other,other,0.9232326149940491
v4_int8_baseline,clean,test/other/metal186.jpg,other,other,0.9947803020477295
v4_int8_baseline,clean,test/other/metal187.jpg,other,other,0.9330922961235046
v4_int8_baseline,clean,test/other/metal188.jpg,other,other,0.9659078121185303
v4_int8_baseline,clean,test/other/metal192.jpg,other,other,0.9958305954933167
v4_int8_baseline,clean,test/other/metal198.jpg,other,other,0.9775055050849915
v4_int8_baseline,clean,test/other/metal201.jpg,other,other,0.8755117058753967
v4_int8_baseline,clean,test/other/metal205.jpg,other,other,0.841844916343689
v4_int8_baseline,clean,test/other/metal209.jpg,other,other,0.8007152676582336
v4_int8_baseline,clean,test/other/metal217.jpg,other,other,0.9346886277198792
v4_int8_baseline,clean,test/other/metal239.jpg,other,other,0.9416012763977051
v4_int8_baseline,clean,test/other/metal24.jpg,other,other,0.8449814319610596
v4_int8_baseline,clean,test/other/metal246.jpg,other,other,0.9948721528053284
v4_int8_baseline,clean,test/other/metal247.jpg,other,other,0.8746997117996216
v4_int8_baseline,clean,test/other/metal248.jpg,other,other,0.9970965385437012
v4_int8_baseline,clean,test/other/metal249.jpg,other,other,0.9998960494995117
v4_int8_baseline,clean,test/other/metal258.jpg,other,other,0.9981344938278198
v4_int8_baseline,clean,test/other/metal261.jpg,other,other,0.8976420164108276
v4_int8_baseline,clean,test/other/metal263.jpg,other,other,0.8923240303993225
v4_int8_baseline,clean,test/other/metal269.jpg,other,other,0.9528582096099854
v4_int8_baseline,clean,test/other/metal27.jpg,other,other,0.8573621511459351
v4_int8_baseline,clean,test/other/metal275.jpg,other,other,0.9958778619766235
v4_int8_baseline,clean,test/other/metal292.jpg,other,other,0.9505494832992554
v4_int8_baseline,clean,test/other/metal296.jpg,other,other,0.8816870450973511
v4_int8_baseline,clean,test/other/metal317.jpg,other,other,0.8955565094947815
v4_int8_baseline,clean,test/other/metal324.jpg,other,other,0.9986166954040527
v4_int8_baseline,clean,test/other/metal325.jpg,other,other,0.9658926725387573
v4_int8_baseline,clean,test/other/metal328.jpg,other,other,0.9239380359649658
v4_int8_baseline,clean,test/other/metal33.jpg,other,other,0.9421664476394653
v4_int8_baseline,clean,test/other/metal341.jpg,other,other,0.9077492356300354
v4_int8_baseline,clean,test/other/metal344.jpg,other,other,0.9614688158035278
v4_int8_baseline,clean,test/other/metal350.jpg,other,other,0.9761185050010681
v4_int8_baseline,clean,test/other/metal355.jpg,other,other,0.9881141781806946
v4_int8_baseline,clean,test/other/metal364.jpg,other,other,0.9886882901191711
v4_int8_baseline,clean,test/other/metal370.jpg,other,other,0.9690274596214294
v4_int8_baseline,clean,test/other/metal387.jpg,other,other,0.9939321875572205
v4_int8_baseline,clean,test/other/metal389.jpg,other,other,0.9786204099655151
v4_int8_baseline,clean,test/other/metal393.jpg,other,other,0.8965632319450378
v4_int8_baseline,clean,test/other/metal394.jpg,other,other,0.9951578974723816
v4_int8_baseline,clean,test/other/metal395.jpg,other,other,0.6163711547851562
v4_int8_baseline,clean,test/other/metal403.jpg,other,other,0.9738774299621582
v4_int8_baseline,clean,test/other/metal48.jpg,other,other,0.5758715271949768
v4_int8_baseline,clean,test/other/metal50.jpg,other,other,0.7975051403045654
v4_int8_baseline,clean,test/other/metal52.jpg,other,other,0.9988534450531006
v4_int8_baseline,clean,test/other/metal62.jpg,other,other,0.9947276711463928
v4_int8_baseline,clean,test/other/metal65.jpg,other,other,0.9972353577613831
v4_int8_baseline,clean,test/other/metal68.jpg,other,other,0.9963713884353638
v4_int8_baseline,clean,test/other/metal77.jpg,other,other,0.9903053045272827
v4_int8_baseline,clean,test/other/metal80.jpg,other,plastic,0.5695492625236511
v4_int8_baseline,clean,test/other/metal84.jpg,other,other,0.9952157735824585
v4_int8_baseline,clean,test/other/metal87.jpg,other,other,0.9903393387794495
v4_int8_baseline,clean,test/other/metal99.jpg,other,other,0.9778355956077576
v4_int8_baseline,low_light,test/paper/paper104.jpg,paper,other,0.9930863380432129
v4_int8_baseline,low_light,test/paper/paper112.jpg,paper,other,0.9256325364112854
v4_int8_baseline,low_light,test/paper/paper113.jpg,paper,other,0.9955151677131653
v4_int8_baseline,low_light,test/paper/paper114.jpg,paper,other,0.9864259958267212
v4_int8_baseline,low_light,test/paper/paper12.jpg,paper,plastic,0.6281487941741943
v4_int8_baseline,low_light,test/paper/paper120.jpg,paper,paper,0.47909945249557495
v4_int8_baseline,low_light,test/paper/paper124.jpg,paper,plastic,0.9702346324920654
v4_int8_baseline,low_light,test/paper/paper125.jpg,paper,other,0.6212652325630188
v4_int8_baseline,low_light,test/paper/paper129.jpg,paper,other,0.9732421040534973
v4_int8_baseline,low_light,test/paper/paper13.jpg,paper,plastic,0.8045933842658997
v4_int8_baseline,low_light,test/paper/paper137.jpg,paper,plastic,0.8632579445838928
v4_int8_baseline,low_light,test/paper/paper143.jpg,paper,paper,0.4304574131965637
v4_int8_baseline,low_light,test/paper/paper149.jpg,paper,organic,0.7629242539405823
v4_int8_baseline,low_light,test/paper/paper161.jpg,paper,other,0.9684826135635376
v4_int8_baseline,low_light,test/paper/paper167.jpg,paper,other,0.9410436749458313
v4_int8_baseline,low_light,test/paper/paper169.jpg,paper,other,0.7622236609458923
v4_int8_baseline,low_light,test/paper/paper186.jpg,paper,other,0.7016685009002686
v4_int8_baseline,low_light,test/paper/paper188.jpg,paper,other,0.9986948370933533
v4_int8_baseline,low_light,test/paper/paper208.jpg,paper,other,0.9620655179023743
v4_int8_baseline,low_light,test/paper/paper209.jpg,paper,other,0.9950178265571594
v4_int8_baseline,low_light,test/paper/paper218.jpg,paper,other,0.9229096174240112
v4_int8_baseline,low_light,test/paper/paper219.jpg,paper,plastic,0.8761028051376343
v4_int8_baseline,low_light,test/paper/paper220.jpg,paper,plastic,0.5460639595985413
v4_int8_baseline,low_light,test/paper/paper225.jpg,paper,other,0.6212355494499207
v4_int8_baseline,low_light,test/paper/paper230.jpg,paper,paper,0.8126511573791504
v4_int8_baseline,low_light,test/paper/paper235.jpg,paper,other,0.915690004825592
v4_int8_baseline,low_light,test/paper/paper266.jpg,paper,other,0.9850119352340698
v4_int8_baseline,low_light,test/paper/paper269.jpg,paper,other,0.9218987226486206
v4_int8_baseline,low_light,test/paper/paper271.jpg,paper,plastic,0.5557894110679626
v4_int8_baseline,low_light,test/paper/paper273.jpg,paper,plastic,0.9551458954811096
v4_int8_baseline,low_light,test/paper/paper276.jpg,paper,organic,0.6888613700866699
v4_int8_baseline,low_light,test/paper/paper279.jpg,paper,plastic,0.32888635993003845
v4_int8_baseline,low_light,test/paper/paper282.jpg,paper,plastic,0.5228875279426575
v4_int8_baseline,low_light,test/paper/paper286.jpg,paper,other,0.9958382844924927
v4_int8_baseline,low_light,test/paper/paper289.jpg,paper,other,0.9941368103027344
v4_int8_baseline,low_light,test/paper/paper294.jpg,paper,paper,0.95574551820755
v4_int8_baseline,low_light,test/paper/paper3.jpg,paper,other,0.8446581959724426
v4_int8_baseline,low_light,test/paper/paper301.jpg,paper,plastic,0.5635684132575989
v4_int8_baseline,low_light,test/paper/paper303.jpg,paper,plastic,0.8904843330383301
v4_int8_baseline,low_light,test/paper/paper311.jpg,paper,other,0.9972570538520813
v4_int8_baseline,low_light,test/paper/paper319.jpg,paper,other,0.9733956456184387
v4_int8_baseline,low_light,test/paper/paper32.jpg,paper,plastic,0.33501917123794556
v4_int8_baseline,low_light,test/paper/paper346.jpg,paper,other,0.8053267598152161
v4_int8_baseline,low_light,test/paper/paper348.jpg,paper,other,0.919430673122406
v4_int8_baseline,low_light,test/paper/paper350.jpg,paper,paper,0.6217982172966003
v4_int8_baseline,low_light,test/paper/paper354.jpg,paper,plastic,0.5316118597984314
v4_int8_baseline,low_light,test/paper/paper356.jpg,paper,other,0.9285901784896851
v4_int8_baseline,low_light,test/paper/paper357.jpg,paper,plastic,0.6089766621589661
v4_int8_baseline,low_light,test/paper/paper361.jpg,paper,plastic,0.5198357105255127
v4_int8_baseline,low_light,test/paper/paper362.jpg,paper,other,0.7304101586341858
v4_int8_baseline,low_light,test/paper/paper368.jpg,paper,other,0.8569625020027161
v4_int8_baseline,low_light,test/paper/paper373.jpg,paper,paper,0.9162315130233765
v4_int8_baseline,low_light,test/paper/paper380.jpg,paper,other,0.9974236488342285
v4_int8_baseline,low_light,test/paper/paper381.jpg,paper,other,0.9732421636581421
v4_int8_baseline,low_light,test/paper/paper385.jpg,paper,paper,0.6284370422363281
v4_int8_baseline,low_light,test/paper/paper392.jpg,paper,other,0.9771531820297241
v4_int8_baseline,low_light,test/paper/paper396.jpg,paper,plastic,0.9014880657196045
v4_int8_baseline,low_light,test/paper/paper404.jpg,paper,plastic,0.9729287028312683
v4_int8_baseline,low_light,test/paper/paper405.jpg,paper,other,0.9543423056602478
v4_int8_baseline,low_light,test/paper/paper416.jpg,paper,paper,0.5662568211555481
v4_int8_baseline,low_light,test/paper/paper417.jpg,paper,other,0.6479142308235168
v4_int8_baseline,low_light,test/paper/paper422.jpg,paper,other,0.9584131836891174
v4_int8_baseline,low_light,test/paper/paper434.jpg,paper,plastic,0.8251307606697083
v4_int8_baseline,low_light,test/paper/paper444.jpg,paper,paper,0.9022115468978882
v4_int8_baseline,low_light,test/paper/paper450.jpg,paper,other,0.9947333335876465
v4_int8_baseline,low_light,test/paper/paper457.jpg,paper,other,0.9166101217269897
v4_int8_baseline,low_light,test/paper/paper460.jpg,paper,other,0.7881783843040466
v4_int8_baseline,low_light,test/paper/paper461.jpg,paper,other,0.3264821171760559
v4_int8_baseline,low_light,test/paper/paper462.jpg,paper,other,0.8534180521965027
v4_int8_baseline,low_light,test/paper/paper465.jpg,paper,other,0.8339192271232605
v4_int8_baseline,low_light,test/paper/paper474.jpg,paper,other,0.9143232107162476
v4_int8_baseline,low_light,test/paper/paper48.jpg,paper,other,0.8735564351081848
v4_int8_baseline,low_light,test/paper/paper495.jpg,paper,plastic,0.9762745499610901
v4_int8_baseline,low_light,test/paper/paper500.jpg,paper,other,0.5101698637008667
v4_int8_baseline,low_light,test/paper/paper502.jpg,paper,other,0.9658656716346741
v4_int8_baseline,low_light,test/paper/paper503.jpg,paper,other,0.589220404624939
v4_int8_baseline,low_light,test/paper/paper505.jpg,paper,paper,0.37395575642585754
v4_int8_baseline,low_light,test/paper/paper508.jpg,paper,paper,0.4340413510799408
v4_int8_baseline,low_light,test/paper/paper515.jpg,paper,plastic,0.7964680790901184
v4_int8_baseline,low_light,test/paper/paper525.jpg,paper,plastic,0.8197676539421082
v4_int8_baseline,low_light,test/paper/paper527.jpg,paper,other,0.9777487516403198
v4_int8_baseline,low_light,test/paper/paper53.jpg,paper,other,0.9670071601867676
v4_int8_baseline,low_light,test/paper/paper534.jpg,paper,other,0.8133538365364075
v4_int8_baseline,low_light,test/paper/paper537.jpg,paper,other,0.9703575372695923
v4_int8_baseline,low_light,test/paper/paper541.jpg,paper,other,0.8011780977249146
v4_int8_baseline,low_light,test/paper/paper542.jpg,paper,other,0.9840467572212219
v4_int8_baseline,low_light,test/paper/paper543.jpg,paper,other,0.9872764945030212
v4_int8_baseline,low_light,test/paper/paper547.jpg,paper,other,0.5107585191726685
v4_int8_baseline,low_light,test/paper/paper548.jpg,paper,other,0.8724003434181213
v4_int8_baseline,low_light,test/paper/paper55.jpg,paper,other,0.998857855796814
v4_int8_baseline,low_light,test/paper/paper557.jpg,paper,paper,0.7283545136451721
v4_int8_baseline,low_light,test/paper/paper558.jpg,paper,other,0.991276741027832
v4_int8_baseline,low_light,test/paper/paper563.jpg,paper,other,0.9943059086799622
v4_int8_baseline,low_light,test/paper/paper569.jpg,paper,other,0.9965761303901672
v4_int8_baseline,low_light,test/paper/paper570.jpg,paper,other,0.6127570271492004
v4_int8_baseline,low_light,test/paper/paper576.jpg,paper,paper,0.4669514000415802
v4_int8_baseline,low_light,test/paper/paper58.jpg,paper,other,0.5811291933059692
v4_int8_baseline,low_light,test/paper/paper586.jpg,paper,other,0.9489879012107849
v4_int8_baseline,low_light,test/paper/paper593.jpg,paper,other,0.7584425210952759
v4_int8_baseline,low_light,test/paper/paper6.jpg,paper,plastic,0.4335215985774994
v4_int8_baseline,low_light,test/paper/paper68.jpg,paper,other,0.9825763702392578
v4_int8_baseline,low_light,test/paper/paper69.jpg,paper,other,0.9342936873435974
v4_int8_baseline,low_light,test/paper/paper7.jpg,paper,other,0.8700788021087646
v4_int8_baseline,low_light,test/paper/paper70.jpg,paper,paper,0.5063419938087463
v4_int8_baseline,low_light,test/paper/paper77.jpg,paper,other,0.9958719611167908
v4_int8_baseline,low_light,test/paper/paper86.jpg,paper,other,0.9969260096549988
v4_int8_baseline,low_light,test/paper/paper94.jpg,paper,organic,0.7026698589324951
v4_int8_baseline,low_light,test/paper/paper97.jpg,paper,other,0.9961053729057312
v4_int8_baseline,low_light,test/plastic/plastic103.jpg,plastic,other,0.5340290069580078
v4_int8_baseline,low_light,test/plastic/plastic114.jpg,plastic,other,0.693697988986969
v4_int8_baseline,low_light,test/plastic/plastic122.jpg,plastic,other,0.5753051042556763
v4_int8_baseline,low_light,test/plastic/plastic125.jpg,plastic,other,0.9280867576599121
v4_int8_baseline,low_light,test/plastic/plastic126.jpg,plastic,other,0.45933645963668823
v4_int8_baseline,low_light,test/plastic/plastic132.jpg,plastic,other,0.9443833827972412
v4_int8_baseline,low_light,test/plastic/plastic138.jpg,plastic,paper,0.2922368049621582
v4_int8_baseline,low_light,test/plastic/plastic145.jpg,plastic,plastic,0.4669364094734192
v4_int8_baseline,low_light,test/plastic/plastic146.jpg,plastic,paper,0.6177196502685547
v4_int8_baseline,low_light,test/plastic/plastic152.jpg,plastic,organic,0.5758947730064392
v4_int8_baseline,low_light,test/plastic/plastic156.jpg,plastic,paper,0.6722493171691895
v4_int8_baseline,low_light,test/plastic/plastic159.jpg,plastic,other,0.904046356678009
v4_int8_baseline,low_light,test/plastic/plastic170.jpg,plastic,other,0.4267781674861908
v4_int8_baseline,low_light,test/plastic/plastic172.jpg,plastic,organic,0.9925852417945862
v4_int8_baseline,low_light,test/plastic/plastic177.jpg,plastic,plastic,0.49537840485572815
v4_int8_baseline,low_light,test/plastic/plastic187.jpg,plastic,other,0.965115487575531
v4_int8_baseline,low_light,test/plastic/plastic2.jpg,plastic,paper,0.920423686504364
v4_int8_baseline,low_light,test/plastic/plastic201.jpg,plastic,other,0.8756300210952759
v4_int8_baseline,low_light,test/plastic/plastic205.jpg,plastic,other,0.615187406539917
v4_int8_baseline,low_light,test/plastic/plastic207.jpg,plastic,plastic,0.6138434410095215
v4_int8_baseline,low_light,test/plastic/plastic21.jpg,plastic,other,0.46252915263175964
v4_int8_baseline,low_light,test/plastic/plastic214.jpg,plastic,plastic,0.8342529535293579
v4_int8_baseline,low_light,test/plastic/plastic217.jpg,plastic,plastic,0.7973670363426208
v4_int8_baseline,low_light,test/plastic/plastic226.jpg,plastic,plastic,0.6876818537712097
v4_int8_baseline,low_light,test/plastic/plastic227.jpg,plastic,plastic,0.5161985754966736
v4_int8_baseline,low_light,test/plastic/plastic242.jpg,plastic,plastic,0.9931643605232239
v4_int8_baseline,low_light,test/plastic/plastic251.jpg,plastic,plastic,0.8511003255844116
v4_int8_baseline,low_light,test/plastic/plastic252.jpg,plastic,plastic,0.9489326477050781
v4_int8_baseline,low_light,test/plastic/plastic253.jpg,plastic,plastic,0.9319193959236145
v4_int8_baseline,low_light,test/plastic/plastic260.jpg,plastic,other,0.7179436087608337
v4_int8_baseline,low_light,test/plastic/plastic264.jpg,plastic,other,0.9766092896461487
v4_int8_baseline,low_light,test/plastic/plastic265.jpg,plastic,plastic,0.630754828453064
v4_int8_baseline,low_light,test/plastic/plastic268.jpg,plastic,other,0.8210647106170654
v4_int8_baseline,low_light,test/plastic/plastic270.jpg,plastic,plastic,0.7867217659950256
v4_int8_baseline,low_light,test/plastic/plastic285.jpg,plastic,other,0.9732668995857239
v4_int8_baseline,low_light,test/plastic/plastic305.jpg,plastic,plastic,0.7894985675811768
v4_int8_baseline,low_light,test/plastic/plastic306.jpg,plastic,plastic,0.7167967557907104
v4_int8_baseline,low_light,test/plastic/plastic312.jpg,plastic,other,0.8312033414840698
v4_int8_baseline,low_light,test/plastic/plastic314.jpg,plastic,other,0.4305874705314636
v4_int8_baseline,low_light,test/plastic/plastic315.jpg,plastic,other,0.4203731417655945
v4_int8_baseline,low_light,test/plastic/plastic317.jpg,plastic,plastic,0.9047853350639343
v4_int8_baseline,low_light,test/plastic/plastic32.jpg,plastic,other,0.7834608554840088
v4_int8_baseline,low_light,test/plastic/plastic328.jpg,plastic,other,0.7377358078956604
v4_int8_baseline,low_light,test/plastic/plastic348.jpg,plastic,plastic,0.439263254404068
v4_int8_baseline,low_light,test/plastic/plastic349.jpg,plastic,plastic,0.7900228500366211
v4_int8_baseline,low_light,test/plastic/plastic372.jpg,plastic,plastic,0.689217746257782
v4_int8_baseline,low_light,test/plastic/plastic374.jpg,plastic,other,0.9597871899604797
v4_int8_baseline,low_light,test/plastic/plastic379.jpg,plastic,other,0.6478705406188965
v4_int8_baseline,low_light,test/plastic/plastic383.jpg,plastic,organic,0.4672981798648834
v4_int8_baseline,low_light,test/plastic/plastic388.jpg,plastic,plastic,0.8324188590049744
v4_int8_baseline,low_light,test/plastic/plastic39.jpg,plastic,plastic,0.9845206141471863
v4_int8_baseline,low_light,test/plastic/plastic390.jpg,plastic,plastic,0.5864300727844238
v4_int8_baseline,low_light,test/plastic/plastic398.jpg,plastic,plastic,0.9345762729644775
v4_int8_baseline,low_light,test/plastic/plastic399.jpg,plastic,plastic,0.6317931413650513
v4_int8_baseline,low_light,test/plastic/plastic405.jpg,plastic,plastic,0.9911819696426392
v4_int8_baseline,low_light,test/plastic/plastic411.jpg,plastic,other,0.6491807103157043
v4_int8_baseline,low_light,test/plastic/plastic420.jpg,plastic,other,0.4886299967765808
v4_int8_baseline,low_light,test/plastic/plastic423.jpg,plastic,plastic,0.855289876461029
v4_int8_baseline,low_light,test/plastic/plastic426.jpg,plastic,plastic,0.9458595514297485
v4_int8_baseline,low_light,test/plastic/plastic434.jpg,plastic,plastic,0.917923092842102
v4_int8_baseline,low_light,test/plastic/plastic438.jpg,plastic,organic,0.42471104860305786
v4_int8_baseline,low_light,test/plastic/plastic465.jpg,plastic,other,0.5765498280525208
v4_int8_baseline,low_light,test/plastic/plastic473.jpg,plastic,plastic,0.8045933842658997
v4_int8_baseline,low_light,test/plastic/plastic49.jpg,plastic,other,0.5232208371162415
v4_int8_baseline,low_light,test/plastic/plastic64.jpg,plastic,other,0.7228509187698364
v4_int8_baseline,low_light,test/plastic/plastic66.jpg,plastic,plastic,0.9824911952018738
v4_int8_baseline,low_light,test/plastic/plastic67.jpg,plastic,plastic,0.9357647895812988
v4_int8_baseline,low_light,test/plastic/plastic79.jpg,plastic,other,0.9665749073028564
v4_int8_baseline,low_light,test/plastic/plastic80.jpg,plastic,other,0.5584465861320496
v4_int8_baseline,low_light,test/plastic/plastic82.jpg,plastic,plastic,0.7687439918518066
v4_int8_baseline,low_light,test/plastic/plastic84.jpg,plastic,other,0.780841052532196
v4_int8_baseline,low_light,test/plastic/plastic93.jpg,plastic,other,0.6560689806938171
v4_int8_baseline,low_light,test/plastic/plastic98.jpg,plastic,other,0.7621408104896545
v4_int8_baseline,low_light,test/plastic/plastic99.jpg,plastic,plastic,0.7965182065963745
v4_int8_baseline,low_light,test/organic/organic_0001.jpg,organic,other,0.9825757741928101
v4_int8_baseline,low_light,test/organic/organic_0002.jpg,organic,other,0.8376042246818542
v4_int8_baseline,low_light,test/organic/organic_0003.jpg,organic,other,0.9007810354232788
v4_int8_baseline,low_light,test/organic/organic_0004.jpg,organic,other,0.987632155418396
v4_int8_baseline,low_light,test/organic/organic_0005.jpg,organic,other,0.9984548091888428
v4_int8_baseline,low_light,test/organic/organic_0006.jpg,organic,other,0.9950432777404785
v4_int8_baseline,low_light,test/organic/organic_0007.jpg,organic,other,0.9990285634994507
v4_int8_baseline,low_light,test/organic/organic_0008.jpg,organic,other,0.9852168560028076
v4_int8_baseline,low_light,test/organic/organic_0009.jpg,organic,other,0.9921562671661377
v4_int8_baseline,low_light,test/organic/organic_0010.jpg,organic,other,0.9437901377677917
v4_int8_baseline,low_light,test/organic/organic_0011.jpg,organic,other,0.9713268876075745
v4_int8_baseline,low_light,test/organic/organic_0012.jpg,organic,other,0.9813873767852783
v4_int8_baseline,low_light,test/organic/organic_0013.jpg,organic,other,0.9957751631736755
v4_int8_baseline,low_light,test/organic/organic_0014.jpg,organic,other,0.896115243434906
v4_int8_baseline,low_light,test/organic/organic_0015.jpg,organic,other,0.9986680746078491
v4_int8_baseline,low_light,test/organic/organic_0016.jpg,organic,other,0.971347987651825
v4_int8_baseline,low_light,test/organic/organic_0017.jpg,organic,other,0.9933596253395081
v4_int8_baseline,low_light,test/organic/organic_0018.jpg,organic,other,0.9270097613334656
v4_int8_baseline,low_light,test/organic/organic_0019.jpg,organic,other,0.9058302044868469
v4_int8_baseline,low_light,test/organic/organic_0020.jpg,organic,other,0.9949511289596558
v4_int8_baseline,low_light,test/organic/organic_0021.jpg,organic,other,0.9854147434234619
v4_int8_baseline,low_light,test/organic/organic_0022.jpg,organic,other,0.9436343908309937
v4_int8_baseline,low_light,test/organic/organic_0023.jpg,organic,other,0.9961662292480469
v4_int8_baseline,low_light,test/organic/organic_0024.jpg,organic,other,0.7308818101882935
v4_int8_baseline,low_light,test/organic/organic_0025.jpg,organic,other,0.9939358830451965
v4_int8_baseline,low_light,test/organic/organic_0026.jpg,organic,other,0.9866093993186951
v4_int8_baseline,low_light,test/organic/organic_0027.jpg,organic,other,0.9937148690223694
v4_int8_baseline,low_light,test/organic/organic_0028.jpg,organic,other,0.9936597943305969
v4_int8_baseline,low_light,test/organic/organic_0029.jpg,organic,other,0.6299082636833191
v4_int8_baseline,low_light,test/organic/organic_0030.jpg,organic,other,0.9962892532348633
v4_int8_baseline,low_light,test/organic/organic_0031.jpg,organic,other,0.9745442867279053
v4_int8_baseline,low_light,test/organic/organic_0032.jpg,organic,other,0.9935175180435181
v4_int8_baseline,low_light,test/organic/organic_0033.jpg,organic,other,0.9949368238449097
v4_int8_baseline,low_light,test/organic/organic_0034.jpg,organic,other,0.9856798648834229
v4_int8_baseline,low_light,test/organic/organic_0035.jpg,organic,other,0.9837368130683899
v4_int8_baseline,low_light,test/organic/organic_0036.jpg,organic,other,0.9952980875968933
v4_int8_baseline,low_light,test/organic/organic_0037.jpg,organic,other,0.9908926486968994
v4_int8_baseline,low_light,test/organic/organic_0038.jpg,organic,other,0.9444855451583862
v4_int8_baseline,low_light,test/organic/organic_0039.jpg,organic,other,0.9793753027915955
v4_int8_baseline,low_light,test/organic/organic_0040.jpg,organic,other,0.9046759009361267
v4_int8_baseline,low_light,test/organic/organic_0041.jpg,organic,other,0.9898353219032288
v4_int8_baseline,low_light,test/organic/organic_0042.jpg,organic,other,0.9654077887535095
v4_int8_baseline,low_light,test/organic/organic_0043.jpg,organic,other,0.7256829738616943
v4_int8_baseline,low_light,test/organic/organic_0044.jpg,organic,other,0.9836367964744568
v4_int8_baseline,low_light,test/organic/organic_0045.jpg,organic,other,0.9959327578544617
v4_int8_baseline,low_light,test/organic/organic_0046.jpg,organic,other,0.9873865246772766
v4_int8_baseline,low_light,test/organic/organic_0047.jpg,organic,other,0.9978659749031067
v4_int8_baseline,low_light,test/organic/organic_0048.jpg,organic,other,0.9984732270240784
v4_int8_baseline,low_light,test/organic/organic_0049.jpg,organic,other,0.9798964262008667
v4_int8_baseline,low_light,test/organic/organic_0050.jpg,organic,other,0.9812161326408386
v4_int8_baseline,low_light,test/organic/organic_0051.jpg,organic,other,0.8423327207565308
v4_int8_baseline,low_light,test/organic/organic_0052.jpg,organic,other,0.9986372590065002
v4_int8_baseline,low_light,test/organic/organic_0053.jpg,organic,other,0.8881340026855469
v4_int8_baseline,low_light,test/organic/organic_0054.jpg,organic,other,0.9711179137229919
v4_int8_baseline,low_light,test/organic/organic_0055.jpg,organic,other,0.972159743309021
v4_int8_baseline,low_light,test/organic/organic_0056.jpg,organic,other,0.9865386486053467
v4_int8_baseline,low_light,test/organic/organic_0057.jpg,organic,other,0.9986975193023682
v4_int8_baseline,low_light,test/organic/organic_0058.jpg,organic,other,0.9880722761154175
v4_int8_baseline,low_light,test/organic/organic_0059.jpg,organic,other,0.9797313809394836
v4_int8_baseline,low_light,test/organic/organic_0060.jpg,organic,other,0.9970288872718811
v4_int8_baseline,low_light,test/organic/organic_0061.jpg,organic,other,0.9896606206893921
v4_int8_baseline,low_light,test/organic/organic_0062.jpg,organic,other,0.9586228728294373
v4_int8_baseline,low_light,test/organic/organic_0063.jpg,organic,other,0.988781213760376
v4_int8_baseline,low_light,test/organic/organic_0064.jpg,organic,other,0.895134687423706
v4_int8_baseline,low_light,test/organic/organic_0065.jpg,organic,other,0.9886882901191711
v4_int8_baseline,low_light,test/organic/organic_0066.jpg,organic,other,0.9694618582725525
v4_int8_baseline,low_light,test/organic/organic_0067.jpg,organic,organic,0.8052746653556824
v4_int8_baseline,low_light,test/organic/organic_0068.jpg,organic,other,0.9796158075332642
v4_int8_baseline,low_light,test/organic/organic_0069.jpg,organic,other,0.9774133563041687
v4_int8_baseline,low_light,test/organic/organic_0070.jpg,organic,other,0.9494309425354004
v4_int8_baseline,low_light,test/organic/organic_0071.jpg,organic,other,0.988386332988739
v4_int8_baseline,low_light,test/organic/organic_0072.jpg,organic,other,0.9933590292930603
v4_int8_baseline,low_light,test/organic/organic_0073.jpg,organic,other,0.989447832107544
v4_int8_baseline,low_light,test/organic/organic_0074.jpg,organic,other,0.9997109770774841
v4_int8_baseline,low_light,test/other/cardboard105.jpg,other,other,0.9751834273338318
v4_int8_baseline,low_light,test/other/cardboard115.jpg,other,other,0.9588596820831299
v4_int8_baseline,low_light,test/other/cardboard121.jpg,other,organic,0.9456388354301453
v4_int8_baseline,low_light,test/other/cardboard125.jpg,other,other,0.7626484036445618
v4_int8_baseline,low_light,test/other/cardboard128.jpg,other,other,0.481814444065094
v4_int8_baseline,low_light,test/other/cardboard160.jpg,other,other,0.944758415222168
v4_int8_baseline,low_light,test/other/cardboard162.jpg,other,other,0.847957193851471
v4_int8_baseline,low_light,test/other/cardboard175.jpg,other,other,0.9919424057006836
v4_int8_baseline,low_light,test/other/cardboard18.jpg,other,other,0.9651197791099548
v4_int8_baseline,low_light,test/other/cardboard184.jpg,other,other,0.8826391696929932
v4_int8_baseline,low_light,test/other/cardboard19.jpg,other,other,0.973764955997467
v4_int8_baseline,low_light,test/other/cardboard190.jpg,other,other,0.9971875548362732
v4_int8_baseline,low_light,test/other/cardboard2.jpg,other,other,0.8880712389945984
v4_int8_baseline,low_light,test/other/cardboard208.jpg,other,other,0.9077774286270142
v4_int8_baseline,low_light,test/other/cardboard210.jpg,other,other,0.961693286895752
v4_int8_baseline,low_light,test/other/cardboard213.jpg,other,other,0.8092225193977356
v4_int8_baseline,low_light,test/other/cardboard214.jpg,other,other,0.5857366919517517
v4_int8_baseline,low_light,test/other/cardboard216.jpg,other,other,0.73912513256073
v4_int8_baseline,low_light,test/other/cardboard218.jpg,other,other,0.8319860100746155
v4_int8_baseline,low_light,test/other/cardboard222.jpg,other,other,0.9622652530670166
v4_int8_baseline,low_light,test/other/cardboard231.jpg,other,other,0.9704774618148804
v4_int8_baseline,low_light,test/other/cardboard239.jpg,other,other,0.9914036393165588
v4_int8_baseline,low_light,test/other/cardboard248.jpg,other,other,0.7685499787330627
v4_int8_baseline,low_light,test/other/cardboard252.jpg,other,other,0.9575304985046387
v4_int8_baseline,low_light,test/other/cardboard259.jpg,other,other,0.9812126755714417
v4_int8_baseline,low_light,test/other/cardboard260.jpg,other,other,0.9824361801147461
v4_int8_baseline,low_light,test/other/cardboard261.jpg,other,other,0.9543919563293457
v4_int8_baseline,low_light,test/other/cardboard266.jpg,other,other,0.9530045390129089
v4_int8_baseline,low_light,test/other/cardboard274.jpg,other,paper,0.8506532311439514
v4_int8_baseline,low_light,test/other/cardboard276.jpg,other,other,0.9989920258522034
v4_int8_baseline,low_light,test/other/cardboard286.jpg,other,other,0.994600772857666
v4_int8_baseline,low_light,test/other/cardboard289.jpg,other,other,0.9804731607437134
v4_int8_baseline,low_light,test/other/cardboard290.jpg,other,other,0.930754542350769
v4_int8_baseline,low_light,test/other/cardboard293.jpg,other,other,0.9790050983428955
v4_int8_baseline,low_light,test/other/cardboard299.jpg,other,other,0.9860146045684814
v4_int8_baseline,low_light,test/other/cardboard304.jpg,other,other,0.967036247253418
v4_int8_baseline,low_light,test/other/cardboard308.jpg,other,other,0.973427951335907
v4_int8_baseline,low_light,test/other/cardboard31.jpg,other,other,0.9808136820793152
v4_int8_baseline,low_light,test/other/cardboard310.jpg,other,other,0.9769200086593628
v4_int8_baseline,low_light,test/other/cardboard312.jpg,other,other,0.9865673780441284
v4_int8_baseline,low_light,test/other/cardboard313.jpg,other,other,0.9863767027854919
v4_int8_baseline,low_light,test/other/cardboard314.jpg,other,other,0.9611064195632935
v4_int8_baseline,low_light,test/other/cardboard321.jpg,other,other,0.9510850310325623
v4_int8_baseline,low_light,test/other/cardboard323.jpg,other,other,0.9408112168312073
v4_int8_baseline,low_light,test/other/cardboard332.jpg,other,other,0.9545682072639465
v4_int8_baseline,low_light,test/other/cardboard334.jpg,other,other,0.9664090275764465
v4_int8_baseline,low_light,test/other/cardboard34.jpg,other,other,0.969779908657074
v4_int8_baseline,low_light,test/other/cardboard356.jpg,other,other,0.9434437155723572
v4_int8_baseline,low_light,test/other/cardboard363.jpg,other,other,0.9986085295677185
v4_int8_baseline,low_light,test/other/cardboard372.jpg,other,other,0.9709012508392334
v4_int8_baseline,low_light,test/other/cardboard383.jpg,other,other,0.9094274640083313
v4_int8_baseline,low_light,test/other/cardboard384.jpg,other,other,0.9373831152915955
v4_int8_baseline,low_light,test/other/cardboard387.jpg,other,paper,0.6808090209960938
v4_int8_baseline,low_light,test/other/cardboard388.jpg,other,other,0.989234447479248
v4_int8_baseline,low_light,test/other/cardboard397.jpg,other,other,0.979860246181488
v4_int8_baseline,low_light,test/other/cardboard40.jpg,other,other,0.9635428786277771
v4_int8_baseline,low_light,test/other/cardboard401.jpg,other,other,0.9601278305053711
v4_int8_baseline,low_light,test/other/cardboard44.jpg,other,other,0.9514279365539551
v4_int8_baseline,low_light,test/other/cardboard51.jpg,other,other,0.9786898493766785
v4_int8_baseline,low_light,test/other/cardboard57.jpg,other,other,0.9869595170021057
v4_int8_baseline,low_light,test/other/cardboard63.jpg,other,plastic,0.6956589221954346
v4_int8_baseline,low_light,test/other/cardboard69.jpg,other,other,0.8711797595024109
v4_int8_baseline,low_light,test/other/cardboard71.jpg,other,other,0.9828881025314331
v4_int8_baseline,low_light,test/other/cardboard73.jpg,other,other,0.9839233756065369
v4_int8_baseline,low_light,test/other/cardboard8.jpg,other,other,0.9261728525161743
v4_int8_baseline,low_light,test/other/cardboard88.jpg,other,other,0.9966306090354919
v4_int8_baseline,low_light,test/other/cardboard89.jpg,other,other,0.9383271336555481
v4_int8_baseline,low_light,test/other/cardboard9.jpg,other,other,0.9907646179199219
v4_int8_baseline,low_light,test/other/cardboard92.jpg,other,other,0.9899369478225708
v4_int8_baseline,low_light,test/other/cardboard98.jpg,other,other,0.953096330165863
v4_int8_baseline,low_light,test/other/metal112.jpg,other,other,0.9471932053565979
v4_int8_baseline,low_light,test/other/metal114.jpg,other,other,0.9997739195823669
v4_int8_baseline,low_light,test/other/metal119.jpg,other,other,0.5379942655563354
v4_int8_baseline,low_light,test/other/metal12.jpg,other,other,0.4920448064804077
v4_int8_baseline,low_light,test/other/metal13.jpg,other,other,0.8831546902656555
v4_int8_baseline,low_light,test/other/metal133.jpg,other,other,0.9757838845252991
v4_int8_baseline,low_light,test/other/metal134.jpg,other,other,0.8705607056617737
v4_int8_baseline,low_light,test/other/metal139.jpg,other,other,0.8707036375999451
v4_int8_baseline,low_light,test/other/metal143.jpg,other,other,0.981056272983551
v4_int8_baseline,low_light,test/other/metal146.jpg,other,other,0.9334900975227356
v4_int8_baseline,low_light,test/other/metal157.jpg,other,organic,0.8205603957176208
v4_int8_baseline,low_light,test/other/metal159.jpg,other,organic,0.5496079921722412
v4_int8_baseline,low_light,test/other/metal161.jpg,other,other,0.7372769117355347
v4_int8_baseline,low_light,test/other/metal170.jpg,other,organic,0.3596309721469879
v4_int8_baseline,low_light,test/other/metal172.jpg,other,other,0.7896249890327454
v4_int8_baseline,low_light,test/other/metal175.jpg,other,organic,0.42048534750938416
v4_int8_baseline,low_light,test/other/metal18.jpg,other,plastic,0.5356842875480652
v4_int8_baseline,low_light,test/other/metal186.jpg,other,other,0.9897572994232178
v4_int8_baseline,low_light,test/other/metal187.jpg,other,other,0.4394795000553131
v4_int8_baseline,low_light,test/other/metal188.jpg,other,other,0.7737590074539185
v4_int8_baseline,low_light,test/other/metal192.jpg,other,other,0.9947293400764465
v4_int8_baseline,low_light,test/other/metal198.jpg,other,other,0.8319950103759766
v4_int8_baseline,low_light,test/other/metal201.jpg,other,other,0.6221959590911865
v4_int8_baseline,low_light,test/other/metal205.jpg,other,organic,0.5154963731765747
v4_int8_baseline,low_light,test/other/metal209.jpg,other,organic,0.47665783762931824
v4_int8_baseline,low_light,test/other/metal217.jpg,other,other,0.4828270375728607
v4_int8_baseline,low_light,test/other/metal239.jpg,other,other,0.9476703405380249
v4_int8_baseline,low_light,test/other/metal24.jpg,other,other,0.9510630369186401
v4_int8_baseline,low_light,test/other/metal246.jpg,other,other,0.9188875555992126
v4_int8_baseline,low_light,test/other/metal247.jpg,other,other,0.6574994325637817
v4_int8_baseline,low_light,test/other/metal248.jpg,other,other,0.9814923405647278
v4_int8_baseline,low_light,test/other/metal249.jpg,other,other,0.999785840511322
v4_int8_baseline,low_light,test/other/metal258.jpg,other,other,0.9978443384170532
v4_int8_baseline,low_light,test/other/metal261.jpg,other,other,0.9255039095878601
v4_int8_baseline,low_light,test/other/metal263.jpg,other,other,0.8538925647735596
v4_int8_baseline,low_light,test/other/metal269.jpg,other,other,0.9408398270606995
v4_int8_baseline,low_light,test/other/metal27.jpg,other,other,0.871708869934082
v4_int8_baseline,low_light,test/other/metal275.jpg,other,other,0.8760836720466614
v4_int8_baseline,low_light,test/other/metal292.jpg,other,other,0.9361332654953003
v4_int8_baseline,low_light,test/other/metal296.jpg,other,other,0.5332350730895996
v4_int8_baseline,low_light,test/other/metal317.jpg,other,other,0.6293837428092957
v4_int8_baseline,low_light,test/other/metal324.jpg,other,other,0.9944806098937988
v4_int8_baseline,low_light,test/other/metal325.jpg,other,other,0.9198846817016602
v4_int8_baseline,low_light,test/other/metal328.jpg,other,other,0.9263281226158142
v4_int8_baseline,low_light,test/other/metal33.jpg,other,other,0.8434828519821167
v4_int8_baseline,low_light,test/other/metal341.jpg,other,other,0.7070576548576355
v4_int8_baseline,low_light,test/other/metal344.jpg,other,other,0.9569342136383057
v4_int8_baseline,low_light,test/other/metal350.jpg,other,other,0.9300143122673035
v4_int8_baseline,low_light,test/other/metal355.jpg,other,other,0.906964123249054
v4_int8_baseline,low_light,test/other/metal364.jpg,other,other,0.9730696678161621
v4_int8_baseline,low_light,test/other/metal370.jpg,other,other,0.9274482727050781
v4_int8_baseline,low_light,test/other/metal387.jpg,other,other,0.9854265451431274
v4_int8_baseline,low_light,test/other/metal389.jpg,other,other,0.9719370603561401
v4_int8_baseline,low_light,test/other/metal393.jpg,other,other,0.7501333951950073
v4_int8_baseline,low_light,test/other/metal394.jpg,other,other,0.9877170920372009
v4_int8_baseline,low_light,test/other/metal395.jpg,other,organic,0.5000179409980774
v4_int8_baseline,low_light,test/other/metal403.jpg,other,other,0.9521510601043701
v4_int8_baseline,low_light,test/other/metal48.jpg,other,other,0.7435216903686523
v4_int8_baseline,low_light,test/other/metal50.jpg,other,other,0.9086417555809021
v4_int8_baseline,low_light,test/other/metal52.jpg,other,other,0.9989965558052063
v4_int8_baseline,low_light,test/other/metal62.jpg,other,other,0.8168491125106812
v4_int8_baseline,low_light,test/other/metal65.jpg,other,other,0.9839104413986206
v4_int8_baseline,low_light,test/other/metal68.jpg,other,other,0.9191328287124634
v4_int8_baseline,low_light,test/other/metal77.jpg,other,other,0.9812784790992737
v4_int8_baseline,low_light,test/other/metal80.jpg,other,other,0.6699466109275818
v4_int8_baseline,low_light,test/other/metal84.jpg,other,other,0.9859522581100464
v4_int8_baseline,low_light,test/other/metal87.jpg,other,other,0.9732349514961243
v4_int8_baseline,low_light,test/other/metal99.jpg,other,other,0.949325680732727
v4_int8_baseline,overexposed,test/paper/paper104.jpg,paper,other,0.9701375961303711
v4_int8_baseline,overexposed,test/paper/paper112.jpg,paper,other,0.7613215446472168
v4_int8_baseline,overexposed,test/paper/paper113.jpg,paper,other,0.996975302696228
v4_int8_baseline,overexposed,test/paper/paper114.jpg,paper,other,0.942030668258667
v4_int8_baseline,overexposed,test/paper/paper12.jpg,paper,other,0.8703211545944214
v4_int8_baseline,overexposed,test/paper/paper120.jpg,paper,paper,0.9385831952095032
v4_int8_baseline,overexposed,test/paper/paper124.jpg,paper,paper,0.8834890127182007
v4_int8_baseline,overexposed,test/paper/paper125.jpg,paper,other,0.7741326093673706
v4_int8_baseline,overexposed,test/paper/paper129.jpg,paper,other,0.9871575236320496
v4_int8_baseline,overexposed,test/paper/paper13.jpg,paper,paper,0.719415545463562
v4_int8_baseline,overexposed,test/paper/paper137.jpg,paper,paper,0.5693228244781494
v4_int8_baseline,overexposed,test/paper/paper143.jpg,paper,paper,0.8825029730796814
v4_int8_baseline,overexposed,test/paper/paper149.jpg,paper,paper,0.67057204246521
v4_int8_baseline,overexposed,test/paper/paper161.jpg,paper,other,0.9573215842247009
v4_int8_baseline,overexposed,test/paper/paper167.jpg,paper,other,0.9929637312889099
v4_int8_baseline,overexposed,test/paper/paper169.jpg,paper,paper,0.9576250910758972
v4_int8_baseline,overexposed,test/paper/paper186.jpg,paper,other,0.9812992215156555
v4_int8_baseline,overexposed,test/paper/paper188.jpg,paper,other,0.9653413891792297
v4_int8_baseline,overexposed,test/paper/paper208.jpg,paper,other,0.9777123928070068
v4_int8_baseline,overexposed,test/paper/paper209.jpg,paper,other,0.9982315897941589
v4_int8_baseline,overexposed,test/paper/paper218.jpg,paper,other,0.9053942561149597
v4_int8_baseline,overexposed,test/paper/paper219.jpg,paper,paper,0.9018905758857727
v4_int8_baseline,overexposed,test/paper/paper220.jpg,paper,plastic,0.5878387093544006
v4_int8_baseline,overexposed,test/paper/paper225.jpg,paper,other,0.9573517441749573
v4_int8_baseline,overexposed,test/paper/paper230.jpg,paper,paper,0.8307239413261414
v4_int8_baseline,overexposed,test/paper/paper235.jpg,paper,other,0.8747566938400269
v4_int8_baseline,overexposed,test/paper/paper266.jpg,paper,other,0.8738523125648499
v4_int8_baseline,overexposed,test/paper/paper269.jpg,paper,other,0.6104173064231873
v4_int8_baseline,overexposed,test/paper/paper271.jpg,paper,plastic,0.6455773115158081
v4_int8_baseline,overexposed,test/paper/paper273.jpg,paper,plastic,0.46968668699264526
v4_int8_baseline,overexposed,test/paper/paper276.jpg,paper,other,0.8247568011283875
v4_int8_baseline,overexposed,test/paper/paper279.jpg,paper,paper,0.8079533576965332
v4_int8_baseline,overexposed,test/paper/paper282.jpg,paper,paper,0.7707984447479248
v4_int8_baseline,overexposed,test/paper/paper286.jpg,paper,other,0.9932884573936462
v4_int8_baseline,overexposed,test/paper/paper289.jpg,paper,other,0.995684027671814
v4_int8_baseline,overexposed,test/paper/paper294.jpg,paper,paper,0.9696328639984131
v4_int8_baseline,overexposed,test/paper/paper3.jpg,paper,plastic,0.6131076216697693
v4_int8_baseline,overexposed,test/paper/paper301.jpg,paper,other,0.5350126028060913
v4_int8_baseline,overexposed,test/paper/paper303.jpg,paper,paper,0.6762128472328186
v4_int8_baseline,overexposed,test/paper/paper311.jpg,paper,other,0.994548499584198
v4_int8_baseline,overexposed,test/paper/paper319.jpg,paper,other,0.9649596214294434
v4_int8_baseline,overexposed,test/paper/paper32.jpg,paper,paper,0.4763917624950409
v4_int8_baseline,overexposed,test/paper/paper346.jpg,paper,other,0.8981924057006836
v4_int8_baseline,overexposed,test/paper/paper348.jpg,paper,other,0.8526946902275085
v4_int8_baseline,overexposed,test/paper/paper350.jpg,paper,paper,0.970805823802948
v4_int8_baseline,overexposed,test/paper/paper354.jpg,paper,paper,0.7822261452674866
v4_int8_baseline,overexposed,test/paper/paper356.jpg,paper,other,0.9320641160011292
v4_int8_baseline,overexposed,test/paper/paper357.jpg,paper,paper,0.824553370475769
v4_int8_baseline,overexposed,test/paper/paper361.jpg,paper,paper,0.8053915500640869
v4_int8_baseline,overexposed,test/paper/paper362.jpg,paper,other,0.6269282102584839
v4_int8_baseline,overexposed,test/paper/paper368.jpg,paper,paper,0.7830731868743896
v4_int8_baseline,overexposed,test/paper/paper373.jpg,paper,paper,0.9479416012763977
v4_int8_baseline,overexposed,test/paper/paper380.jpg,paper,other,0.9930358529090881
v4_int8_baseline,overexposed,test/paper/paper381.jpg,paper,other,0.6127581000328064
v4_int8_baseline,overexposed,test/paper/paper385.jpg,paper,paper,0.965919017791748
v4_int8_baseline,overexposed,test/paper/paper392.jpg,paper,other,0.9927963614463806
v4_int8_baseline,overexposed,test/paper/paper396.jpg,paper,paper,0.526145339012146
v4_int8_baseline,overexposed,test/paper/paper404.jpg,paper,plastic,0.4574277400970459
v4_int8_baseline,overexposed,test/paper/paper405.jpg,paper,other,0.9896188378334045
v4_int8_baseline,overexposed,test/paper/paper416.jpg,paper,paper,0.8975200057029724
v4_int8_baseline,overexposed,test/paper/paper417.jpg,paper,other,0.7287111282348633
v4_int8_baseline,overexposed,test/paper/paper422.jpg,paper,other,0.9533373713493347
v4_int8_baseline,overexposed,test/paper/paper434.jpg,paper,plastic,0.6028869152069092
v4_int8_baseline,overexposed,test/paper/paper444.jpg,paper,paper,0.9556944370269775
v4_int8_baseline,overexposed,test/paper/paper450.jpg,paper,other,0.9974700212478638
v4_int8_baseline,overexposed,test/paper/paper457.jpg,paper,other,0.9923011064529419
v4_int8_baseline,overexposed,test/paper/paper460.jpg,paper,other,0.8419350981712341
v4_int8_baseline,overexposed,test/paper/paper461.jpg,paper,other,0.4196861684322357
v4_int8_baseline,overexposed,test/paper/paper462.jpg,paper,plastic,0.9747308492660522
v4_int8_baseline,overexposed,test/paper/paper465.jpg,paper,other,0.96584552526474
v4_int8_baseline,overexposed,test/paper/paper474.jpg,paper,other,0.8792185187339783
v4_int8_baseline,overexposed,test/paper/paper48.jpg,paper,other,0.9722191095352173
v4_int8_baseline,overexposed,test/paper/paper495.jpg,paper,paper,0.6641557812690735
v4_int8_baseline,overexposed,test/paper/paper500.jpg,paper,plastic,0.7500591278076172
v4_int8_baseline,overexposed,test/paper/paper502.jpg,paper,other,0.979884147644043
v4_int8_baseline,overexposed,test/paper/paper503.jpg,paper,paper,0.8044175505638123
v4_int8_baseline,overexposed,test/paper/paper505.jpg,paper,paper,0.9313312768936157
v4_int8_baseline,overexposed,test/paper/paper508.jpg,paper,paper,0.734623372554779
v4_int8_baseline,overexposed,test/paper/paper515.jpg,paper,paper,0.4057486355304718
v4_int8_baseline,overexposed,test/paper/paper525.jpg,paper,paper,0.46934401988983154
v4_int8_baseline,overexposed,test/paper/paper527.jpg,paper,other,0.8749799728393555
v4_int8_baseline,overexposed,test/paper/paper53.jpg,paper,other,0.9296557307243347
v4_int8_baseline,overexposed,test/paper/paper534.jpg,paper,other,0.9378543496131897
v4_int8_baseline,overexposed,test/paper/paper537.jpg,paper,other,0.9378148913383484
v4_int8_baseline,overexposed,test/paper/paper541.jpg,paper,other,0.9709253907203674
v4_int8_baseline,overexposed,test/paper/paper542.jpg,paper,other,0.948409378528595
v4_int8_baseline,overexposed,test/paper/paper543.jpg,paper,other,0.9814684391021729
v4_int8_baseline,overexposed,test/paper/paper547.jpg,paper,other,0.8696029782295227
v4_int8_baseline,overexposed,test/paper/paper548.jpg,paper,other,0.47479286789894104
v4_int8_baseline,overexposed,test/paper/paper55.jpg,paper,other,0.9994068145751953
v4_int8_baseline,overexposed,test/paper/paper557.jpg,paper,paper,0.8649463653564453
v4_int8_baseline,overexposed,test/paper/paper558.jpg,paper,other,0.9777389168739319
v4_int8_baseline,overexposed,test/paper/paper563.jpg,paper,other,0.9897404909133911
v4_int8_baseline,overexposed,test/paper/paper569.jpg,paper,other,0.9957051873207092
v4_int8_baseline,overexposed,test/paper/paper570.jpg,paper,other,0.8173203468322754
v4_int8_baseline,overexposed,test/paper/paper576.jpg,paper,paper,0.8496782183647156
v4_int8_baseline,overexposed,test/paper/paper58.jpg,paper,paper,0.8805975914001465
v4_int8_baseline,overexposed,test/paper/paper586.jpg,paper,other,0.9613538384437561
v4_int8_baseline,overexposed,test/paper/paper593.jpg,paper,other,0.8023812770843506
v4_int8_baseline,overexposed,test/paper/paper6.jpg,paper,plastic,0.5493217706680298
v4_int8_baseline,overexposed,test/paper/paper68.jpg,paper,other,0.9904603958129883
v4_int8_baseline,overexposed,test/paper/paper69.jpg,paper,other,0.9300704598426819
v4_int8_baseline,overexposed,test/paper/paper7.jpg,paper,other,0.9808915257453918
v4_int8_baseline,overexposed,test/paper/paper70.jpg,paper,paper,0.9150875806808472
v4_int8_baseline,overexposed,test/paper/paper77.jpg,paper,other,0.9909467697143555
v4_int8_baseline,overexposed,test/paper/paper86.jpg,paper,other,0.9973047971725464
v4_int8_baseline,overexposed,test/paper/paper94.jpg,paper,other,0.7954491376876831
v4_int8_baseline,overexposed,test/paper/paper97.jpg,paper,other,0.9963082671165466
v4_int8_baseline,overexposed,test/plastic/plastic103.jpg,plastic,other,0.5002144575119019
v4_int8_baseline,overexposed,test/plastic/plastic114.jpg,plastic,paper,0.4516308605670929
v4_int8_baseline,overexposed,test/plastic/plastic122.jpg,plastic,other,0.8873369693756104
v4_int8_baseline,overexposed,test/plastic/plastic125.jpg,plastic,other,0.7548673152923584
v4_int8_baseline,overexposed,test/plastic/plastic126.jpg,plastic,other,0.5823531150817871
v4_int8_baseline,overexposed,test/plastic/plastic132.jpg,plastic,other,0.6943308711051941
v4_int8_baseline,overexposed,test/plastic/plastic138.jpg,plastic,other,0.8258758783340454
v4_int8_baseline,overexposed,test/plastic/plastic145.jpg,plastic,paper,0.8111831545829773
v4_int8_baseline,overexposed,test/plastic/plastic146.jpg,plastic,paper,0.9222496151924133
v4_int8_baseline,overexposed,test/plastic/plastic152.jpg,plastic,plastic,0.44898155331611633
v4_int8_baseline,overexposed,test/plastic/plastic156.jpg,plastic,paper,0.9533196091651917
v4_int8_baseline,overexposed,test/plastic/plastic159.jpg,plastic,paper,0.874972939491272
v4_int8_baseline,overexposed,test/plastic/plastic170.jpg,plastic,other,0.5958282947540283
v4_int8_baseline,overexposed,test/plastic/plastic172.jpg,plastic,organic,0.9462724924087524
v4_int8_baseline,overexposed,test/plastic/plastic177.jpg,plastic,paper,0.7436839938163757
v4_int8_baseline,overexposed,test/plastic/plastic187.jpg,plastic,paper,0.6327090263366699
v4_int8_baseline,overexposed,test/plastic/plastic2.jpg,plastic,paper,0.7414191961288452
v4_int8_baseline,overexposed,test/plastic/plastic201.jpg,plastic,other,0.7862479090690613
v4_int8_baseline,overexposed,test/plastic/plastic205.jpg,plastic,other,0.7664824724197388
v4_int8_baseline,overexposed,test/plastic/plastic207.jpg,plastic,plastic,0.9968296885490417
v4_int8_baseline,overexposed,test/plastic/plastic21.jpg,plastic,other,0.6826406121253967
v4_int8_baseline,overexposed,test/plastic/plastic214.jpg,plastic,plastic,0.7930774688720703
v4_int8_baseline,overexposed,test/plastic/plastic217.jpg,plastic,paper,0.6807287931442261
v4_int8_baseline,overexposed,test/plastic/plastic226.jpg,plastic,plastic,0.873595118522644
v4_int8_baseline,overexposed,test/plastic/plastic227.jpg,plastic,other,0.8320190906524658
v4_int8_baseline,overexposed,test/plastic/plastic242.jpg,plastic,paper,0.45263898372650146
v4_int8_baseline,overexposed,test/plastic/plastic251.jpg,plastic,other,0.629056453704834
v4_int8_baseline,overexposed,test/plastic/plastic252.jpg,plastic,other,0.47402435541152954
v4_int8_baseline,overexposed,test/plastic/plastic253.jpg,plastic,paper,0.5412888526916504
v4_int8_baseline,overexposed,test/plastic/plastic260.jpg,plastic,plastic,0.5093119144439697
v4_int8_baseline,overexposed,test/plastic/plastic264.jpg,plastic,other,0.7997147440910339
v4_int8_baseline,overexposed,test/plastic/plastic265.jpg,plastic,paper,0.5564104914665222
v4_int8_baseline,overexposed,test/plastic/plastic268.jpg,plastic,organic,0.870678722858429
v4_int8_baseline,overexposed,test/plastic/plastic270.jpg,plastic,plastic,0.7219081521034241
v4_int8_baseline,overexposed,test/plastic/plastic285.jpg,plastic,other,0.9302543997764587
v4_int8_baseline,overexposed,test/plastic/plastic305.jpg,plastic,other,0.5673288702964783
v4_int8_baseline,overexposed,test/plastic/plastic306.jpg,plastic,paper,0.7219834327697754
v4_int8_baseline,overexposed,test/plastic/plastic312.jpg,plastic,other,0.36372077465057373
v4_int8_baseline,overexposed,test/plastic/plastic314.jpg,plastic,plastic,0.513593852519989
v4_int8_baseline,overexposed,test/plastic/plastic315.jpg,plastic,other,0.5502901673316956
v4_int8_baseline,overexposed,test/plastic/plastic317.jpg,plastic,paper,0.9413023591041565
v4_int8_baseline,overexposed,test/plastic/plastic32.jpg,plastic,other,0.9550307393074036
v4_int8_baseline,overexposed,test/plastic/plastic328.jpg,plastic,plastic,0.4795221984386444
v4_int8_baseline,overexposed,test/plastic/plastic348.jpg,plastic,other,0.8257430195808411
v4_int8_baseline,overexposed,test/plastic/plastic349.jpg,plastic,paper,0.5251604318618774
v4_int8_baseline,overexposed,test/plastic/plastic372.jpg,plastic,paper,0.6901716589927673
v4_int8_baseline,overexposed,test/plastic/plastic374.jpg,plastic,other,0.8586726784706116
v4_int8_baseline,overexposed,test/plastic/plastic379.jpg,plastic,other,0.9098546504974365
v4_int8_baseline,overexposed,test/plastic/plastic383.jpg,plastic,other,0.7376152873039246
v4_int8_baseline,overexposed,test/plastic/plastic388.jpg,plastic,paper,0.601490318775177
v4_int8_baseline,overexposed,test/plastic/plastic39.jpg,plastic,plastic,0.5667344331741333
v4_int8_baseline,overexposed,test/plastic/plastic390.jpg,plastic,plastic,0.6892766356468201
v4_int8_baseline,overexposed,test/plastic/plastic398.jpg,plastic,paper,0.8670015931129456
v4_int8_baseline,overexposed,test/plastic/plastic399.jpg,plastic,paper,0.5445986986160278
v4_int8_baseline,overexposed,test/plastic/plastic405.jpg,plastic,plastic,0.8472079038619995
v4_int8_baseline,overexposed,test/plastic/plastic411.jpg,plastic,other,0.6288741827011108
v4_int8_baseline,overexposed,test/plastic/plastic420.jpg,plastic,paper,0.5759597420692444
v4_int8_baseline,overexposed,test/plastic/plastic423.jpg,plastic,paper,0.5705774426460266
v4_int8_baseline,overexposed,test/plastic/plastic426.jpg,plastic,other,0.6320911645889282
v4_int8_baseline,overexposed,test/plastic/plastic434.jpg,plastic,other,0.7780686616897583
v4_int8_baseline,overexposed,test/plastic/plastic438.jpg,plastic,paper,0.927222490310669
v4_int8_baseline,overexposed,test/plastic/plastic465.jpg,plastic,other,0.9318236112594604
v4_int8_baseline,overexposed,test/plastic/plastic473.jpg,plastic,paper,0.6753318309783936
v4_int8_baseline,overexposed,test/plastic/plastic49.jpg,plastic,other,0.9270650148391724
v4_int8_baseline,overexposed,test/plastic/plastic64.jpg,plastic,other,0.7858481407165527
v4_int8_baseline,overexposed,test/plastic/plastic66.jpg,plastic,plastic,0.6805945634841919
v4_int8_baseline,overexposed,test/plastic/plastic67.jpg,plastic,paper,0.4499398171901703
v4_int8_baseline,overexposed,test/plastic/plastic79.jpg,plastic,other,0.976840615272522
v4_int8_baseline,overexposed,test/plastic/plastic80.jpg,plastic,other,0.8207151293754578
v4_int8_baseline,overexposed,test/plastic/plastic82.jpg,plastic,paper,0.9375272989273071
v4_int8_baseline,overexposed,test/plastic/plastic84.jpg,plastic,other,0.6145439147949219
v4_int8_baseline,overexposed,test/plastic/plastic93.jpg,plastic,plastic,0.8795047402381897
v4_int8_baseline,overexposed,test/plastic/plastic98.jpg,plastic,other,0.9206485748291016
v4_int8_baseline,overexposed,test/plastic/plastic99.jpg,plastic,paper,0.7166053652763367
v4_int8_baseline,overexposed,test/organic/organic_0001.jpg,organic,other,0.99737548828125
v4_int8_baseline,overexposed,test/organic/organic_0002.jpg,organic,other,0.6805790066719055
v4_int8_baseline,overexposed,test/organic/organic_0003.jpg,organic,paper,0.6849514245986938
v4_int8_baseline,overexposed,test/organic/organic_0004.jpg,organic,other,0.9889336824417114
v4_int8_baseline,overexposed,test/organic/organic_0005.jpg,organic,other,0.9900810122489929
v4_int8_baseline,overexposed,test/organic/organic_0006.jpg,organic,other,0.9931198358535767
v4_int8_baseline,overexposed,test/organic/organic_0007.jpg,organic,other,0.9985558390617371
v4_int8_baseline,overexposed,test/organic/organic_0008.jpg,organic,other,0.9722139239311218
v4_int8_baseline,overexposed,test/organic/organic_0009.jpg,organic,other,0.9771092534065247
v4_int8_baseline,overexposed,test/organic/organic_0010.jpg,organic,other,0.8016591668128967
v4_int8_baseline,overexposed,test/organic/organic_0011.jpg,organic,other,0.945439338684082
v4_int8_baseline,overexposed,test/organic/organic_0012.jpg,organic,other,0.9072287678718567
v4_int8_baseline,overexposed,test/organic/organic_0013.jpg,organic,other,0.9937177896499634
v4_int8_baseline,overexposed,test/organic/organic_0014.jpg,organic,other,0.9951299428939819
v4_int8_baseline,overexposed,test/organic/organic_0015.jpg,organic,other,0.9922989010810852
v4_int8_baseline,overexposed,test/organic/organic_0016.jpg,organic,other,0.9430227279663086
v4_int8_baseline,overexposed,test/organic/organic_0017.jpg,organic,other,0.9875023365020752
v4_int8_baseline,overexposed,test/organic/organic_0018.jpg,organic,paper,0.9263017177581787
v4_int8_baseline,overexposed,test/organic/organic_0019.jpg,organic,paper,0.5350763201713562
v4_int8_baseline,overexposed,test/organic/organic_0020.jpg,organic,other,0.9903615713119507
v4_int8_baseline,overexposed,test/organic/organic_0021.jpg,organic,other,0.9268352389335632
v4_int8_baseline,overexposed,test/organic/organic_0022.jpg,organic,other,0.9702670574188232
v4_int8_baseline,overexposed,test/organic/organic_0023.jpg,organic,other,0.9990552067756653
v4_int8_baseline,overexposed,test/organic/organic_0024.jpg,organic,organic,0.702224612236023
v4_int8_baseline,overexposed,test/organic/organic_0025.jpg,organic,other,0.9384419918060303
v4_int8_baseline,overexposed,test/organic/organic_0026.jpg,organic,other,0.9870655536651611
v4_int8_baseline,overexposed,test/organic/organic_0027.jpg,organic,other,0.9958053827285767
v4_int8_baseline,overexposed,test/organic/organic_0028.jpg,organic,other,0.9914584755897522
v4_int8_baseline,overexposed,test/organic/organic_0029.jpg,organic,organic,0.7369307279586792
v4_int8_baseline,overexposed,test/organic/organic_0030.jpg,organic,other,0.9944412112236023
v4_int8_baseline,overexposed,test/organic/organic_0031.jpg,organic,other,0.9887967109680176
v4_int8_baseline,overexposed,test/organic/organic_0032.jpg,organic,other,0.9917641282081604
v4_int8_baseline,overexposed,test/organic/organic_0033.jpg,organic,other,0.9797378778457642
v4_int8_baseline,overexposed,test/organic/organic_0034.jpg,organic,other,0.9711171388626099
v4_int8_baseline,overexposed,test/organic/organic_0035.jpg,organic,other,0.9678851962089539
v4_int8_baseline,overexposed,test/organic/organic_0036.jpg,organic,other,0.9093437790870667
v4_int8_baseline,overexposed,test/organic/organic_0037.jpg,organic,other,0.9403390884399414
v4_int8_baseline,overexposed,test/organic/organic_0038.jpg,organic,paper,0.847841203212738
v4_int8_baseline,overexposed,test/organic/organic_0039.jpg,organic,other,0.8349218964576721
v4_int8_baseline,overexposed,test/organic/organic_0040.jpg,organic,other,0.6546240448951721
v4_int8_baseline,overexposed,test/organic/organic_0041.jpg,organic,other,0.9990628361701965
v4_int8_baseline,overexposed,test/organic/organic_0042.jpg,organic,other,0.9671581983566284
v4_int8_baseline,overexposed,test/organic/organic_0043.jpg,organic,other,0.73592609167099
v4_int8_baseline,overexposed,test/organic/organic_0044.jpg,organic,other,0.948489248752594
v4_int8_baseline,overexposed,test/organic/organic_0045.jpg,organic,other,0.9940516352653503
v4_int8_baseline,overexposed,test/organic/organic_0046.jpg,organic,other,0.9869561195373535
v4_int8_baseline,overexposed,test/organic/organic_0047.jpg,organic,other,0.9913923740386963
v4_int8_baseline,overexposed,test/organic/organic_0048.jpg,organic,other,0.97421795129776
v4_int8_baseline,overexposed,test/organic/organic_0049.jpg,organic,other,0.9256110191345215
v4_int8_baseline,overexposed,test/organic/organic_0050.jpg,organic,other,0.9197776913642883
v4_int8_baseline,overexposed,test/organic/organic_0051.jpg,organic,other,0.9814717769622803
v4_int8_baseline,overexposed,test/organic/organic_0052.jpg,organic,other,0.9970545768737793
v4_int8_baseline,overexposed,test/organic/organic_0053.jpg,organic,other,0.9475848078727722
v4_int8_baseline,overexposed,test/organic/organic_0054.jpg,organic,other,0.7364320755004883
v4_int8_baseline,overexposed,test/organic/organic_0055.jpg,organic,other,0.9544762969017029
v4_int8_baseline,overexposed,test/organic/organic_0056.jpg,organic,other,0.8815580010414124
v4_int8_baseline,overexposed,test/organic/organic_0057.jpg,organic,other,0.9987315535545349
v4_int8_baseline,overexposed,test/organic/organic_0058.jpg,organic,other,0.9811083674430847
v4_int8_baseline,overexposed,test/organic/organic_0059.jpg,organic,other,0.9670462608337402
v4_int8_baseline,overexposed,test/organic/organic_0060.jpg,organic,other,0.9482800960540771
v4_int8_baseline,overexposed,test/organic/organic_0061.jpg,organic,other,0.9759145379066467
v4_int8_baseline,overexposed,test/organic/organic_0062.jpg,organic,other,0.943463146686554
v4_int8_baseline,overexposed,test/organic/organic_0063.jpg,organic,other,0.9884814023971558
v4_int8_baseline,overexposed,test/organic/organic_0064.jpg,organic,other,0.9028769135475159
v4_int8_baseline,overexposed,test/organic/organic_0065.jpg,organic,other,0.9585854411125183
v4_int8_baseline,overexposed,test/organic/organic_0066.jpg,organic,other,0.9302189946174622
v4_int8_baseline,overexposed,test/organic/organic_0067.jpg,organic,organic,0.8304046392440796
v4_int8_baseline,overexposed,test/organic/organic_0068.jpg,organic,other,0.9089183211326599
v4_int8_baseline,overexposed,test/organic/organic_0069.jpg,organic,other,0.9586952328681946
v4_int8_baseline,overexposed,test/organic/organic_0070.jpg,organic,other,0.7079935669898987
v4_int8_baseline,overexposed,test/organic/organic_0071.jpg,organic,other,0.8083053231239319
v4_int8_baseline,overexposed,test/organic/organic_0072.jpg,organic,other,0.9822873473167419
v4_int8_baseline,overexposed,test/organic/organic_0073.jpg,organic,other,0.9920520782470703
v4_int8_baseline,overexposed,test/organic/organic_0074.jpg,organic,other,0.9935871362686157
v4_int8_baseline,overexposed,test/other/cardboard105.jpg,other,paper,0.4899260103702545
v4_int8_baseline,overexposed,test/other/cardboard115.jpg,other,other,0.968772828578949
v4_int8_baseline,overexposed,test/other/cardboard121.jpg,other,other,0.5455760955810547
v4_int8_baseline,overexposed,test/other/cardboard125.jpg,other,other,0.7978085875511169
v4_int8_baseline,overexposed,test/other/cardboard128.jpg,other,other,0.6271234750747681
v4_int8_baseline,overexposed,test/other/cardboard160.jpg,other,other,0.9759507179260254
v4_int8_baseline,overexposed,test/other/cardboard162.jpg,other,other,0.9524952173233032
v4_int8_baseline,overexposed,test/other/cardboard175.jpg,other,other,0.9926109910011292
v4_int8_baseline,overexposed,test/other/cardboard18.jpg,other,paper,0.5252135396003723
v4_int8_baseline,overexposed,test/other/cardboard184.jpg,other,other,0.9388325810432434
v4_int8_baseline,overexposed,test/other/cardboard19.jpg,other,other,0.9870251417160034
v4_int8_baseline,overexposed,test/other/cardboard190.jpg,other,other,0.9999420642852783
v4_int8_baseline,overexposed,test/other/cardboard2.jpg,other,paper,0.704068660736084
v4_int8_baseline,overexposed,test/other/cardboard208.jpg,other,other,0.9655070304870605
v4_int8_baseline,overexposed,test/other/cardboard210.jpg,other,other,0.9881018400192261
v4_int8_baseline,overexposed,test/other/cardboard213.jpg,other,other,0.9474589228630066
v4_int8_baseline,overexposed,test/other/cardboard214.jpg,other,other,0.570412814617157
v4_int8_baseline,overexposed,test/other/cardboard216.jpg,other,paper,0.5094252824783325
v4_int8_baseline,overexposed,test/other/cardboard218.jpg,other,other,0.6967037916183472
v4_int8_baseline,overexposed,test/other/cardboard222.jpg,other,other,0.9884281754493713
v4_int8_baseline,overexposed,test/other/cardboard231.jpg,other,other,0.9425665736198425
v4_int8_baseline,overexposed,test/other/cardboard239.jpg,other,other,0.9996955394744873
v4_int8_baseline,overexposed,test/other/cardboard248.jpg,other,other,0.9642297625541687
v4_int8_baseline,overexposed,test/other/cardboard252.jpg,other,other,0.8747591376304626
v4_int8_baseline,overexposed,test/other/cardboard259.jpg,other,other,0.9931535720825195
v4_int8_baseline,overexposed,test/other/cardboard260.jpg,other,other,0.9308215975761414
v4_int8_baseline,overexposed,test/other/cardboard261.jpg,other,paper,0.44067108631134033
v4_int8_baseline,overexposed,test/other/cardboard266.jpg,other,other,0.6574887037277222
v4_int8_baseline,overexposed,test/other/cardboard274.jpg,other,paper,0.6817861795425415
v4_int8_baseline,overexposed,test/other/cardboard276.jpg,other,other,0.9877787232398987
v4_int8_baseline,overexposed,test/other/cardboard286.jpg,other,other,0.9982078075408936
v4_int8_baseline,overexposed,test/other/cardboard289.jpg,other,paper,0.6233415603637695
v4_int8_baseline,overexposed,test/other/cardboard290.jpg,other,paper,0.3961045444011688
v4_int8_baseline,overexposed,test/other/cardboard293.jpg,other,other,0.9894335865974426
v4_int8_baseline,overexposed,test/other/cardboard299.jpg,other,other,0.8610039949417114
v4_int8_baseline,overexposed,test/other/cardboard304.jpg,other,other,0.9231753349304199
v4_int8_baseline,overexposed,test/other/cardboard308.jpg,other,other,0.7051877975463867
v4_int8_baseline,overexposed,test/other/cardboard31.jpg,other,other,0.9914871454238892
v4_int8_baseline,overexposed,test/other/cardboard310.jpg,other,other,0.9917423725128174
v4_int8_baseline,overexposed,test/other/cardboard312.jpg,other,other,0.5896947383880615
v4_int8_baseline,overexposed,test/other/cardboard313.jpg,other,other,0.9857601523399353
v4_int8_baseline,overexposed,test/other/cardboard314.jpg,other,other,0.9813047647476196
v4_int8_baseline,overexposed,test/other/cardboard321.jpg,other,other,0.6145294904708862
v4_int8_baseline,overexposed,test/other/cardboard323.jpg,other,other,0.9706223011016846
v4_int8_baseline,overexposed,test/other/cardboard332.jpg,other,other,0.6421939134597778
v4_int8_baseline,overexposed,test/other/cardboard334.jpg,other,other,0.988101601600647
v4_int8_baseline,overexposed,test/other/cardboard34.jpg,other,other,0.905173122882843
v4_int8_baseline,overexposed,test/other/cardboard356.jpg,other,other,0.8767129778862
v4_int8_baseline,overexposed,test/other/cardboard363.jpg,other,other,0.9975906610488892
v4_int8_baseline,overexposed,test/other/cardboard372.jpg,other,other,0.8199508190155029
v4_int8_baseline,overexposed,test/other/cardboard383.jpg,other,paper,0.6449938416481018
v4_int8_baseline,overexposed,test/other/cardboard384.jpg,other,other,0.950640857219696
v4_int8_baseline,overexposed,test/other/cardboard387.jpg,other,paper,0.9762618541717529
v4_int8_baseline,overexposed,test/other/cardboard388.jpg,other,other,0.9932426810264587
v4_int8_baseline,overexposed,test/other/cardboard397.jpg,other,other,0.9800117015838623
v4_int8_baseline,overexposed,test/other/cardboard40.jpg,other,other,0.6634207963943481
v4_int8_baseline,overexposed,test/other/cardboard401.jpg,other,other,0.9794583320617676
v4_int8_baseline,overexposed,test/other/cardboard44.jpg,other,other,0.9811341762542725
v4_int8_baseline,overexposed,test/other/cardboard51.jpg,other,other,0.7376118898391724
v4_int8_baseline,overexposed,test/other/cardboard57.jpg,other,other,0.9563697576522827
v4_int8_baseline,overexposed,test/other/cardboard63.jpg,other,paper,0.9855670928955078
v4_int8_baseline,overexposed,test/other/cardboard69.jpg,other,other,0.534136950969696
v4_int8_baseline,overexposed,test/other/cardboard71.jpg,other,other,0.9745485782623291
v4_int8_baseline,overexposed,test/other/cardboard73.jpg,other,other,0.8299044966697693
v4_int8_baseline,overexposed,test/other/cardboard8.jpg,other,other,0.9151440262794495
v4_int8_baseline,overexposed,test/other/cardboard88.jpg,other,other,0.9775452613830566
v4_int8_baseline,overexposed,test/other/cardboard89.jpg,other,other,0.5071545243263245
v4_int8_baseline,overexposed,test/other/cardboard9.jpg,other,other,0.9878789782524109
v4_int8_baseline,overexposed,test/other/cardboard92.jpg,other,other,0.9285449385643005
v4_int8_baseline,overexposed,test/other/cardboard98.jpg,other,paper,0.6035868525505066
v4_int8_baseline,overexposed,test/other/metal112.jpg,other,other,0.9516152143478394
v4_int8_baseline,overexposed,test/other/metal114.jpg,other,other,0.998601496219635
v4_int8_baseline,overexposed,test/other/metal119.jpg,other,other,0.7698264718055725
v4_int8_baseline,overexposed,test/other/metal12.jpg,other,other,0.9179297089576721
v4_int8_baseline,overexposed,test/other/metal13.jpg,other,other,0.7907025814056396
v4_int8_baseline,overexposed,test/other/metal133.jpg,other,other,0.9260621666908264
v4_int8_baseline,overexposed,test/other/metal134.jpg,other,other,0.8037795424461365
v4_int8_baseline,overexposed,test/other/metal139.jpg,other,plastic,0.451362282037735
v4_int8_baseline,overexposed,test/other/metal143.jpg,other,other,0.9850389957427979
v4_int8_baseline,overexposed,test/other/metal146.jpg,other,other,0.7806457281112671
v4_int8_baseline,overexposed,test/other/metal157.jpg,other,organic,0.721224844455719
v4_int8_baseline,overexposed,test/other/metal159.jpg,other,other,0.7579594850540161
v4_int8_baseline,overexposed,test/other/metal161.jpg,other,plastic,0.8417931795120239
v4_int8_baseline,overexposed,test/other/metal170.jpg,other,other,0.8276589512825012
v4_int8_baseline,overexposed,test/other/metal172.jpg,other,plastic,0.931827962398529
v4_int8_baseline,overexposed,test/other/metal175.jpg,other,paper,0.39458274841308594
v4_int8_baseline,overexposed,test/other/metal18.jpg,other,other,0.8683267831802368
v4_int8_baseline,overexposed,test/other/metal186.jpg,other,other,0.8737670183181763
v4_int8_baseline,overexposed,test/other/metal187.jpg,other,other,0.8451758027076721
v4_int8_baseline,overexposed,test/other/metal188.jpg,other,other,0.8627398014068604
v4_int8_baseline,overexposed,test/other/metal192.jpg,other,other,0.9920685291290283
v4_int8_baseline,overexposed,test/other/metal198.jpg,other,other,0.8302736878395081
v4_int8_baseline,overexposed,test/other/metal201.jpg,other,other,0.9390518069267273
v4_int8_baseline,overexposed,test/other/metal205.jpg,other,other,0.8160222768783569
v4_int8_baseline,overexposed,test/other/metal209.jpg,other,other,0.884057879447937
v4_int8_baseline,overexposed,test/other/metal217.jpg,other,other,0.8837187886238098
v4_int8_baseline,overexposed,test/other/metal239.jpg,other,other,0.7827001810073853
v4_int8_baseline,overexposed,test/other/metal24.jpg,other,other,0.9441363215446472
v4_int8_baseline,overexposed,test/other/metal246.jpg,other,other,0.9880210757255554
v4_int8_baseline,overexposed,test/other/metal247.jpg,other,other,0.7825135588645935
v4_int8_baseline,overexposed,test/other/metal248.jpg,other,other,0.9788770079612732
v4_int8_baseline,overexposed,test/other/metal249.jpg,other,other,0.999836802482605
v4_int8_baseline,overexposed,test/other/metal258.jpg,other,other,0.9942722320556641
v4_int8_baseline,overexposed,test/other/metal261.jpg,other,other,0.6933906674385071
v4_int8_baseline,overexposed,test/other/metal263.jpg,other,other,0.5038586854934692
v4_int8_baseline,overexposed,test/other/metal269.jpg,other,other,0.9470421671867371
v4_int8_baseline,overexposed,test/other/metal27.jpg,other,other,0.9523802399635315
v4_int8_baseline,overexposed,test/other/metal275.jpg,other,other,0.9805127382278442
v4_int8_baseline,overexposed,test/other/metal292.jpg,other,plastic,0.7198703289031982
v4_int8_baseline,overexposed,test/other/metal296.jpg,other,plastic,0.5664475560188293
v4_int8_baseline,overexposed,test/other/metal317.jpg,other,other,0.5932442545890808
v4_int8_baseline,overexposed,test/other/metal324.jpg,other,other,0.9946475625038147
v4_int8_baseline,overexposed,test/other/metal325.jpg,other,other,0.9331163763999939
v4_int8_baseline,overexposed,test/other/metal328.jpg,other,other,0.6002945303916931
v4_int8_baseline,overexposed,test/other/metal33.jpg,other,other,0.8890514969825745
v4_int8_baseline,overexposed,test/other/metal341.jpg,other,other,0.8770537972450256
v4_int8_baseline,overexposed,test/other/metal344.jpg,other,other,0.45468786358833313
v4_int8_baseline,overexposed,test/other/metal350.jpg,other,other,0.8649046421051025
v4_int8_baseline,overexposed,test/other/metal355.jpg,other,other,0.6843876838684082
v4_int8_baseline,overexposed,test/other/metal364.jpg,other,other,0.9659051299095154
v4_int8_baseline,overexposed,test/other/metal370.jpg,other,other,0.7935721278190613
v4_int8_baseline,overexposed,test/other/metal387.jpg,other,other,0.994655966758728
v4_int8_baseline,overexposed,test/other/metal389.jpg,other,other,0.6652330756187439
v4_int8_baseline,overexposed,test/other/metal393.jpg,other,other,0.4708355665206909
v4_int8_baseline,overexposed,test/other/metal394.jpg,other,other,0.9948628544807434
v4_int8_baseline,overexposed,test/other/metal395.jpg,other,other,0.5172691345214844
v4_int8_baseline,overexposed,test/other/metal403.jpg,other,other,0.8008820414543152
v4_int8_baseline,overexposed,test/other/metal48.jpg,other,paper,0.9138634204864502
v4_int8_baseline,overexposed,test/other/metal50.jpg,other,plastic,0.707496702671051
v4_int8_baseline,overexposed,test/other/metal52.jpg,other,other,0.9944038391113281
v4_int8_baseline,overexposed,test/other/metal62.jpg,other,other,0.9748221635818481
v4_int8_baseline,overexposed,test/other/metal65.jpg,other,other,0.9945819973945618
v4_int8_baseline,overexposed,test/other/metal68.jpg,other,other,0.9845016598701477
v4_int8_baseline,overexposed,test/other/metal77.jpg,other,other,0.9852149486541748
v4_int8_baseline,overexposed,test/other/metal80.jpg,other,plastic,0.8691651225090027
v4_int8_baseline,overexposed,test/other/metal84.jpg,other,other,0.9932867884635925
v4_int8_baseline,overexposed,test/other/metal87.jpg,other,other,0.9683264493942261
v4_int8_baseline,overexposed,test/other/metal99.jpg,other,other,0.8710767030715942
v4_int8_baseline,warm_cast,test/paper/paper104.jpg,paper,other,0.9979599714279175
v4_int8_baseline,warm_cast,test/paper/paper112.jpg,paper,other,0.9927075505256653
v4_int8_baseline,warm_cast,test/paper/paper113.jpg,paper,other,0.9986653327941895
v4_int8_baseline,warm_cast,test/paper/paper114.jpg,paper,other,0.9874786138534546
v4_int8_baseline,warm_cast,test/paper/paper12.jpg,paper,other,0.9888826012611389
v4_int8_baseline,warm_cast,test/paper/paper120.jpg,paper,other,0.9924350380897522
v4_int8_baseline,warm_cast,test/paper/paper124.jpg,paper,other,0.9920507073402405
v4_int8_baseline,warm_cast,test/paper/paper125.jpg,paper,other,0.9799470901489258
v4_int8_baseline,warm_cast,test/paper/paper129.jpg,paper,other,0.9943510293960571
v4_int8_baseline,warm_cast,test/paper/paper13.jpg,paper,other,0.9887470602989197
v4_int8_baseline,warm_cast,test/paper/paper137.jpg,paper,other,0.9926895499229431
v4_int8_baseline,warm_cast,test/paper/paper143.jpg,paper,other,0.9922566413879395
v4_int8_baseline,warm_cast,test/paper/paper149.jpg,paper,other,0.9899224638938904
v4_int8_baseline,warm_cast,test/paper/paper161.jpg,paper,other,0.9908159971237183
v4_int8_baseline,warm_cast,test/paper/paper167.jpg,paper,other,0.9936736822128296
v4_int8_baseline,warm_cast,test/paper/paper169.jpg,paper,other,0.9891126751899719
v4_int8_baseline,warm_cast,test/paper/paper186.jpg,paper,other,0.9976505637168884
v4_int8_baseline,warm_cast,test/paper/paper188.jpg,paper,other,0.9893791079521179
v4_int8_baseline,warm_cast,test/paper/paper208.jpg,paper,other,0.9971861243247986
v4_int8_baseline,warm_cast,test/paper/paper209.jpg,paper,other,0.9979116320610046
v4_int8_baseline,warm_cast,test/paper/paper218.jpg,paper,other,0.9895181059837341
v4_int8_baseline,warm_cast,test/paper/paper219.jpg,paper,other,0.9922463893890381
v4_int8_baseline,warm_cast,test/paper/paper220.jpg,paper,other,0.9838301539421082
v4_int8_baseline,warm_cast,test/paper/paper225.jpg,paper,other,0.990314781665802
v4_int8_baseline,warm_cast,test/paper/paper230.jpg,paper,other,0.9921262264251709
v4_int8_baseline,warm_cast,test/paper/paper235.jpg,paper,other,0.9923812747001648
v4_int8_baseline,warm_cast,test/paper/paper266.jpg,paper,other,0.9917289614677429
v4_int8_baseline,warm_cast,test/paper/paper269.jpg,paper,other,0.9943734407424927
v4_int8_baseline,warm_cast,test/paper/paper271.jpg,paper,other,0.9728346467018127
v4_int8_baseline,warm_cast,test/paper/paper273.jpg,paper,other,0.980901300907135
v4_int8_baseline,warm_cast,test/paper/paper276.jpg,paper,other,0.9857125282287598
v4_int8_baseline,warm_cast,test/paper/paper279.jpg,paper,other,0.9877275228500366
v4_int8_baseline,warm_cast,test/paper/paper282.jpg,paper,other,0.9958351850509644
v4_int8_baseline,warm_cast,test/paper/paper286.jpg,paper,other,0.9980112314224243
v4_int8_baseline,warm_cast,test/paper/paper289.jpg,paper,other,0.9974168539047241
v4_int8_baseline,warm_cast,test/paper/paper294.jpg,paper,other,0.9928926229476929
v4_int8_baseline,warm_cast,test/paper/paper3.jpg,paper,other,0.971727192401886
v4_int8_baseline,warm_cast,test/paper/paper301.jpg,paper,other,0.9837835431098938
v4_int8_baseline,warm_cast,test/paper/paper303.jpg,paper,other,0.9928044676780701
v4_int8_baseline,warm_cast,test/paper/paper311.jpg,paper,other,0.9992311000823975
v4_int8_baseline,warm_cast,test/paper/paper319.jpg,paper,other,0.9942250847816467
v4_int8_baseline,warm_cast,test/paper/paper32.jpg,paper,other,0.9806721806526184
v4_int8_baseline,warm_cast,test/paper/paper346.jpg,paper,other,0.9904825687408447
v4_int8_baseline,warm_cast,test/paper/paper348.jpg,paper,other,0.9903362989425659
v4_int8_baseline,warm_cast,test/paper/paper350.jpg,paper,other,0.9913040399551392
v4_int8_baseline,warm_cast,test/paper/paper354.jpg,paper,other,0.9906745553016663
v4_int8_baseline,warm_cast,test/paper/paper356.jpg,paper,other,0.992657482624054
v4_int8_baseline,warm_cast,test/paper/paper357.jpg,paper,other,0.9868240356445312
v4_int8_baseline,warm_cast,test/paper/paper361.jpg,paper,other,0.9913478493690491
v4_int8_baseline,warm_cast,test/paper/paper362.jpg,paper,other,0.9788427352905273
v4_int8_baseline,warm_cast,test/paper/paper368.jpg,paper,other,0.9894313812255859
v4_int8_baseline,warm_cast,test/paper/paper373.jpg,paper,other,0.9914071559906006
v4_int8_baseline,warm_cast,test/paper/paper380.jpg,paper,other,0.9957913160324097
v4_int8_baseline,warm_cast,test/paper/paper381.jpg,paper,other,0.9837028980255127
v4_int8_baseline,warm_cast,test/paper/paper385.jpg,paper,other,0.9876227378845215
v4_int8_baseline,warm_cast,test/paper/paper392.jpg,paper,other,0.993981659412384
v4_int8_baseline,warm_cast,test/paper/paper396.jpg,paper,other,0.986227810382843
v4_int8_baseline,warm_cast,test/paper/paper404.jpg,paper,other,0.9916511178016663
v4_int8_baseline,warm_cast,test/paper/paper405.jpg,paper,other,0.9963768124580383
v4_int8_baseline,warm_cast,test/paper/paper416.jpg,paper,other,0.9875780940055847
v4_int8_baseline,warm_cast,test/paper/paper417.jpg,paper,other,0.9814345836639404
v4_int8_baseline,warm_cast,test/paper/paper422.jpg,paper,other,0.9938638210296631
v4_int8_baseline,warm_cast,test/paper/paper434.jpg,paper,other,0.9899519085884094
v4_int8_baseline,warm_cast,test/paper/paper444.jpg,paper,other,0.9906999468803406
v4_int8_baseline,warm_cast,test/paper/paper450.jpg,paper,other,0.9968409538269043
v4_int8_baseline,warm_cast,test/paper/paper457.jpg,paper,other,0.9800238013267517
v4_int8_baseline,warm_cast,test/paper/paper460.jpg,paper,other,0.9863696098327637
v4_int8_baseline,warm_cast,test/paper/paper461.jpg,paper,other,0.988663375377655
v4_int8_baseline,warm_cast,test/paper/paper462.jpg,paper,other,0.9149376749992371
v4_int8_baseline,warm_cast,test/paper/paper465.jpg,paper,other,0.9938259124755859
v4_int8_baseline,warm_cast,test/paper/paper474.jpg,paper,other,0.9872999787330627
v4_int8_baseline,warm_cast,test/paper/paper48.jpg,paper,other,0.9892710447311401
v4_int8_baseline,warm_cast,test/paper/paper495.jpg,paper,other,0.9894832968711853
v4_int8_baseline,warm_cast,test/paper/paper500.jpg,paper,other,0.9832801818847656
v4_int8_baseline,warm_cast,test/paper/paper502.jpg,paper,other,0.9960197806358337
v4_int8_baseline,warm_cast,test/paper/paper503.jpg,paper,other,0.9854313135147095
v4_int8_baseline,warm_cast,test/paper/paper505.jpg,paper,other,0.9921262264251709
v4_int8_baseline,warm_cast,test/paper/paper508.jpg,paper,other,0.9912324547767639
v4_int8_baseline,warm_cast,test/paper/paper515.jpg,paper,other,0.9891517162322998
v4_int8_baseline,warm_cast,test/paper/paper525.jpg,paper,other,0.9859105348587036
v4_int8_baseline,warm_cast,test/paper/paper527.jpg,paper,other,0.9880643486976624
v4_int8_baseline,warm_cast,test/paper/paper53.jpg,paper,other,0.9894620776176453
v4_int8_baseline,warm_cast,test/paper/paper534.jpg,paper,other,0.9892531037330627
v4_int8_baseline,warm_cast,test/paper/paper537.jpg,paper,other,0.9941152334213257
v4_int8_baseline,warm_cast,test/paper/paper541.jpg,paper,other,0.9902033805847168
v4_int8_baseline,warm_cast,test/paper/paper542.jpg,paper,other,0.992210865020752
v4_int8_baseline,warm_cast,test/paper/paper543.jpg,paper,other,0.9979804158210754
v4_int8_baseline,warm_cast,test/paper/paper547.jpg,paper,other,0.9769108891487122
v4_int8_baseline,warm_cast,test/paper/paper548.jpg,paper,other,0.9890514016151428
v4_int8_baseline,warm_cast,test/paper/paper55.jpg,paper,other,0.9927904605865479
v4_int8_baseline,warm_cast,test/paper/paper557.jpg,paper,other,0.9886794686317444
v4_int8_baseline,warm_cast,test/paper/paper558.jpg,paper,other,0.9948500990867615
v4_int8_baseline,warm_cast,test/paper/paper563.jpg,paper,other,0.9974328875541687
v4_int8_baseline,warm_cast,test/paper/paper569.jpg,paper,other,0.9914700388908386
v4_int8_baseline,warm_cast,test/paper/paper570.jpg,paper,other,0.9763216376304626
v4_int8_baseline,warm_cast,test/paper/paper576.jpg,paper,other,0.9921795129776001
v4_int8_baseline,warm_cast,test/paper/paper58.jpg,paper,other,0.9910333752632141
v4_int8_baseline,warm_cast,test/paper/paper586.jpg,paper,other,0.9920305013656616
v4_int8_baseline,warm_cast,test/paper/paper593.jpg,paper,other,0.9886956214904785
v4_int8_baseline,warm_cast,test/paper/paper6.jpg,paper,other,0.978826105594635
v4_int8_baseline,warm_cast,test/paper/paper68.jpg,paper,other,0.9970266222953796
v4_int8_baseline,warm_cast,test/paper/paper69.jpg,paper,other,0.9730702638626099
v4_int8_baseline,warm_cast,test/paper/paper7.jpg,paper,other,0.9860628247261047
v4_int8_baseline,warm_cast,test/paper/paper70.jpg,paper,other,0.980643630027771
v4_int8_baseline,warm_cast,test/paper/paper77.jpg,paper,other,0.9989593029022217
v4_int8_baseline,warm_cast,test/paper/paper86.jpg,paper,other,0.997999370098114
v4_int8_baseline,warm_cast,test/paper/paper94.jpg,paper,other,0.9877308011054993
v4_int8_baseline,warm_cast,test/paper/paper97.jpg,paper,other,0.9975167512893677
v4_int8_baseline,warm_cast,test/plastic/plastic103.jpg,plastic,other,0.9724624752998352
v4_int8_baseline,warm_cast,test/plastic/plastic114.jpg,plastic,other,0.9851865172386169
v4_int8_baseline,warm_cast,test/plastic/plastic122.jpg,plastic,other,0.9943839311599731
v4_int8_baseline,warm_cast,test/plastic/plastic125.jpg,plastic,other,0.9850872755050659
v4_int8_baseline,warm_cast,test/plastic/plastic126.jpg,plastic,other,0.9739127159118652
v4_int8_baseline,warm_cast,test/plastic/plastic132.jpg,plastic,other,0.9752944707870483
v4_int8_baseline,warm_cast,test/plastic/plastic138.jpg,plastic,other,0.9928486347198486
v4_int8_baseline,warm_cast,test/plastic/plastic145.jpg,plastic,other,0.9797825217247009
v4_int8_baseline,warm_cast,test/plastic/plastic146.jpg,plastic,other,0.9913040399551392
v4_int8_baseline,warm_cast,test/plastic/plastic152.jpg,plastic,other,0.963934063911438
v4_int8_baseline,warm_cast,test/plastic/plastic156.jpg,plastic,other,0.9886089563369751
v4_int8_baseline,warm_cast,test/plastic/plastic159.jpg,plastic,other,0.9873736500740051
v4_int8_baseline,warm_cast,test/plastic/plastic170.jpg,plastic,other,0.9829314351081848
v4_int8_baseline,warm_cast,test/plastic/plastic172.jpg,plastic,organic,0.5438960790634155
v4_int8_baseline,warm_cast,test/plastic/plastic177.jpg,plastic,other,0.9944749474525452
v4_int8_baseline,warm_cast,test/plastic/plastic187.jpg,plastic,other,0.7109795212745667
v4_int8_baseline,warm_cast,test/plastic/plastic2.jpg,plastic,other,0.9923477172851562
v4_int8_baseline,warm_cast,test/plastic/plastic201.jpg,plastic,other,0.9647002816200256
v4_int8_baseline,warm_cast,test/plastic/plastic205.jpg,plastic,other,0.9827788472175598
v4_int8_baseline,warm_cast,test/plastic/plastic207.jpg,plastic,other,0.9864522218704224
v4_int8_baseline,warm_cast,test/plastic/plastic21.jpg,plastic,other,0.9870469570159912
v4_int8_baseline,warm_cast,test/plastic/plastic214.jpg,plastic,other,0.9880654215812683
v4_int8_baseline,warm_cast,test/plastic/plastic217.jpg,plastic,other,0.9902507066726685
v4_int8_baseline,warm_cast,test/plastic/plastic226.jpg,plastic,other,0.9257592558860779
v4_int8_baseline,warm_cast,test/plastic/plastic227.jpg,plastic,other,0.9923866987228394
v4_int8_baseline,warm_cast,test/plastic/plastic242.jpg,plastic,other,0.9800056219100952
v4_int8_baseline,warm_cast,test/plastic/plastic251.jpg,plastic,other,0.9915470480918884
v4_int8_baseline,warm_cast,test/plastic/plastic252.jpg,plastic,other,0.9829062819480896
v4_int8_baseline,warm_cast,test/plastic/plastic253.jpg,plastic,other,0.9888394474983215
v4_int8_baseline,warm_cast,test/plastic/plastic260.jpg,plastic,other,0.7033747434616089
v4_int8_baseline,warm_cast,test/plastic/plastic264.jpg,plastic,other,0.9923337697982788
v4_int8_baseline,warm_cast,test/plastic/plastic265.jpg,plastic,other,0.9886786341667175
v4_int8_baseline,warm_cast,test/plastic/plastic268.jpg,plastic,other,0.8946030735969543
v4_int8_baseline,warm_cast,test/plastic/plastic270.jpg,plastic,other,0.9806386828422546
v4_int8_baseline,warm_cast,test/plastic/plastic285.jpg,plastic,other,0.9886856079101562
v4_int8_baseline,warm_cast,test/plastic/plastic305.jpg,plastic,other,0.9931640028953552
v4_int8_baseline,warm_cast,test/plastic/plastic306.jpg,plastic,other,0.9937527775764465
v4_int8_baseline,warm_cast,test/plastic/plastic312.jpg,plastic,other,0.9858468174934387
v4_int8_baseline,warm_cast,test/plastic/plastic314.jpg,plastic,other,0.9838992357254028
v4_int8_baseline,warm_cast,test/plastic/plastic315.jpg,plastic,other,0.9851282238960266
v4_int8_baseline,warm_cast,test/plastic/plastic317.jpg,plastic,other,0.9918853044509888
v4_int8_baseline,warm_cast,test/plastic/plastic32.jpg,plastic,other,0.9892467856407166
v4_int8_baseline,warm_cast,test/plastic/plastic328.jpg,plastic,other,0.9834126234054565
v4_int8_baseline,warm_cast,test/plastic/plastic348.jpg,plastic,other,0.9905789494514465
v4_int8_baseline,warm_cast,test/plastic/plastic349.jpg,plastic,other,0.9840613007545471
v4_int8_baseline,warm_cast,test/plastic/plastic372.jpg,plastic,other,0.9924601912498474
v4_int8_baseline,warm_cast,test/plastic/plastic374.jpg,plastic,other,0.9861866235733032
v4_int8_baseline,warm_cast,test/plastic/plastic379.jpg,plastic,other,0.9873627424240112
v4_int8_baseline,warm_cast,test/plastic/plastic383.jpg,plastic,other,0.9953698515892029
v4_int8_baseline,warm_cast,test/plastic/plastic388.jpg,plastic,other,0.9665407538414001
v4_int8_baseline,warm_cast,test/plastic/plastic39.jpg,plastic,other,0.9745906591415405
v4_int8_baseline,warm_cast,test/plastic/plastic390.jpg,plastic,other,0.9821829199790955
v4_int8_baseline,warm_cast,test/plastic/plastic398.jpg,plastic,other,0.9914135932922363
v4_int8_baseline,warm_cast,test/plastic/plastic399.jpg,plastic,other,0.9892744421958923
v4_int8_baseline,warm_cast,test/plastic/plastic405.jpg,plastic,other,0.9786344766616821
v4_int8_baseline,warm_cast,test/plastic/plastic411.jpg,plastic,other,0.9717051386833191
v4_int8_baseline,warm_cast,test/plastic/plastic420.jpg,plastic,other,0.9848979115486145
v4_int8_baseline,warm_cast,test/plastic/plastic423.jpg,plastic,other,0.9888938069343567
v4_int8_baseline,warm_cast,test/plastic/plastic426.jpg,plastic,other,0.9918022751808167
v4_int8_baseline,warm_cast,test/plastic/plastic434.jpg,plastic,other,0.99025958776474
v4_int8_baseline,warm_cast,test/plastic/plastic438.jpg,plastic,other,0.9898404479026794
v4_int8_baseline,warm_cast,test/plastic/plastic465.jpg,plastic,other,0.8868527412414551
v4_int8_baseline,warm_cast,test/plastic/plastic473.jpg,plastic,other,0.9886147975921631
v4_int8_baseline,warm_cast,test/plastic/plastic49.jpg,plastic,other,0.9955986738204956
v4_int8_baseline,warm_cast,test/plastic/plastic64.jpg,plastic,other,0.9864051342010498
v4_int8_baseline,warm_cast,test/plastic/plastic66.jpg,plastic,other,0.9779962301254272
v4_int8_baseline,warm_cast,test/plastic/plastic67.jpg,plastic,other,0.9772007465362549
v4_int8_baseline,warm_cast,test/plastic/plastic79.jpg,plastic,other,0.9867000579833984
v4_int8_baseline,warm_cast,test/plastic/plastic80.jpg,plastic,other,0.9903834462165833
v4_int8_baseline,warm_cast,test/plastic/plastic82.jpg,plastic,other,0.9894505143165588
v4_int8_baseline,warm_cast,test/plastic/plastic84.jpg,plastic,other,0.9682663083076477
v4_int8_baseline,warm_cast,test/plastic/plastic93.jpg,plastic,other,0.9800248742103577
v4_int8_baseline,warm_cast,test/plastic/plastic98.jpg,plastic,other,0.984224796295166
v4_int8_baseline,warm_cast,test/plastic/plastic99.jpg,plastic,other,0.9889059066772461
v4_int8_baseline,warm_cast,test/organic/organic_0001.jpg,organic,other,0.9961910247802734
v4_int8_baseline,warm_cast,test/organic/organic_0002.jpg,organic,other,0.7980894446372986
v4_int8_baseline,warm_cast,test/organic/organic_0003.jpg,organic,other,0.5882061123847961
v4_int8_baseline,warm_cast,test/organic/organic_0004.jpg,organic,other,0.9908300638198853
v4_int8_baseline,warm_cast,test/organic/organic_0005.jpg,organic,other,0.982740581035614
v4_int8_baseline,warm_cast,test/organic/organic_0006.jpg,organic,other,0.9978772401809692
v4_int8_baseline,warm_cast,test/organic/organic_0007.jpg,organic,other,0.9993487000465393
v4_int8_baseline,warm_cast,test/organic/organic_0008.jpg,organic,other,0.9961631298065186
v4_int8_baseline,warm_cast,test/organic/organic_0009.jpg,organic,other,0.9936785101890564
v4_int8_baseline,warm_cast,test/organic/organic_0010.jpg,organic,other,0.9683355689048767
v4_int8_baseline,warm_cast,test/organic/organic_0011.jpg,organic,other,0.9727864265441895
v4_int8_baseline,warm_cast,test/organic/organic_0012.jpg,organic,other,0.972590982913971
v4_int8_baseline,warm_cast,test/organic/organic_0013.jpg,organic,other,0.9918997287750244
v4_int8_baseline,warm_cast,test/organic/organic_0014.jpg,organic,other,0.9874473214149475
v4_int8_baseline,warm_cast,test/organic/organic_0015.jpg,organic,other,0.9981733560562134
v4_int8_baseline,warm_cast,test/organic/organic_0016.jpg,organic,other,0.9917439818382263
v4_int8_baseline,warm_cast,test/organic/organic_0017.jpg,organic,other,0.9922868013381958
v4_int8_baseline,warm_cast,test/organic/organic_0018.jpg,organic,paper,0.5378133058547974
v4_int8_baseline,warm_cast,test/organic/organic_0019.jpg,organic,other,0.5024577975273132
v4_int8_baseline,warm_cast,test/organic/organic_0020.jpg,organic,other,0.9990906715393066
v4_int8_baseline,warm_cast,test/organic/organic_0021.jpg,organic,other,0.988864541053772
v4_int8_baseline,warm_cast,test/organic/organic_0022.jpg,organic,other,0.993675172328949
v4_int8_baseline,warm_cast,test/organic/organic_0023.jpg,organic,other,0.9967001080513
v4_int8_baseline,warm_cast,test/organic/organic_0024.jpg,organic,other,0.8765071034431458
v4_int8_baseline,warm_cast,test/organic/organic_0025.jpg,organic,other,0.9955283999443054
v4_int8_baseline,warm_cast,test/organic/organic_0026.jpg,organic,other,0.9917088150978088
v4_int8_baseline,warm_cast,test/organic/organic_0027.jpg,organic,other,0.9973189234733582
v4_int8_baseline,warm_cast,test/organic/organic_0028.jpg,organic,other,0.9963874816894531
v4_int8_baseline,warm_cast,test/organic/organic_0029.jpg,organic,other,0.6266316771507263
v4_int8_baseline,warm_cast,test/organic/organic_0030.jpg,organic,other,0.9967376589775085
v4_int8_baseline,warm_cast,test/organic/organic_0031.jpg,organic,other,0.9946081638336182
v4_int8_baseline,warm_cast,test/organic/organic_0032.jpg,organic,other,0.994503378868103
v4_int8_baseline,warm_cast,test/organic/organic_0033.jpg,organic,other,0.9948205947875977
v4_int8_baseline,warm_cast,test/organic/organic_0034.jpg,organic,other,0.9845786094665527
v4_int8_baseline,warm_cast,test/organic/organic_0035.jpg,organic,other,0.9910193085670471
v4_int8_baseline,warm_cast,test/organic/organic_0036.jpg,organic,other,0.9712684750556946
v4_int8_baseline,warm_cast,test/organic/organic_0037.jpg,organic,other,0.8962432146072388
v4_int8_baseline,warm_cast,test/organic/organic_0038.jpg,organic,other,0.467294842004776
v4_int8_baseline,warm_cast,test/organic/organic_0039.jpg,organic,other,0.9607353806495667
v4_int8_baseline,warm_cast,test/organic/organic_0040.jpg,organic,other,0.9568715691566467
v4_int8_baseline,warm_cast,test/organic/organic_0041.jpg,organic,other,0.9975353479385376
v4_int8_baseline,warm_cast,test/organic/organic_0042.jpg,organic,other,0.982201874256134
v4_int8_baseline,warm_cast,test/organic/organic_0043.jpg,organic,other,0.9464483261108398
v4_int8_baseline,warm_cast,test/organic/organic_0044.jpg,organic,other,0.9760442972183228
v4_int8_baseline,warm_cast,test/organic/organic_0045.jpg,organic,other,0.9966565370559692
v4_int8_baseline,warm_cast,test/organic/organic_0046.jpg,organic,other,0.9926589131355286
v4_int8_baseline,warm_cast,test/organic/organic_0047.jpg,organic,other,0.9980754852294922
v4_int8_baseline,warm_cast,test/organic/organic_0048.jpg,organic,other,0.9974923133850098
v4_int8_baseline,warm_cast,test/organic/organic_0049.jpg,organic,other,0.9752690196037292
v4_int8_baseline,warm_cast,test/organic/organic_0050.jpg,organic,other,0.9618110060691833
v4_int8_baseline,warm_cast,test/organic/organic_0051.jpg,organic,other,0.9942798614501953
v4_int8_baseline,warm_cast,test/organic/organic_0052.jpg,organic,other,0.9979144930839539
v4_int8_baseline,warm_cast,test/organic/organic_0053.jpg,organic,other,0.948026716709137
v4_int8_baseline,warm_cast,test/organic/organic_0054.jpg,organic,paper,0.46347013115882874
v4_int8_baseline,warm_cast,test/organic/organic_0055.jpg,organic,other,0.9820737838745117
v4_int8_baseline,warm_cast,test/organic/organic_0056.jpg,organic,other,0.7018930912017822
v4_int8_baseline,warm_cast,test/organic/organic_0057.jpg,organic,other,0.998846173286438
v4_int8_baseline,warm_cast,test/organic/organic_0058.jpg,organic,other,0.9879049062728882
v4_int8_baseline,warm_cast,test/organic/organic_0059.jpg,organic,other,0.9839926362037659
v4_int8_baseline,warm_cast,test/organic/organic_0060.jpg,organic,other,0.9361975193023682
v4_int8_baseline,warm_cast,test/organic/organic_0061.jpg,organic,other,0.9565219879150391
v4_int8_baseline,warm_cast,test/organic/organic_0062.jpg,organic,other,0.9678851366043091
v4_int8_baseline,warm_cast,test/organic/organic_0063.jpg,organic,other,0.9927541613578796
v4_int8_baseline,warm_cast,test/organic/organic_0064.jpg,organic,other,0.9810381531715393
v4_int8_baseline,warm_cast,test/organic/organic_0065.jpg,organic,other,0.9793798923492432
v4_int8_baseline,warm_cast,test/organic/organic_0066.jpg,organic,other,0.993319034576416
v4_int8_baseline,warm_cast,test/organic/organic_0067.jpg,organic,other,0.9025068283081055
v4_int8_baseline,warm_cast,test/organic/organic_0068.jpg,organic,other,0.9077299237251282
v4_int8_baseline,warm_cast,test/organic/organic_0069.jpg,organic,other,0.9784966707229614
v4_int8_baseline,warm_cast,test/organic/organic_0070.jpg,organic,organic,0.41302675008773804
v4_int8_baseline,warm_cast,test/organic/organic_0071.jpg,organic,other,0.980182409286499
v4_int8_baseline,warm_cast,test/organic/organic_0072.jpg,organic,other,0.9933496117591858
v4_int8_baseline,warm_cast,test/organic/organic_0073.jpg,organic,other,0.9915048480033875
v4_int8_baseline,warm_cast,test/organic/organic_0074.jpg,organic,other,0.9986180067062378
v4_int8_baseline,warm_cast,test/other/cardboard105.jpg,other,other,0.9790602922439575
v4_int8_baseline,warm_cast,test/other/cardboard115.jpg,other,other,0.9902260899543762
v4_int8_baseline,warm_cast,test/other/cardboard121.jpg,other,other,0.9346097111701965
v4_int8_baseline,warm_cast,test/other/cardboard125.jpg,other,other,0.9604447484016418
v4_int8_baseline,warm_cast,test/other/cardboard128.jpg,other,other,0.9440151453018188
v4_int8_baseline,warm_cast,test/other/cardboard160.jpg,other,other,0.9827402830123901
v4_int8_baseline,warm_cast,test/other/cardboard162.jpg,other,other,0.9929251670837402
v4_int8_baseline,warm_cast,test/other/cardboard175.jpg,other,other,0.9886876344680786
v4_int8_baseline,warm_cast,test/other/cardboard18.jpg,other,other,0.9799304008483887
v4_int8_baseline,warm_cast,test/other/cardboard184.jpg,other,other,0.9752800464630127
v4_int8_baseline,warm_cast,test/other/cardboard19.jpg,other,other,0.9833617806434631
v4_int8_baseline,warm_cast,test/other/cardboard190.jpg,other,other,0.9984086155891418
v4_int8_baseline,warm_cast,test/other/cardboard2.jpg,other,other,0.9884065985679626
v4_int8_baseline,warm_cast,test/other/cardboard208.jpg,other,other,0.9761200547218323
v4_int8_baseline,warm_cast,test/other/cardboard210.jpg,other,other,0.9685821533203125
v4_int8_baseline,warm_cast,test/other/cardboard213.jpg,other,other,0.9844465851783752
v4_int8_baseline,warm_cast,test/other/cardboard214.jpg,other,other,0.9838340878486633
v4_int8_baseline,warm_cast,test/other/cardboard216.jpg,other,other,0.9721079468727112
v4_int8_baseline,warm_cast,test/other/cardboard218.jpg,other,other,0.9687541723251343
v4_int8_baseline,warm_cast,test/other/cardboard222.jpg,other,other,0.956247091293335
v4_int8_baseline,warm_cast,test/other/cardboard231.jpg,other,other,0.9804667830467224
v4_int8_baseline,warm_cast,test/other/cardboard239.jpg,other,other,0.9990279674530029
v4_int8_baseline,warm_cast,test/other/cardboard248.jpg,other,other,0.9845468401908875
v4_int8_baseline,warm_cast,test/other/cardboard252.jpg,other,other,0.9808785915374756
v4_int8_baseline,warm_cast,test/other/cardboard259.jpg,other,other,0.9659508466720581
v4_int8_baseline,warm_cast,test/other/cardboard260.jpg,other,other,0.9905400276184082
v4_int8_baseline,warm_cast,test/other/cardboard261.jpg,other,other,0.9847791790962219
v4_int8_baseline,warm_cast,test/other/cardboard266.jpg,other,other,0.9895608425140381
v4_int8_baseline,warm_cast,test/other/cardboard274.jpg,other,other,0.9855993986129761
v4_int8_baseline,warm_cast,test/other/cardboard276.jpg,other,other,0.998852014541626
v4_int8_baseline,warm_cast,test/other/cardboard286.jpg,other,other,0.9935675263404846
v4_int8_baseline,warm_cast,test/other/cardboard289.jpg,other,other,0.9791308045387268
v4_int8_baseline,warm_cast,test/other/cardboard290.jpg,other,other,0.9906497597694397
v4_int8_baseline,warm_cast,test/other/cardboard293.jpg,other,other,0.9833617806434631
v4_int8_baseline,warm_cast,test/other/cardboard299.jpg,other,other,0.9774748682975769
v4_int8_baseline,warm_cast,test/other/cardboard304.jpg,other,other,0.9793983101844788
v4_int8_baseline,warm_cast,test/other/cardboard308.jpg,other,other,0.9862121343612671
v4_int8_baseline,warm_cast,test/other/cardboard31.jpg,other,other,0.9775497913360596
v4_int8_baseline,warm_cast,test/other/cardboard310.jpg,other,other,0.9571065306663513
v4_int8_baseline,warm_cast,test/other/cardboard312.jpg,other,other,0.9728949666023254
v4_int8_baseline,warm_cast,test/other/cardboard313.jpg,other,other,0.9523689150810242
v4_int8_baseline,warm_cast,test/other/cardboard314.jpg,other,other,0.9699788689613342
v4_int8_baseline,warm_cast,test/other/cardboard321.jpg,other,other,0.9845614433288574
v4_int8_baseline,warm_cast,test/other/cardboard323.jpg,other,other,0.9810540080070496
v4_int8_baseline,warm_cast,test/other/cardboard332.jpg,other,other,0.9620524048805237
v4_int8_baseline,warm_cast,test/other/cardboard334.jpg,other,other,0.9790521860122681
v4_int8_baseline,warm_cast,test/other/cardboard34.jpg,other,other,0.9762991070747375
v4_int8_baseline,warm_cast,test/other/cardboard356.jpg,other,other,0.9705115556716919
v4_int8_baseline,warm_cast,test/other/cardboard363.jpg,other,other,0.9968358874320984
v4_int8_baseline,warm_cast,test/other/cardboard372.jpg,other,other,0.9869890213012695
v4_int8_baseline,warm_cast,test/other/cardboard383.jpg,other,other,0.9902859330177307
v4_int8_baseline,warm_cast,test/other/cardboard384.jpg,other,other,0.9932007193565369
v4_int8_baseline,warm_cast,test/other/cardboard387.jpg,other,other,0.9937196969985962
v4_int8_baseline,warm_cast,test/other/cardboard388.jpg,other,other,0.9808005690574646
v4_int8_baseline,warm_cast,test/other/cardboard397.jpg,other,other,0.9679067730903625
v4_int8_baseline,warm_cast,test/other/cardboard40.jpg,other,other,0.9595715403556824
v4_int8_baseline,warm_cast,test/other/cardboard401.jpg,other,other,0.9620040655136108
v4_int8_baseline,warm_cast,test/other/cardboard44.jpg,other,other,0.9473345875740051
v4_int8_baseline,warm_cast,test/other/cardboard51.jpg,other,other,0.9761699438095093
v4_int8_baseline,warm_cast,test/other/cardboard57.jpg,other,other,0.9833793044090271
v4_int8_baseline,warm_cast,test/other/cardboard63.jpg,other,other,0.9843244552612305
v4_int8_baseline,warm_cast,test/other/cardboard69.jpg,other,other,0.9889625906944275
v4_int8_baseline,warm_cast,test/other/cardboard71.jpg,other,other,0.9708988666534424
v4_int8_baseline,warm_cast,test/other/cardboard73.jpg,other,other,0.9837518930435181
v4_int8_baseline,warm_cast,test/other/cardboard8.jpg,other,other,0.963361382484436
v4_int8_baseline,warm_cast,test/other/cardboard88.jpg,other,other,0.9929062128067017
v4_int8_baseline,warm_cast,test/other/cardboard89.jpg,other,other,0.9706832766532898
v4_int8_baseline,warm_cast,test/other/cardboard9.jpg,other,other,0.9580738544464111
v4_int8_baseline,warm_cast,test/other/cardboard92.jpg,other,other,0.9900347590446472
v4_int8_baseline,warm_cast,test/other/cardboard98.jpg,other,other,0.9857601523399353
v4_int8_baseline,warm_cast,test/other/metal112.jpg,other,other,0.9891409873962402
v4_int8_baseline,warm_cast,test/other/metal114.jpg,other,other,0.9990226030349731
v4_int8_baseline,warm_cast,test/other/metal119.jpg,other,other,0.9845016598701477
v4_int8_baseline,warm_cast,test/other/metal12.jpg,other,other,0.9968224763870239
v4_int8_baseline,warm_cast,test/other/metal13.jpg,other,other,0.9840734601020813
v4_int8_baseline,warm_cast,test/other/metal133.jpg,other,other,0.9870997667312622
v4_int8_baseline,warm_cast,test/other/metal134.jpg,other,other,0.9811596870422363
v4_int8_baseline,warm_cast,test/other/metal139.jpg,other,other,0.9533190727233887
v4_int8_baseline,warm_cast,test/other/metal143.jpg,other,other,0.9798527956008911
v4_int8_baseline,warm_cast,test/other/metal146.jpg,other,other,0.9629123210906982
v4_int8_baseline,warm_cast,test/other/metal157.jpg,other,other,0.9522809982299805
v4_int8_baseline,warm_cast,test/other/metal159.jpg,other,other,0.9913634061813354
v4_int8_baseline,warm_cast,test/other/metal161.jpg,other,other,0.9777827858924866
v4_int8_baseline,warm_cast,test/other/metal170.jpg,other,other,0.9855921268463135
v4_int8_baseline,warm_cast,test/other/metal172.jpg,other,other,0.9764423966407776
v4_int8_baseline,warm_cast,test/other/metal175.jpg,other,other,0.9754257798194885
v4_int8_baseline,warm_cast,test/other/metal18.jpg,other,other,0.9950579404830933
v4_int8_baseline,warm_cast,test/other/metal186.jpg,other,other,0.9723256230354309
v4_int8_baseline,warm_cast,test/other/metal187.jpg,other,other,0.9882624745368958
v4_int8_baseline,warm_cast,test/other/metal188.jpg,other,other,0.9916287660598755
v4_int8_baseline,warm_cast,test/other/metal192.jpg,other,other,0.995420515537262
v4_int8_baseline,warm_cast,test/other/metal198.jpg,other,other,0.9697045683860779
v4_int8_baseline,warm_cast,test/other/metal201.jpg,other,other,0.9770095348358154
v4_int8_baseline,warm_cast,test/other/metal205.jpg,other,other,0.990576982498169
v4_int8_baseline,warm_cast,test/other/metal209.jpg,other,other,0.5382592678070068
v4_int8_baseline,warm_cast,test/other/metal217.jpg,other,other,0.9797311425209045
v4_int8_baseline,warm_cast,test/other/metal239.jpg,other,other,0.9822299480438232
v4_int8_baseline,warm_cast,test/other/metal24.jpg,other,other,0.9869720339775085
v4_int8_baseline,warm_cast,test/other/metal246.jpg,other,other,0.9950730204582214
v4_int8_baseline,warm_cast,test/other/metal247.jpg,other,other,0.9884814023971558
v4_int8_baseline,warm_cast,test/other/metal248.jpg,other,other,0.9985866546630859
v4_int8_baseline,warm_cast,test/other/metal249.jpg,other,other,0.9998106360435486
v4_int8_baseline,warm_cast,test/other/metal258.jpg,other,other,0.9934087991714478
v4_int8_baseline,warm_cast,test/other/metal261.jpg,other,other,0.826532244682312
v4_int8_baseline,warm_cast,test/other/metal263.jpg,other,other,0.9772725105285645
v4_int8_baseline,warm_cast,test/other/metal269.jpg,other,other,0.9792978763580322
v4_int8_baseline,warm_cast,test/other/metal27.jpg,other,other,0.9844004511833191
v4_int8_baseline,warm_cast,test/other/metal275.jpg,other,other,0.9984608888626099
v4_int8_baseline,warm_cast,test/other/metal292.jpg,other,other,0.7944157719612122
v4_int8_baseline,warm_cast,test/other/metal296.jpg,other,other,0.9560155272483826
v4_int8_baseline,warm_cast,test/other/metal317.jpg,other,other,0.9871719479560852
v4_int8_baseline,warm_cast,test/other/metal324.jpg,other,other,0.9982172846794128
v4_int8_baseline,warm_cast,test/other/metal325.jpg,other,other,0.973027229309082
v4_int8_baseline,warm_cast,test/other/metal328.jpg,other,other,0.983347475528717
v4_int8_baseline,warm_cast,test/other/metal33.jpg,other,other,0.9653492569923401
v4_int8_baseline,warm_cast,test/other/metal341.jpg,other,other,0.9910567998886108
v4_int8_baseline,warm_cast,test/other/metal344.jpg,other,other,0.8997081518173218
v4_int8_baseline,warm_cast,test/other/metal350.jpg,other,other,0.9925519227981567
v4_int8_baseline,warm_cast,test/other/metal355.jpg,other,other,0.9864985942840576
v4_int8_baseline,warm_cast,test/other/metal364.jpg,other,other,0.9822865128517151
v4_int8_baseline,warm_cast,test/other/metal370.jpg,other,other,0.9373887777328491
v4_int8_baseline,warm_cast,test/other/metal387.jpg,other,other,0.9967150688171387
v4_int8_baseline,warm_cast,test/other/metal389.jpg,other,other,0.9907842874526978
v4_int8_baseline,warm_cast,test/other/metal393.jpg,other,other,0.9897095561027527
v4_int8_baseline,warm_cast,test/other/metal394.jpg,other,other,0.99747234582901
v4_int8_baseline,warm_cast,test/other/metal395.jpg,other,other,0.9697260856628418
v4_int8_baseline,warm_cast,test/other/metal403.jpg,other,other,0.9883577227592468
v4_int8_baseline,warm_cast,test/other/metal48.jpg,other,other,0.9916057586669922
v4_int8_baseline,warm_cast,test/other/metal50.jpg,other,other,0.8570685386657715
v4_int8_baseline,warm_cast,test/other/metal52.jpg,other,other,0.9975069165229797
v4_int8_baseline,warm_cast,test/other/metal62.jpg,other,other,0.9960386753082275
v4_int8_baseline,warm_cast,test/other/metal65.jpg,other,other,0.9970507621765137
v4_int8_baseline,warm_cast,test/other/metal68.jpg,other,other,0.996751070022583
v4_int8_baseline,warm_cast,test/other/metal77.jpg,other,other,0.9856206178665161
v4_int8_baseline,warm_cast,test/other/metal80.jpg,other,other,0.9158700108528137
v4_int8_baseline,warm_cast,test/other/metal84.jpg,other,other,0.9969053864479065
v4_int8_baseline,warm_cast,test/other/metal87.jpg,other,other,0.9957587122917175
v4_int8_baseline,warm_cast,test/other/metal99.jpg,other,other,0.9867249727249146
v4_int8_baseline,cool_cast,test/paper/paper104.jpg,paper,other,0.9994187355041504
v4_int8_baseline,cool_cast,test/paper/paper112.jpg,paper,other,0.9996289014816284
v4_int8_baseline,cool_cast,test/paper/paper113.jpg,paper,other,0.9999345541000366
v4_int8_baseline,cool_cast,test/paper/paper114.jpg,paper,other,0.9998499155044556
v4_int8_baseline,cool_cast,test/paper/paper12.jpg,paper,other,0.9994803071022034
v4_int8_baseline,cool_cast,test/paper/paper120.jpg,paper,other,0.9785893559455872
v4_int8_baseline,cool_cast,test/paper/paper124.jpg,paper,other,0.9986854195594788
v4_int8_baseline,cool_cast,test/paper/paper125.jpg,paper,other,0.9954593777656555
v4_int8_baseline,cool_cast,test/paper/paper129.jpg,paper,other,0.9956164360046387
v4_int8_baseline,cool_cast,test/paper/paper13.jpg,paper,other,0.9990782737731934
v4_int8_baseline,cool_cast,test/paper/paper137.jpg,paper,other,0.9987564086914062
v4_int8_baseline,cool_cast,test/paper/paper143.jpg,paper,other,0.9948258996009827
v4_int8_baseline,cool_cast,test/paper/paper149.jpg,paper,other,0.9969154596328735
v4_int8_baseline,cool_cast,test/paper/paper161.jpg,paper,other,0.9912448525428772
v4_int8_baseline,cool_cast,test/paper/paper167.jpg,paper,other,0.9950249791145325
v4_int8_baseline,cool_cast,test/paper/paper169.jpg,paper,other,0.9005903005599976
v4_int8_baseline,cool_cast,test/paper/paper186.jpg,paper,other,0.99992835521698
v4_int8_baseline,cool_cast,test/paper/paper188.jpg,paper,other,0.9952592253684998
v4_int8_baseline,cool_cast,test/paper/paper208.jpg,paper,other,0.9942745566368103
v4_int8_baseline,cool_cast,test/paper/paper209.jpg,paper,other,0.9991412162780762
v4_int8_baseline,cool_cast,test/paper/paper218.jpg,paper,other,0.9553914070129395
v4_int8_baseline,cool_cast,test/paper/paper219.jpg,paper,other,0.9982289671897888
v4_int8_baseline,cool_cast,test/paper/paper220.jpg,paper,other,0.9945023059844971
v4_int8_baseline,cool_cast,test/paper/paper225.jpg,paper,other,0.9996320009231567
v4_int8_baseline,cool_cast,test/paper/paper230.jpg,paper,other,0.9967396855354309
v4_int8_baseline,cool_cast,test/paper/paper235.jpg,paper,other,0.9021846055984497
v4_int8_baseline,cool_cast,test/paper/paper266.jpg,paper,other,0.9980720281600952
v4_int8_baseline,cool_cast,test/paper/paper269.jpg,paper,other,0.9995740056037903
v4_int8_baseline,cool_cast,test/paper/paper271.jpg,paper,other,0.9989558458328247
v4_int8_baseline,cool_cast,test/paper/paper273.jpg,paper,other,0.9987832903862
v4_int8_baseline,cool_cast,test/paper/paper276.jpg,paper,other,0.9958580136299133
v4_int8_baseline,cool_cast,test/paper/paper279.jpg,paper,other,0.9909219145774841
v4_int8_baseline,cool_cast,test/paper/paper282.jpg,paper,other,0.9990769624710083
v4_int8_baseline,cool_cast,test/paper/paper286.jpg,paper,other,0.9997105002403259
v4_int8_baseline,cool_cast,test/paper/paper289.jpg,paper,other,0.998986542224884
v4_int8_baseline,cool_cast,test/paper/paper294.jpg,paper,other,0.9810565114021301
v4_int8_baseline,cool_cast,test/paper/paper3.jpg,paper,other,0.992886483669281
v4_int8_baseline,cool_cast,test/paper/paper301.jpg,paper,other,0.9983502626419067
v4_int8_baseline,cool_cast,test/paper/paper303.jpg,paper,other,0.9983195662498474
v4_int8_baseline,cool_cast,test/paper/paper311.jpg,paper,other,0.999695897102356
v4_int8_baseline,cool_cast,test/paper/paper319.jpg,paper,other,0.999049961566925
v4_int8_baseline,cool_cast,test/paper/paper32.jpg,paper,other,0.9950324296951294
v4_int8_baseline,cool_cast,test/paper/paper346.jpg,paper,other,0.9975360631942749
v4_int8_baseline,cool_cast,test/paper/paper348.jpg,paper,other,0.8466447591781616
v4_int8_baseline,cool_cast,test/paper/paper350.jpg,paper,other,0.9020498394966125
v4_int8_baseline,cool_cast,test/paper/paper354.jpg,paper,other,0.9986612796783447
v4_int8_baseline,cool_cast,test/paper/paper356.jpg,paper,other,0.9988605976104736
v4_int8_baseline,cool_cast,test/paper/paper357.jpg,paper,other,0.9957799911499023
v4_int8_baseline,cool_cast,test/paper/paper361.jpg,paper,other,0.994776725769043
v4_int8_baseline,cool_cast,test/paper/paper362.jpg,paper,other,0.9992372989654541
v4_int8_baseline,cool_cast,test/paper/paper368.jpg,paper,other,0.9207918643951416
v4_int8_baseline,cool_cast,test/paper/paper373.jpg,paper,other,0.8573687076568604
v4_int8_baseline,cool_cast,test/paper/paper380.jpg,paper,other,0.9970000386238098
v4_int8_baseline,cool_cast,test/paper/paper381.jpg,paper,other,0.9986814856529236
v4_int8_baseline,cool_cast,test/paper/paper385.jpg,paper,other,0.6755819916725159
v4_int8_baseline,cool_cast,test/paper/paper392.jpg,paper,other,0.9981290698051453
v4_int8_baseline,cool_cast,test/paper/paper396.jpg,paper,other,0.9987714886665344
v4_int8_baseline,cool_cast,test/paper/paper404.jpg,paper,other,0.9994388222694397
v4_int8_baseline,cool_cast,test/paper/paper405.jpg,paper,other,0.9986602067947388
v4_int8_baseline,cool_cast,test/paper/paper416.jpg,paper,other,0.992521345615387
v4_int8_baseline,cool_cast,test/paper/paper417.jpg,paper,other,0.6780834197998047
v4_int8_baseline,cool_cast,test/paper/paper422.jpg,paper,other,0.9923781156539917
v4_int8_baseline,cool_cast,test/paper/paper434.jpg,paper,other,0.9994670748710632
v4_int8_baseline,cool_cast,test/paper/paper444.jpg,paper,other,0.8834601640701294
v4_int8_baseline,cool_cast,test/paper/paper450.jpg,paper,other,0.9981471300125122
v4_int8_baseline,cool_cast,test/paper/paper457.jpg,paper,other,0.9879734516143799
v4_int8_baseline,cool_cast,test/paper/paper460.jpg,paper,other,0.9996975660324097
v4_int8_baseline,cool_cast,test/paper/paper461.jpg,paper,other,0.997858464717865
v4_int8_baseline,cool_cast,test/paper/paper462.jpg,paper,other,0.995576024055481
v4_int8_baseline,cool_cast,test/paper/paper465.jpg,paper,other,0.9988008737564087
v4_int8_baseline,cool_cast,test/paper/paper474.jpg,paper,other,0.9826366305351257
v4_int8_baseline,cool_cast,test/paper/paper48.jpg,paper,other,0.989194393157959
v4_int8_baseline,cool_cast,test/paper/paper495.jpg,paper,other,0.9984269142150879
v4_int8_baseline,cool_cast,test/paper/paper500.jpg,paper,other,0.998880922794342
v4_int8_baseline,cool_cast,test/paper/paper502.jpg,paper,other,0.9971823692321777
v4_int8_baseline,cool_cast,test/paper/paper503.jpg,paper,other,0.9747275710105896
v4_int8_baseline,cool_cast,test/paper/paper505.jpg,paper,other,0.9756827354431152
v4_int8_baseline,cool_cast,test/paper/paper508.jpg,paper,other,0.9966651797294617
v4_int8_baseline,cool_cast,test/paper/paper515.jpg,paper,other,0.9975574016571045
v4_int8_baseline,cool_cast,test/paper/paper525.jpg,paper,other,0.998420238494873
v4_int8_baseline,cool_cast,test/paper/paper527.jpg,paper,other,0.9712930917739868
v4_int8_baseline,cool_cast,test/paper/paper53.jpg,paper,other,0.9997172951698303
v4_int8_baseline,cool_cast,test/paper/paper534.jpg,paper,other,0.9819335341453552
v4_int8_baseline,cool_cast,test/paper/paper537.jpg,paper,other,0.9998241066932678
v4_int8_baseline,cool_cast,test/paper/paper541.jpg,paper,other,0.9989493489265442
v4_int8_baseline,cool_cast,test/paper/paper542.jpg,paper,other,0.9968681931495667
v4_int8_baseline,cool_cast,test/paper/paper543.jpg,paper,other,0.9997691512107849
v4_int8_baseline,cool_cast,test/paper/paper547.jpg,paper,other,0.992181658744812
v4_int8_baseline,cool_cast,test/paper/paper548.jpg,paper,other,0.9508557319641113
v4_int8_baseline,cool_cast,test/paper/paper55.jpg,paper,other,0.9999291896820068
v4_int8_baseline,cool_cast,test/paper/paper557.jpg,paper,other,0.9947108030319214
v4_int8_baseline,cool_cast,test/paper/paper558.jpg,paper,other,0.9957568049430847
v4_int8_baseline,cool_cast,test/paper/paper563.jpg,paper,other,0.9983972907066345
v4_int8_baseline,cool_cast,test/paper/paper569.jpg,paper,other,0.9996104836463928
v4_int8_baseline,cool_cast,test/paper/paper570.jpg,paper,other,0.994178056716919
v4_int8_baseline,cool_cast,test/paper/paper576.jpg,paper,other,0.9937799572944641
v4_int8_baseline,cool_cast,test/paper/paper58.jpg,paper,other,0.9692294001579285
v4_int8_baseline,cool_cast,test/paper/paper586.jpg,paper,other,0.9950844645500183
v4_int8_baseline,cool_cast,test/paper/paper593.jpg,paper,other,0.9767993092536926
v4_int8_baseline,cool_cast,test/paper/paper6.jpg,paper,other,0.9985328912734985
v4_int8_baseline,cool_cast,test/paper/paper68.jpg,paper,other,0.9970905780792236
v4_int8_baseline,cool_cast,test/paper/paper69.jpg,paper,other,0.9721934199333191
v4_int8_baseline,cool_cast,test/paper/paper7.jpg,paper,other,0.9999135732650757
v4_int8_baseline,cool_cast,test/paper/paper70.jpg,paper,paper,0.43942558765411377
v4_int8_baseline,cool_cast,test/paper/paper77.jpg,paper,other,0.9998020529747009
v4_int8_baseline,cool_cast,test/paper/paper86.jpg,paper,other,0.998643696308136
v4_int8_baseline,cool_cast,test/paper/paper94.jpg,paper,other,0.9984941482543945
v4_int8_baseline,cool_cast,test/paper/paper97.jpg,paper,other,0.9979767203330994
v4_int8_baseline,cool_cast,test/plastic/plastic103.jpg,plastic,other,0.9998555183410645
v4_int8_baseline,cool_cast,test/plastic/plastic114.jpg,plastic,other,0.9791396856307983
v4_int8_baseline,cool_cast,test/plastic/plastic122.jpg,plastic,other,0.9999065399169922
v4_int8_baseline,cool_cast,test/plastic/plastic125.jpg,plastic,other,0.982475996017456
v4_int8_baseline,cool_cast,test/plastic/plastic126.jpg,plastic,other,0.9995310306549072
v4_int8_baseline,cool_cast,test/plastic/plastic132.jpg,plastic,other,0.9969000816345215
v4_int8_baseline,cool_cast,test/plastic/plastic138.jpg,plastic,other,0.9983826875686646
v4_int8_baseline,cool_cast,test/plastic/plastic145.jpg,plastic,other,0.9960570335388184
v4_int8_baseline,cool_cast,test/plastic/plastic146.jpg,plastic,other,0.95713871717453
v4_int8_baseline,cool_cast,test/plastic/plastic152.jpg,plastic,other,0.944271981716156
v4_int8_baseline,cool_cast,test/plastic/plastic156.jpg,plastic,other,0.711872398853302
v4_int8_baseline,cool_cast,test/plastic/plastic159.jpg,plastic,plastic,0.47562292218208313
v4_int8_baseline,cool_cast,test/plastic/plastic170.jpg,plastic,other,0.997384250164032
v4_int8_baseline,cool_cast,test/plastic/plastic172.jpg,plastic,other,0.996751070022583
v4_int8_baseline,cool_cast,test/plastic/plastic177.jpg,plastic,other,0.9978519678115845
v4_int8_baseline,cool_cast,test/plastic/plastic187.jpg,plastic,other,0.9998935461044312
v4_int8_baseline,cool_cast,test/plastic/plastic2.jpg,plastic,other,0.9851751923561096
v4_int8_baseline,cool_cast,test/plastic/plastic201.jpg,plastic,other,0.9998044371604919
v4_int8_baseline,cool_cast,test/plastic/plastic205.jpg,plastic,other,0.9999265670776367
v4_int8_baseline,cool_cast,test/plastic/plastic207.jpg,plastic,other,0.9978006482124329
v4_int8_baseline,cool_cast,test/plastic/plastic21.jpg,plastic,other,0.9998990297317505
v4_int8_baseline,cool_cast,test/plastic/plastic214.jpg,plastic,other,0.9998157620429993
v4_int8_baseline,cool_cast,test/plastic/plastic217.jpg,plastic,other,0.9998538494110107
v4_int8_baseline,cool_cast,test/plastic/plastic226.jpg,plastic,other,0.9998658895492554
v4_int8_baseline,cool_cast,test/plastic/plastic227.jpg,plastic,other,0.9999134540557861
v4_int8_baseline,cool_cast,test/plastic/plastic242.jpg,plastic,other,0.9997783303260803
v4_int8_baseline,cool_cast,test/plastic/plastic251.jpg,plastic,other,0.9998600482940674
v4_int8_baseline,cool_cast,test/plastic/plastic252.jpg,plastic,other,0.9998733997344971
v4_int8_baseline,cool_cast,test/plastic/plastic253.jpg,plastic,other,0.9998451471328735
v4_int8_baseline,cool_cast,test/plastic/plastic260.jpg,plastic,other,0.9953889846801758
v4_int8_baseline,cool_cast,test/plastic/plastic264.jpg,plastic,plastic,0.8345128893852234
v4_int8_baseline,cool_cast,test/plastic/plastic265.jpg,plastic,other,0.9998698234558105
v4_int8_baseline,cool_cast,test/plastic/plastic268.jpg,plastic,organic,0.9643460512161255
v4_int8_baseline,cool_cast,test/plastic/plastic270.jpg,plastic,other,0.9998863935470581
v4_int8_baseline,cool_cast,test/plastic/plastic285.jpg,plastic,other,0.9997997879981995
v4_int8_baseline,cool_cast,test/plastic/plastic305.jpg,plastic,other,0.9992316961288452
v4_int8_baseline,cool_cast,test/plastic/plastic306.jpg,plastic,other,0.9998687505722046
v4_int8_baseline,cool_cast,test/plastic/plastic312.jpg,plastic,plastic,0.9638393521308899
v4_int8_baseline,cool_cast,test/plastic/plastic314.jpg,plastic,other,0.9977021813392639
v4_int8_baseline,cool_cast,test/plastic/plastic315.jpg,plastic,other,0.9989602565765381
v4_int8_baseline,cool_cast,test/plastic/plastic317.jpg,plastic,other,0.9995530247688293
v4_int8_baseline,cool_cast,test/plastic/plastic32.jpg,plastic,other,0.999919056892395
v4_int8_baseline,cool_cast,test/plastic/plastic328.jpg,plastic,other,0.995934009552002
v4_int8_baseline,cool_cast,test/plastic/plastic348.jpg,plastic,other,0.9997428059577942
v4_int8_baseline,cool_cast,test/plastic/plastic349.jpg,plastic,other,0.999861478805542
v4_int8_baseline,cool_cast,test/plastic/plastic372.jpg,plastic,other,0.999642014503479
v4_int8_baseline,cool_cast,test/plastic/plastic374.jpg,plastic,other,0.9852824211120605
v4_int8_baseline,cool_cast,test/plastic/plastic379.jpg,plastic,other,0.9999058246612549
v4_int8_baseline,cool_cast,test/plastic/plastic383.jpg,plastic,other,0.9987214207649231
v4_int8_baseline,cool_cast,test/plastic/plastic388.jpg,plastic,other,0.9998623132705688
v4_int8_baseline,cool_cast,test/plastic/plastic39.jpg,plastic,other,0.9997480511665344
v4_int8_baseline,cool_cast,test/plastic/plastic390.jpg,plastic,other,0.9998987913131714
v4_int8_baseline,cool_cast,test/plastic/plastic398.jpg,plastic,other,0.9997798800468445
v4_int8_baseline,cool_cast,test/plastic/plastic399.jpg,plastic,other,0.9998692274093628
v4_int8_baseline,cool_cast,test/plastic/plastic405.jpg,plastic,other,0.9995601773262024
v4_int8_baseline,cool_cast,test/plastic/plastic411.jpg,plastic,other,0.9999010562896729
v4_int8_baseline,cool_cast,test/plastic/plastic420.jpg,plastic,other,0.9998912811279297
v4_int8_baseline,cool_cast,test/plastic/plastic423.jpg,plastic,other,0.999862551689148
v4_int8_baseline,cool_cast,test/plastic/plastic426.jpg,plastic,other,0.9998200535774231
v4_int8_baseline,cool_cast,test/plastic/plastic434.jpg,plastic,other,0.9998947381973267
v4_int8_baseline,cool_cast,test/plastic/plastic438.jpg,plastic,other,0.9921167492866516
v4_int8_baseline,cool_cast,test/plastic/plastic465.jpg,plastic,other,0.985235333442688
v4_int8_baseline,cool_cast,test/plastic/plastic473.jpg,plastic,other,0.9985059499740601
v4_int8_baseline,cool_cast,test/plastic/plastic49.jpg,plastic,other,0.9999047517776489
v4_int8_baseline,cool_cast,test/plastic/plastic64.jpg,plastic,other,0.9998897314071655
v4_int8_baseline,cool_cast,test/plastic/plastic66.jpg,plastic,other,0.9998338222503662
v4_int8_baseline,cool_cast,test/plastic/plastic67.jpg,plastic,other,0.9998359680175781
v4_int8_baseline,cool_cast,test/plastic/plastic79.jpg,plastic,plastic,0.46421319246292114
v4_int8_baseline,cool_cast,test/plastic/plastic80.jpg,plastic,other,0.9999101161956787
v4_int8_baseline,cool_cast,test/plastic/plastic82.jpg,plastic,other,0.9982184767723083
v4_int8_baseline,cool_cast,test/plastic/plastic84.jpg,plastic,other,0.9998863935470581
v4_int8_baseline,cool_cast,test/plastic/plastic93.jpg,plastic,other,0.9998992681503296
v4_int8_baseline,cool_cast,test/plastic/plastic98.jpg,plastic,other,0.9434098601341248
v4_int8_baseline,cool_cast,test/plastic/plastic99.jpg,plastic,other,0.999854326248169
v4_int8_baseline,cool_cast,test/organic/organic_0001.jpg,organic,other,0.9869886636734009
v4_int8_baseline,cool_cast,test/organic/organic_0002.jpg,organic,other,0.9516420960426331
v4_int8_baseline,cool_cast,test/organic/organic_0003.jpg,organic,other,0.5126416683197021
v4_int8_baseline,cool_cast,test/organic/organic_0004.jpg,organic,other,0.9928463101387024
v4_int8_baseline,cool_cast,test/organic/organic_0005.jpg,organic,other,0.9984889030456543
v4_int8_baseline,cool_cast,test/organic/organic_0006.jpg,organic,other,0.9972361922264099
v4_int8_baseline,cool_cast,test/organic/organic_0007.jpg,organic,other,0.998487114906311
v4_int8_baseline,cool_cast,test/organic/organic_0008.jpg,organic,other,0.9979674220085144
v4_int8_baseline,cool_cast,test/organic/organic_0009.jpg,organic,other,0.9556959867477417
v4_int8_baseline,cool_cast,test/organic/organic_0010.jpg,organic,plastic,0.552677571773529
v4_int8_baseline,cool_cast,test/organic/organic_0011.jpg,organic,other,0.9534711837768555
v4_int8_baseline,cool_cast,test/organic/organic_0012.jpg,organic,other,0.978050708770752
v4_int8_baseline,cool_cast,test/organic/organic_0013.jpg,organic,other,0.9972453117370605
v4_int8_baseline,cool_cast,test/organic/organic_0014.jpg,organic,other,0.9832515716552734
v4_int8_baseline,cool_cast,test/organic/organic_0015.jpg,organic,other,0.9972055554389954
v4_int8_baseline,cool_cast,test/organic/organic_0016.jpg,organic,other,0.9468603730201721
v4_int8_baseline,cool_cast,test/organic/organic_0017.jpg,organic,other,0.9925923347473145
v4_int8_baseline,cool_cast,test/organic/organic_0018.jpg,organic,paper,0.5227917432785034
v4_int8_baseline,cool_cast,test/organic/organic_0019.jpg,organic,other,0.7872824668884277
v4_int8_baseline,cool_cast,test/organic/organic_0020.jpg,organic,other,0.9996509552001953
v4_int8_baseline,cool_cast,test/organic/organic_0021.jpg,organic,other,0.9343615174293518
v4_int8_baseline,cool_cast,test/organic/organic_0022.jpg,organic,other,0.9977662563323975
v4_int8_baseline,cool_cast,test/organic/organic_0023.jpg,organic,other,0.9998998641967773
v4_int8_baseline,cool_cast,test/organic/organic_0024.jpg,organic,organic,0.5799189209938049
v4_int8_baseline,cool_cast,test/organic/organic_0025.jpg,organic,other,0.9796469211578369
v4_int8_baseline,cool_cast,test/organic/organic_0026.jpg,organic,other,0.9892478585243225
v4_int8_baseline,cool_cast,test/organic/organic_0027.jpg,organic,other,0.996801495552063
v4_int8_baseline,cool_cast,test/organic/organic_0028.jpg,organic,other,0.9810943603515625
v4_int8_baseline,cool_cast,test/organic/organic_0029.jpg,organic,other,0.9089918732643127
v4_int8_baseline,cool_cast,test/organic/organic_0030.jpg,organic,other,0.9906499981880188
v4_int8_baseline,cool_cast,test/organic/organic_0031.jpg,organic,other,0.9821745157241821
v4_int8_baseline,cool_cast,test/organic/organic_0032.jpg,organic,other,0.9973742961883545
v4_int8_baseline,cool_cast,test/organic/organic_0033.jpg,organic,other,0.9863837361335754
v4_int8_baseline,cool_cast,test/organic/organic_0034.jpg,organic,other,0.913474977016449
v4_int8_baseline,cool_cast,test/organic/organic_0035.jpg,organic,other,0.7128926515579224
v4_int8_baseline,cool_cast,test/organic/organic_0036.jpg,organic,other,0.9768194556236267
v4_int8_baseline,cool_cast,test/organic/organic_0037.jpg,organic,other,0.9699046015739441
v4_int8_baseline,cool_cast,test/organic/organic_0038.jpg,organic,paper,0.6801209449768066
v4_int8_baseline,cool_cast,test/organic/organic_0039.jpg,organic,other,0.9380423426628113
v4_int8_baseline,cool_cast,test/organic/organic_0040.jpg,organic,organic,0.5569590330123901
v4_int8_baseline,cool_cast,test/organic/organic_0041.jpg,organic,other,0.9986932873725891
v4_int8_baseline,cool_cast,test/organic/organic_0042.jpg,organic,other,0.7374361157417297
v4_int8_baseline,cool_cast,test/organic/organic_0043.jpg,organic,other,0.9928971529006958
v4_int8_baseline,cool_cast,test/organic/organic_0044.jpg,organic,other,0.8638702630996704
v4_int8_baseline,cool_cast,test/organic/organic_0045.jpg,organic,other,0.9927412271499634
v4_int8_baseline,cool_cast,test/organic/organic_0046.jpg,organic,other,0.9876673221588135
v4_int8_baseline,cool_cast,test/organic/organic_0047.jpg,organic,other,0.9881471991539001
v4_int8_baseline,cool_cast,test/organic/organic_0048.jpg,organic,other,0.9885857701301575
v4_int8_baseline,cool_cast,test/organic/organic_0049.jpg,organic,other,0.55094975233078
v4_int8_baseline,cool_cast,test/organic/organic_0050.jpg,organic,other,0.9863196015357971
v4_int8_baseline,cool_cast,test/organic/organic_0051.jpg,organic,other,0.9980387091636658
v4_int8_baseline,cool_cast,test/organic/organic_0052.jpg,organic,other,0.9977971315383911
v4_int8_baseline,cool_cast,test/organic/organic_0053.jpg,organic,other,0.6356815099716187
v4_int8_baseline,cool_cast,test/organic/organic_0054.jpg,organic,other,0.7989668846130371
v4_int8_baseline,cool_cast,test/organic/organic_0055.jpg,organic,other,0.9700708389282227
v4_int8_baseline,cool_cast,test/organic/organic_0056.jpg,organic,other,0.9508172273635864
v4_int8_baseline,cool_cast,test/organic/organic_0057.jpg,organic,other,0.9969620108604431
v4_int8_baseline,cool_cast,test/organic/organic_0058.jpg,organic,other,0.9559451341629028
v4_int8_baseline,cool_cast,test/organic/organic_0059.jpg,organic,other,0.9036393761634827
v4_int8_baseline,cool_cast,test/organic/organic_0060.jpg,organic,other,0.9738576412200928
v4_int8_baseline,cool_cast,test/organic/organic_0061.jpg,organic,other,0.9971197843551636
v4_int8_baseline,cool_cast,test/organic/organic_0062.jpg,organic,other,0.8522168397903442
v4_int8_baseline,cool_cast,test/organic/organic_0063.jpg,organic,other,0.9827735424041748
v4_int8_baseline,cool_cast,test/organic/organic_0064.jpg,organic,other,0.8922581672668457
v4_int8_baseline,cool_cast,test/organic/organic_0065.jpg,organic,other,0.6999499797821045
v4_int8_baseline,cool_cast,test/organic/organic_0066.jpg,organic,other,0.6247583627700806
v4_int8_baseline,cool_cast,test/organic/organic_0067.jpg,organic,organic,0.9993302822113037
v4_int8_baseline,cool_cast,test/organic/organic_0068.jpg,organic,other,0.9001902937889099
v4_int8_baseline,cool_cast,test/organic/organic_0069.jpg,organic,other,0.9063431024551392
v4_int8_baseline,cool_cast,test/organic/organic_0070.jpg,organic,other,0.8846242427825928
v4_int8_baseline,cool_cast,test/organic/organic_0071.jpg,organic,other,0.7688165307044983
v4_int8_baseline,cool_cast,test/organic/organic_0072.jpg,organic,other,0.9824105501174927
v4_int8_baseline,cool_cast,test/organic/organic_0073.jpg,organic,other,0.995123565196991
v4_int8_baseline,cool_cast,test/organic/organic_0074.jpg,organic,other,0.9962843656539917
v4_int8_baseline,cool_cast,test/other/cardboard105.jpg,other,plastic,0.6426896452903748
v4_int8_baseline,cool_cast,test/other/cardboard115.jpg,other,paper,0.6916726231575012
v4_int8_baseline,cool_cast,test/other/cardboard121.jpg,other,other,0.9470006823539734
v4_int8_baseline,cool_cast,test/other/cardboard125.jpg,other,other,0.9655306935310364
v4_int8_baseline,cool_cast,test/other/cardboard128.jpg,other,other,0.9795392751693726
v4_int8_baseline,cool_cast,test/other/cardboard160.jpg,other,other,0.8960857391357422
v4_int8_baseline,cool_cast,test/other/cardboard162.jpg,other,other,0.9999125003814697
v4_int8_baseline,cool_cast,test/other/cardboard175.jpg,other,other,0.980199933052063
v4_int8_baseline,cool_cast,test/other/cardboard18.jpg,other,plastic,0.7905709147453308
v4_int8_baseline,cool_cast,test/other/cardboard184.jpg,other,other,0.8937664031982422
v4_int8_baseline,cool_cast,test/other/cardboard19.jpg,other,organic,0.5170370936393738
v4_int8_baseline,cool_cast,test/other/cardboard190.jpg,other,other,0.9998348951339722
v4_int8_baseline,cool_cast,test/other/cardboard2.jpg,other,other,0.6787893772125244
v4_int8_baseline,cool_cast,test/other/cardboard208.jpg,other,other,0.984399676322937
v4_int8_baseline,cool_cast,test/other/cardboard210.jpg,other,other,0.8072754740715027
v4_int8_baseline,cool_cast,test/other/cardboard213.jpg,other,other,0.9164240956306458
v4_int8_baseline,cool_cast,test/other/cardboard214.jpg,other,other,0.996380627155304
v4_int8_baseline,cool_cast,test/other/cardboard216.jpg,other,other,0.9992992877960205
v4_int8_baseline,cool_cast,test/other/cardboard218.jpg,other,other,0.9997822642326355
v4_int8_baseline,cool_cast,test/other/cardboard222.jpg,other,paper,0.42006823420524597
v4_int8_baseline,cool_cast,test/other/cardboard231.jpg,other,paper,0.5758715271949768
v4_int8_baseline,cool_cast,test/other/cardboard239.jpg,other,other,0.9977976083755493
v4_int8_baseline,cool_cast,test/other/cardboard248.jpg,other,other,0.9988051652908325
v4_int8_baseline,cool_cast,test/other/cardboard252.jpg,other,plastic,0.9499058127403259
v4_int8_baseline,cool_cast,test/other/cardboard259.jpg,other,organic,0.6459675431251526
v4_int8_baseline,cool_cast,test/other/cardboard260.jpg,other,plastic,0.9175741672515869
v4_int8_baseline,cool_cast,test/other/cardboard261.jpg,other,plastic,0.8366912007331848
v4_int8_baseline,cool_cast,test/other/cardboard266.jpg,other,other,0.7305210828781128
v4_int8_baseline,cool_cast,test/other/cardboard274.jpg,other,other,0.9991317391395569
v4_int8_baseline,cool_cast,test/other/cardboard276.jpg,other,other,0.9968364238739014
v4_int8_baseline,cool_cast,test/other/cardboard286.jpg,other,other,0.9994640946388245
v4_int8_baseline,cool_cast,test/other/cardboard289.jpg,other,plastic,0.9865389466285706
v4_int8_baseline,cool_cast,test/other/cardboard290.jpg,other,other,0.7589764595031738
v4_int8_baseline,cool_cast,test/other/cardboard293.jpg,other,other,0.5422942042350769
v4_int8_baseline,cool_cast,test/other/cardboard299.jpg,other,plastic,0.9955244064331055
v4_int8_baseline,cool_cast,test/other/cardboard304.jpg,other,plastic,0.8036263585090637
v4_int8_baseline,cool_cast,test/other/cardboard308.jpg,other,other,0.865343451499939
v4_int8_baseline,cool_cast,test/other/cardboard31.jpg,other,other,0.6275545358657837
v4_int8_baseline,cool_cast,test/other/cardboard310.jpg,other,paper,0.5201814770698547
v4_int8_baseline,cool_cast,test/other/cardboard312.jpg,other,plastic,0.9659545421600342
v4_int8_baseline,cool_cast,test/other/cardboard313.jpg,other,paper,0.7470366954803467
v4_int8_baseline,cool_cast,test/other/cardboard314.jpg,other,other,0.5000116229057312
v4_int8_baseline,cool_cast,test/other/cardboard321.jpg,other,plastic,0.6962150931358337
v4_int8_baseline,cool_cast,test/other/cardboard323.jpg,other,other,0.43566077947616577
v4_int8_baseline,cool_cast,test/other/cardboard332.jpg,other,organic,0.6611104011535645
v4_int8_baseline,cool_cast,test/other/cardboard334.jpg,other,other,0.9158298969268799
v4_int8_baseline,cool_cast,test/other/cardboard34.jpg,other,plastic,0.9482858777046204
v4_int8_baseline,cool_cast,test/other/cardboard356.jpg,other,plastic,0.7967404127120972
v4_int8_baseline,cool_cast,test/other/cardboard363.jpg,other,other,0.9912481307983398
v4_int8_baseline,cool_cast,test/other/cardboard372.jpg,other,plastic,0.8503511548042297
v4_int8_baseline,cool_cast,test/other/cardboard383.jpg,other,other,0.8050493597984314
v4_int8_baseline,cool_cast,test/other/cardboard384.jpg,other,other,0.9979848861694336
v4_int8_baseline,cool_cast,test/other/cardboard387.jpg,other,other,0.9989019632339478
v4_int8_baseline,cool_cast,test/other/cardboard388.jpg,other,other,0.7161862850189209
v4_int8_baseline,cool_cast,test/other/cardboard397.jpg,other,other,0.9334198832511902
v4_int8_baseline,cool_cast,test/other/cardboard40.jpg,other,plastic,0.9596254229545593
v4_int8_baseline,cool_cast,test/other/cardboard401.jpg,other,paper,0.8392747044563293
v4_int8_baseline,cool_cast,test/other/cardboard44.jpg,other,organic,0.5921789407730103
v4_int8_baseline,cool_cast,test/other/cardboard51.jpg,other,plastic,0.4475019872188568
v4_int8_baseline,cool_cast,test/other/cardboard57.jpg,other,plastic,0.580078661441803
v4_int8_baseline,cool_cast,test/other/cardboard63.jpg,other,other,0.9981118440628052
v4_int8_baseline,cool_cast,test/other/cardboard69.jpg,other,other,0.9578115344047546
v4_int8_baseline,cool_cast,test/other/cardboard71.jpg,other,other,0.8469544649124146
v4_int8_baseline,cool_cast,test/other/cardboard73.jpg,other,plastic,0.5303807258605957
v4_int8_baseline,cool_cast,test/other/cardboard8.jpg,other,other,0.6397502422332764
v4_int8_baseline,cool_cast,test/other/cardboard88.jpg,other,plastic,0.5386839509010315
v4_int8_baseline,cool_cast,test/other/cardboard89.jpg,other,plastic,0.9388089179992676
v4_int8_baseline,cool_cast,test/other/cardboard9.jpg,other,paper,0.6867675185203552
v4_int8_baseline,cool_cast,test/other/cardboard92.jpg,other,plastic,0.9775460362434387
v4_int8_baseline,cool_cast,test/other/cardboard98.jpg,other,plastic,0.4621327519416809
v4_int8_baseline,cool_cast,test/other/metal112.jpg,other,other,0.9971127510070801
v4_int8_baseline,cool_cast,test/other/metal114.jpg,other,other,0.9991027116775513
v4_int8_baseline,cool_cast,test/other/metal119.jpg,other,other,0.9444079399108887
v4_int8_baseline,cool_cast,test/other/metal12.jpg,other,other,0.9998564720153809
v4_int8_baseline,cool_cast,test/other/metal13.jpg,other,other,0.9996861219406128
v4_int8_baseline,cool_cast,test/other/metal133.jpg,other,other,0.9995471835136414
v4_int8_baseline,cool_cast,test/other/metal134.jpg,other,other,0.9997944235801697
v4_int8_baseline,cool_cast,test/other/metal139.jpg,other,other,0.9998939037322998
v4_int8_baseline,cool_cast,test/other/metal143.jpg,other,other,0.9998902082443237
v4_int8_baseline,cool_cast,test/other/metal146.jpg,other,other,0.9974198341369629
v4_int8_baseline,cool_cast,test/other/metal157.jpg,other,other,0.9770622253417969
v4_int8_baseline,cool_cast,test/other/metal159.jpg,other,other,0.9986703395843506
v4_int8_baseline,cool_cast,test/other/metal161.jpg,other,other,0.9999245405197144
v4_int8_baseline,cool_cast,test/other/metal170.jpg,other,other,0.9922989010810852
v4_int8_baseline,cool_cast,test/other/metal172.jpg,other,other,0.9976803064346313
v4_int8_baseline,cool_cast,test/other/metal175.jpg,other,other,0.9961942434310913
v4_int8_baseline,cool_cast,test/other/metal18.jpg,other,other,0.9997859597206116
v4_int8_baseline,cool_cast,test/other/metal186.jpg,other,other,0.9999061822891235
v4_int8_baseline,cool_cast,test/other/metal187.jpg,other,other,0.9985744953155518
v4_int8_baseline,cool_cast,test/other/metal188.jpg,other,other,0.9995494484901428
v4_int8_baseline,cool_cast,test/other/metal192.jpg,other,other,0.9978638291358948
v4_int8_baseline,cool_cast,test/other/metal198.jpg,other,other,0.9994586110115051
v4_int8_baseline,cool_cast,test/other/metal201.jpg,other,other,0.9993971586227417
v4_int8_baseline,cool_cast,test/other/metal205.jpg,other,other,0.9980905652046204
v4_int8_baseline,cool_cast,test/other/metal209.jpg,other,other,0.986420750617981
v4_int8_baseline,cool_cast,test/other/metal217.jpg,other,other,0.9961813688278198
v4_int8_baseline,cool_cast,test/other/metal239.jpg,other,other,0.9887569546699524
v4_int8_baseline,cool_cast,test/other/metal24.jpg,other,other,0.9806174039840698
v4_int8_baseline,cool_cast,test/other/metal246.jpg,other,other,0.9997885823249817
v4_int8_baseline,cool_cast,test/other/metal247.jpg,other,other,0.9866898059844971
v4_int8_baseline,cool_cast,test/other/metal248.jpg,other,other,0.9999279975891113
v4_int8_baseline,cool_cast,test/other/metal249.jpg,other,other,0.9999027252197266
v4_int8_baseline,cool_cast,test/other/metal258.jpg,other,other,0.9806286096572876
v4_int8_baseline,cool_cast,test/other/metal261.jpg,other,other,0.9997312426567078
v4_int8_baseline,cool_cast,test/other/metal263.jpg,other,other,0.9989894032478333
v4_int8_baseline,cool_cast,test/other/metal269.jpg,other,other,0.8665833473205566
v4_int8_baseline,cool_cast,test/other/metal27.jpg,other,other,0.978194534778595
v4_int8_baseline,cool_cast,test/other/metal275.jpg,other,other,0.999945878982544
v4_int8_baseline,cool_cast,test/other/metal292.jpg,other,other,0.999738872051239
v4_int8_baseline,cool_cast,test/other/metal296.jpg,other,other,0.9994447827339172
v4_int8_baseline,cool_cast,test/other/metal317.jpg,other,other,0.9995787739753723
v4_int8_baseline,cool_cast,test/other/metal324.jpg,other,other,0.9994398951530457
v4_int8_baseline,cool_cast,test/other/metal325.jpg,other,other,0.9993447661399841
v4_int8_baseline,cool_cast,test/other/metal328.jpg,other,other,0.9771124124526978
v4_int8_baseline,cool_cast,test/other/metal33.jpg,other,other,0.9909552931785583
v4_int8_baseline,cool_cast,test/other/metal341.jpg,other,other,0.9598901867866516
v4_int8_baseline,cool_cast,test/other/metal344.jpg,other,other,0.9994864463806152
v4_int8_baseline,cool_cast,test/other/metal350.jpg,other,other,0.981395423412323
v4_int8_baseline,cool_cast,test/other/metal355.jpg,other,other,0.9939115047454834
v4_int8_baseline,cool_cast,test/other/metal364.jpg,other,other,0.9990204572677612
v4_int8_baseline,cool_cast,test/other/metal370.jpg,other,other,0.9997331500053406
v4_int8_baseline,cool_cast,test/other/metal387.jpg,other,other,0.998654842376709
v4_int8_baseline,cool_cast,test/other/metal389.jpg,other,plastic,0.6475231647491455
v4_int8_baseline,cool_cast,test/other/metal393.jpg,other,other,0.8468174934387207
v4_int8_baseline,cool_cast,test/other/metal394.jpg,other,other,0.9950917959213257
v4_int8_baseline,cool_cast,test/other/metal395.jpg,other,other,0.9719573259353638
v4_int8_baseline,cool_cast,test/other/metal403.jpg,other,other,0.998543381690979
v4_int8_baseline,cool_cast,test/other/metal48.jpg,other,other,0.8779927492141724
v4_int8_baseline,cool_cast,test/other/metal50.jpg,other,other,0.9421412348747253
v4_int8_baseline,cool_cast,test/other/metal52.jpg,other,other,0.9928780198097229
v4_int8_baseline,cool_cast,test/other/metal62.jpg,other,other,0.9998615980148315
v4_int8_baseline,cool_cast,test/other/metal65.jpg,other,other,0.9982258677482605
v4_int8_baseline,cool_cast,test/other/metal68.jpg,other,other,0.9999455213546753
v4_int8_baseline,cool_cast,test/other/metal77.jpg,other,other,0.9612651467323303
v4_int8_baseline,cool_cast,test/other/metal80.jpg,other,other,0.9995997548103333
v4_int8_baseline,cool_cast,test/other/metal84.jpg,other,other,0.999862790107727
v4_int8_baseline,cool_cast,test/other/metal87.jpg,other,other,0.9731737375259399
v4_int8_baseline,cool_cast,test/other/metal99.jpg,other,other,0.9981209635734558
v4_int8_baseline,angle_plus20,test/paper/paper104.jpg,paper,other,0.9893720746040344
v4_int8_baseline,angle_plus20,test/paper/paper112.jpg,paper,other,0.916845977306366
v4_int8_baseline,angle_plus20,test/paper/paper113.jpg,paper,other,0.9991565942764282
v4_int8_baseline,angle_plus20,test/paper/paper114.jpg,paper,other,0.9031115770339966
v4_int8_baseline,angle_plus20,test/paper/paper12.jpg,paper,other,0.8624923229217529
v4_int8_baseline,angle_plus20,test/paper/paper120.jpg,paper,paper,0.7451795935630798
v4_int8_baseline,angle_plus20,test/paper/paper124.jpg,paper,paper,0.70543372631073
v4_int8_baseline,angle_plus20,test/paper/paper125.jpg,paper,other,0.6653462648391724
v4_int8_baseline,angle_plus20,test/paper/paper129.jpg,paper,other,0.9891576766967773
v4_int8_baseline,angle_plus20,test/paper/paper13.jpg,paper,other,0.5291555523872375
v4_int8_baseline,angle_plus20,test/paper/paper137.jpg,paper,paper,0.6065341234207153
v4_int8_baseline,angle_plus20,test/paper/paper143.jpg,paper,paper,0.6891477704048157
v4_int8_baseline,angle_plus20,test/paper/paper149.jpg,paper,plastic,0.641063392162323
v4_int8_baseline,angle_plus20,test/paper/paper161.jpg,paper,other,0.975238561630249
v4_int8_baseline,angle_plus20,test/paper/paper167.jpg,paper,other,0.9871975183486938
v4_int8_baseline,angle_plus20,test/paper/paper169.jpg,paper,paper,0.5146190524101257
v4_int8_baseline,angle_plus20,test/paper/paper186.jpg,paper,other,0.9120559096336365
v4_int8_baseline,angle_plus20,test/paper/paper188.jpg,paper,other,0.9650460481643677
v4_int8_baseline,angle_plus20,test/paper/paper208.jpg,paper,other,0.945159912109375
v4_int8_baseline,angle_plus20,test/paper/paper209.jpg,paper,other,0.9899324178695679
v4_int8_baseline,angle_plus20,test/paper/paper218.jpg,paper,other,0.9228055477142334
v4_int8_baseline,angle_plus20,test/paper/paper219.jpg,paper,paper,0.9435975551605225
v4_int8_baseline,angle_plus20,test/paper/paper220.jpg,paper,plastic,0.7315149307250977
v4_int8_baseline,angle_plus20,test/paper/paper225.jpg,paper,other,0.9153769016265869
v4_int8_baseline,angle_plus20,test/paper/paper230.jpg,paper,paper,0.8267936706542969
v4_int8_baseline,angle_plus20,test/paper/paper235.jpg,paper,other,0.8089423775672913
v4_int8_baseline,angle_plus20,test/paper/paper266.jpg,paper,other,0.9532251358032227
v4_int8_baseline,angle_plus20,test/paper/paper269.jpg,paper,other,0.9122742414474487
v4_int8_baseline,angle_plus20,test/paper/paper271.jpg,paper,plastic,0.47384199500083923
v4_int8_baseline,angle_plus20,test/paper/paper273.jpg,paper,plastic,0.917481541633606
v4_int8_baseline,angle_plus20,test/paper/paper276.jpg,paper,other,0.797146201133728
v4_int8_baseline,angle_plus20,test/paper/paper279.jpg,paper,paper,0.5475544929504395
v4_int8_baseline,angle_plus20,test/paper/paper282.jpg,paper,paper,0.7599141597747803
v4_int8_baseline,angle_plus20,test/paper/paper286.jpg,paper,other,0.9569701552391052
v4_int8_baseline,angle_plus20,test/paper/paper289.jpg,paper,other,0.978797435760498
v4_int8_baseline,angle_plus20,test/paper/paper294.jpg,paper,paper,0.9492185711860657
v4_int8_baseline,angle_plus20,test/paper/paper3.jpg,paper,other,0.7718386054039001
v4_int8_baseline,angle_plus20,test/paper/paper301.jpg,paper,other,0.420966774225235
v4_int8_baseline,angle_plus20,test/paper/paper303.jpg,paper,paper,0.7941610217094421
v4_int8_baseline,angle_plus20,test/paper/paper311.jpg,paper,other,0.993228018283844
v4_int8_baseline,angle_plus20,test/paper/paper319.jpg,paper,other,0.9508582949638367
v4_int8_baseline,angle_plus20,test/paper/paper32.jpg,paper,plastic,0.7571074366569519
v4_int8_baseline,angle_plus20,test/paper/paper346.jpg,paper,other,0.9471905827522278
v4_int8_baseline,angle_plus20,test/paper/paper348.jpg,paper,other,0.5859686136245728
v4_int8_baseline,angle_plus20,test/paper/paper350.jpg,paper,paper,0.743289589881897
v4_int8_baseline,angle_plus20,test/paper/paper354.jpg,paper,paper,0.5682097673416138
v4_int8_baseline,angle_plus20,test/paper/paper356.jpg,paper,other,0.9325699210166931
v4_int8_baseline,angle_plus20,test/paper/paper357.jpg,paper,paper,0.5006257891654968
v4_int8_baseline,angle_plus20,test/paper/paper361.jpg,paper,paper,0.43737542629241943
v4_int8_baseline,angle_plus20,test/paper/paper362.jpg,paper,other,0.5369866490364075
v4_int8_baseline,angle_plus20,test/paper/paper368.jpg,paper,other,0.8474587798118591
v4_int8_baseline,angle_plus20,test/paper/paper373.jpg,paper,paper,0.9478532075881958
v4_int8_baseline,angle_plus20,test/paper/paper380.jpg,paper,other,0.9197620749473572
v4_int8_baseline,angle_plus20,test/paper/paper381.jpg,paper,other,0.5352364778518677
v4_int8_baseline,angle_plus20,test/paper/paper385.jpg,paper,paper,0.7653790712356567
v4_int8_baseline,angle_plus20,test/paper/paper392.jpg,paper,other,0.9449936151504517
v4_int8_baseline,angle_plus20,test/paper/paper396.jpg,paper,plastic,0.4919091761112213
v4_int8_baseline,angle_plus20,test/paper/paper404.jpg,paper,plastic,0.771748960018158
v4_int8_baseline,angle_plus20,test/paper/paper405.jpg,paper,other,0.9465993046760559
v4_int8_baseline,angle_plus20,test/paper/paper416.jpg,paper,paper,0.8630433678627014
v4_int8_baseline,angle_plus20,test/paper/paper417.jpg,paper,organic,0.5067005157470703
v4_int8_baseline,angle_plus20,test/paper/paper422.jpg,paper,other,0.9724145531654358
v4_int8_baseline,angle_plus20,test/paper/paper434.jpg,paper,plastic,0.49586430191993713
v4_int8_baseline,angle_plus20,test/paper/paper444.jpg,paper,paper,0.9545786380767822
v4_int8_baseline,angle_plus20,test/paper/paper450.jpg,paper,other,0.9958077669143677
v4_int8_baseline,angle_plus20,test/paper/paper457.jpg,paper,other,0.7485994100570679
v4_int8_baseline,angle_plus20,test/paper/paper460.jpg,paper,other,0.9068372249603271
v4_int8_baseline,angle_plus20,test/paper/paper461.jpg,paper,other,0.5619091391563416
v4_int8_baseline,angle_plus20,test/paper/paper462.jpg,paper,plastic,0.5372182130813599
v4_int8_baseline,angle_plus20,test/paper/paper465.jpg,paper,other,0.9773569703102112
v4_int8_baseline,angle_plus20,test/paper/paper474.jpg,paper,other,0.8803941011428833
v4_int8_baseline,angle_plus20,test/paper/paper48.jpg,paper,other,0.9737541675567627
v4_int8_baseline,angle_plus20,test/paper/paper495.jpg,paper,paper,0.7101631164550781
v4_int8_baseline,angle_plus20,test/paper/paper500.jpg,paper,plastic,0.923168420791626
v4_int8_baseline,angle_plus20,test/paper/paper502.jpg,paper,other,0.985451877117157
v4_int8_baseline,angle_plus20,test/paper/paper503.jpg,paper,other,0.45772355794906616
v4_int8_baseline,angle_plus20,test/paper/paper505.jpg,paper,paper,0.4593239724636078
v4_int8_baseline,angle_plus20,test/paper/paper508.jpg,paper,other,0.47211700677871704
v4_int8_baseline,angle_plus20,test/paper/paper515.jpg,paper,plastic,0.5049991607666016
v4_int8_baseline,angle_plus20,test/paper/paper525.jpg,paper,other,0.5219747424125671
v4_int8_baseline,angle_plus20,test/paper/paper527.jpg,paper,other,0.975317120552063
v4_int8_baseline,angle_plus20,test/paper/paper53.jpg,paper,other,0.9916101098060608
v4_int8_baseline,angle_plus20,test/paper/paper534.jpg,paper,other,0.884001612663269
v4_int8_baseline,angle_plus20,test/paper/paper537.jpg,paper,other,0.9049786329269409
v4_int8_baseline,angle_plus20,test/paper/paper541.jpg,paper,other,0.9757013320922852
v4_int8_baseline,angle_plus20,test/paper/paper542.jpg,paper,other,0.9044233560562134
v4_int8_baseline,angle_plus20,test/paper/paper543.jpg,paper,other,0.9735419750213623
v4_int8_baseline,angle_plus20,test/paper/paper547.jpg,paper,other,0.5419785380363464
v4_int8_baseline,angle_plus20,test/paper/paper548.jpg,paper,other,0.8400028944015503
v4_int8_baseline,angle_plus20,test/paper/paper55.jpg,paper,other,0.9997093081474304
v4_int8_baseline,angle_plus20,test/paper/paper557.jpg,paper,paper,0.7995386123657227
v4_int8_baseline,angle_plus20,test/paper/paper558.jpg,paper,other,0.9473763108253479
v4_int8_baseline,angle_plus20,test/paper/paper563.jpg,paper,other,0.9558629989624023
v4_int8_baseline,angle_plus20,test/paper/paper569.jpg,paper,other,0.9851405620574951
v4_int8_baseline,angle_plus20,test/paper/paper570.jpg,paper,organic,0.6527225375175476
v4_int8_baseline,angle_plus20,test/paper/paper576.jpg,paper,paper,0.7252355217933655
v4_int8_baseline,angle_plus20,test/paper/paper58.jpg,paper,paper,0.7756615281105042
v4_int8_baseline,angle_plus20,test/paper/paper586.jpg,paper,other,0.9831370711326599
v4_int8_baseline,angle_plus20,test/paper/paper593.jpg,paper,other,0.7686299085617065
v4_int8_baseline,angle_plus20,test/paper/paper6.jpg,paper,plastic,0.9669308662414551
v4_int8_baseline,angle_plus20,test/paper/paper68.jpg,paper,other,0.9666998982429504
v4_int8_baseline,angle_plus20,test/paper/paper69.jpg,paper,other,0.9118597507476807
v4_int8_baseline,angle_plus20,test/paper/paper7.jpg,paper,other,0.9631624221801758
v4_int8_baseline,angle_plus20,test/paper/paper70.jpg,paper,paper,0.8738692998886108
v4_int8_baseline,angle_plus20,test/paper/paper77.jpg,paper,other,0.9967484474182129
v4_int8_baseline,angle_plus20,test/paper/paper86.jpg,paper,other,0.9688605666160583
v4_int8_baseline,angle_plus20,test/paper/paper94.jpg,paper,other,0.8487834334373474
v4_int8_baseline,angle_plus20,test/paper/paper97.jpg,paper,other,0.9966225624084473
v4_int8_baseline,angle_plus20,test/plastic/plastic103.jpg,plastic,other,0.46256715059280396
v4_int8_baseline,angle_plus20,test/plastic/plastic114.jpg,plastic,plastic,0.5637572407722473
v4_int8_baseline,angle_plus20,test/plastic/plastic122.jpg,plastic,other,0.9702034592628479
v4_int8_baseline,angle_plus20,test/plastic/plastic125.jpg,plastic,other,0.9559273719787598
v4_int8_baseline,angle_plus20,test/plastic/plastic126.jpg,plastic,plastic,0.655143141746521
v4_int8_baseline,angle_plus20,test/plastic/plastic132.jpg,plastic,other,0.5980794429779053
v4_int8_baseline,angle_plus20,test/plastic/plastic138.jpg,plastic,other,0.8035005927085876
v4_int8_baseline,angle_plus20,test/plastic/plastic145.jpg,plastic,plastic,0.9390352964401245
v4_int8_baseline,angle_plus20,test/plastic/plastic146.jpg,plastic,paper,0.6381253004074097
v4_int8_baseline,angle_plus20,test/plastic/plastic152.jpg,plastic,other,0.633674681186676
v4_int8_baseline,angle_plus20,test/plastic/plastic156.jpg,plastic,paper,0.8980203866958618
v4_int8_baseline,angle_plus20,test/plastic/plastic159.jpg,plastic,other,0.6651178598403931
v4_int8_baseline,angle_plus20,test/plastic/plastic170.jpg,plastic,other,0.8424563407897949
v4_int8_baseline,angle_plus20,test/plastic/plastic172.jpg,plastic,organic,0.9859031438827515
v4_int8_baseline,angle_plus20,test/plastic/plastic177.jpg,plastic,paper,0.565248429775238
v4_int8_baseline,angle_plus20,test/plastic/plastic187.jpg,plastic,other,0.9586188197135925
v4_int8_baseline,angle_plus20,test/plastic/plastic2.jpg,plastic,paper,0.7623718976974487
v4_int8_baseline,angle_plus20,test/plastic/plastic201.jpg,plastic,other,0.8933447599411011
v4_int8_baseline,angle_plus20,test/plastic/plastic205.jpg,plastic,other,0.9162313938140869
v4_int8_baseline,angle_plus20,test/plastic/plastic207.jpg,plastic,plastic,0.9985637068748474
v4_int8_baseline,angle_plus20,test/plastic/plastic21.jpg,plastic,other,0.8888822197914124
v4_int8_baseline,angle_plus20,test/plastic/plastic214.jpg,plastic,plastic,0.9007282257080078
v4_int8_baseline,angle_plus20,test/plastic/plastic217.jpg,plastic,other,0.6189119219779968
v4_int8_baseline,angle_plus20,test/plastic/plastic226.jpg,plastic,plastic,0.8860231041908264
v4_int8_baseline,angle_plus20,test/plastic/plastic227.jpg,plastic,other,0.9527788758277893
v4_int8_baseline,angle_plus20,test/plastic/plastic242.jpg,plastic,plastic,0.8078951239585876
v4_int8_baseline,angle_plus20,test/plastic/plastic251.jpg,plastic,other,0.6372972130775452
v4_int8_baseline,angle_plus20,test/plastic/plastic252.jpg,plastic,other,0.536183774471283
v4_int8_baseline,angle_plus20,test/plastic/plastic253.jpg,plastic,plastic,0.7474130988121033
v4_int8_baseline,angle_plus20,test/plastic/plastic260.jpg,plastic,other,0.8395057320594788
v4_int8_baseline,angle_plus20,test/plastic/plastic264.jpg,plastic,other,0.9882671236991882
v4_int8_baseline,angle_plus20,test/plastic/plastic265.jpg,plastic,other,0.7994573712348938
v4_int8_baseline,angle_plus20,test/plastic/plastic268.jpg,plastic,other,0.6333712935447693
v4_int8_baseline,angle_plus20,test/plastic/plastic270.jpg,plastic,plastic,0.6582866311073303
v4_int8_baseline,angle_plus20,test/plastic/plastic285.jpg,plastic,other,0.9509348273277283
v4_int8_baseline,angle_plus20,test/plastic/plastic305.jpg,plastic,plastic,0.6323326826095581
v4_int8_baseline,angle_plus20,test/plastic/plastic306.jpg,plastic,paper,0.553028404712677
v4_int8_baseline,angle_plus20,test/plastic/plastic312.jpg,plastic,other,0.8465198874473572
v4_int8_baseline,angle_plus20,test/plastic/plastic314.jpg,plastic,other,0.5112576484680176
v4_int8_baseline,angle_plus20,test/plastic/plastic315.jpg,plastic,other,0.6478248834609985
v4_int8_baseline,angle_plus20,test/plastic/plastic317.jpg,plastic,paper,0.8634968996047974
v4_int8_baseline,angle_plus20,test/plastic/plastic32.jpg,plastic,other,0.9871222376823425
v4_int8_baseline,angle_plus20,test/plastic/plastic328.jpg,plastic,other,0.7593869566917419
v4_int8_baseline,angle_plus20,test/plastic/plastic348.jpg,plastic,other,0.8798500895500183
v4_int8_baseline,angle_plus20,test/plastic/plastic349.jpg,plastic,other,0.6023303866386414
v4_int8_baseline,angle_plus20,test/plastic/plastic372.jpg,plastic,plastic,0.48759931325912476
v4_int8_baseline,angle_plus20,test/plastic/plastic374.jpg,plastic,other,0.9761242866516113
v4_int8_baseline,angle_plus20,test/plastic/plastic379.jpg,plastic,other,0.9746670126914978
v4_int8_baseline,angle_plus20,test/plastic/plastic383.jpg,plastic,other,0.7920578122138977
v4_int8_baseline,angle_plus20,test/plastic/plastic388.jpg,plastic,other,0.8272621631622314
v4_int8_baseline,angle_plus20,test/plastic/plastic39.jpg,plastic,plastic,0.9762852787971497
v4_int8_baseline,angle_plus20,test/plastic/plastic390.jpg,plastic,other,0.6179513931274414
v4_int8_baseline,angle_plus20,test/plastic/plastic398.jpg,plastic,paper,0.7243993878364563
v4_int8_baseline,angle_plus20,test/plastic/plastic399.jpg,plastic,other,0.6585025191307068
v4_int8_baseline,angle_plus20,test/plastic/plastic405.jpg,plastic,plastic,0.9977153539657593
v4_int8_baseline,angle_plus20,test/plastic/plastic411.jpg,plastic,other,0.94495689868927
v4_int8_baseline,angle_plus20,test/plastic/plastic420.jpg,plastic,other,0.8812265396118164
v4_int8_baseline,angle_plus20,test/plastic/plastic423.jpg,plastic,other,0.6903929710388184
v4_int8_baseline,angle_plus20,test/plastic/plastic426.jpg,plastic,plastic,0.4981071650981903
v4_int8_baseline,angle_plus20,test/plastic/plastic434.jpg,plastic,other,0.8232990503311157
v4_int8_baseline,angle_plus20,test/plastic/plastic438.jpg,plastic,plastic,0.5153734087944031
v4_int8_baseline,angle_plus20,test/plastic/plastic465.jpg,plastic,other,0.8939822912216187
v4_int8_baseline,angle_plus20,test/plastic/plastic473.jpg,plastic,paper,0.5683077573776245
v4_int8_baseline,angle_plus20,test/plastic/plastic49.jpg,plastic,other,0.9842267632484436
v4_int8_baseline,angle_plus20,test/plastic/plastic64.jpg,plastic,other,0.9324722290039062
v4_int8_baseline,angle_plus20,test/plastic/plastic66.jpg,plastic,plastic,0.94202721118927
v4_int8_baseline,angle_plus20,test/plastic/plastic67.jpg,plastic,other,0.6745335459709167
v4_int8_baseline,angle_plus20,test/plastic/plastic79.jpg,plastic,other,0.988453209400177
v4_int8_baseline,angle_plus20,test/plastic/plastic80.jpg,plastic,other,0.859428882598877
v4_int8_baseline,angle_plus20,test/plastic/plastic82.jpg,plastic,paper,0.9212560057640076
v4_int8_baseline,angle_plus20,test/plastic/plastic84.jpg,plastic,other,0.8530240058898926
v4_int8_baseline,angle_plus20,test/plastic/plastic93.jpg,plastic,other,0.7214716672897339
v4_int8_baseline,angle_plus20,test/plastic/plastic98.jpg,plastic,other,0.9539798498153687
v4_int8_baseline,angle_plus20,test/plastic/plastic99.jpg,plastic,other,0.7265103459358215
v4_int8_baseline,angle_plus20,test/organic/organic_0001.jpg,organic,other,0.9926194548606873
v4_int8_baseline,angle_plus20,test/organic/organic_0002.jpg,organic,other,0.5422315001487732
v4_int8_baseline,angle_plus20,test/organic/organic_0003.jpg,organic,other,0.9288468360900879
v4_int8_baseline,angle_plus20,test/organic/organic_0004.jpg,organic,other,0.9908735752105713
v4_int8_baseline,angle_plus20,test/organic/organic_0005.jpg,organic,other,0.9936859011650085
v4_int8_baseline,angle_plus20,test/organic/organic_0006.jpg,organic,other,0.979282021522522
v4_int8_baseline,angle_plus20,test/organic/organic_0007.jpg,organic,other,0.9857542514801025
v4_int8_baseline,angle_plus20,test/organic/organic_0008.jpg,organic,other,0.99016273021698
v4_int8_baseline,angle_plus20,test/organic/organic_0009.jpg,organic,other,0.987412691116333
v4_int8_baseline,angle_plus20,test/organic/organic_0010.jpg,organic,other,0.9784975051879883
v4_int8_baseline,angle_plus20,test/organic/organic_0011.jpg,organic,other,0.9901484251022339
v4_int8_baseline,angle_plus20,test/organic/organic_0012.jpg,organic,other,0.9558794498443604
v4_int8_baseline,angle_plus20,test/organic/organic_0013.jpg,organic,other,0.9962897300720215
v4_int8_baseline,angle_plus20,test/organic/organic_0014.jpg,organic,other,0.9800559878349304
v4_int8_baseline,angle_plus20,test/organic/organic_0015.jpg,organic,other,0.9951299428939819
v4_int8_baseline,angle_plus20,test/organic/organic_0016.jpg,organic,other,0.9713828563690186
v4_int8_baseline,angle_plus20,test/organic/organic_0017.jpg,organic,other,0.9915081262588501
v4_int8_baseline,angle_plus20,test/organic/organic_0018.jpg,organic,other,0.6917587518692017
v4_int8_baseline,angle_plus20,test/organic/organic_0019.jpg,organic,other,0.7550925016403198
v4_int8_baseline,angle_plus20,test/organic/organic_0020.jpg,organic,other,0.9959357976913452
v4_int8_baseline,angle_plus20,test/organic/organic_0021.jpg,organic,other,0.979201078414917
v4_int8_baseline,angle_plus20,test/organic/organic_0022.jpg,organic,other,0.995790958404541
v4_int8_baseline,angle_plus20,test/organic/organic_0023.jpg,organic,other,0.9936736822128296
v4_int8_baseline,angle_plus20,test/organic/organic_0024.jpg,organic,other,0.7953557372093201
v4_int8_baseline,angle_plus20,test/organic/organic_0025.jpg,organic,other,0.9902693033218384
v4_int8_baseline,angle_plus20,test/organic/organic_0026.jpg,organic,other,0.9688271284103394
v4_int8_baseline,angle_plus20,test/organic/organic_0027.jpg,organic,other,0.987849771976471
v4_int8_baseline,angle_plus20,test/organic/organic_0028.jpg,organic,other,0.9884231686592102
v4_int8_baseline,angle_plus20,test/organic/organic_0029.jpg,organic,other,0.805103600025177
v4_int8_baseline,angle_plus20,test/organic/organic_0030.jpg,organic,other,0.9894229769706726
v4_int8_baseline,angle_plus20,test/organic/organic_0031.jpg,organic,other,0.99167400598526
v4_int8_baseline,angle_plus20,test/organic/organic_0032.jpg,organic,other,0.9872688055038452
v4_int8_baseline,angle_plus20,test/organic/organic_0033.jpg,organic,other,0.9941621422767639
v4_int8_baseline,angle_plus20,test/organic/organic_0034.jpg,organic,other,0.9658443331718445
v4_int8_baseline,angle_plus20,test/organic/organic_0035.jpg,organic,other,0.9814394116401672
v4_int8_baseline,angle_plus20,test/organic/organic_0036.jpg,organic,other,0.9524276852607727
v4_int8_baseline,angle_plus20,test/organic/organic_0037.jpg,organic,other,0.9863000512123108
v4_int8_baseline,angle_plus20,test/organic/organic_0038.jpg,organic,other,0.8662052750587463
v4_int8_baseline,angle_plus20,test/organic/organic_0039.jpg,organic,other,0.9369521141052246
v4_int8_baseline,angle_plus20,test/organic/organic_0040.jpg,organic,other,0.9067690968513489
v4_int8_baseline,angle_plus20,test/organic/organic_0041.jpg,organic,other,0.99866783618927
v4_int8_baseline,angle_plus20,test/organic/organic_0042.jpg,organic,other,0.9516156315803528
v4_int8_baseline,angle_plus20,test/organic/organic_0043.jpg,organic,other,0.8304071426391602
v4_int8_baseline,angle_plus20,test/organic/organic_0044.jpg,organic,other,0.9755350947380066
v4_int8_baseline,angle_plus20,test/organic/organic_0045.jpg,organic,other,0.9966968297958374
v4_int8_baseline,angle_plus20,test/organic/organic_0046.jpg,organic,other,0.9862171411514282
v4_int8_baseline,angle_plus20,test/organic/organic_0047.jpg,organic,other,0.9923794269561768
v4_int8_baseline,angle_plus20,test/organic/organic_0048.jpg,organic,other,0.9366242289543152
v4_int8_baseline,angle_plus20,test/organic/organic_0049.jpg,organic,other,0.9874570965766907
v4_int8_baseline,angle_plus20,test/organic/organic_0050.jpg,organic,other,0.7752649784088135
v4_int8_baseline,angle_plus20,test/organic/organic_0051.jpg,organic,other,0.9360268712043762
v4_int8_baseline,angle_plus20,test/organic/organic_0052.jpg,organic,other,0.9984158277511597
v4_int8_baseline,angle_plus20,test/organic/organic_0053.jpg,organic,other,0.9315314292907715
v4_int8_baseline,angle_plus20,test/organic/organic_0054.jpg,organic,other,0.8767129778862
v4_int8_baseline,angle_plus20,test/organic/organic_0055.jpg,organic,other,0.9691906571388245
v4_int8_baseline,angle_plus20,test/organic/organic_0056.jpg,organic,other,0.9255759716033936
v4_int8_baseline,angle_plus20,test/organic/organic_0057.jpg,organic,other,0.9956350922584534
v4_int8_baseline,angle_plus20,test/organic/organic_0058.jpg,organic,other,0.9802404046058655
v4_int8_baseline,angle_plus20,test/organic/organic_0059.jpg,organic,other,0.9914391040802002
v4_int8_baseline,angle_plus20,test/organic/organic_0060.jpg,organic,other,0.8924649357795715
v4_int8_baseline,angle_plus20,test/organic/organic_0061.jpg,organic,other,0.9866151809692383
v4_int8_baseline,angle_plus20,test/organic/organic_0062.jpg,organic,other,0.9834592938423157
v4_int8_baseline,angle_plus20,test/organic/organic_0063.jpg,organic,other,0.9921648502349854
v4_int8_baseline,angle_plus20,test/organic/organic_0064.jpg,organic,other,0.9699934124946594
v4_int8_baseline,angle_plus20,test/organic/organic_0065.jpg,organic,other,0.9824108481407166
v4_int8_baseline,angle_plus20,test/organic/organic_0066.jpg,organic,other,0.9337714910507202
v4_int8_baseline,angle_plus20,test/organic/organic_0067.jpg,organic,organic,0.8177379965782166
v4_int8_baseline,angle_plus20,test/organic/organic_0068.jpg,organic,other,0.9438729882240295
v4_int8_baseline,angle_plus20,test/organic/organic_0069.jpg,organic,other,0.9862567782402039
v4_int8_baseline,angle_plus20,test/organic/organic_0070.jpg,organic,other,0.8093305826187134
v4_int8_baseline,angle_plus20,test/organic/organic_0071.jpg,organic,other,0.9822956323623657
v4_int8_baseline,angle_plus20,test/organic/organic_0072.jpg,organic,other,0.9959327578544617
v4_int8_baseline,angle_plus20,test/organic/organic_0073.jpg,organic,other,0.9363265037536621
v4_int8_baseline,angle_plus20,test/organic/organic_0074.jpg,organic,other,0.9557889699935913
v4_int8_baseline,angle_plus20,test/other/cardboard105.jpg,other,other,0.9908567667007446
v4_int8_baseline,angle_plus20,test/other/cardboard115.jpg,other,other,0.9873950481414795
v4_int8_baseline,angle_plus20,test/other/cardboard121.jpg,other,organic,0.6307065486907959
v4_int8_baseline,angle_plus20,test/other/cardboard125.jpg,other,other,0.936598002910614
v4_int8_baseline,angle_plus20,test/other/cardboard128.jpg,other,organic,0.34460845589637756
v4_int8_baseline,angle_plus20,test/other/cardboard160.jpg,other,other,0.9834831953048706
v4_int8_baseline,angle_plus20,test/other/cardboard162.jpg,other,other,0.9523753523826599
v4_int8_baseline,angle_plus20,test/other/cardboard175.jpg,other,other,0.9896237254142761
v4_int8_baseline,angle_plus20,test/other/cardboard18.jpg,other,other,0.9782056212425232
v4_int8_baseline,angle_plus20,test/other/cardboard184.jpg,other,other,0.9678965210914612
v4_int8_baseline,angle_plus20,test/other/cardboard19.jpg,other,other,0.9820051193237305
v4_int8_baseline,angle_plus20,test/other/cardboard190.jpg,other,other,0.9994780421257019
v4_int8_baseline,angle_plus20,test/other/cardboard2.jpg,other,other,0.8831996321678162
v4_int8_baseline,angle_plus20,test/other/cardboard208.jpg,other,other,0.9809542894363403
v4_int8_baseline,angle_plus20,test/other/cardboard210.jpg,other,other,0.9792355895042419
v4_int8_baseline,angle_plus20,test/other/cardboard213.jpg,other,other,0.9691922664642334
v4_int8_baseline,angle_plus20,test/other/cardboard214.jpg,other,other,0.7934544086456299
v4_int8_baseline,angle_plus20,test/other/cardboard216.jpg,other,other,0.7831639647483826
v4_int8_baseline,angle_plus20,test/other/cardboard218.jpg,other,other,0.7921066284179688
v4_int8_baseline,angle_plus20,test/other/cardboard222.jpg,other,other,0.9818603992462158
v4_int8_baseline,angle_plus20,test/other/cardboard231.jpg,other,other,0.9887387752532959
v4_int8_baseline,angle_plus20,test/other/cardboard239.jpg,other,other,0.9988631010055542
v4_int8_baseline,angle_plus20,test/other/cardboard248.jpg,other,other,0.9422850608825684
v4_int8_baseline,angle_plus20,test/other/cardboard252.jpg,other,other,0.9697442650794983
v4_int8_baseline,angle_plus20,test/other/cardboard259.jpg,other,other,0.9906773567199707
v4_int8_baseline,angle_plus20,test/other/cardboard260.jpg,other,other,0.9779261946678162
v4_int8_baseline,angle_plus20,test/other/cardboard261.jpg,other,other,0.9843443036079407
v4_int8_baseline,angle_plus20,test/other/cardboard266.jpg,other,other,0.9550701975822449
v4_int8_baseline,angle_plus20,test/other/cardboard274.jpg,other,other,0.5791570544242859
v4_int8_baseline,angle_plus20,test/other/cardboard276.jpg,other,other,0.9993402361869812
v4_int8_baseline,angle_plus20,test/other/cardboard286.jpg,other,other,0.9950273633003235
v4_int8_baseline,angle_plus20,test/other/cardboard289.jpg,other,other,0.9862766265869141
v4_int8_baseline,angle_plus20,test/other/cardboard290.jpg,other,other,0.6671003699302673
v4_int8_baseline,angle_plus20,test/other/cardboard293.jpg,other,other,0.9911812543869019
v4_int8_baseline,angle_plus20,test/other/cardboard299.jpg,other,other,0.9870012998580933
v4_int8_baseline,angle_plus20,test/other/cardboard304.jpg,other,other,0.9665241241455078
v4_int8_baseline,angle_plus20,test/other/cardboard308.jpg,other,other,0.9798805117607117
v4_int8_baseline,angle_plus20,test/other/cardboard31.jpg,other,other,0.9907324314117432
v4_int8_baseline,angle_plus20,test/other/cardboard310.jpg,other,other,0.9829909801483154
v4_int8_baseline,angle_plus20,test/other/cardboard312.jpg,other,other,0.989342451095581
v4_int8_baseline,angle_plus20,test/other/cardboard313.jpg,other,other,0.9864907264709473
v4_int8_baseline,angle_plus20,test/other/cardboard314.jpg,other,other,0.98347407579422
v4_int8_baseline,angle_plus20,test/other/cardboard321.jpg,other,other,0.9792393445968628
v4_int8_baseline,angle_plus20,test/other/cardboard323.jpg,other,other,0.9693509340286255
v4_int8_baseline,angle_plus20,test/other/cardboard332.jpg,other,other,0.9907743334770203
v4_int8_baseline,angle_plus20,test/other/cardboard334.jpg,other,other,0.9547492265701294
v4_int8_baseline,angle_plus20,test/other/cardboard34.jpg,other,other,0.9946475625038147
v4_int8_baseline,angle_plus20,test/other/cardboard356.jpg,other,other,0.9776164293289185
v4_int8_baseline,angle_plus20,test/other/cardboard363.jpg,other,other,0.9943714737892151
v4_int8_baseline,angle_plus20,test/other/cardboard372.jpg,other,other,0.9884055852890015
v4_int8_baseline,angle_plus20,test/other/cardboard383.jpg,other,other,0.9676628112792969
v4_int8_baseline,angle_plus20,test/other/cardboard384.jpg,other,other,0.9696532487869263
v4_int8_baseline,angle_plus20,test/other/cardboard387.jpg,other,paper,0.9792632460594177
v4_int8_baseline,angle_plus20,test/other/cardboard388.jpg,other,other,0.9945310950279236
v4_int8_baseline,angle_plus20,test/other/cardboard397.jpg,other,other,0.9810206890106201
v4_int8_baseline,angle_plus20,test/other/cardboard40.jpg,other,other,0.9852173924446106
v4_int8_baseline,angle_plus20,test/other/cardboard401.jpg,other,other,0.9793168902397156
v4_int8_baseline,angle_plus20,test/other/cardboard44.jpg,other,other,0.9638838768005371
v4_int8_baseline,angle_plus20,test/other/cardboard51.jpg,other,other,0.9902937412261963
v4_int8_baseline,angle_plus20,test/other/cardboard57.jpg,other,other,0.9896743893623352
v4_int8_baseline,angle_plus20,test/other/cardboard63.jpg,other,paper,0.9761384725570679
v4_int8_baseline,angle_plus20,test/other/cardboard69.jpg,other,other,0.8575109839439392
v4_int8_baseline,angle_plus20,test/other/cardboard71.jpg,other,other,0.9961477518081665
v4_int8_baseline,angle_plus20,test/other/cardboard73.jpg,other,other,0.9940599799156189
v4_int8_baseline,angle_plus20,test/other/cardboard8.jpg,other,other,0.9459326267242432
v4_int8_baseline,angle_plus20,test/other/cardboard88.jpg,other,other,0.9934519529342651
v4_int8_baseline,angle_plus20,test/other/cardboard89.jpg,other,other,0.9553748965263367
v4_int8_baseline,angle_plus20,test/other/cardboard9.jpg,other,other,0.9743781089782715
v4_int8_baseline,angle_plus20,test/other/cardboard92.jpg,other,other,0.9836604595184326
v4_int8_baseline,angle_plus20,test/other/cardboard98.jpg,other,other,0.9823123812675476
v4_int8_baseline,angle_plus20,test/other/metal112.jpg,other,other,0.9871528744697571
v4_int8_baseline,angle_plus20,test/other/metal114.jpg,other,other,0.956917405128479
v4_int8_baseline,angle_plus20,test/other/metal119.jpg,other,other,0.7670109868049622
v4_int8_baseline,angle_plus20,test/other/metal12.jpg,other,other,0.9201244711875916
v4_int8_baseline,angle_plus20,test/other/metal13.jpg,other,other,0.9638152122497559
v4_int8_baseline,angle_plus20,test/other/metal133.jpg,other,other,0.9677688479423523
v4_int8_baseline,angle_plus20,test/other/metal134.jpg,other,other,0.9449055790901184
v4_int8_baseline,angle_plus20,test/other/metal139.jpg,other,other,0.8903699517250061
v4_int8_baseline,angle_plus20,test/other/metal143.jpg,other,other,0.9875497221946716
v4_int8_baseline,angle_plus20,test/other/metal146.jpg,other,other,0.9822763800621033
v4_int8_baseline,angle_plus20,test/other/metal157.jpg,other,organic,0.6434524059295654
v4_int8_baseline,angle_plus20,test/other/metal159.jpg,other,other,0.7386437058448792
v4_int8_baseline,angle_plus20,test/other/metal161.jpg,other,other,0.6790357828140259
v4_int8_baseline,angle_plus20,test/other/metal170.jpg,other,other,0.7910504341125488
v4_int8_baseline,angle_plus20,test/other/metal172.jpg,other,plastic,0.8316879272460938
v4_int8_baseline,angle_plus20,test/other/metal175.jpg,other,other,0.38208091259002686
v4_int8_baseline,angle_plus20,test/other/metal18.jpg,other,other,0.7637118697166443
v4_int8_baseline,angle_plus20,test/other/metal186.jpg,other,other,0.9909327030181885
v4_int8_baseline,angle_plus20,test/other/metal187.jpg,other,other,0.9446753859519958
v4_int8_baseline,angle_plus20,test/other/metal188.jpg,other,other,0.9318991899490356
v4_int8_baseline,angle_plus20,test/other/metal192.jpg,other,other,0.9549880027770996
v4_int8_baseline,angle_plus20,test/other/metal198.jpg,other,other,0.9447517991065979
v4_int8_baseline,angle_plus20,test/other/metal201.jpg,other,other,0.9166929125785828
v4_int8_baseline,angle_plus20,test/other/metal205.jpg,other,other,0.7624824643135071
v4_int8_baseline,angle_plus20,test/other/metal209.jpg,other,other,0.8596604466438293
v4_int8_baseline,angle_plus20,test/other/metal217.jpg,other,other,0.9434626698493958
v4_int8_baseline,angle_plus20,test/other/metal239.jpg,other,other,0.9545668959617615
v4_int8_baseline,angle_plus20,test/other/metal24.jpg,other,organic,0.4884164333343506
v4_int8_baseline,angle_plus20,test/other/metal246.jpg,other,other,0.9918105006217957
v4_int8_baseline,angle_plus20,test/other/metal247.jpg,other,other,0.5638720989227295
v4_int8_baseline,angle_plus20,test/other/metal248.jpg,other,other,0.996726393699646
v4_int8_baseline,angle_plus20,test/other/metal249.jpg,other,other,0.9998997449874878
v4_int8_baseline,angle_plus20,test/other/metal258.jpg,other,other,0.9499915838241577
v4_int8_baseline,angle_plus20,test/other/metal261.jpg,other,other,0.5064966082572937
v4_int8_baseline,angle_plus20,test/other/metal263.jpg,other,other,0.841686487197876
v4_int8_baseline,angle_plus20,test/other/metal269.jpg,other,other,0.9437704086303711
v4_int8_baseline,angle_plus20,test/other/metal27.jpg,other,other,0.6237991452217102
v4_int8_baseline,angle_plus20,test/other/metal275.jpg,other,other,0.9900071620941162
v4_int8_baseline,angle_plus20,test/other/metal292.jpg,other,other,0.751097559928894
v4_int8_baseline,angle_plus20,test/other/metal296.jpg,other,other,0.6267793774604797
v4_int8_baseline,angle_plus20,test/other/metal317.jpg,other,other,0.9156832098960876
v4_int8_baseline,angle_plus20,test/other/metal324.jpg,other,other,0.999387264251709
v4_int8_baseline,angle_plus20,test/other/metal325.jpg,other,other,0.7632932662963867
v4_int8_baseline,angle_plus20,test/other/metal328.jpg,other,other,0.9077220559120178
v4_int8_baseline,angle_plus20,test/other/metal33.jpg,other,other,0.9706467986106873
v4_int8_baseline,angle_plus20,test/other/metal341.jpg,other,other,0.7550870180130005
v4_int8_baseline,angle_plus20,test/other/metal344.jpg,other,other,0.943199098110199
v4_int8_baseline,angle_plus20,test/other/metal350.jpg,other,other,0.9745420813560486
v4_int8_baseline,angle_plus20,test/other/metal355.jpg,other,other,0.9827402830123901
v4_int8_baseline,angle_plus20,test/other/metal364.jpg,other,other,0.9509904980659485
v4_int8_baseline,angle_plus20,test/other/metal370.jpg,other,other,0.9386191368103027
v4_int8_baseline,angle_plus20,test/other/metal387.jpg,other,other,0.9780780673027039
v4_int8_baseline,angle_plus20,test/other/metal389.jpg,other,other,0.9474496245384216
v4_int8_baseline,angle_plus20,test/other/metal393.jpg,other,other,0.8947140574455261
v4_int8_baseline,angle_plus20,test/other/metal394.jpg,other,other,0.9944500923156738
v4_int8_baseline,angle_plus20,test/other/metal395.jpg,other,other,0.7028810381889343
v4_int8_baseline,angle_plus20,test/other/metal403.jpg,other,other,0.9638281464576721
v4_int8_baseline,angle_plus20,test/other/metal48.jpg,other,other,0.5486782789230347
v4_int8_baseline,angle_plus20,test/other/metal50.jpg,other,other,0.5010483860969543
v4_int8_baseline,angle_plus20,test/other/metal52.jpg,other,other,0.973065972328186
v4_int8_baseline,angle_plus20,test/other/metal62.jpg,other,other,0.9927932024002075
v4_int8_baseline,angle_plus20,test/other/metal65.jpg,other,other,0.993876039981842
v4_int8_baseline,angle_plus20,test/other/metal68.jpg,other,other,0.9803787469863892
v4_int8_baseline,angle_plus20,test/other/metal77.jpg,other,other,0.9082803130149841
v4_int8_baseline,angle_plus20,test/other/metal80.jpg,other,plastic,0.5238088965415955
v4_int8_baseline,angle_plus20,test/other/metal84.jpg,other,other,0.5398526191711426
v4_int8_baseline,angle_plus20,test/other/metal87.jpg,other,other,0.9783144593238831
v4_int8_baseline,angle_plus20,test/other/metal99.jpg,other,other,0.9540345072746277
v4_int8_baseline,angle_minus20,test/paper/paper104.jpg,paper,other,0.997082531452179
v4_int8_baseline,angle_minus20,test/paper/paper112.jpg,paper,other,0.9621250033378601
v4_int8_baseline,angle_minus20,test/paper/paper113.jpg,paper,other,0.9987818598747253
v4_int8_baseline,angle_minus20,test/paper/paper114.jpg,paper,other,0.9579049944877625
v4_int8_baseline,angle_minus20,test/paper/paper12.jpg,paper,other,0.907647967338562
v4_int8_baseline,angle_minus20,test/paper/paper120.jpg,paper,paper,0.7218330502510071
v4_int8_baseline,angle_minus20,test/paper/paper124.jpg,paper,paper,0.8284888863563538
v4_int8_baseline,angle_minus20,test/paper/paper125.jpg,paper,other,0.4839765131473541
v4_int8_baseline,angle_minus20,test/paper/paper129.jpg,paper,other,0.9884908199310303
v4_int8_baseline,angle_minus20,test/paper/paper13.jpg,paper,paper,0.8145206570625305
v4_int8_baseline,angle_minus20,test/paper/paper137.jpg,paper,paper,0.8798251152038574
v4_int8_baseline,angle_minus20,test/paper/paper143.jpg,paper,paper,0.7777212262153625
v4_int8_baseline,angle_minus20,test/paper/paper149.jpg,paper,plastic,0.6139009594917297
v4_int8_baseline,angle_minus20,test/paper/paper161.jpg,paper,other,0.9598944783210754
v4_int8_baseline,angle_minus20,test/paper/paper167.jpg,paper,other,0.9926335215568542
v4_int8_baseline,angle_minus20,test/paper/paper169.jpg,paper,paper,0.7147893905639648
v4_int8_baseline,angle_minus20,test/paper/paper186.jpg,paper,other,0.9838097095489502
v4_int8_baseline,angle_minus20,test/paper/paper188.jpg,paper,other,0.9745551347732544
v4_int8_baseline,angle_minus20,test/paper/paper208.jpg,paper,other,0.9474800825119019
v4_int8_baseline,angle_minus20,test/paper/paper209.jpg,paper,other,0.9789285659790039
v4_int8_baseline,angle_minus20,test/paper/paper218.jpg,paper,other,0.9158288836479187
v4_int8_baseline,angle_minus20,test/paper/paper219.jpg,paper,paper,0.7896783947944641
v4_int8_baseline,angle_minus20,test/paper/paper220.jpg,paper,plastic,0.7450761198997498
v4_int8_baseline,angle_minus20,test/paper/paper225.jpg,paper,other,0.8263816237449646
v4_int8_baseline,angle_minus20,test/paper/paper230.jpg,paper,paper,0.7603851556777954
v4_int8_baseline,angle_minus20,test/paper/paper235.jpg,paper,other,0.7913385629653931
v4_int8_baseline,angle_minus20,test/paper/paper266.jpg,paper,other,0.9177671074867249
v4_int8_baseline,angle_minus20,test/paper/paper269.jpg,paper,other,0.9525324106216431
v4_int8_baseline,angle_minus20,test/paper/paper271.jpg,paper,other,0.36877235770225525
v4_int8_baseline,angle_minus20,test/paper/paper273.jpg,paper,plastic,0.8555249571800232
v4_int8_baseline,angle_minus20,test/paper/paper276.jpg,paper,other,0.8382577300071716
v4_int8_baseline,angle_minus20,test/paper/paper279.jpg,paper,other,0.5034613013267517
v4_int8_baseline,angle_minus20,test/paper/paper282.jpg,paper,paper,0.801171064376831
v4_int8_baseline,angle_minus20,test/paper/paper286.jpg,paper,other,0.9367756843566895
v4_int8_baseline,angle_minus20,test/paper/paper289.jpg,paper,other,0.9907417297363281
v4_int8_baseline,angle_minus20,test/paper/paper294.jpg,paper,paper,0.9374253749847412
v4_int8_baseline,angle_minus20,test/paper/paper3.jpg,paper,other,0.638807475566864
v4_int8_baseline,angle_minus20,test/paper/paper301.jpg,paper,other,0.5209826827049255
v4_int8_baseline,angle_minus20,test/paper/paper303.jpg,paper,paper,0.8196361660957336
v4_int8_baseline,angle_minus20,test/paper/paper311.jpg,paper,other,0.988335907459259
v4_int8_baseline,angle_minus20,test/paper/paper319.jpg,paper,other,0.9413480162620544
v4_int8_baseline,angle_minus20,test/paper/paper32.jpg,paper,paper,0.35273993015289307
v4_int8_baseline,angle_minus20,test/paper/paper346.jpg,paper,other,0.9135156869888306
v4_int8_baseline,angle_minus20,test/paper/paper348.jpg,paper,other,0.8157321214675903
v4_int8_baseline,angle_minus20,test/paper/paper350.jpg,paper,paper,0.7704681158065796
v4_int8_baseline,angle_minus20,test/paper/paper354.jpg,paper,paper,0.52486252784729
v4_int8_baseline,angle_minus20,test/paper/paper356.jpg,paper,other,0.8909294605255127
v4_int8_baseline,angle_minus20,test/paper/paper357.jpg,paper,paper,0.5388504266738892
v4_int8_baseline,angle_minus20,test/paper/paper361.jpg,paper,paper,0.6336235404014587
v4_int8_baseline,angle_minus20,test/paper/paper362.jpg,paper,other,0.7393126487731934
v4_int8_baseline,angle_minus20,test/paper/paper368.jpg,paper,other,0.8913256525993347
v4_int8_baseline,angle_minus20,test/paper/paper373.jpg,paper,paper,0.9407863616943359
v4_int8_baseline,angle_minus20,test/paper/paper380.jpg,paper,other,0.9436208009719849
v4_int8_baseline,angle_minus20,test/paper/paper381.jpg,paper,other,0.6030594706535339
v4_int8_baseline,angle_minus20,test/paper/paper385.jpg,paper,paper,0.7309533953666687
v4_int8_baseline,angle_minus20,test/paper/paper392.jpg,paper,other,0.961384654045105
v4_int8_baseline,angle_minus20,test/paper/paper396.jpg,paper,paper,0.47233110666275024
v4_int8_baseline,angle_minus20,test/paper/paper404.jpg,paper,plastic,0.5605027675628662
v4_int8_baseline,angle_minus20,test/paper/paper405.jpg,paper,other,0.9843540191650391
v4_int8_baseline,angle_minus20,test/paper/paper416.jpg,paper,paper,0.8284173011779785
v4_int8_baseline,angle_minus20,test/paper/paper417.jpg,paper,organic,0.7405566573143005
v4_int8_baseline,angle_minus20,test/paper/paper422.jpg,paper,other,0.9407097697257996
v4_int8_baseline,angle_minus20,test/paper/paper434.jpg,paper,plastic,0.47235003113746643
v4_int8_baseline,angle_minus20,test/paper/paper444.jpg,paper,paper,0.9578146934509277
v4_int8_baseline,angle_minus20,test/paper/paper450.jpg,paper,other,0.9949619770050049
v4_int8_baseline,angle_minus20,test/paper/paper457.jpg,paper,other,0.6533289551734924
v4_int8_baseline,angle_minus20,test/paper/paper460.jpg,paper,other,0.8847910761833191
v4_int8_baseline,angle_minus20,test/paper/paper461.jpg,paper,other,0.4611852765083313
v4_int8_baseline,angle_minus20,test/paper/paper462.jpg,paper,plastic,0.7991021871566772
v4_int8_baseline,angle_minus20,test/paper/paper465.jpg,paper,other,0.9725707173347473
v4_int8_baseline,angle_minus20,test/paper/paper474.jpg,paper,other,0.9212605357170105
v4_int8_baseline,angle_minus20,test/paper/paper48.jpg,paper,other,0.976010262966156
v4_int8_baseline,angle_minus20,test/paper/paper495.jpg,paper,paper,0.771045982837677
v4_int8_baseline,angle_minus20,test/paper/paper500.jpg,paper,plastic,0.9207955598831177
v4_int8_baseline,angle_minus20,test/paper/paper502.jpg,paper,other,0.9884098768234253
v4_int8_baseline,angle_minus20,test/paper/paper503.jpg,paper,other,0.4165343940258026
v4_int8_baseline,angle_minus20,test/paper/paper505.jpg,paper,other,0.49278146028518677
v4_int8_baseline,angle_minus20,test/paper/paper508.jpg,paper,paper,0.4282959997653961
v4_int8_baseline,angle_minus20,test/paper/paper515.jpg,paper,plastic,0.7427606582641602
v4_int8_baseline,angle_minus20,test/paper/paper525.jpg,paper,other,0.44543659687042236
v4_int8_baseline,angle_minus20,test/paper/paper527.jpg,paper,other,0.9419417381286621
v4_int8_baseline,angle_minus20,test/paper/paper53.jpg,paper,other,0.9916796088218689
v4_int8_baseline,angle_minus20,test/paper/paper534.jpg,paper,other,0.8481985330581665
v4_int8_baseline,angle_minus20,test/paper/paper537.jpg,paper,other,0.8282673358917236
v4_int8_baseline,angle_minus20,test/paper/paper541.jpg,paper,other,0.990154504776001
v4_int8_baseline,angle_minus20,test/paper/paper542.jpg,paper,other,0.9627874493598938
v4_int8_baseline,angle_minus20,test/paper/paper543.jpg,paper,other,0.9719840288162231
v4_int8_baseline,angle_minus20,test/paper/paper547.jpg,paper,other,0.6230198740959167
v4_int8_baseline,angle_minus20,test/paper/paper548.jpg,paper,other,0.8854182958602905
v4_int8_baseline,angle_minus20,test/paper/paper55.jpg,paper,other,0.9997052550315857
v4_int8_baseline,angle_minus20,test/paper/paper557.jpg,paper,paper,0.8505539894104004
v4_int8_baseline,angle_minus20,test/paper/paper558.jpg,paper,other,0.9358478784561157
v4_int8_baseline,angle_minus20,test/paper/paper563.jpg,paper,other,0.9829344153404236
v4_int8_baseline,angle_minus20,test/paper/paper569.jpg,paper,other,0.99616539478302
v4_int8_baseline,angle_minus20,test/paper/paper570.jpg,paper,other,0.6093786954879761
v4_int8_baseline,angle_minus20,test/paper/paper576.jpg,paper,paper,0.6510866284370422
v4_int8_baseline,angle_minus20,test/paper/paper58.jpg,paper,paper,0.5969139933586121
v4_int8_baseline,angle_minus20,test/paper/paper586.jpg,paper,other,0.9560617208480835
v4_int8_baseline,angle_minus20,test/paper/paper593.jpg,paper,other,0.8589435815811157
v4_int8_baseline,angle_minus20,test/paper/paper6.jpg,paper,plastic,0.9741114974021912
v4_int8_baseline,angle_minus20,test/paper/paper68.jpg,paper,other,0.981805145740509
v4_int8_baseline,angle_minus20,test/paper/paper69.jpg,paper,other,0.920107364654541
v4_int8_baseline,angle_minus20,test/paper/paper7.jpg,paper,other,0.9777982234954834
v4_int8_baseline,angle_minus20,test/paper/paper70.jpg,paper,paper,0.8518215417861938
v4_int8_baseline,angle_minus20,test/paper/paper77.jpg,paper,other,0.9976356029510498
v4_int8_baseline,angle_minus20,test/paper/paper86.jpg,paper,other,0.9826175570487976
v4_int8_baseline,angle_minus20,test/paper/paper94.jpg,paper,other,0.7407112717628479
v4_int8_baseline,angle_minus20,test/paper/paper97.jpg,paper,other,0.9969045519828796
v4_int8_baseline,angle_minus20,test/plastic/plastic103.jpg,plastic,plastic,0.578561544418335
v4_int8_baseline,angle_minus20,test/plastic/plastic114.jpg,plastic,plastic,0.6515758633613586
v4_int8_baseline,angle_minus20,test/plastic/plastic122.jpg,plastic,other,0.9662569761276245
v4_int8_baseline,angle_minus20,test/plastic/plastic125.jpg,plastic,other,0.959925651550293
v4_int8_baseline,angle_minus20,test/plastic/plastic126.jpg,plastic,other,0.5992974042892456
v4_int8_baseline,angle_minus20,test/plastic/plastic132.jpg,plastic,other,0.6944849491119385
v4_int8_baseline,angle_minus20,test/plastic/plastic138.jpg,plastic,other,0.7499870657920837
v4_int8_baseline,angle_minus20,test/plastic/plastic145.jpg,plastic,plastic,0.9184086918830872
v4_int8_baseline,angle_minus20,test/plastic/plastic146.jpg,plastic,paper,0.6282556056976318
v4_int8_baseline,angle_minus20,test/plastic/plastic152.jpg,plastic,other,0.5395675897598267
v4_int8_baseline,angle_minus20,test/plastic/plastic156.jpg,plastic,paper,0.8835741877555847
v4_int8_baseline,angle_minus20,test/plastic/plastic159.jpg,plastic,other,0.5934291481971741
v4_int8_baseline,angle_minus20,test/plastic/plastic170.jpg,plastic,other,0.8631775379180908
v4_int8_baseline,angle_minus20,test/plastic/plastic172.jpg,plastic,organic,0.9730042219161987
v4_int8_baseline,angle_minus20,test/plastic/plastic177.jpg,plastic,paper,0.77146315574646
v4_int8_baseline,angle_minus20,test/plastic/plastic187.jpg,plastic,other,0.9576942920684814
v4_int8_baseline,angle_minus20,test/plastic/plastic2.jpg,plastic,paper,0.6796942949295044
v4_int8_baseline,angle_minus20,test/plastic/plastic201.jpg,plastic,other,0.7298484444618225
v4_int8_baseline,angle_minus20,test/plastic/plastic205.jpg,plastic,other,0.9333570599555969
v4_int8_baseline,angle_minus20,test/plastic/plastic207.jpg,plastic,plastic,0.9992677569389343
v4_int8_baseline,angle_minus20,test/plastic/plastic21.jpg,plastic,other,0.9119954705238342
v4_int8_baseline,angle_minus20,test/plastic/plastic214.jpg,plastic,plastic,0.8317087888717651
v4_int8_baseline,angle_minus20,test/plastic/plastic217.jpg,plastic,other,0.6194857954978943
v4_int8_baseline,angle_minus20,test/plastic/plastic226.jpg,plastic,plastic,0.8985931873321533
v4_int8_baseline,angle_minus20,test/plastic/plastic227.jpg,plastic,other,0.9439772963523865
v4_int8_baseline,angle_minus20,test/plastic/plastic242.jpg,plastic,plastic,0.6455445289611816
v4_int8_baseline,angle_minus20,test/plastic/plastic251.jpg,plastic,other,0.5615765452384949
v4_int8_baseline,angle_minus20,test/plastic/plastic252.jpg,plastic,plastic,0.5211684703826904
v4_int8_baseline,angle_minus20,test/plastic/plastic253.jpg,plastic,plastic,0.4510529935359955
v4_int8_baseline,angle_minus20,test/plastic/plastic260.jpg,plastic,other,0.8374834060668945
v4_int8_baseline,angle_minus20,test/plastic/plastic264.jpg,plastic,other,0.9898338317871094
v4_int8_baseline,angle_minus20,test/plastic/plastic265.jpg,plastic,other,0.7214031219482422
v4_int8_baseline,angle_minus20,test/plastic/plastic268.jpg,plastic,other,0.596318781375885
v4_int8_baseline,angle_minus20,test/plastic/plastic270.jpg,plastic,plastic,0.6159828901290894
v4_int8_baseline,angle_minus20,test/plastic/plastic285.jpg,plastic,other,0.9890747666358948
v4_int8_baseline,angle_minus20,test/plastic/plastic305.jpg,plastic,plastic,0.44186270236968994
v4_int8_baseline,angle_minus20,test/plastic/plastic306.jpg,plastic,paper,0.6579714417457581
v4_int8_baseline,angle_minus20,test/plastic/plastic312.jpg,plastic,other,0.8332319259643555
v4_int8_baseline,angle_minus20,test/plastic/plastic314.jpg,plastic,other,0.4833109676837921
v4_int8_baseline,angle_minus20,test/plastic/plastic315.jpg,plastic,other,0.6876052021980286
v4_int8_baseline,angle_minus20,test/plastic/plastic317.jpg,plastic,paper,0.8976385593414307
v4_int8_baseline,angle_minus20,test/plastic/plastic32.jpg,plastic,other,0.9896418452262878
v4_int8_baseline,angle_minus20,test/plastic/plastic328.jpg,plastic,other,0.7913152575492859
v4_int8_baseline,angle_minus20,test/plastic/plastic348.jpg,plastic,other,0.8614013195037842
v4_int8_baseline,angle_minus20,test/plastic/plastic349.jpg,plastic,plastic,0.4151211380958557
v4_int8_baseline,angle_minus20,test/plastic/plastic372.jpg,plastic,plastic,0.7495146989822388
v4_int8_baseline,angle_minus20,test/plastic/plastic374.jpg,plastic,other,0.9895426034927368
v4_int8_baseline,angle_minus20,test/plastic/plastic379.jpg,plastic,other,0.9777987599372864
v4_int8_baseline,angle_minus20,test/plastic/plastic383.jpg,plastic,other,0.7538673281669617
v4_int8_baseline,angle_minus20,test/plastic/plastic388.jpg,plastic,other,0.822434663772583
v4_int8_baseline,angle_minus20,test/plastic/plastic39.jpg,plastic,plastic,0.9280186295509338
v4_int8_baseline,angle_minus20,test/plastic/plastic390.jpg,plastic,plastic,0.5441572666168213
v4_int8_baseline,angle_minus20,test/plastic/plastic398.jpg,plastic,paper,0.7870321869850159
v4_int8_baseline,angle_minus20,test/plastic/plastic399.jpg,plastic,other,0.5838137865066528
v4_int8_baseline,angle_minus20,test/plastic/plastic405.jpg,plastic,plastic,0.9945043921470642
v4_int8_baseline,angle_minus20,test/plastic/plastic411.jpg,plastic,other,0.9647293090820312
v4_int8_baseline,angle_minus20,test/plastic/plastic420.jpg,plastic,other,0.8923280239105225
v4_int8_baseline,angle_minus20,test/plastic/plastic423.jpg,plastic,other,0.6853337287902832
v4_int8_baseline,angle_minus20,test/plastic/plastic426.jpg,plastic,other,0.46674561500549316
v4_int8_baseline,angle_minus20,test/plastic/plastic434.jpg,plastic,other,0.8466470837593079
v4_int8_baseline,angle_minus20,test/plastic/plastic438.jpg,plastic,paper,0.6926135420799255
v4_int8_baseline,angle_minus20,test/plastic/plastic465.jpg,plastic,other,0.9677831530570984
v4_int8_baseline,angle_minus20,test/plastic/plastic473.jpg,plastic,other,0.5303799510002136
v4_int8_baseline,angle_minus20,test/plastic/plastic49.jpg,plastic,other,0.9850170612335205
v4_int8_baseline,angle_minus20,test/plastic/plastic64.jpg,plastic,other,0.9183896780014038
v4_int8_baseline,angle_minus20,test/plastic/plastic66.jpg,plastic,plastic,0.9464394450187683
v4_int8_baseline,angle_minus20,test/plastic/plastic67.jpg,plastic,other,0.624089241027832
v4_int8_baseline,angle_minus20,test/plastic/plastic79.jpg,plastic,other,0.9780153632164001
v4_int8_baseline,angle_minus20,test/plastic/plastic80.jpg,plastic,other,0.926494300365448
v4_int8_baseline,angle_minus20,test/plastic/plastic82.jpg,plastic,paper,0.9127562642097473
v4_int8_baseline,angle_minus20,test/plastic/plastic84.jpg,plastic,other,0.7439164519309998
v4_int8_baseline,angle_minus20,test/plastic/plastic93.jpg,plastic,other,0.7494133114814758
v4_int8_baseline,angle_minus20,test/plastic/plastic98.jpg,plastic,other,0.968041718006134
v4_int8_baseline,angle_minus20,test/plastic/plastic99.jpg,plastic,other,0.6355916857719421
v4_int8_baseline,angle_minus20,test/organic/organic_0001.jpg,organic,other,0.9910392165184021
v4_int8_baseline,angle_minus20,test/organic/organic_0002.jpg,organic,other,0.6303484439849854
v4_int8_baseline,angle_minus20,test/organic/organic_0003.jpg,organic,other,0.8928659558296204
v4_int8_baseline,angle_minus20,test/organic/organic_0004.jpg,organic,other,0.9923684000968933
v4_int8_baseline,angle_minus20,test/organic/organic_0005.jpg,organic,other,0.9952715039253235
v4_int8_baseline,angle_minus20,test/organic/organic_0006.jpg,organic,other,0.9988413453102112
v4_int8_baseline,angle_minus20,test/organic/organic_0007.jpg,organic,other,0.9947068095207214
v4_int8_baseline,angle_minus20,test/organic/organic_0008.jpg,organic,other,0.9868502616882324
v4_int8_baseline,angle_minus20,test/organic/organic_0009.jpg,organic,other,0.9939202070236206
v4_int8_baseline,angle_minus20,test/organic/organic_0010.jpg,organic,other,0.9721908569335938
v4_int8_baseline,angle_minus20,test/organic/organic_0011.jpg,organic,other,0.9775552749633789
v4_int8_baseline,angle_minus20,test/organic/organic_0012.jpg,organic,other,0.9684184193611145
v4_int8_baseline,angle_minus20,test/organic/organic_0013.jpg,organic,other,0.9932899475097656
v4_int8_baseline,angle_minus20,test/organic/organic_0014.jpg,organic,other,0.9710410237312317
v4_int8_baseline,angle_minus20,test/organic/organic_0015.jpg,organic,other,0.9957245588302612
v4_int8_baseline,angle_minus20,test/organic/organic_0016.jpg,organic,other,0.9679704308509827
v4_int8_baseline,angle_minus20,test/organic/organic_0017.jpg,organic,other,0.9968578815460205
v4_int8_baseline,angle_minus20,test/organic/organic_0018.jpg,organic,other,0.6798521876335144
v4_int8_baseline,angle_minus20,test/organic/organic_0019.jpg,organic,other,0.6983956694602966
v4_int8_baseline,angle_minus20,test/organic/organic_0020.jpg,organic,other,0.9961467981338501
v4_int8_baseline,angle_minus20,test/organic/organic_0021.jpg,organic,other,0.9672736525535583
v4_int8_baseline,angle_minus20,test/organic/organic_0022.jpg,organic,other,0.9948316812515259
v4_int8_baseline,angle_minus20,test/organic/organic_0023.jpg,organic,other,0.9866427183151245
v4_int8_baseline,angle_minus20,test/organic/organic_0024.jpg,organic,organic,0.688643217086792
v4_int8_baseline,angle_minus20,test/organic/organic_0025.jpg,organic,other,0.9889745712280273
v4_int8_baseline,angle_minus20,test/organic/organic_0026.jpg,organic,other,0.9739838242530823
v4_int8_baseline,angle_minus20,test/organic/organic_0027.jpg,organic,other,0.9980965256690979
v4_int8_baseline,angle_minus20,test/organic/organic_0028.jpg,organic,other,0.9866099953651428
v4_int8_baseline,angle_minus20,test/organic/organic_0029.jpg,organic,other,0.8054536581039429
v4_int8_baseline,angle_minus20,test/organic/organic_0030.jpg,organic,other,0.9686729311943054
v4_int8_baseline,angle_minus20,test/organic/organic_0031.jpg,organic,other,0.9921512603759766
v4_int8_baseline,angle_minus20,test/organic/organic_0032.jpg,organic,other,0.9490967988967896
v4_int8_baseline,angle_minus20,test/organic/organic_0033.jpg,organic,other,0.9899203777313232
v4_int8_baseline,angle_minus20,test/organic/organic_0034.jpg,organic,other,0.9817783832550049
v4_int8_baseline,angle_minus20,test/organic/organic_0035.jpg,organic,other,0.9918633699417114
v4_int8_baseline,angle_minus20,test/organic/organic_0036.jpg,organic,other,0.9628428816795349
v4_int8_baseline,angle_minus20,test/organic/organic_0037.jpg,organic,other,0.9694936871528625
v4_int8_baseline,angle_minus20,test/organic/organic_0038.jpg,organic,other,0.8635776042938232
v4_int8_baseline,angle_minus20,test/organic/organic_0039.jpg,organic,other,0.9473713040351868
v4_int8_baseline,angle_minus20,test/organic/organic_0040.jpg,organic,other,0.9562011361122131
v4_int8_baseline,angle_minus20,test/organic/organic_0041.jpg,organic,other,0.9915367364883423
v4_int8_baseline,angle_minus20,test/organic/organic_0042.jpg,organic,other,0.9624035954475403
v4_int8_baseline,angle_minus20,test/organic/organic_0043.jpg,organic,other,0.8985791802406311
v4_int8_baseline,angle_minus20,test/organic/organic_0044.jpg,organic,other,0.9811578392982483
v4_int8_baseline,angle_minus20,test/organic/organic_0045.jpg,organic,other,0.9943200349807739
v4_int8_baseline,angle_minus20,test/organic/organic_0046.jpg,organic,other,0.9758658409118652
v4_int8_baseline,angle_minus20,test/organic/organic_0047.jpg,organic,other,0.979427695274353
v4_int8_baseline,angle_minus20,test/organic/organic_0048.jpg,organic,other,0.8918699026107788
v4_int8_baseline,angle_minus20,test/organic/organic_0049.jpg,organic,other,0.9865632057189941
v4_int8_baseline,angle_minus20,test/organic/organic_0050.jpg,organic,other,0.9324134588241577
v4_int8_baseline,angle_minus20,test/organic/organic_0051.jpg,organic,other,0.9852920174598694
v4_int8_baseline,angle_minus20,test/organic/organic_0052.jpg,organic,other,0.996336817741394
v4_int8_baseline,angle_minus20,test/organic/organic_0053.jpg,organic,other,0.9464964866638184
v4_int8_baseline,angle_minus20,test/organic/organic_0054.jpg,organic,other,0.8506990671157837
v4_int8_baseline,angle_minus20,test/organic/organic_0055.jpg,organic,other,0.9796909689903259
v4_int8_baseline,angle_minus20,test/organic/organic_0056.jpg,organic,other,0.9373941421508789
v4_int8_baseline,angle_minus20,test/organic/organic_0057.jpg,organic,other,0.9959077835083008
v4_int8_baseline,angle_minus20,test/organic/organic_0058.jpg,organic,other,0.9669083952903748
v4_int8_baseline,angle_minus20,test/organic/organic_0059.jpg,organic,other,0.9939028024673462
v4_int8_baseline,angle_minus20,test/organic/organic_0060.jpg,organic,other,0.9414271116256714
v4_int8_baseline,angle_minus20,test/organic/organic_0061.jpg,organic,other,0.9834104180335999
v4_int8_baseline,angle_minus20,test/organic/organic_0062.jpg,organic,other,0.9696266055107117
v4_int8_baseline,angle_minus20,test/organic/organic_0063.jpg,organic,other,0.9949555993080139
v4_int8_baseline,angle_minus20,test/organic/organic_0064.jpg,organic,other,0.95970219373703
v4_int8_baseline,angle_minus20,test/organic/organic_0065.jpg,organic,other,0.980496346950531
v4_int8_baseline,angle_minus20,test/organic/organic_0066.jpg,organic,other,0.9615014791488647
v4_int8_baseline,angle_minus20,test/organic/organic_0067.jpg,organic,organic,0.8073384165763855
v4_int8_baseline,angle_minus20,test/organic/organic_0068.jpg,organic,other,0.965531587600708
v4_int8_baseline,angle_minus20,test/organic/organic_0069.jpg,organic,other,0.990439772605896
v4_int8_baseline,angle_minus20,test/organic/organic_0070.jpg,organic,other,0.7199379801750183
v4_int8_baseline,angle_minus20,test/organic/organic_0071.jpg,organic,other,0.9753851890563965
v4_int8_baseline,angle_minus20,test/organic/organic_0072.jpg,organic,other,0.9932188391685486
v4_int8_baseline,angle_minus20,test/organic/organic_0073.jpg,organic,other,0.9757664799690247
v4_int8_baseline,angle_minus20,test/organic/organic_0074.jpg,organic,other,0.6016926169395447
v4_int8_baseline,angle_minus20,test/other/cardboard105.jpg,other,other,0.9918845891952515
v4_int8_baseline,angle_minus20,test/other/cardboard115.jpg,other,other,0.9867768883705139
v4_int8_baseline,angle_minus20,test/other/cardboard121.jpg,other,organic,0.45964840054512024
v4_int8_baseline,angle_minus20,test/other/cardboard125.jpg,other,other,0.881523609161377
v4_int8_baseline,angle_minus20,test/other/cardboard128.jpg,other,organic,0.5163585543632507
v4_int8_baseline,angle_minus20,test/other/cardboard160.jpg,other,other,0.9779965281486511
v4_int8_baseline,angle_minus20,test/other/cardboard162.jpg,other,other,0.9746865034103394
v4_int8_baseline,angle_minus20,test/other/cardboard175.jpg,other,other,0.985928475856781
v4_int8_baseline,angle_minus20,test/other/cardboard18.jpg,other,other,0.976547360420227
v4_int8_baseline,angle_minus20,test/other/cardboard184.jpg,other,other,0.9627353549003601
v4_int8_baseline,angle_minus20,test/other/cardboard19.jpg,other,other,0.990422248840332
v4_int8_baseline,angle_minus20,test/other/cardboard190.jpg,other,other,0.9989525079727173
v4_int8_baseline,angle_minus20,test/other/cardboard2.jpg,other,other,0.912220299243927
v4_int8_baseline,angle_minus20,test/other/cardboard208.jpg,other,other,0.9830191731452942
v4_int8_baseline,angle_minus20,test/other/cardboard210.jpg,other,other,0.9875419735908508
v4_int8_baseline,angle_minus20,test/other/cardboard213.jpg,other,other,0.9774513840675354
v4_int8_baseline,angle_minus20,test/other/cardboard214.jpg,other,other,0.7451395392417908
v4_int8_baseline,angle_minus20,test/other/cardboard216.jpg,other,other,0.7755525708198547
v4_int8_baseline,angle_minus20,test/other/cardboard218.jpg,other,other,0.8167949318885803
v4_int8_baseline,angle_minus20,test/other/cardboard222.jpg,other,other,0.9858025312423706
v4_int8_baseline,angle_minus20,test/other/cardboard231.jpg,other,other,0.9889312386512756
v4_int8_baseline,angle_minus20,test/other/cardboard239.jpg,other,other,0.9994568228721619
v4_int8_baseline,angle_minus20,test/other/cardboard248.jpg,other,other,0.9241586327552795
v4_int8_baseline,angle_minus20,test/other/cardboard252.jpg,other,other,0.968499481678009
v4_int8_baseline,angle_minus20,test/other/cardboard259.jpg,other,other,0.9892233610153198
v4_int8_baseline,angle_minus20,test/other/cardboard260.jpg,other,other,0.9878119826316833
v4_int8_baseline,angle_minus20,test/other/cardboard261.jpg,other,other,0.9895200729370117
v4_int8_baseline,angle_minus20,test/other/cardboard266.jpg,other,other,0.9521169066429138
v4_int8_baseline,angle_minus20,test/other/cardboard274.jpg,other,other,0.5083891153335571
v4_int8_baseline,angle_minus20,test/other/cardboard276.jpg,other,other,0.9994729161262512
v4_int8_baseline,angle_minus20,test/other/cardboard286.jpg,other,other,0.9962145686149597
v4_int8_baseline,angle_minus20,test/other/cardboard289.jpg,other,other,0.9848517775535583
v4_int8_baseline,angle_minus20,test/other/cardboard290.jpg,other,other,0.7391495108604431
v4_int8_baseline,angle_minus20,test/other/cardboard293.jpg,other,other,0.9809229969978333
v4_int8_baseline,angle_minus20,test/other/cardboard299.jpg,other,other,0.9874704480171204
v4_int8_baseline,angle_minus20,test/other/cardboard304.jpg,other,other,0.9650813937187195
v4_int8_baseline,angle_minus20,test/other/cardboard308.jpg,other,other,0.9827221632003784
v4_int8_baseline,angle_minus20,test/other/cardboard31.jpg,other,other,0.987261176109314
v4_int8_baseline,angle_minus20,test/other/cardboard310.jpg,other,other,0.9880109429359436
v4_int8_baseline,angle_minus20,test/other/cardboard312.jpg,other,other,0.9921179413795471
v4_int8_baseline,angle_minus20,test/other/cardboard313.jpg,other,other,0.9863405227661133
v4_int8_baseline,angle_minus20,test/other/cardboard314.jpg,other,other,0.9853957295417786
v4_int8_baseline,angle_minus20,test/other/cardboard321.jpg,other,other,0.9831188321113586
v4_int8_baseline,angle_minus20,test/other/cardboard323.jpg,other,other,0.9798082709312439
v4_int8_baseline,angle_minus20,test/other/cardboard332.jpg,other,other,0.982687771320343
v4_int8_baseline,angle_minus20,test/other/cardboard334.jpg,other,other,0.9827823042869568
v4_int8_baseline,angle_minus20,test/other/cardboard34.jpg,other,other,0.9922950267791748
v4_int8_baseline,angle_minus20,test/other/cardboard356.jpg,other,other,0.983595609664917
v4_int8_baseline,angle_minus20,test/other/cardboard363.jpg,other,other,0.9944713115692139
v4_int8_baseline,angle_minus20,test/other/cardboard372.jpg,other,other,0.9875756502151489
v4_int8_baseline,angle_minus20,test/other/cardboard383.jpg,other,other,0.9484264254570007
v4_int8_baseline,angle_minus20,test/other/cardboard384.jpg,other,other,0.9848321080207825
v4_int8_baseline,angle_minus20,test/other/cardboard387.jpg,other,paper,0.9855698943138123
v4_int8_baseline,angle_minus20,test/other/cardboard388.jpg,other,other,0.9953979849815369
v4_int8_baseline,angle_minus20,test/other/cardboard397.jpg,other,other,0.9789913892745972
v4_int8_baseline,angle_minus20,test/other/cardboard40.jpg,other,other,0.9915868043899536
v4_int8_baseline,angle_minus20,test/other/cardboard401.jpg,other,other,0.9886512756347656
v4_int8_baseline,angle_minus20,test/other/cardboard44.jpg,other,other,0.9658986926078796
v4_int8_baseline,angle_minus20,test/other/cardboard51.jpg,other,other,0.9926155805587769
v4_int8_baseline,angle_minus20,test/other/cardboard57.jpg,other,other,0.9879251718521118
v4_int8_baseline,angle_minus20,test/other/cardboard63.jpg,other,paper,0.9602904915809631
v4_int8_baseline,angle_minus20,test/other/cardboard69.jpg,other,other,0.8812536597251892
v4_int8_baseline,angle_minus20,test/other/cardboard71.jpg,other,other,0.9889023900032043
v4_int8_baseline,angle_minus20,test/other/cardboard73.jpg,other,other,0.9863681197166443
v4_int8_baseline,angle_minus20,test/other/cardboard8.jpg,other,other,0.9639220833778381
v4_int8_baseline,angle_minus20,test/other/cardboard88.jpg,other,other,0.9972330927848816
v4_int8_baseline,angle_minus20,test/other/cardboard89.jpg,other,other,0.9694302678108215
v4_int8_baseline,angle_minus20,test/other/cardboard9.jpg,other,other,0.9744568467140198
v4_int8_baseline,angle_minus20,test/other/cardboard92.jpg,other,other,0.9897720217704773
v4_int8_baseline,angle_minus20,test/other/cardboard98.jpg,other,other,0.9879018068313599
v4_int8_baseline,angle_minus20,test/other/metal112.jpg,other,other,0.9710540771484375
v4_int8_baseline,angle_minus20,test/other/metal114.jpg,other,other,0.9512999653816223
v4_int8_baseline,angle_minus20,test/other/metal119.jpg,other,other,0.7958823442459106
v4_int8_baseline,angle_minus20,test/other/metal12.jpg,other,other,0.9676642417907715
v4_int8_baseline,angle_minus20,test/other/metal13.jpg,other,other,0.9882606267929077
v4_int8_baseline,angle_minus20,test/other/metal133.jpg,other,other,0.9287253022193909
v4_int8_baseline,angle_minus20,test/other/metal134.jpg,other,other,0.9647850394248962
v4_int8_baseline,angle_minus20,test/other/metal139.jpg,other,other,0.9396288394927979
v4_int8_baseline,angle_minus20,test/other/metal143.jpg,other,other,0.9820184707641602
v4_int8_baseline,angle_minus20,test/other/metal146.jpg,other,other,0.9829866886138916
v4_int8_baseline,angle_minus20,test/other/metal157.jpg,other,organic,0.8421566486358643
v4_int8_baseline,angle_minus20,test/other/metal159.jpg,other,other,0.7425380349159241
v4_int8_baseline,angle_minus20,test/other/metal161.jpg,other,plastic,0.5401085615158081
v4_int8_baseline,angle_minus20,test/other/metal170.jpg,other,other,0.7946501970291138
v4_int8_baseline,angle_minus20,test/other/metal172.jpg,other,plastic,0.6809951066970825
v4_int8_baseline,angle_minus20,test/other/metal175.jpg,other,other,0.39550331234931946
v4_int8_baseline,angle_minus20,test/other/metal18.jpg,other,other,0.7474774718284607
v4_int8_baseline,angle_minus20,test/other/metal186.jpg,other,other,0.9956222176551819
v4_int8_baseline,angle_minus20,test/other/metal187.jpg,other,other,0.9193018078804016
v4_int8_baseline,angle_minus20,test/other/metal188.jpg,other,other,0.9305150508880615
v4_int8_baseline,angle_minus20,test/other/metal192.jpg,other,other,0.9611403346061707
v4_int8_baseline,angle_minus20,test/other/metal198.jpg,other,other,0.9145552515983582
v4_int8_baseline,angle_minus20,test/other/metal201.jpg,other,other,0.49829334020614624
v4_int8_baseline,angle_minus20,test/other/metal205.jpg,other,other,0.8047201633453369
v4_int8_baseline,angle_minus20,test/other/metal209.jpg,other,other,0.8233329653739929
v4_int8_baseline,angle_minus20,test/other/metal217.jpg,other,other,0.9499323964118958
v4_int8_baseline,angle_minus20,test/other/metal239.jpg,other,other,0.7860250473022461
v4_int8_baseline,angle_minus20,test/other/metal24.jpg,other,organic,0.8080557584762573
v4_int8_baseline,angle_minus20,test/other/metal246.jpg,other,other,0.996891438961029
v4_int8_baseline,angle_minus20,test/other/metal247.jpg,other,other,0.746054470539093
v4_int8_baseline,angle_minus20,test/other/metal248.jpg,other,other,0.9976843595504761
v4_int8_baseline,angle_minus20,test/other/metal249.jpg,other,other,0.9998868703842163
v4_int8_baseline,angle_minus20,test/other/metal258.jpg,other,other,0.9752795696258545
v4_int8_baseline,angle_minus20,test/other/metal261.jpg,other,plastic,0.5376912355422974
v4_int8_baseline,angle_minus20,test/other/metal263.jpg,other,other,0.9017358422279358
v4_int8_baseline,angle_minus20,test/other/metal269.jpg,other,other,0.9490265250205994
v4_int8_baseline,angle_minus20,test/other/metal27.jpg,other,other,0.7599851489067078
v4_int8_baseline,angle_minus20,test/other/metal275.jpg,other,other,0.9932671785354614
v4_int8_baseline,angle_minus20,test/other/metal292.jpg,other,other,0.9452582001686096
v4_int8_baseline,angle_minus20,test/other/metal296.jpg,other,other,0.45095595717430115
v4_int8_baseline,angle_minus20,test/other/metal317.jpg,other,other,0.9116068482398987
v4_int8_baseline,angle_minus20,test/other/metal324.jpg,other,other,0.9988632202148438
v4_int8_baseline,angle_minus20,test/other/metal325.jpg,other,other,0.6807262897491455
v4_int8_baseline,angle_minus20,test/other/metal328.jpg,other,other,0.8508816957473755
v4_int8_baseline,angle_minus20,test/other/metal33.jpg,other,other,0.9228046536445618
v4_int8_baseline,angle_minus20,test/other/metal341.jpg,other,other,0.8724408745765686
v4_int8_baseline,angle_minus20,test/other/metal344.jpg,other,other,0.9617831110954285
v4_int8_baseline,angle_minus20,test/other/metal350.jpg,other,other,0.9735164046287537
v4_int8_baseline,angle_minus20,test/other/metal355.jpg,other,other,0.9820100665092468
v4_int8_baseline,angle_minus20,test/other/metal364.jpg,other,other,0.9330072999000549
v4_int8_baseline,angle_minus20,test/other/metal370.jpg,other,other,0.9683401584625244
v4_int8_baseline,angle_minus20,test/other/metal387.jpg,other,other,0.9938966631889343
v4_int8_baseline,angle_minus20,test/other/metal389.jpg,other,other,0.9793134331703186
v4_int8_baseline,angle_minus20,test/other/metal393.jpg,other,other,0.8118975162506104
v4_int8_baseline,angle_minus20,test/other/metal394.jpg,other,other,0.9950395226478577
v4_int8_baseline,angle_minus20,test/other/metal395.jpg,other,other,0.5957858562469482
v4_int8_baseline,angle_minus20,test/other/metal403.jpg,other,other,0.9703210592269897
v4_int8_baseline,angle_minus20,test/other/metal48.jpg,other,other,0.5909256339073181
v4_int8_baseline,angle_minus20,test/other/metal50.jpg,other,organic,0.43186500668525696
v4_int8_baseline,angle_minus20,test/other/metal52.jpg,other,other,0.9165121912956238
v4_int8_baseline,angle_minus20,test/other/metal62.jpg,other,other,0.9924373030662537
v4_int8_baseline,angle_minus20,test/other/metal65.jpg,other,other,0.9920217394828796
v4_int8_baseline,angle_minus20,test/other/metal68.jpg,other,other,0.9815751314163208
v4_int8_baseline,angle_minus20,test/other/metal77.jpg,other,other,0.8865067958831787
v4_int8_baseline,angle_minus20,test/other/metal80.jpg,other,plastic,0.8153965473175049
v4_int8_baseline,angle_minus20,test/other/metal84.jpg,other,other,0.8618950247764587
v4_int8_baseline,angle_minus20,test/other/metal87.jpg,other,other,0.9799583554267883
v4_int8_baseline,angle_minus20,test/other/metal99.jpg,other,other,0.9629495739936829
v4_int8_baseline,shadow_rgb565,test/paper/paper104.jpg,paper,other,0.9716213941574097
v4_int8_baseline,shadow_rgb565,test/paper/paper112.jpg,paper,other,0.5916972756385803
v4_int8_baseline,shadow_rgb565,test/paper/paper113.jpg,paper,other,0.9944397211074829
v4_int8_baseline,shadow_rgb565,test/paper/paper114.jpg,paper,other,0.9570779204368591
v4_int8_baseline,shadow_rgb565,test/paper/paper12.jpg,paper,plastic,0.8182990550994873
v4_int8_baseline,shadow_rgb565,test/paper/paper120.jpg,paper,paper,0.5936878323554993
v4_int8_baseline,shadow_rgb565,test/paper/paper124.jpg,paper,plastic,0.9827954173088074
v4_int8_baseline,shadow_rgb565,test/paper/paper125.jpg,paper,plastic,0.4344782829284668
v4_int8_baseline,shadow_rgb565,test/paper/paper129.jpg,paper,other,0.9081634879112244
v4_int8_baseline,shadow_rgb565,test/paper/paper13.jpg,paper,plastic,0.9110855460166931
v4_int8_baseline,shadow_rgb565,test/paper/paper137.jpg,paper,plastic,0.9504327774047852
v4_int8_baseline,shadow_rgb565,test/paper/paper143.jpg,paper,plastic,0.9013930559158325
v4_int8_baseline,shadow_rgb565,test/paper/paper149.jpg,paper,plastic,0.8927346467971802
v4_int8_baseline,shadow_rgb565,test/paper/paper161.jpg,paper,other,0.863554835319519
v4_int8_baseline,shadow_rgb565,test/paper/paper167.jpg,paper,other,0.9474171996116638
v4_int8_baseline,shadow_rgb565,test/paper/paper169.jpg,paper,paper,0.858401894569397
v4_int8_baseline,shadow_rgb565,test/paper/paper186.jpg,paper,other,0.8490480184555054
v4_int8_baseline,shadow_rgb565,test/paper/paper188.jpg,paper,other,0.9754921197891235
v4_int8_baseline,shadow_rgb565,test/paper/paper208.jpg,paper,other,0.8953263759613037
v4_int8_baseline,shadow_rgb565,test/paper/paper209.jpg,paper,other,0.9961918592453003
v4_int8_baseline,shadow_rgb565,test/paper/paper218.jpg,paper,other,0.7019453644752502
v4_int8_baseline,shadow_rgb565,test/paper/paper219.jpg,paper,plastic,0.9526655673980713
v4_int8_baseline,shadow_rgb565,test/paper/paper220.jpg,paper,plastic,0.991371750831604
v4_int8_baseline,shadow_rgb565,test/paper/paper225.jpg,paper,other,0.5697184801101685
v4_int8_baseline,shadow_rgb565,test/paper/paper230.jpg,paper,plastic,0.8567332625389099
v4_int8_baseline,shadow_rgb565,test/paper/paper235.jpg,paper,other,0.6904194951057434
v4_int8_baseline,shadow_rgb565,test/paper/paper266.jpg,paper,other,0.9119808673858643
v4_int8_baseline,shadow_rgb565,test/paper/paper269.jpg,paper,plastic,0.5412957072257996
v4_int8_baseline,shadow_rgb565,test/paper/paper271.jpg,paper,plastic,0.9691499471664429
v4_int8_baseline,shadow_rgb565,test/paper/paper273.jpg,paper,plastic,0.9984772801399231
v4_int8_baseline,shadow_rgb565,test/paper/paper276.jpg,paper,organic,0.7011787295341492
v4_int8_baseline,shadow_rgb565,test/paper/paper279.jpg,paper,plastic,0.7524847984313965
v4_int8_baseline,shadow_rgb565,test/paper/paper282.jpg,paper,plastic,0.8127084374427795
v4_int8_baseline,shadow_rgb565,test/paper/paper286.jpg,paper,other,0.9744208455085754
v4_int8_baseline,shadow_rgb565,test/paper/paper289.jpg,paper,other,0.994891881942749
v4_int8_baseline,shadow_rgb565,test/paper/paper294.jpg,paper,paper,0.851001501083374
v4_int8_baseline,shadow_rgb565,test/paper/paper3.jpg,paper,organic,0.5051448345184326
v4_int8_baseline,shadow_rgb565,test/paper/paper301.jpg,paper,plastic,0.7360289692878723
v4_int8_baseline,shadow_rgb565,test/paper/paper303.jpg,paper,plastic,0.9779160618782043
v4_int8_baseline,shadow_rgb565,test/paper/paper311.jpg,paper,other,0.9925014972686768
v4_int8_baseline,shadow_rgb565,test/paper/paper319.jpg,paper,other,0.9248539209365845
v4_int8_baseline,shadow_rgb565,test/paper/paper32.jpg,paper,plastic,0.9577314853668213
v4_int8_baseline,shadow_rgb565,test/paper/paper346.jpg,paper,other,0.5969738364219666
v4_int8_baseline,shadow_rgb565,test/paper/paper348.jpg,paper,organic,0.49912843108177185
v4_int8_baseline,shadow_rgb565,test/paper/paper350.jpg,paper,paper,0.9295754432678223
v4_int8_baseline,shadow_rgb565,test/paper/paper354.jpg,paper,plastic,0.9292061924934387
v4_int8_baseline,shadow_rgb565,test/paper/paper356.jpg,paper,other,0.8770235180854797
v4_int8_baseline,shadow_rgb565,test/paper/paper357.jpg,paper,plastic,0.9230299592018127
v4_int8_baseline,shadow_rgb565,test/paper/paper361.jpg,paper,plastic,0.9496399164199829
v4_int8_baseline,shadow_rgb565,test/paper/paper362.jpg,paper,plastic,0.4780524969100952
v4_int8_baseline,shadow_rgb565,test/paper/paper368.jpg,paper,organic,0.43793773651123047
v4_int8_baseline,shadow_rgb565,test/paper/paper373.jpg,paper,paper,0.9480841755867004
v4_int8_baseline,shadow_rgb565,test/paper/paper380.jpg,paper,other,0.9890496730804443
v4_int8_baseline,shadow_rgb565,test/paper/paper381.jpg,paper,other,0.8332219123840332
v4_int8_baseline,shadow_rgb565,test/paper/paper385.jpg,paper,paper,0.6784416437149048
v4_int8_baseline,shadow_rgb565,test/paper/paper392.jpg,paper,other,0.9615112543106079
v4_int8_baseline,shadow_rgb565,test/paper/paper396.jpg,paper,plastic,0.9850119352340698
v4_int8_baseline,shadow_rgb565,test/paper/paper404.jpg,paper,plastic,0.9930619597434998
v4_int8_baseline,shadow_rgb565,test/paper/paper405.jpg,paper,other,0.912787139415741
v4_int8_baseline,shadow_rgb565,test/paper/paper416.jpg,paper,plastic,0.7404311895370483
v4_int8_baseline,shadow_rgb565,test/paper/paper417.jpg,paper,organic,0.8233548998832703
v4_int8_baseline,shadow_rgb565,test/paper/paper422.jpg,paper,other,0.9217031002044678
v4_int8_baseline,shadow_rgb565,test/paper/paper434.jpg,paper,plastic,0.9790065884590149
v4_int8_baseline,shadow_rgb565,test/paper/paper444.jpg,paper,paper,0.7410488724708557
v4_int8_baseline,shadow_rgb565,test/paper/paper450.jpg,paper,other,0.9923398494720459
v4_int8_baseline,shadow_rgb565,test/paper/paper457.jpg,paper,other,0.9605660438537598
v4_int8_baseline,shadow_rgb565,test/paper/paper460.jpg,paper,other,0.6310857534408569
v4_int8_baseline,shadow_rgb565,test/paper/paper461.jpg,paper,plastic,0.9360724091529846
v4_int8_baseline,shadow_rgb565,test/paper/paper462.jpg,paper,plastic,0.6753674149513245
v4_int8_baseline,shadow_rgb565,test/paper/paper465.jpg,paper,other,0.7829867005348206
v4_int8_baseline,shadow_rgb565,test/paper/paper474.jpg,paper,other,0.6996055245399475
v4_int8_baseline,shadow_rgb565,test/paper/paper48.jpg,paper,other,0.8425401449203491
v4_int8_baseline,shadow_rgb565,test/paper/paper495.jpg,paper,plastic,0.9952712655067444
v4_int8_baseline,shadow_rgb565,test/paper/paper500.jpg,paper,plastic,0.9382079243659973
v4_int8_baseline,shadow_rgb565,test/paper/paper502.jpg,paper,other,0.953389585018158
v4_int8_baseline,shadow_rgb565,test/paper/paper503.jpg,paper,plastic,0.7355180978775024
v4_int8_baseline,shadow_rgb565,test/paper/paper505.jpg,paper,plastic,0.5687024593353271
v4_int8_baseline,shadow_rgb565,test/paper/paper508.jpg,paper,plastic,0.5330964922904968
v4_int8_baseline,shadow_rgb565,test/paper/paper515.jpg,paper,plastic,0.9820024967193604
v4_int8_baseline,shadow_rgb565,test/paper/paper525.jpg,paper,plastic,0.932459831237793
v4_int8_baseline,shadow_rgb565,test/paper/paper527.jpg,paper,other,0.8572801351547241
v4_int8_baseline,shadow_rgb565,test/paper/paper53.jpg,paper,other,0.948388934135437
v4_int8_baseline,shadow_rgb565,test/paper/paper534.jpg,paper,other,0.555568277835846
v4_int8_baseline,shadow_rgb565,test/paper/paper537.jpg,paper,other,0.9101585149765015
v4_int8_baseline,shadow_rgb565,test/paper/paper541.jpg,paper,other,0.6051945090293884
v4_int8_baseline,shadow_rgb565,test/paper/paper542.jpg,paper,other,0.9423789381980896
v4_int8_baseline,shadow_rgb565,test/paper/paper543.jpg,paper,other,0.829475462436676
v4_int8_baseline,shadow_rgb565,test/paper/paper547.jpg,paper,organic,0.8559070229530334
v4_int8_baseline,shadow_rgb565,test/paper/paper548.jpg,paper,organic,0.603614866733551
v4_int8_baseline,shadow_rgb565,test/paper/paper55.jpg,paper,other,0.9959191679954529
v4_int8_baseline,shadow_rgb565,test/paper/paper557.jpg,paper,plastic,0.8966946601867676
v4_int8_baseline,shadow_rgb565,test/paper/paper558.jpg,paper,other,0.9546480774879456
v4_int8_baseline,shadow_rgb565,test/paper/paper563.jpg,paper,other,0.9519092440605164
v4_int8_baseline,shadow_rgb565,test/paper/paper569.jpg,paper,other,0.9875975251197815
v4_int8_baseline,shadow_rgb565,test/paper/paper570.jpg,paper,organic,0.5465472340583801
v4_int8_baseline,shadow_rgb565,test/paper/paper576.jpg,paper,paper,0.32276642322540283
v4_int8_baseline,shadow_rgb565,test/paper/paper58.jpg,paper,plastic,0.6525222659111023
v4_int8_baseline,shadow_rgb565,test/paper/paper586.jpg,paper,other,0.7916908860206604
v4_int8_baseline,shadow_rgb565,test/paper/paper593.jpg,paper,organic,0.3190309703350067
v4_int8_baseline,shadow_rgb565,test/paper/paper6.jpg,paper,plastic,0.9877974390983582
v4_int8_baseline,shadow_rgb565,test/paper/paper68.jpg,paper,other,0.9600405693054199
v4_int8_baseline,shadow_rgb565,test/paper/paper69.jpg,paper,other,0.8178025484085083
v4_int8_baseline,shadow_rgb565,test/paper/paper7.jpg,paper,other,0.8486104011535645
v4_int8_baseline,shadow_rgb565,test/paper/paper70.jpg,paper,organic,0.6637412309646606
v4_int8_baseline,shadow_rgb565,test/paper/paper77.jpg,paper,other,0.9453161358833313
v4_int8_baseline,shadow_rgb565,test/paper/paper86.jpg,paper,other,0.9877434968948364
v4_int8_baseline,shadow_rgb565,test/paper/paper94.jpg,paper,organic,0.6834049224853516
v4_int8_baseline,shadow_rgb565,test/paper/paper97.jpg,paper,other,0.9970666766166687
v4_int8_baseline,shadow_rgb565,test/plastic/plastic103.jpg,plastic,plastic,0.8793259859085083
v4_int8_baseline,shadow_rgb565,test/plastic/plastic114.jpg,plastic,plastic,0.49459725618362427
v4_int8_baseline,shadow_rgb565,test/plastic/plastic122.jpg,plastic,plastic,0.4136984944343567
v4_int8_baseline,shadow_rgb565,test/plastic/plastic125.jpg,plastic,other,0.8105563521385193
v4_int8_baseline,shadow_rgb565,test/plastic/plastic126.jpg,plastic,plastic,0.892128050327301
v4_int8_baseline,shadow_rgb565,test/plastic/plastic132.jpg,plastic,other,0.5498379468917847
v4_int8_baseline,shadow_rgb565,test/plastic/plastic138.jpg,plastic,plastic,0.7717766165733337
v4_int8_baseline,shadow_rgb565,test/plastic/plastic145.jpg,plastic,plastic,0.9466670751571655
v4_int8_baseline,shadow_rgb565,test/plastic/plastic146.jpg,plastic,paper,0.7190954089164734
v4_int8_baseline,shadow_rgb565,test/plastic/plastic152.jpg,plastic,organic,0.7544366121292114
v4_int8_baseline,shadow_rgb565,test/plastic/plastic156.jpg,plastic,paper,0.8965204358100891
v4_int8_baseline,shadow_rgb565,test/plastic/plastic159.jpg,plastic,other,0.7205273509025574
v4_int8_baseline,shadow_rgb565,test/plastic/plastic170.jpg,plastic,plastic,0.38630250096321106
v4_int8_baseline,shadow_rgb565,test/plastic/plastic172.jpg,plastic,organic,0.9960902333259583
v4_int8_baseline,shadow_rgb565,test/plastic/plastic177.jpg,plastic,paper,0.48084118962287903
v4_int8_baseline,shadow_rgb565,test/plastic/plastic187.jpg,plastic,other,0.7916300892829895
v4_int8_baseline,shadow_rgb565,test/plastic/plastic2.jpg,plastic,paper,0.6646147966384888
v4_int8_baseline,shadow_rgb565,test/plastic/plastic201.jpg,plastic,other,0.5325730443000793
v4_int8_baseline,shadow_rgb565,test/plastic/plastic205.jpg,plastic,plastic,0.7248647809028625
v4_int8_baseline,shadow_rgb565,test/plastic/plastic207.jpg,plastic,plastic,0.9936322569847107
v4_int8_baseline,shadow_rgb565,test/plastic/plastic21.jpg,plastic,plastic,0.8448622822761536
v4_int8_baseline,shadow_rgb565,test/plastic/plastic214.jpg,plastic,plastic,0.9962759017944336
v4_int8_baseline,shadow_rgb565,test/plastic/plastic217.jpg,plastic,plastic,0.913223385810852
v4_int8_baseline,shadow_rgb565,test/plastic/plastic226.jpg,plastic,plastic,0.9954233765602112
v4_int8_baseline,shadow_rgb565,test/plastic/plastic227.jpg,plastic,plastic,0.8871851563453674
v4_int8_baseline,shadow_rgb565,test/plastic/plastic242.jpg,plastic,plastic,0.9991589784622192
v4_int8_baseline,shadow_rgb565,test/plastic/plastic251.jpg,plastic,plastic,0.9889965057373047
v4_int8_baseline,shadow_rgb565,test/plastic/plastic252.jpg,plastic,plastic,0.9953922033309937
v4_int8_baseline,shadow_rgb565,test/plastic/plastic253.jpg,plastic,plastic,0.9759775400161743
v4_int8_baseline,shadow_rgb565,test/plastic/plastic260.jpg,plastic,other,0.3302564024925232
v4_int8_baseline,shadow_rgb565,test/plastic/plastic264.jpg,plastic,other,0.931645393371582
v4_int8_baseline,shadow_rgb565,test/plastic/plastic265.jpg,plastic,plastic,0.6905452609062195
v4_int8_baseline,shadow_rgb565,test/plastic/plastic268.jpg,plastic,organic,0.5678678154945374
v4_int8_baseline,shadow_rgb565,test/plastic/plastic270.jpg,plastic,plastic,0.9781168699264526
v4_int8_baseline,shadow_rgb565,test/plastic/plastic285.jpg,plastic,other,0.8581625819206238
v4_int8_baseline,shadow_rgb565,test/plastic/plastic305.jpg,plastic,plastic,0.921241044998169
v4_int8_baseline,shadow_rgb565,test/plastic/plastic306.jpg,plastic,plastic,0.8931024074554443
v4_int8_baseline,shadow_rgb565,test/plastic/plastic312.jpg,plastic,organic,0.4759855270385742
v4_int8_baseline,shadow_rgb565,test/plastic/plastic314.jpg,plastic,plastic,0.6230502128601074
v4_int8_baseline,shadow_rgb565,test/plastic/plastic315.jpg,plastic,plastic,0.5809563994407654
v4_int8_baseline,shadow_rgb565,test/plastic/plastic317.jpg,plastic,plastic,0.9024742245674133
v4_int8_baseline,shadow_rgb565,test/plastic/plastic32.jpg,plastic,other,0.6843029856681824
v4_int8_baseline,shadow_rgb565,test/plastic/plastic328.jpg,plastic,organic,0.6644796133041382
v4_int8_baseline,shadow_rgb565,test/plastic/plastic348.jpg,plastic,plastic,0.7760549783706665
v4_int8_baseline,shadow_rgb565,test/plastic/plastic349.jpg,plastic,plastic,0.9955956339836121
v4_int8_baseline,shadow_rgb565,test/plastic/plastic372.jpg,plastic,plastic,0.9943932294845581
v4_int8_baseline,shadow_rgb565,test/plastic/plastic374.jpg,plastic,other,0.8773214221000671
v4_int8_baseline,shadow_rgb565,test/plastic/plastic379.jpg,plastic,plastic,0.5124009251594543
v4_int8_baseline,shadow_rgb565,test/plastic/plastic383.jpg,plastic,plastic,0.6788386106491089
v4_int8_baseline,shadow_rgb565,test/plastic/plastic388.jpg,plastic,plastic,0.9794390797615051
v4_int8_baseline,shadow_rgb565,test/plastic/plastic39.jpg,plastic,plastic,0.9996002316474915
v4_int8_baseline,shadow_rgb565,test/plastic/plastic390.jpg,plastic,plastic,0.9307343363761902
v4_int8_baseline,shadow_rgb565,test/plastic/plastic398.jpg,plastic,plastic,0.9233567118644714
v4_int8_baseline,shadow_rgb565,test/plastic/plastic399.jpg,plastic,plastic,0.9204802513122559
v4_int8_baseline,shadow_rgb565,test/plastic/plastic405.jpg,plastic,plastic,0.9999008178710938
v4_int8_baseline,shadow_rgb565,test/plastic/plastic411.jpg,plastic,plastic,0.7028965353965759
v4_int8_baseline,shadow_rgb565,test/plastic/plastic420.jpg,plastic,plastic,0.5889025926589966
v4_int8_baseline,shadow_rgb565,test/plastic/plastic423.jpg,plastic,plastic,0.9843357801437378
v4_int8_baseline,shadow_rgb565,test/plastic/plastic426.jpg,plastic,plastic,0.9907371401786804
v4_int8_baseline,shadow_rgb565,test/plastic/plastic434.jpg,plastic,plastic,0.9717278480529785
v4_int8_baseline,shadow_rgb565,test/plastic/plastic438.jpg,plastic,plastic,0.9945628046989441
v4_int8_baseline,shadow_rgb565,test/plastic/plastic465.jpg,plastic,other,0.6417014598846436
v4_int8_baseline,shadow_rgb565,test/plastic/plastic473.jpg,plastic,plastic,0.9911194443702698
v4_int8_baseline,shadow_rgb565,test/plastic/plastic49.jpg,plastic,other,0.5272520184516907
v4_int8_baseline,shadow_rgb565,test/plastic/plastic64.jpg,plastic,other,0.43681174516677856
v4_int8_baseline,shadow_rgb565,test/plastic/plastic66.jpg,plastic,plastic,0.998496413230896
v4_int8_baseline,shadow_rgb565,test/plastic/plastic67.jpg,plastic,plastic,0.9899435043334961
v4_int8_baseline,shadow_rgb565,test/plastic/plastic79.jpg,plastic,other,0.9581212401390076
v4_int8_baseline,shadow_rgb565,test/plastic/plastic80.jpg,plastic,plastic,0.8667563199996948
v4_int8_baseline,shadow_rgb565,test/plastic/plastic82.jpg,plastic,plastic,0.7623828053474426
v4_int8_baseline,shadow_rgb565,test/plastic/plastic84.jpg,plastic,plastic,0.8003953695297241
v4_int8_baseline,shadow_rgb565,test/plastic/plastic93.jpg,plastic,plastic,0.6310091018676758
v4_int8_baseline,shadow_rgb565,test/plastic/plastic98.jpg,plastic,other,0.6829375624656677
v4_int8_baseline,shadow_rgb565,test/plastic/plastic99.jpg,plastic,plastic,0.7320521473884583
v4_int8_baseline,shadow_rgb565,test/organic/organic_0001.jpg,organic,other,0.9938504695892334
v4_int8_baseline,shadow_rgb565,test/organic/organic_0002.jpg,organic,other,0.5435625314712524
v4_int8_baseline,shadow_rgb565,test/organic/organic_0003.jpg,organic,other,0.5907876491546631
v4_int8_baseline,shadow_rgb565,test/organic/organic_0004.jpg,organic,other,0.9759126901626587
v4_int8_baseline,shadow_rgb565,test/organic/organic_0005.jpg,organic,other,0.9962363839149475
v4_int8_baseline,shadow_rgb565,test/organic/organic_0006.jpg,organic,other,0.9951435327529907
v4_int8_baseline,shadow_rgb565,test/organic/organic_0007.jpg,organic,other,0.9975970387458801
v4_int8_baseline,shadow_rgb565,test/organic/organic_0008.jpg,organic,other,0.9784961342811584
v4_int8_baseline,shadow_rgb565,test/organic/organic_0009.jpg,organic,other,0.9794206023216248
v4_int8_baseline,shadow_rgb565,test/organic/organic_0010.jpg,organic,other,0.8726235032081604
v4_int8_baseline,shadow_rgb565,test/organic/organic_0011.jpg,organic,other,0.9703781008720398
v4_int8_baseline,shadow_rgb565,test/organic/organic_0012.jpg,organic,other,0.9438048005104065
v4_int8_baseline,shadow_rgb565,test/organic/organic_0013.jpg,organic,other,0.9894518256187439
v4_int8_baseline,shadow_rgb565,test/organic/organic_0014.jpg,organic,other,0.9681053757667542
v4_int8_baseline,shadow_rgb565,test/organic/organic_0015.jpg,organic,other,0.9918864369392395
v4_int8_baseline,shadow_rgb565,test/organic/organic_0016.jpg,organic,other,0.8778250217437744
v4_int8_baseline,shadow_rgb565,test/organic/organic_0017.jpg,organic,other,0.981269359588623
v4_int8_baseline,shadow_rgb565,test/organic/organic_0018.jpg,organic,paper,0.481731653213501
v4_int8_baseline,shadow_rgb565,test/organic/organic_0019.jpg,organic,other,0.5468190312385559
v4_int8_baseline,shadow_rgb565,test/organic/organic_0020.jpg,organic,other,0.9949603080749512
v4_int8_baseline,shadow_rgb565,test/organic/organic_0021.jpg,organic,other,0.9768799543380737
v4_int8_baseline,shadow_rgb565,test/organic/organic_0022.jpg,organic,other,0.9433082342147827
v4_int8_baseline,shadow_rgb565,test/organic/organic_0023.jpg,organic,other,0.9984862804412842
v4_int8_baseline,shadow_rgb565,test/organic/organic_0024.jpg,organic,organic,0.5536409616470337
v4_int8_baseline,shadow_rgb565,test/organic/organic_0025.jpg,organic,other,0.9814733862876892
v4_int8_baseline,shadow_rgb565,test/organic/organic_0026.jpg,organic,other,0.9860617518424988
v4_int8_baseline,shadow_rgb565,test/organic/organic_0027.jpg,organic,other,0.9938528537750244
v4_int8_baseline,shadow_rgb565,test/organic/organic_0028.jpg,organic,other,0.9917101263999939
v4_int8_baseline,shadow_rgb565,test/organic/organic_0029.jpg,organic,organic,0.7198745012283325
v4_int8_baseline,shadow_rgb565,test/organic/organic_0030.jpg,organic,other,0.986487090587616
v4_int8_baseline,shadow_rgb565,test/organic/organic_0031.jpg,organic,other,0.9557409286499023
v4_int8_baseline,shadow_rgb565,test/organic/organic_0032.jpg,organic,other,0.9900656938552856
v4_int8_baseline,shadow_rgb565,test/organic/organic_0033.jpg,organic,other,0.9915077686309814
v4_int8_baseline,shadow_rgb565,test/organic/organic_0034.jpg,organic,other,0.9743964076042175
v4_int8_baseline,shadow_rgb565,test/organic/organic_0035.jpg,organic,other,0.9788479804992676
v4_int8_baseline,shadow_rgb565,test/organic/organic_0036.jpg,organic,other,0.934510350227356
v4_int8_baseline,shadow_rgb565,test/organic/organic_0037.jpg,organic,other,0.9391165375709534
v4_int8_baseline,shadow_rgb565,test/organic/organic_0038.jpg,organic,other,0.7026402354240417
v4_int8_baseline,shadow_rgb565,test/organic/organic_0039.jpg,organic,other,0.946535587310791
v4_int8_baseline,shadow_rgb565,test/organic/organic_0040.jpg,organic,other,0.8121638894081116
v4_int8_baseline,shadow_rgb565,test/organic/organic_0041.jpg,organic,other,0.9957563281059265
v4_int8_baseline,shadow_rgb565,test/organic/organic_0042.jpg,organic,other,0.9761799573898315
v4_int8_baseline,shadow_rgb565,test/organic/organic_0043.jpg,organic,other,0.5200628042221069
v4_int8_baseline,shadow_rgb565,test/organic/organic_0044.jpg,organic,other,0.9883185625076294
v4_int8_baseline,shadow_rgb565,test/organic/organic_0045.jpg,organic,other,0.9827781319618225
v4_int8_baseline,shadow_rgb565,test/organic/organic_0046.jpg,organic,other,0.9544854760169983
v4_int8_baseline,shadow_rgb565,test/organic/organic_0047.jpg,organic,other,0.9890530705451965
v4_int8_baseline,shadow_rgb565,test/organic/organic_0048.jpg,organic,other,0.991782546043396
v4_int8_baseline,shadow_rgb565,test/organic/organic_0049.jpg,organic,other,0.9598947167396545
v4_int8_baseline,shadow_rgb565,test/organic/organic_0050.jpg,organic,other,0.9424416422843933
v4_int8_baseline,shadow_rgb565,test/organic/organic_0051.jpg,organic,other,0.8565016388893127
v4_int8_baseline,shadow_rgb565,test/organic/organic_0052.jpg,organic,other,0.9968218803405762
v4_int8_baseline,shadow_rgb565,test/organic/organic_0053.jpg,organic,other,0.8664763569831848
v4_int8_baseline,shadow_rgb565,test/organic/organic_0054.jpg,organic,other,0.6646810173988342
v4_int8_baseline,shadow_rgb565,test/organic/organic_0055.jpg,organic,other,0.9538561701774597
v4_int8_baseline,shadow_rgb565,test/organic/organic_0056.jpg,organic,other,0.9021846652030945
v4_int8_baseline,shadow_rgb565,test/organic/organic_0057.jpg,organic,other,0.9954466223716736
v4_int8_baseline,shadow_rgb565,test/organic/organic_0058.jpg,organic,other,0.9679831862449646
v4_int8_baseline,shadow_rgb565,test/organic/organic_0059.jpg,organic,other,0.9857283234596252
v4_int8_baseline,shadow_rgb565,test/organic/organic_0060.jpg,organic,other,0.9846816062927246
v4_int8_baseline,shadow_rgb565,test/organic/organic_0061.jpg,organic,other,0.9666605591773987
v4_int8_baseline,shadow_rgb565,test/organic/organic_0062.jpg,organic,other,0.9637634754180908
v4_int8_baseline,shadow_rgb565,test/organic/organic_0063.jpg,organic,other,0.9886794686317444
v4_int8_baseline,shadow_rgb565,test/organic/organic_0064.jpg,organic,other,0.8072083592414856
v4_int8_baseline,shadow_rgb565,test/organic/organic_0065.jpg,organic,other,0.982928991317749
v4_int8_baseline,shadow_rgb565,test/organic/organic_0066.jpg,organic,other,0.9244112968444824
v4_int8_baseline,shadow_rgb565,test/organic/organic_0067.jpg,organic,organic,0.9346703886985779
v4_int8_baseline,shadow_rgb565,test/organic/organic_0068.jpg,organic,other,0.9075136780738831
v4_int8_baseline,shadow_rgb565,test/organic/organic_0069.jpg,organic,other,0.9665652513504028
v4_int8_baseline,shadow_rgb565,test/organic/organic_0070.jpg,organic,other,0.6310091018676758
v4_int8_baseline,shadow_rgb565,test/organic/organic_0071.jpg,organic,other,0.9755448698997498
v4_int8_baseline,shadow_rgb565,test/organic/organic_0072.jpg,organic,other,0.9767483472824097
v4_int8_baseline,shadow_rgb565,test/organic/organic_0073.jpg,organic,other,0.9847512245178223
v4_int8_baseline,shadow_rgb565,test/organic/organic_0074.jpg,organic,other,0.9942913055419922
v4_int8_baseline,shadow_rgb565,test/other/cardboard105.jpg,other,other,0.9713728427886963
v4_int8_baseline,shadow_rgb565,test/other/cardboard115.jpg,other,other,0.9348918795585632
v4_int8_baseline,shadow_rgb565,test/other/cardboard121.jpg,other,organic,0.861129879951477
v4_int8_baseline,shadow_rgb565,test/other/cardboard125.jpg,other,other,0.7714821696281433
v4_int8_baseline,shadow_rgb565,test/other/cardboard128.jpg,other,other,0.5701598525047302
v4_int8_baseline,shadow_rgb565,test/other/cardboard160.jpg,other,other,0.9140397310256958
v4_int8_baseline,shadow_rgb565,test/other/cardboard162.jpg,other,other,0.5872430801391602
v4_int8_baseline,shadow_rgb565,test/other/cardboard175.jpg,other,other,0.9836305379867554
v4_int8_baseline,shadow_rgb565,test/other/cardboard18.jpg,other,other,0.8843557834625244
v4_int8_baseline,shadow_rgb565,test/other/cardboard184.jpg,other,other,0.8001582622528076
v4_int8_baseline,shadow_rgb565,test/other/cardboard19.jpg,other,other,0.9762665033340454
v4_int8_baseline,shadow_rgb565,test/other/cardboard190.jpg,other,other,0.9847601056098938
v4_int8_baseline,shadow_rgb565,test/other/cardboard2.jpg,other,other,0.485321581363678
v4_int8_baseline,shadow_rgb565,test/other/cardboard208.jpg,other,other,0.8284888863563538
v4_int8_baseline,shadow_rgb565,test/other/cardboard210.jpg,other,other,0.9275170564651489
v4_int8_baseline,shadow_rgb565,test/other/cardboard213.jpg,other,other,0.8412846922874451
v4_int8_baseline,shadow_rgb565,test/other/cardboard214.jpg,other,other,0.5391232371330261
v4_int8_baseline,shadow_rgb565,test/other/cardboard216.jpg,other,paper,0.4741186499595642
v4_int8_baseline,shadow_rgb565,test/other/cardboard218.jpg,other,other,0.5514572858810425
v4_int8_baseline,shadow_rgb565,test/other/cardboard222.jpg,other,other,0.9666111469268799
v4_int8_baseline,shadow_rgb565,test/other/cardboard231.jpg,other,other,0.9449832439422607
v4_int8_baseline,shadow_rgb565,test/other/cardboard239.jpg,other,other,0.9932599663734436
v4_int8_baseline,shadow_rgb565,test/other/cardboard248.jpg,other,other,0.746501088142395
v4_int8_baseline,shadow_rgb565,test/other/cardboard252.jpg,other,other,0.9157002568244934
v4_int8_baseline,shadow_rgb565,test/other/cardboard259.jpg,other,other,0.9761860966682434
v4_int8_baseline,shadow_rgb565,test/other/cardboard260.jpg,other,other,0.9495093822479248
v4_int8_baseline,shadow_rgb565,test/other/cardboard261.jpg,other,other,0.914400041103363
v4_int8_baseline,shadow_rgb565,test/other/cardboard266.jpg,other,other,0.814739465713501
v4_int8_baseline,shadow_rgb565,test/other/cardboard274.jpg,other,paper,0.6142260432243347
v4_int8_baseline,shadow_rgb565,test/other/cardboard276.jpg,other,other,0.9968183040618896
v4_int8_baseline,shadow_rgb565,test/other/cardboard286.jpg,other,other,0.9874898791313171
v4_int8_baseline,shadow_rgb565,test/other/cardboard289.jpg,other,other,0.9480910301208496
v4_int8_baseline,shadow_rgb565,test/other/cardboard290.jpg,other,other,0.6611382365226746
v4_int8_baseline,shadow_rgb565,test/other/cardboard293.jpg,other,other,0.9584131836891174
v4_int8_baseline,shadow_rgb565,test/other/cardboard299.jpg,other,other,0.9663700461387634
v4_int8_baseline,shadow_rgb565,test/other/cardboard304.jpg,other,other,0.9388291239738464
v4_int8_baseline,shadow_rgb565,test/other/cardboard308.jpg,other,other,0.9269468188285828
v4_int8_baseline,shadow_rgb565,test/other/cardboard31.jpg,other,other,0.9771497845649719
v4_int8_baseline,shadow_rgb565,test/other/cardboard310.jpg,other,other,0.9771683216094971
v4_int8_baseline,shadow_rgb565,test/other/cardboard312.jpg,other,other,0.9671352505683899
v4_int8_baseline,shadow_rgb565,test/other/cardboard313.jpg,other,other,0.9796690344810486
v4_int8_baseline,shadow_rgb565,test/other/cardboard314.jpg,other,other,0.9423701763153076
v4_int8_baseline,shadow_rgb565,test/other/cardboard321.jpg,other,other,0.8634564280509949
v4_int8_baseline,shadow_rgb565,test/other/cardboard323.jpg,other,other,0.9598250389099121
v4_int8_baseline,shadow_rgb565,test/other/cardboard332.jpg,other,other,0.9561331272125244
v4_int8_baseline,shadow_rgb565,test/other/cardboard334.jpg,other,other,0.9664594531059265
v4_int8_baseline,shadow_rgb565,test/other/cardboard34.jpg,other,other,0.9361600279808044
v4_int8_baseline,shadow_rgb565,test/other/cardboard356.jpg,other,other,0.7880092859268188
v4_int8_baseline,shadow_rgb565,test/other/cardboard363.jpg,other,other,0.9966921806335449
v4_int8_baseline,shadow_rgb565,test/other/cardboard372.jpg,other,other,0.9611538648605347
v4_int8_baseline,shadow_rgb565,test/other/cardboard383.jpg,other,other,0.6087186336517334
v4_int8_baseline,shadow_rgb565,test/other/cardboard384.jpg,other,other,0.8963567018508911
v4_int8_baseline,shadow_rgb565,test/other/cardboard387.jpg,other,plastic,0.7853745222091675
v4_int8_baseline,shadow_rgb565,test/other/cardboard388.jpg,other,other,0.9858276844024658
v4_int8_baseline,shadow_rgb565,test/other/cardboard397.jpg,other,other,0.9677460789680481
v4_int8_baseline,shadow_rgb565,test/other/cardboard40.jpg,other,other,0.9509825706481934
v4_int8_baseline,shadow_rgb565,test/other/cardboard401.jpg,other,other,0.9693200588226318
v4_int8_baseline,shadow_rgb565,test/other/cardboard44.jpg,other,other,0.9075085520744324
v4_int8_baseline,shadow_rgb565,test/other/cardboard51.jpg,other,other,0.9776268005371094
v4_int8_baseline,shadow_rgb565,test/other/cardboard57.jpg,other,other,0.9666906595230103
v4_int8_baseline,shadow_rgb565,test/other/cardboard63.jpg,other,plastic,0.8147783875465393
v4_int8_baseline,shadow_rgb565,test/other/cardboard69.jpg,other,other,0.49182605743408203
v4_int8_baseline,shadow_rgb565,test/other/cardboard71.jpg,other,other,0.9819642305374146
v4_int8_baseline,shadow_rgb565,test/other/cardboard73.jpg,other,other,0.9662991166114807
v4_int8_baseline,shadow_rgb565,test/other/cardboard8.jpg,other,other,0.9559873342514038
v4_int8_baseline,shadow_rgb565,test/other/cardboard88.jpg,other,other,0.9945346117019653
v4_int8_baseline,shadow_rgb565,test/other/cardboard89.jpg,other,other,0.7442061901092529
v4_int8_baseline,shadow_rgb565,test/other/cardboard9.jpg,other,other,0.9847174286842346
v4_int8_baseline,shadow_rgb565,test/other/cardboard92.jpg,other,other,0.9791513681411743
v4_int8_baseline,shadow_rgb565,test/other/cardboard98.jpg,other,other,0.8756886124610901
v4_int8_baseline,shadow_rgb565,test/other/metal112.jpg,other,other,0.8610864877700806
v4_int8_baseline,shadow_rgb565,test/other/metal114.jpg,other,other,0.9988858103752136
v4_int8_baseline,shadow_rgb565,test/other/metal119.jpg,other,organic,0.7948758006095886
v4_int8_baseline,shadow_rgb565,test/other/metal12.jpg,other,plastic,0.5480188727378845
v4_int8_baseline,shadow_rgb565,test/other/metal13.jpg,other,other,0.5432023406028748
v4_int8_baseline,shadow_rgb565,test/other/metal133.jpg,other,other,0.9311293959617615
v4_int8_baseline,shadow_rgb565,test/other/metal134.jpg,other,other,0.5952146053314209
v4_int8_baseline,shadow_rgb565,test/other/metal139.jpg,other,plastic,0.711482048034668
v4_int8_baseline,shadow_rgb565,test/other/metal143.jpg,other,other,0.9636823534965515
v4_int8_baseline,shadow_rgb565,test/other/metal146.jpg,other,other,0.924072265625
v4_int8_baseline,shadow_rgb565,test/other/metal157.jpg,other,organic,0.9416213631629944
v4_int8_baseline,shadow_rgb565,test/other/metal159.jpg,other,organic,0.42936447262763977
v4_int8_baseline,shadow_rgb565,test/other/metal161.jpg,other,plastic,0.8708735704421997
v4_int8_baseline,shadow_rgb565,test/other/metal170.jpg,other,plastic,0.44128721952438354
v4_int8_baseline,shadow_rgb565,test/other/metal172.jpg,other,plastic,0.5619394779205322
v4_int8_baseline,shadow_rgb565,test/other/metal175.jpg,other,plastic,0.8947840929031372
v4_int8_baseline,shadow_rgb565,test/other/metal18.jpg,other,plastic,0.7740111947059631
v4_int8_baseline,shadow_rgb565,test/other/metal186.jpg,other,other,0.9456626176834106
v4_int8_baseline,shadow_rgb565,test/other/metal187.jpg,other,organic,0.42509227991104126
v4_int8_baseline,shadow_rgb565,test/other/metal188.jpg,other,other,0.6357090473175049
v4_int8_baseline,shadow_rgb565,test/other/metal192.jpg,other,other,0.9933363199234009
v4_int8_baseline,shadow_rgb565,test/other/metal198.jpg,other,other,0.6566603779792786
v4_int8_baseline,shadow_rgb565,test/other/metal201.jpg,other,plastic,0.42260587215423584
v4_int8_baseline,shadow_rgb565,test/other/metal205.jpg,other,organic,0.5367978811264038
v4_int8_baseline,shadow_rgb565,test/other/metal209.jpg,other,plastic,0.40283775329589844
v4_int8_baseline,shadow_rgb565,test/other/metal217.jpg,other,other,0.4204424321651459
v4_int8_baseline,shadow_rgb565,test/other/metal239.jpg,other,other,0.6952716708183289
v4_int8_baseline,shadow_rgb565,test/other/metal24.jpg,other,other,0.5708316564559937
v4_int8_baseline,shadow_rgb565,test/other/metal246.jpg,other,other,0.8559623956680298
v4_int8_baseline,shadow_rgb565,test/other/metal247.jpg,other,organic,0.3872327208518982
v4_int8_baseline,shadow_rgb565,test/other/metal248.jpg,other,other,0.9548012614250183
v4_int8_baseline,shadow_rgb565,test/other/metal249.jpg,other,other,0.9996764659881592
v4_int8_baseline,shadow_rgb565,test/other/metal258.jpg,other,other,0.9939377307891846
v4_int8_baseline,shadow_rgb565,test/other/metal261.jpg,other,other,0.626552164554596
v4_int8_baseline,shadow_rgb565,test/other/metal263.jpg,other,other,0.5368464589118958
v4_int8_baseline,shadow_rgb565,test/other/metal269.jpg,other,other,0.670993983745575
v4_int8_baseline,shadow_rgb565,test/other/metal27.jpg,other,other,0.6489871740341187
v4_int8_baseline,shadow_rgb565,test/other/metal275.jpg,other,other,0.8417468070983887
v4_int8_baseline,shadow_rgb565,test/other/metal292.jpg,other,other,0.5188530683517456
v4_int8_baseline,shadow_rgb565,test/other/metal296.jpg,other,plastic,0.42703768610954285
v4_int8_baseline,shadow_rgb565,test/other/metal317.jpg,other,other,0.43193402886390686
v4_int8_baseline,shadow_rgb565,test/other/metal324.jpg,other,other,0.9803726673126221
v4_int8_baseline,shadow_rgb565,test/other/metal325.jpg,other,other,0.9331073760986328
v4_int8_baseline,shadow_rgb565,test/other/metal328.jpg,other,organic,0.46729975938796997
v4_int8_baseline,shadow_rgb565,test/other/metal33.jpg,other,other,0.5530730485916138
v4_int8_baseline,shadow_rgb565,test/other/metal341.jpg,other,organic,0.6584409475326538
v4_int8_baseline,shadow_rgb565,test/other/metal344.jpg,other,other,0.8326153755187988
v4_int8_baseline,shadow_rgb565,test/other/metal350.jpg,other,other,0.8128875494003296
v4_int8_baseline,shadow_rgb565,test/other/metal355.jpg,other,other,0.9026458263397217
v4_int8_baseline,shadow_rgb565,test/other/metal364.jpg,other,other,0.9250587224960327
v4_int8_baseline,shadow_rgb565,test/other/metal370.jpg,other,other,0.801171064376831
v4_int8_baseline,shadow_rgb565,test/other/metal387.jpg,other,other,0.9894673228263855
v4_int8_baseline,shadow_rgb565,test/other/metal389.jpg,other,other,0.8684937953948975
v4_int8_baseline,shadow_rgb565,test/other/metal393.jpg,other,organic,0.5016444325447083
v4_int8_baseline,shadow_rgb565,test/other/metal394.jpg,other,other,0.9946763515472412
v4_int8_baseline,shadow_rgb565,test/other/metal395.jpg,other,organic,0.8930845856666565
v4_int8_baseline,shadow_rgb565,test/other/metal403.jpg,other,other,0.9439939856529236
v4_int8_baseline,shadow_rgb565,test/other/metal48.jpg,other,paper,0.6635807752609253
v4_int8_baseline,shadow_rgb565,test/other/metal50.jpg,other,other,0.8096699118614197
v4_int8_baseline,shadow_rgb565,test/other/metal52.jpg,other,other,0.9981446266174316
v4_int8_baseline,shadow_rgb565,test/other/metal62.jpg,other,other,0.7745853066444397
v4_int8_baseline,shadow_rgb565,test/other/metal65.jpg,other,other,0.9591674208641052
v4_int8_baseline,shadow_rgb565,test/other/metal68.jpg,other,other,0.914081871509552
v4_int8_baseline,shadow_rgb565,test/other/metal77.jpg,other,other,0.9794624447822571
v4_int8_baseline,shadow_rgb565,test/other/metal80.jpg,other,plastic,0.8359799385070801
v4_int8_baseline,shadow_rgb565,test/other/metal84.jpg,other,other,0.9803622961044312
v4_int8_baseline,shadow_rgb565,test/other/metal87.jpg,other,other,0.9565086960792542
v4_int8_baseline,shadow_rgb565,test/other/metal99.jpg,other,other,0.9276408553123474
v4_int8_baseline,combined_hard,test/paper/paper104.jpg,paper,other,0.8120169639587402
v4_int8_baseline,combined_hard,test/paper/paper112.jpg,paper,other,0.9993796348571777
v4_int8_baseline,combined_hard,test/paper/paper113.jpg,paper,other,0.9985141158103943
v4_int8_baseline,combined_hard,test/paper/paper114.jpg,paper,other,0.9871010780334473
v4_int8_baseline,combined_hard,test/paper/paper12.jpg,paper,other,0.9991982579231262
v4_int8_baseline,combined_hard,test/paper/paper120.jpg,paper,other,0.6008347868919373
v4_int8_baseline,combined_hard,test/paper/paper124.jpg,paper,organic,0.6022042632102966
v4_int8_baseline,combined_hard,test/paper/paper125.jpg,paper,organic,0.850426197052002
v4_int8_baseline,combined_hard,test/paper/paper129.jpg,paper,other,0.9445075392723083
v4_int8_baseline,combined_hard,test/paper/paper13.jpg,paper,other,0.9994403719902039
v4_int8_baseline,combined_hard,test/paper/paper137.jpg,paper,other,0.9700914621353149
v4_int8_baseline,combined_hard,test/paper/paper143.jpg,paper,paper,0.8902214169502258
v4_int8_baseline,combined_hard,test/paper/paper149.jpg,paper,paper,0.81693434715271
v4_int8_baseline,combined_hard,test/paper/paper161.jpg,paper,other,0.9897058010101318
v4_int8_baseline,combined_hard,test/paper/paper167.jpg,paper,other,0.9643954634666443
v4_int8_baseline,combined_hard,test/paper/paper169.jpg,paper,paper,0.9889736771583557
v4_int8_baseline,combined_hard,test/paper/paper186.jpg,paper,other,0.6389386653900146
v4_int8_baseline,combined_hard,test/paper/paper188.jpg,paper,other,0.7542744278907776
v4_int8_baseline,combined_hard,test/paper/paper208.jpg,paper,plastic,0.9198984503746033
v4_int8_baseline,combined_hard,test/paper/paper209.jpg,paper,organic,0.6134327054023743
v4_int8_baseline,combined_hard,test/paper/paper218.jpg,paper,organic,0.8039558529853821
v4_int8_baseline,combined_hard,test/paper/paper219.jpg,paper,plastic,0.9999674558639526
v4_int8_baseline,combined_hard,test/paper/paper220.jpg,paper,other,0.9968584775924683
v4_int8_baseline,combined_hard,test/paper/paper225.jpg,paper,paper,0.48085981607437134
v4_int8_baseline,combined_hard,test/paper/paper230.jpg,paper,other,0.43857380747795105
v4_int8_baseline,combined_hard,test/paper/paper235.jpg,paper,other,0.9976447224617004
v4_int8_baseline,combined_hard,test/paper/paper266.jpg,paper,plastic,0.5118662714958191
v4_int8_baseline,combined_hard,test/paper/paper269.jpg,paper,other,0.9955657124519348
v4_int8_baseline,combined_hard,test/paper/paper271.jpg,paper,other,0.9989388585090637
v4_int8_baseline,combined_hard,test/paper/paper273.jpg,paper,other,0.998828113079071
v4_int8_baseline,combined_hard,test/paper/paper276.jpg,paper,other,0.973841667175293
v4_int8_baseline,combined_hard,test/paper/paper279.jpg,paper,other,0.9999808073043823
v4_int8_baseline,combined_hard,test/paper/paper282.jpg,paper,other,0.9999686479568481
v4_int8_baseline,combined_hard,test/paper/paper286.jpg,paper,other,0.8603015542030334
v4_int8_baseline,combined_hard,test/paper/paper289.jpg,paper,other,0.9758092761039734
v4_int8_baseline,combined_hard,test/paper/paper294.jpg,paper,other,0.8364343047142029
v4_int8_baseline,combined_hard,test/paper/paper3.jpg,paper,paper,0.35748955607414246
v4_int8_baseline,combined_hard,test/paper/paper301.jpg,paper,other,0.9934144020080566
v4_int8_baseline,combined_hard,test/paper/paper303.jpg,paper,paper,0.7408666610717773
v4_int8_baseline,combined_hard,test/paper/paper311.jpg,paper,other,0.9891303777694702
v4_int8_baseline,combined_hard,test/paper/paper319.jpg,paper,other,0.9836928248405457
v4_int8_baseline,combined_hard,test/paper/paper32.jpg,paper,plastic,0.9997228980064392
v4_int8_baseline,combined_hard,test/paper/paper346.jpg,paper,other,0.939210057258606
v4_int8_baseline,combined_hard,test/paper/paper348.jpg,paper,organic,0.643089234828949
v4_int8_baseline,combined_hard,test/paper/paper350.jpg,paper,plastic,0.9999444484710693
v4_int8_baseline,combined_hard,test/paper/paper354.jpg,paper,other,0.999971866607666
v4_int8_baseline,combined_hard,test/paper/paper356.jpg,paper,plastic,0.9670774936676025
v4_int8_baseline,combined_hard,test/paper/paper357.jpg,paper,paper,0.975186824798584
v4_int8_baseline,combined_hard,test/paper/paper361.jpg,paper,paper,0.9412818551063538
v4_int8_baseline,combined_hard,test/paper/paper362.jpg,paper,other,0.9063724279403687
v4_int8_baseline,combined_hard,test/paper/paper368.jpg,paper,organic,0.9935736060142517
v4_int8_baseline,combined_hard,test/paper/paper373.jpg,paper,paper,0.9819914698600769
v4_int8_baseline,combined_hard,test/paper/paper380.jpg,paper,other,0.9964700937271118
v4_int8_baseline,combined_hard,test/paper/paper381.jpg,paper,other,0.9999620914459229
v4_int8_baseline,combined_hard,test/paper/paper385.jpg,paper,paper,0.7808656096458435
v4_int8_baseline,combined_hard,test/paper/paper392.jpg,paper,other,0.9917213320732117
v4_int8_baseline,combined_hard,test/paper/paper396.jpg,paper,plastic,0.6081767678260803
v4_int8_baseline,combined_hard,test/paper/paper404.jpg,paper,other,0.9951096177101135
v4_int8_baseline,combined_hard,test/paper/paper405.jpg,paper,other,0.8445812463760376
v4_int8_baseline,combined_hard,test/paper/paper416.jpg,paper,paper,0.7352653741836548
v4_int8_baseline,combined_hard,test/paper/paper417.jpg,paper,other,0.9891639947891235
v4_int8_baseline,combined_hard,test/paper/paper422.jpg,paper,other,0.384676456451416
v4_int8_baseline,combined_hard,test/paper/paper434.jpg,paper,other,0.9998458623886108
v4_int8_baseline,combined_hard,test/paper/paper444.jpg,paper,other,0.9886296987533569
v4_int8_baseline,combined_hard,test/paper/paper450.jpg,paper,other,0.9932754039764404
v4_int8_baseline,combined_hard,test/paper/paper457.jpg,paper,other,0.7611510753631592
v4_int8_baseline,combined_hard,test/paper/paper460.jpg,paper,other,0.680905282497406
v4_int8_baseline,combined_hard,test/paper/paper461.jpg,paper,organic,0.9999629259109497
v4_int8_baseline,combined_hard,test/paper/paper462.jpg,paper,other,0.37601256370544434
v4_int8_baseline,combined_hard,test/paper/paper465.jpg,paper,other,0.8814902901649475
v4_int8_baseline,combined_hard,test/paper/paper474.jpg,paper,other,0.9287344217300415
v4_int8_baseline,combined_hard,test/paper/paper48.jpg,paper,other,0.8499587178230286
v4_int8_baseline,combined_hard,test/paper/paper495.jpg,paper,paper,0.8397646546363831
v4_int8_baseline,combined_hard,test/paper/paper500.jpg,paper,plastic,0.8216872215270996
v4_int8_baseline,combined_hard,test/paper/paper502.jpg,paper,other,0.999309778213501
v4_int8_baseline,combined_hard,test/paper/paper503.jpg,paper,plastic,0.9335328936576843
v4_int8_baseline,combined_hard,test/paper/paper505.jpg,paper,paper,0.7231688499450684
v4_int8_baseline,combined_hard,test/paper/paper508.jpg,paper,other,0.9998341798782349
v4_int8_baseline,combined_hard,test/paper/paper515.jpg,paper,plastic,0.6033689975738525
v4_int8_baseline,combined_hard,test/paper/paper525.jpg,paper,other,0.9939540028572083
v4_int8_baseline,combined_hard,test/paper/paper527.jpg,paper,other,0.9817851781845093
v4_int8_baseline,combined_hard,test/paper/paper53.jpg,paper,other,0.3826049864292145
v4_int8_baseline,combined_hard,test/paper/paper534.jpg,paper,other,0.5972641706466675
v4_int8_baseline,combined_hard,test/paper/paper537.jpg,paper,other,0.9737696647644043
v4_int8_baseline,combined_hard,test/paper/paper541.jpg,paper,organic,0.9998712539672852
v4_int8_baseline,combined_hard,test/paper/paper542.jpg,paper,organic,0.9994800686836243
v4_int8_baseline,combined_hard,test/paper/paper543.jpg,paper,plastic,0.6412234902381897
v4_int8_baseline,combined_hard,test/paper/paper547.jpg,paper,organic,0.9500740766525269
v4_int8_baseline,combined_hard,test/paper/paper548.jpg,paper,other,0.9925578832626343
v4_int8_baseline,combined_hard,test/paper/paper55.jpg,paper,other,0.9998329877853394
v4_int8_baseline,combined_hard,test/paper/paper557.jpg,paper,paper,0.45369404554367065
v4_int8_baseline,combined_hard,test/paper/paper558.jpg,paper,other,0.995901882648468
v4_int8_baseline,combined_hard,test/paper/paper563.jpg,paper,other,0.6467733979225159
v4_int8_baseline,combined_hard,test/paper/paper569.jpg,paper,other,0.9969459176063538
v4_int8_baseline,combined_hard,test/paper/paper570.jpg,paper,other,0.9433447122573853
v4_int8_baseline,combined_hard,test/paper/paper576.jpg,paper,plastic,0.610071063041687
v4_int8_baseline,combined_hard,test/paper/paper58.jpg,paper,other,0.9942528605461121
v4_int8_baseline,combined_hard,test/paper/paper586.jpg,paper,other,0.9877931475639343
v4_int8_baseline,combined_hard,test/paper/paper593.jpg,paper,other,0.8923909664154053
v4_int8_baseline,combined_hard,test/paper/paper6.jpg,paper,organic,0.9905083179473877
v4_int8_baseline,combined_hard,test/paper/paper68.jpg,paper,other,0.9910927414894104
v4_int8_baseline,combined_hard,test/paper/paper69.jpg,paper,organic,0.9910320043563843
v4_int8_baseline,combined_hard,test/paper/paper7.jpg,paper,other,0.9650508761405945
v4_int8_baseline,combined_hard,test/paper/paper70.jpg,paper,organic,0.9999563694000244
v4_int8_baseline,combined_hard,test/paper/paper77.jpg,paper,other,0.9982748031616211
v4_int8_baseline,combined_hard,test/paper/paper86.jpg,paper,other,0.9106797575950623
v4_int8_baseline,combined_hard,test/paper/paper94.jpg,paper,organic,0.9698721170425415
v4_int8_baseline,combined_hard,test/paper/paper97.jpg,paper,organic,0.9753096699714661
v4_int8_baseline,combined_hard,test/plastic/plastic103.jpg,plastic,other,0.9998987913131714
v4_int8_baseline,combined_hard,test/plastic/plastic114.jpg,plastic,other,0.982658863067627
v4_int8_baseline,combined_hard,test/plastic/plastic122.jpg,plastic,other,0.4783408045768738
v4_int8_baseline,combined_hard,test/plastic/plastic125.jpg,plastic,other,0.6711682081222534
v4_int8_baseline,combined_hard,test/plastic/plastic126.jpg,plastic,other,0.9989814162254333
v4_int8_baseline,combined_hard,test/plastic/plastic132.jpg,plastic,other,0.7386097311973572
v4_int8_baseline,combined_hard,test/plastic/plastic138.jpg,plastic,plastic,0.6333872675895691
v4_int8_baseline,combined_hard,test/plastic/plastic145.jpg,plastic,paper,0.5241861343383789
v4_int8_baseline,combined_hard,test/plastic/plastic146.jpg,plastic,other,0.5404173135757446
v4_int8_baseline,combined_hard,test/plastic/plastic152.jpg,plastic,organic,0.9999207258224487
v4_int8_baseline,combined_hard,test/plastic/plastic156.jpg,plastic,other,0.9924140572547913
v4_int8_baseline,combined_hard,test/plastic/plastic159.jpg,plastic,other,0.9779101610183716
v4_int8_baseline,combined_hard,test/plastic/plastic170.jpg,plastic,other,0.9998267292976379
v4_int8_baseline,combined_hard,test/plastic/plastic172.jpg,plastic,other,0.9997406601905823
v4_int8_baseline,combined_hard,test/plastic/plastic177.jpg,plastic,other,0.5046038031578064
v4_int8_baseline,combined_hard,test/plastic/plastic187.jpg,plastic,other,0.9998600482940674
v4_int8_baseline,combined_hard,test/plastic/plastic2.jpg,plastic,other,0.984531581401825
v4_int8_baseline,combined_hard,test/plastic/plastic201.jpg,plastic,plastic,0.4732198715209961
v4_int8_baseline,combined_hard,test/plastic/plastic205.jpg,plastic,other,0.693681001663208
v4_int8_baseline,combined_hard,test/plastic/plastic207.jpg,plastic,other,0.9868289828300476
v4_int8_baseline,combined_hard,test/plastic/plastic21.jpg,plastic,plastic,0.7905020713806152
v4_int8_baseline,combined_hard,test/plastic/plastic214.jpg,plastic,other,0.9667809009552002
v4_int8_baseline,combined_hard,test/plastic/plastic217.jpg,plastic,other,0.4325474798679352
v4_int8_baseline,combined_hard,test/plastic/plastic226.jpg,plastic,other,0.999936580657959
v4_int8_baseline,combined_hard,test/plastic/plastic227.jpg,plastic,plastic,0.5062404274940491
v4_int8_baseline,combined_hard,test/plastic/plastic242.jpg,plastic,other,0.9997755885124207
v4_int8_baseline,combined_hard,test/plastic/plastic251.jpg,plastic,plastic,0.8818016052246094
v4_int8_baseline,combined_hard,test/plastic/plastic252.jpg,plastic,other,0.999966025352478
v4_int8_baseline,combined_hard,test/plastic/plastic253.jpg,plastic,other,0.4648723304271698
v4_int8_baseline,combined_hard,test/plastic/plastic260.jpg,plastic,other,0.999618411064148
v4_int8_baseline,combined_hard,test/plastic/plastic264.jpg,plastic,other,0.9868277311325073
v4_int8_baseline,combined_hard,test/plastic/plastic265.jpg,plastic,plastic,0.999529242515564
v4_int8_baseline,combined_hard,test/plastic/plastic268.jpg,plastic,organic,0.9998290538787842
v4_int8_baseline,combined_hard,test/plastic/plastic270.jpg,plastic,other,0.538267970085144
v4_int8_baseline,combined_hard,test/plastic/plastic285.jpg,plastic,other,0.9359872341156006
v4_int8_baseline,combined_hard,test/plastic/plastic305.jpg,plastic,plastic,0.9995774626731873
v4_int8_baseline,combined_hard,test/plastic/plastic306.jpg,plastic,other,0.9829896688461304
v4_int8_baseline,combined_hard,test/plastic/plastic312.jpg,plastic,other,0.9500414729118347
v4_int8_baseline,combined_hard,test/plastic/plastic314.jpg,plastic,other,0.9781770706176758
v4_int8_baseline,combined_hard,test/plastic/plastic315.jpg,plastic,plastic,0.9907287359237671
v4_int8_baseline,combined_hard,test/plastic/plastic317.jpg,plastic,paper,0.9427581429481506
v4_int8_baseline,combined_hard,test/plastic/plastic32.jpg,plastic,plastic,0.7494239211082458
v4_int8_baseline,combined_hard,test/plastic/plastic328.jpg,plastic,organic,0.6589517593383789
v4_int8_baseline,combined_hard,test/plastic/plastic348.jpg,plastic,plastic,0.9616591930389404
v4_int8_baseline,combined_hard,test/plastic/plastic349.jpg,plastic,paper,0.8539688587188721
v4_int8_baseline,combined_hard,test/plastic/plastic372.jpg,plastic,other,0.9839314818382263
v4_int8_baseline,combined_hard,test/plastic/plastic374.jpg,plastic,organic,0.7238344550132751
v4_int8_baseline,combined_hard,test/plastic/plastic379.jpg,plastic,other,0.9998844861984253
v4_int8_baseline,combined_hard,test/plastic/plastic383.jpg,plastic,other,0.9614244103431702
v4_int8_baseline,combined_hard,test/plastic/plastic388.jpg,plastic,other,0.9998902082443237
v4_int8_baseline,combined_hard,test/plastic/plastic39.jpg,plastic,other,0.88497394323349
v4_int8_baseline,combined_hard,test/plastic/plastic390.jpg,plastic,paper,0.6905394792556763
v4_int8_baseline,combined_hard,test/plastic/plastic398.jpg,plastic,plastic,0.995270311832428
v4_int8_baseline,combined_hard,test/plastic/plastic399.jpg,plastic,paper,0.7409947514533997
v4_int8_baseline,combined_hard,test/plastic/plastic405.jpg,plastic,plastic,0.9714392423629761
v4_int8_baseline,combined_hard,test/plastic/plastic411.jpg,plastic,other,0.9668933153152466
v4_int8_baseline,combined_hard,test/plastic/plastic420.jpg,plastic,other,0.8777281045913696
v4_int8_baseline,combined_hard,test/plastic/plastic423.jpg,plastic,other,0.8340699672698975
v4_int8_baseline,combined_hard,test/plastic/plastic426.jpg,plastic,other,0.9958871006965637
v4_int8_baseline,combined_hard,test/plastic/plastic434.jpg,plastic,other,0.98101806640625
v4_int8_baseline,combined_hard,test/plastic/plastic438.jpg,plastic,other,0.7463832497596741
v4_int8_baseline,combined_hard,test/plastic/plastic465.jpg,plastic,other,0.8277128338813782
v4_int8_baseline,combined_hard,test/plastic/plastic473.jpg,plastic,plastic,0.9995256662368774
v4_int8_baseline,combined_hard,test/plastic/plastic49.jpg,plastic,other,0.9040589332580566
v4_int8_baseline,combined_hard,test/plastic/plastic64.jpg,plastic,other,0.9998952150344849
v4_int8_baseline,combined_hard,test/plastic/plastic66.jpg,plastic,paper,0.8320905566215515
v4_int8_baseline,combined_hard,test/plastic/plastic67.jpg,plastic,other,0.9896981120109558
v4_int8_baseline,combined_hard,test/plastic/plastic79.jpg,plastic,organic,0.87298583984375
v4_int8_baseline,combined_hard,test/plastic/plastic80.jpg,plastic,other,0.9999717473983765
v4_int8_baseline,combined_hard,test/plastic/plastic82.jpg,plastic,other,0.9986878037452698
v4_int8_baseline,combined_hard,test/plastic/plastic84.jpg,plastic,paper,0.6445332765579224
v4_int8_baseline,combined_hard,test/plastic/plastic93.jpg,plastic,plastic,0.9811418652534485
v4_int8_baseline,combined_hard,test/plastic/plastic98.jpg,plastic,other,0.989713191986084
v4_int8_baseline,combined_hard,test/plastic/plastic99.jpg,plastic,plastic,0.998781144618988
v4_int8_baseline,combined_hard,test/organic/organic_0001.jpg,organic,other,0.9963415265083313
v4_int8_baseline,combined_hard,test/organic/organic_0002.jpg,organic,other,0.9892277717590332
v4_int8_baseline,combined_hard,test/organic/organic_0003.jpg,organic,paper,0.375237375497818
v4_int8_baseline,combined_hard,test/organic/organic_0004.jpg,organic,other,0.9754263162612915
v4_int8_baseline,combined_hard,test/organic/organic_0005.jpg,organic,other,0.9086804389953613
v4_int8_baseline,combined_hard,test/organic/organic_0006.jpg,organic,organic,0.5803176164627075
v4_int8_baseline,combined_hard,test/organic/organic_0007.jpg,organic,other,0.9951684474945068
v4_int8_baseline,combined_hard,test/organic/organic_0008.jpg,organic,other,0.8864015340805054
v4_int8_baseline,combined_hard,test/organic/organic_0009.jpg,organic,other,0.8816864490509033
v4_int8_baseline,combined_hard,test/organic/organic_0010.jpg,organic,other,0.8567332625389099
v4_int8_baseline,combined_hard,test/organic/organic_0011.jpg,organic,other,0.9701970815658569
v4_int8_baseline,combined_hard,test/organic/organic_0012.jpg,organic,other,0.9198751449584961
v4_int8_baseline,combined_hard,test/organic/organic_0013.jpg,organic,other,0.9997602105140686
v4_int8_baseline,combined_hard,test/organic/organic_0014.jpg,organic,other,0.9720553159713745
v4_int8_baseline,combined_hard,test/organic/organic_0015.jpg,organic,other,0.9906524419784546
v4_int8_baseline,combined_hard,test/organic/organic_0016.jpg,organic,other,0.8021005988121033
v4_int8_baseline,combined_hard,test/organic/organic_0017.jpg,organic,other,0.9943761825561523
v4_int8_baseline,combined_hard,test/organic/organic_0018.jpg,organic,other,0.6480821371078491
v4_int8_baseline,combined_hard,test/organic/organic_0019.jpg,organic,paper,0.9059620499610901
v4_int8_baseline,combined_hard,test/organic/organic_0020.jpg,organic,other,0.9458406567573547
v4_int8_baseline,combined_hard,test/organic/organic_0021.jpg,organic,other,0.9417245984077454
v4_int8_baseline,combined_hard,test/organic/organic_0022.jpg,organic,other,0.9997902512550354
v4_int8_baseline,combined_hard,test/organic/organic_0023.jpg,organic,organic,0.4914056062698364
v4_int8_baseline,combined_hard,test/organic/organic_0024.jpg,organic,other,0.8609199523925781
v4_int8_baseline,combined_hard,test/organic/organic_0025.jpg,organic,other,0.921416163444519
v4_int8_baseline,combined_hard,test/organic/organic_0026.jpg,organic,other,0.9839719533920288
v4_int8_baseline,combined_hard,test/organic/organic_0027.jpg,organic,other,0.9840166568756104
v4_int8_baseline,combined_hard,test/organic/organic_0028.jpg,organic,other,0.6171109080314636
v4_int8_baseline,combined_hard,test/organic/organic_0029.jpg,organic,other,0.5288589000701904
v4_int8_baseline,combined_hard,test/organic/organic_0030.jpg,organic,other,0.7488518953323364
v4_int8_baseline,combined_hard,test/organic/organic_0031.jpg,organic,other,0.7510034441947937
v4_int8_baseline,combined_hard,test/organic/organic_0032.jpg,organic,organic,0.9999568462371826
v4_int8_baseline,combined_hard,test/organic/organic_0033.jpg,organic,other,0.9905380010604858
v4_int8_baseline,combined_hard,test/organic/organic_0034.jpg,organic,organic,0.9503070116043091
v4_int8_baseline,combined_hard,test/organic/organic_0035.jpg,organic,other,0.989788293838501
v4_int8_baseline,combined_hard,test/organic/organic_0036.jpg,organic,organic,0.9589516520500183
v4_int8_baseline,combined_hard,test/organic/organic_0037.jpg,organic,other,0.9934727549552917
v4_int8_baseline,combined_hard,test/organic/organic_0038.jpg,organic,other,0.6539913415908813
v4_int8_baseline,combined_hard,test/organic/organic_0039.jpg,organic,organic,0.9998871088027954
v4_int8_baseline,combined_hard,test/organic/organic_0040.jpg,organic,organic,0.9339491724967957
v4_int8_baseline,combined_hard,test/organic/organic_0041.jpg,organic,other,0.9852620959281921
v4_int8_baseline,combined_hard,test/organic/organic_0042.jpg,organic,other,0.9280214905738831
v4_int8_baseline,combined_hard,test/organic/organic_0043.jpg,organic,organic,0.9526728987693787
v4_int8_baseline,combined_hard,test/organic/organic_0044.jpg,organic,other,0.9888231754302979
v4_int8_baseline,combined_hard,test/organic/organic_0045.jpg,organic,other,0.9107187986373901
v4_int8_baseline,combined_hard,test/organic/organic_0046.jpg,organic,other,0.9091943502426147
v4_int8_baseline,combined_hard,test/organic/organic_0047.jpg,organic,other,0.9905261993408203
v4_int8_baseline,combined_hard,test/organic/organic_0048.jpg,organic,other,0.938380241394043
v4_int8_baseline,combined_hard,test/organic/organic_0049.jpg,organic,other,0.993169903755188
v4_int8_baseline,combined_hard,test/organic/organic_0050.jpg,organic,other,0.9563878774642944
v4_int8_baseline,combined_hard,test/organic/organic_0051.jpg,organic,organic,0.9132235050201416
v4_int8_baseline,combined_hard,test/organic/organic_0052.jpg,organic,other,0.9897130727767944
v4_int8_baseline,combined_hard,test/organic/organic_0053.jpg,organic,organic,0.8130548596382141
v4_int8_baseline,combined_hard,test/organic/organic_0054.jpg,organic,other,0.9911735653877258
v4_int8_baseline,combined_hard,test/organic/organic_0055.jpg,organic,other,0.9214209318161011
v4_int8_baseline,combined_hard,test/organic/organic_0056.jpg,organic,other,0.9999083280563354
v4_int8_baseline,combined_hard,test/organic/organic_0057.jpg,organic,other,0.9897185564041138
v4_int8_baseline,combined_hard,test/organic/organic_0058.jpg,organic,other,0.9455639123916626
v4_int8_baseline,combined_hard,test/organic/organic_0059.jpg,organic,other,0.9852263331413269
v4_int8_baseline,combined_hard,test/organic/organic_0060.jpg,organic,other,0.6467660665512085
v4_int8_baseline,combined_hard,test/organic/organic_0061.jpg,organic,other,0.8656709790229797
v4_int8_baseline,combined_hard,test/organic/organic_0062.jpg,organic,other,0.9926268458366394
v4_int8_baseline,combined_hard,test/organic/organic_0063.jpg,organic,other,0.9899472594261169
v4_int8_baseline,combined_hard,test/organic/organic_0064.jpg,organic,other,0.9890713691711426
v4_int8_baseline,combined_hard,test/organic/organic_0065.jpg,organic,other,0.9874649047851562
v4_int8_baseline,combined_hard,test/organic/organic_0066.jpg,organic,organic,0.9916614294052124
v4_int8_baseline,combined_hard,test/organic/organic_0067.jpg,organic,other,0.9696816205978394
v4_int8_baseline,combined_hard,test/organic/organic_0068.jpg,organic,other,0.9847818613052368
v4_int8_baseline,combined_hard,test/organic/organic_0069.jpg,organic,other,0.8621914386749268
v4_int8_baseline,combined_hard,test/organic/organic_0070.jpg,organic,other,0.9964559674263
v4_int8_baseline,combined_hard,test/organic/organic_0071.jpg,organic,other,0.9942631125450134
v4_int8_baseline,combined_hard,test/organic/organic_0072.jpg,organic,other,0.9940417408943176
v4_int8_baseline,combined_hard,test/organic/organic_0073.jpg,organic,other,0.9482412934303284
v4_int8_baseline,combined_hard,test/organic/organic_0074.jpg,organic,other,0.9381430745124817
v4_int8_baseline,combined_hard,test/other/cardboard105.jpg,other,organic,0.961894154548645
v4_int8_baseline,combined_hard,test/other/cardboard115.jpg,other,organic,0.9998868703842163
v4_int8_baseline,combined_hard,test/other/cardboard121.jpg,other,plastic,0.4728972017765045
v4_int8_baseline,combined_hard,test/other/cardboard125.jpg,other,other,0.939581573009491
v4_int8_baseline,combined_hard,test/other/cardboard128.jpg,other,other,0.9323188662528992
v4_int8_baseline,combined_hard,test/other/cardboard160.jpg,other,organic,0.9882113337516785
v4_int8_baseline,combined_hard,test/other/cardboard162.jpg,other,other,0.8774755001068115
v4_int8_baseline,combined_hard,test/other/cardboard175.jpg,other,other,0.9571782946586609
v4_int8_baseline,combined_hard,test/other/cardboard18.jpg,other,other,0.629950761795044
v4_int8_baseline,combined_hard,test/other/cardboard184.jpg,other,paper,0.5760545134544373
v4_int8_baseline,combined_hard,test/other/cardboard19.jpg,other,other,0.975208044052124
v4_int8_baseline,combined_hard,test/other/cardboard190.jpg,other,other,0.9182493090629578
v4_int8_baseline,combined_hard,test/other/cardboard2.jpg,other,organic,0.9453827738761902
v4_int8_baseline,combined_hard,test/other/cardboard208.jpg,other,other,0.9957536458969116
v4_int8_baseline,combined_hard,test/other/cardboard210.jpg,other,other,0.9950540065765381
v4_int8_baseline,combined_hard,test/other/cardboard213.jpg,other,paper,0.7372824549674988
v4_int8_baseline,combined_hard,test/other/cardboard214.jpg,other,other,0.9900822043418884
v4_int8_baseline,combined_hard,test/other/cardboard216.jpg,other,paper,0.5479719638824463
v4_int8_baseline,combined_hard,test/other/cardboard218.jpg,other,other,0.999954104423523
v4_int8_baseline,combined_hard,test/other/cardboard222.jpg,other,other,0.8077788352966309
v4_int8_baseline,combined_hard,test/other/cardboard231.jpg,other,other,0.9282869696617126
v4_int8_baseline,combined_hard,test/other/cardboard239.jpg,other,other,0.9999582767486572
v4_int8_baseline,combined_hard,test/other/cardboard248.jpg,other,other,0.9998519420623779
v4_int8_baseline,combined_hard,test/other/cardboard252.jpg,other,other,0.9705311059951782
v4_int8_baseline,combined_hard,test/other/cardboard259.jpg,other,organic,0.977551281452179
v4_int8_baseline,combined_hard,test/other/cardboard260.jpg,other,other,0.6159504055976868
v4_int8_baseline,combined_hard,test/other/cardboard261.jpg,other,plastic,0.8198148012161255
v4_int8_baseline,combined_hard,test/other/cardboard266.jpg,other,organic,0.5780307650566101
v4_int8_baseline,combined_hard,test/other/cardboard274.jpg,other,other,0.9998900890350342
v4_int8_baseline,combined_hard,test/other/cardboard276.jpg,other,other,0.9994321465492249
v4_int8_baseline,combined_hard,test/other/cardboard286.jpg,other,other,0.8065621852874756
v4_int8_baseline,combined_hard,test/other/cardboard289.jpg,other,organic,0.7741084694862366
v4_int8_baseline,combined_hard,test/other/cardboard290.jpg,other,other,0.6455344557762146
v4_int8_baseline,combined_hard,test/other/cardboard293.jpg,other,other,0.9714932441711426
v4_int8_baseline,combined_hard,test/other/cardboard299.jpg,other,other,0.6918715238571167
v4_int8_baseline,combined_hard,test/other/cardboard304.jpg,other,other,0.9721079468727112
v4_int8_baseline,combined_hard,test/other/cardboard308.jpg,other,other,0.9997525811195374
v4_int8_baseline,combined_hard,test/other/cardboard31.jpg,other,other,0.9885538816452026
v4_int8_baseline,combined_hard,test/other/cardboard310.jpg,other,other,0.9800463914871216
v4_int8_baseline,combined_hard,test/other/cardboard312.jpg,other,organic,0.9999188184738159
v4_int8_baseline,combined_hard,test/other/cardboard313.jpg,other,other,0.44647589325904846
v4_int8_baseline,combined_hard,test/other/cardboard314.jpg,other,other,0.9972518086433411
v4_int8_baseline,combined_hard,test/other/cardboard321.jpg,other,organic,0.9991525411605835
v4_int8_baseline,combined_hard,test/other/cardboard323.jpg,other,organic,0.9966402053833008
v4_int8_baseline,combined_hard,test/other/cardboard332.jpg,other,other,0.9682429432868958
v4_int8_baseline,combined_hard,test/other/cardboard334.jpg,other,other,0.9751140475273132
v4_int8_baseline,combined_hard,test/other/cardboard34.jpg,other,other,0.9874473214149475
v4_int8_baseline,combined_hard,test/other/cardboard356.jpg,other,organic,0.9891216158866882
v4_int8_baseline,combined_hard,test/other/cardboard363.jpg,other,other,0.9990124702453613
v4_int8_baseline,combined_hard,test/other/cardboard372.jpg,other,organic,0.9931243062019348
v4_int8_baseline,combined_hard,test/other/cardboard383.jpg,other,paper,0.7268140912055969
v4_int8_baseline,combined_hard,test/other/cardboard384.jpg,other,organic,0.9116672873497009
v4_int8_baseline,combined_hard,test/other/cardboard387.jpg,other,other,0.9866717457771301
v4_int8_baseline,combined_hard,test/other/cardboard388.jpg,other,other,0.99491947889328
v4_int8_baseline,combined_hard,test/other/cardboard397.jpg,other,organic,0.973803699016571
v4_int8_baseline,combined_hard,test/other/cardboard40.jpg,other,organic,0.9995518326759338
v4_int8_baseline,combined_hard,test/other/cardboard401.jpg,other,other,0.7748777270317078
v4_int8_baseline,combined_hard,test/other/cardboard44.jpg,other,other,0.9638175368309021
v4_int8_baseline,combined_hard,test/other/cardboard51.jpg,other,other,0.9984334111213684
v4_int8_baseline,combined_hard,test/other/cardboard57.jpg,other,organic,0.9999083280563354
v4_int8_baseline,combined_hard,test/other/cardboard63.jpg,other,paper,0.40976014733314514
v4_int8_baseline,combined_hard,test/other/cardboard69.jpg,other,other,0.9427016377449036
v4_int8_baseline,combined_hard,test/other/cardboard71.jpg,other,other,0.9115632772445679
v4_int8_baseline,combined_hard,test/other/cardboard73.jpg,other,other,0.9079495072364807
v4_int8_baseline,combined_hard,test/other/cardboard8.jpg,other,other,0.9358105063438416
v4_int8_baseline,combined_hard,test/other/cardboard88.jpg,other,other,0.9997569918632507
v4_int8_baseline,combined_hard,test/other/cardboard89.jpg,other,paper,0.9119478464126587
v4_int8_baseline,combined_hard,test/other/cardboard9.jpg,other,other,0.9903685450553894
v4_int8_baseline,combined_hard,test/other/cardboard92.jpg,other,other,0.9808130860328674
v4_int8_baseline,combined_hard,test/other/cardboard98.jpg,other,other,0.9985107779502869
v4_int8_baseline,combined_hard,test/other/metal112.jpg,other,other,0.9900988936424255
v4_int8_baseline,combined_hard,test/other/metal114.jpg,other,other,0.9885108470916748
v4_int8_baseline,combined_hard,test/other/metal119.jpg,other,other,0.9994722008705139
v4_int8_baseline,combined_hard,test/other/metal12.jpg,other,plastic,0.9652078747749329
v4_int8_baseline,combined_hard,test/other/metal13.jpg,other,plastic,0.9249754548072815
v4_int8_baseline,combined_hard,test/other/metal133.jpg,other,organic,0.6597490310668945
v4_int8_baseline,combined_hard,test/other/metal134.jpg,other,other,0.7916418313980103
v4_int8_baseline,combined_hard,test/other/metal139.jpg,other,other,0.9961202144622803
v4_int8_baseline,combined_hard,test/other/metal143.jpg,other,plastic,0.3720451593399048
v4_int8_baseline,combined_hard,test/other/metal146.jpg,other,other,0.9932644367218018
v4_int8_baseline,combined_hard,test/other/metal157.jpg,other,other,0.9987356066703796
v4_int8_baseline,combined_hard,test/other/metal159.jpg,other,other,0.9646625518798828
v4_int8_baseline,combined_hard,test/other/metal161.jpg,other,organic,0.9092450141906738
v4_int8_baseline,combined_hard,test/other/metal170.jpg,other,paper,0.3980427384376526
v4_int8_baseline,combined_hard,test/other/metal172.jpg,other,other,0.9999799728393555
v4_int8_baseline,combined_hard,test/other/metal175.jpg,other,organic,0.9966405630111694
v4_int8_baseline,combined_hard,test/other/metal18.jpg,other,plastic,0.9870198965072632
v4_int8_baseline,combined_hard,test/other/metal186.jpg,other,plastic,0.9659829139709473
v4_int8_baseline,combined_hard,test/other/metal187.jpg,other,other,0.569408655166626
v4_int8_baseline,combined_hard,test/other/metal188.jpg,other,other,0.9126125574111938
v4_int8_baseline,combined_hard,test/other/metal192.jpg,other,other,0.9984740614891052
v4_int8_baseline,combined_hard,test/other/metal198.jpg,other,organic,0.7450096011161804
v4_int8_baseline,combined_hard,test/other/metal201.jpg,other,other,0.973118782043457
v4_int8_baseline,combined_hard,test/other/metal205.jpg,other,organic,0.9993157386779785
v4_int8_baseline,combined_hard,test/other/metal209.jpg,other,other,0.9994291663169861
v4_int8_baseline,combined_hard,test/other/metal217.jpg,other,other,0.447491854429245
v4_int8_baseline,combined_hard,test/other/metal239.jpg,other,other,0.8616388440132141
v4_int8_baseline,combined_hard,test/other/metal24.jpg,other,organic,0.9935370087623596
v4_int8_baseline,combined_hard,test/other/metal246.jpg,other,other,0.9948843121528625
v4_int8_baseline,combined_hard,test/other/metal247.jpg,other,organic,0.9279816746711731
v4_int8_baseline,combined_hard,test/other/metal248.jpg,other,other,0.9995902180671692
v4_int8_baseline,combined_hard,test/other/metal249.jpg,other,other,0.9991831183433533
v4_int8_baseline,combined_hard,test/other/metal258.jpg,other,organic,0.9376763105392456
v4_int8_baseline,combined_hard,test/other/metal261.jpg,other,plastic,0.999099850654602
v4_int8_baseline,combined_hard,test/other/metal263.jpg,other,other,0.9527292847633362
v4_int8_baseline,combined_hard,test/other/metal269.jpg,other,other,0.9789131283760071
v4_int8_baseline,combined_hard,test/other/metal27.jpg,other,organic,0.963992178440094
v4_int8_baseline,combined_hard,test/other/metal275.jpg,other,plastic,0.6523706912994385
v4_int8_baseline,combined_hard,test/other/metal292.jpg,other,organic,0.7405439615249634
v4_int8_baseline,combined_hard,test/other/metal296.jpg,other,other,0.9212920069694519
v4_int8_baseline,combined_hard,test/other/metal317.jpg,other,other,0.5459101796150208
v4_int8_baseline,combined_hard,test/other/metal324.jpg,other,other,0.5200657248497009
v4_int8_baseline,combined_hard,test/other/metal325.jpg,other,organic,0.884001612663269
v4_int8_baseline,combined_hard,test/other/metal328.jpg,other,other,0.6395691633224487
v4_int8_baseline,combined_hard,test/other/metal33.jpg,other,other,0.5212250351905823
v4_int8_baseline,combined_hard,test/other/metal341.jpg,other,organic,0.9999158382415771
v4_int8_baseline,combined_hard,test/other/metal344.jpg,other,other,0.6129887104034424
v4_int8_baseline,combined_hard,test/other/metal350.jpg,other,other,0.8325616121292114
v4_int8_baseline,combined_hard,test/other/metal355.jpg,other,other,0.9712170958518982
v4_int8_baseline,combined_hard,test/other/metal364.jpg,other,other,0.9987687468528748
v4_int8_baseline,combined_hard,test/other/metal370.jpg,other,other,0.7594215273857117
v4_int8_baseline,combined_hard,test/other/metal387.jpg,other,other,0.9605450630187988
v4_int8_baseline,combined_hard,test/other/metal389.jpg,other,organic,0.9999418258666992
v4_int8_baseline,combined_hard,test/other/metal393.jpg,other,plastic,0.4674876630306244
v4_int8_baseline,combined_hard,test/other/metal394.jpg,other,other,0.991223931312561
v4_int8_baseline,combined_hard,test/other/metal395.jpg,other,organic,0.9847841262817383
v4_int8_baseline,combined_hard,test/other/metal403.jpg,other,other,0.9923421740531921
v4_int8_baseline,combined_hard,test/other/metal48.jpg,other,plastic,0.9991362690925598
v4_int8_baseline,combined_hard,test/other/metal50.jpg,other,other,0.8418619632720947
v4_int8_baseline,combined_hard,test/other/metal52.jpg,other,other,0.9055207967758179
v4_int8_baseline,combined_hard,test/other/metal62.jpg,other,other,0.9827594757080078
v4_int8_baseline,combined_hard,test/other/metal65.jpg,other,other,0.9999176263809204
v4_int8_baseline,combined_hard,test/other/metal68.jpg,other,other,0.9757291674613953
v4_int8_baseline,combined_hard,test/other/metal77.jpg,other,other,0.5844303965568542
v4_int8_baseline,combined_hard,test/other/metal80.jpg,other,plastic,0.8012378215789795
v4_int8_baseline,combined_hard,test/other/metal84.jpg,other,other,0.6619970202445984
v4_int8_baseline,combined_hard,test/other/metal87.jpg,other,other,0.999213695526123
v4_int8_baseline,combined_hard,test/other/metal99.jpg,other,other,0.9999382495880127
