prepared_relative_path,split,label,kind,source_dataset,source_path,transform_parameters
train/paper/paper_003.jpg,train,paper,preserved,v3_prepared,F:\ANHTHU\1-HCMUS\1 - STUDY\0-now\AIOT\PROJECT\CODE\AIOT-SMART-TRASH-BIN\AI\V3\dataset_prepared\train\paper\paper_003.jpg,
train/paper/paper_003__aug_v2_01.jpg,train,paper,preserved,v3_prepared,F:\ANHTHU\1-HCMUS\1 - STUDY\0-now\AIOT\PROJECT\CODE\AIOT-SMART-TRASH-BIN\AI\V3\dataset_prepared\train\paper\paper_003__aug_v2_01.jpg,
train/paper/paper_003__aug_v2_02.jpg,train,paper,preserved,v3_prepared,F:\ANHTHU\1-HCMUS\1 - STUDY\0-now\AIOT\PROJECT\CODE\AIOT-SMART-TRASH-BIN\AI\V3\dataset_prepared\train\paper\paper_003__aug_v2_02.jpg,
train/paper/paper_003__aug_v2_03.jpg,train,paper,preserved,v3_prepared,F:\ANHTHU\1-HCMUS\1 - STUDY\0-now\AIOT\PROJECT\CODE\AIOT-SMART-TRASH-BIN\AI\V3\dataset_prepared\train\paper\paper_003__aug_v2_03.jpg,
train/paper/paper_003__aug_v2_04.jpg,train,paper,preserved,v3_prepared,F:\ANHTHU\1-HCMUS\1 - STUDY\0-now\AIOT\PROJECT\CODE\AIOT-SMART-TRASH-BIN\AI\V3\dataset_prepared\train\paper\paper_003__aug_v2_04.jpg,
train/paper/paper_003__aug_v2_05.jpg,train,paper,preserved,v3_prepared,F:\ANHTHU\1-HCMUS\1 - STUDY\0-now\AIOT\PROJECT\CODE\AIOT-SMART-TRASH-BIN\AI\V3\dataset_prepared\train\paper\paper_003__aug_v2_05.jpg,
train/paper/paper_003__aug_v2_06.jpg,train,paper,preserved,v3_prepared,F:\ANHTHU\1-HCMUS\1 - STUDY\0-now\AIOT\PROJECT\CODE\AIOT-SMART-TRASH-BIN\AI\V3\dataset_prepared\train\paper\paper_003__aug_v2_06.jpg,
train/paper/paper_003__aug_v2_07.jpg,train,paper,preserved,v3_prepared,F:\ANHTHU\1-HCMUS\1 - STUDY\0-now\AIOT\PROJECT\CODE\AIOT-SMART-TRASH-BIN\AI\V3\dataset_prepared\train\paper\paper_003__aug_v2_07.jpg,
train/paper/paper_003__aug_v2_08.jpg,train,paper,preserved,v3_prepared,F:\ANHTHU\1-HCMUS\1 - STUDY\0-now\AIOT\PROJECT\CODE\AIOT-SMART-TRASH-BIN\AI\V3\dataset_prepared\train\paper\paper_003__aug_v2_08.jpg,
train/paper/paper_003__aug_v2_09.jpg,train,paper,preserved,v3_prepared,F:\ANHTHU\1-HCMUS\1 - STUDY\0-now\AIOT\PROJECT\CODE\AIOT-SMART-TRASH-BIN\AI\V3\dataset_prepared\train\paper\paper_003__aug_v2_09.jpg,
train/paper/paper_005.jpg,train,paper,preserved,v3_prepared,F:\ANHTHU\1-HCMUS\1 - STUDY\0-now\AIOT\PROJECT\CODE\AIOT-SMART-TRASH-BIN\AI\V3\dataset_prepared\train\paper\paper_005.jpg,
train/paper/paper_005__aug_v2_01.jpg,train,paper,preserved,v3_prepared,F:\ANHTHU\1-HCMUS\1 - STUDY\0-now\AIOT\PROJECT\CODE\AIOT-SMART-TRASH-BIN\AI\V3\dataset_prepared\train\paper\paper_005__aug_v2_01.jpg,
train/paper/paper_005__aug_v2_02.jpg,train,paper,preserved,v3_prepared,F:\ANHTHU\1-HCMUS\1 - STUDY\0-now\AIOT\PROJECT\CODE\AIOT-SMART-TRASH-BIN\AI\V3\dataset_prepared\train\paper\paper_005__aug_v2_02.jpg,
train/paper/paper_005__aug_v2_03.jpg,train,paper,preserved,v3_prepared,F:\ANHTHU\1-HCMUS\1 - STUDY\0-now\AIOT\PROJECT\CODE\AIOT-SMART-TRASH-BIN\AI\V3\dataset_prepared\train\paper\paper_005__aug_v2_03.jpg,
train/paper/paper_005__aug_v2_04.jpg,train,paper,preserved,v3_prepared,F:\ANHTHU\1-HCMUS\1 - STUDY\0-now\AIOT\PROJECT\CODE\AIOT-SMART-TRASH-BIN\AI\V3\dataset_prepared\train\paper\paper_005__aug_v2_04.jpg,
train/paper/paper_005__aug_v2_05.jpg,train,paper,preserved,v3_prepared,F:\ANHTHU\1-HCMUS\1 - STUDY\0-now\AIOT\PROJECT\CODE\AIOT-SMART-TRASH-BIN\AI\V3\dataset_prepared\train\paper\paper_005__aug_v2_05.jpg,
train/paper/paper_005__aug_v2_06.jpg,train,paper,preserved,v3_prepared,F:\ANHTHU\1-HCMUS\1 - STUDY\0-now\AIOT\PROJECT\CODE\AIOT-SMART-TRASH-BIN\AI\V3\dataset_prepared\train\paper\paper_005__aug_v2_06.jpg,
train/paper/paper_005__aug_v2_07.jpg,train,paper,preserved,v3_prepared,F:\ANHTHU\1-HCMUS\1 - STUDY\0-now\AIOT\PROJECT\CODE\AIOT-SMART-TRASH-BIN\AI\V3\dataset_prepared\train\paper\paper_005__aug_v2_07.jpg,
train/paper/paper_005__aug_v2_08.jpg,train,paper,preserved,v3_prepared,F:\ANHTHU\1-HCMUS\1 - STUDY\0-now\AIOT\PROJECT\CODE\AIOT-SMART-TRASH-BIN\AI\V3\dataset_prepared\train\paper\paper_005__aug_v2_08.jpg,
train/paper/paper_005__aug_v2_09.jpg,train,paper,preserved,v3_prepared,F:\ANHTHU\1-HCMUS\1 - STUDY\0-now\AIOT\PROJECT\CODE\AIOT-SMART-TRASH-BIN\AI\V3\dataset_prepared\train\paper\paper_005__aug_v2_09.jpg,
train/paper/paper_006.jpg,train,paper,preserved,v3_prepared,F:\ANHTHU\1-HCMUS\1 - STUDY\0-now\AIOT\PROJECT\CODE\AIOT-SMART-TRASH-BIN\AI\V3\dataset_prepared\train\paper\paper_006.jpg,
train/paper/paper_006__aug_v2_01.jpg,train,paper,preserved,v3_prepared,F:\ANHTHU\1-HCMUS\1 - STUDY\0-now\AIOT\PROJECT\CODE\AIOT-SMART-TRASH-BIN\AI\V3\dataset_prepared\train\paper\paper_006__aug_v2_01.jpg,
train/paper/paper_006__aug_v2_02.jpg,train,paper,preserved,v3_prepared,F:\ANHTHU\1-HCMUS\1 - STUDY\0-now\AIOT\PROJECT\CODE\AIOT-SMART-TRASH-BIN\AI\V3\dataset_prepared\train\paper\paper_006__aug_v2_02.jpg,
train/paper/paper_006__aug_v2_03.jpg,train,paper,preserved,v3_prepared,F:\ANHTHU\1-HCMUS\1 - STUDY\0-now\AIOT\PROJECT\CODE\AIOT-SMART-TRASH-BIN\AI\V3\dataset_prepared\train\paper\paper_006__aug_v2_03.jpg,
train/paper/paper_006__aug_v2_04.jpg,train,paper,preserved,v3_prepared,F:\ANHTHU\1-HCMUS\1 - STUDY\0-now\AIOT\PROJECT\CODE\AIOT-SMART-TRASH-BIN\AI\V3\dataset_prepared\train\paper\paper_006__aug_v2_04.jpg,
train/paper/paper_006__aug_v2_05.jpg,train,paper,preserved,v3_prepared,F:\ANHTHU\1-HCMUS\1 - STUDY\0-now\AIOT\PROJECT\CODE\AIOT-SMART-TRASH-BIN\AI\V3\dataset_prepared\train\paper\paper_006__aug_v2_05.jpg,
train/paper/paper_006__aug_v2_06.jpg,train,paper,preserved,v3_prepared,F:\ANHTHU\1-HCMUS\1 - STUDY\0-now\AIOT\PROJECT\CODE\AIOT-SMART-TRASH-BIN\AI\V3\dataset_prepared\train\paper\paper_006__aug_v2_06.jpg,
train/paper/paper_006__aug_v2_07.jpg,train,paper,preserved,v3_prepared,F:\ANHTHU\1-HCMUS\1 - STUDY\0-now\AIOT\PROJECT\CODE\AIOT-SMART-TRASH-BIN\AI\V3\dataset_prepared\train\paper\paper_006__aug_v2_07.jpg,
train/paper/paper_006__aug_v2_08.jpg,train,paper,preserved,v3_prepared,F:\ANHTHU\1-HCMUS\1 - STUDY\0-now\AIOT\PROJECT\CODE\AIOT-SMART-TRASH-BIN\AI\V3\dataset_prepared\train\paper\paper_006__aug_v2_08.jpg,
train/paper/paper_006__aug_v2_09.jpg,train,paper,preserved,v3_prepared,F:\ANHTHU\1-HCMUS\1 - STUDY\0-now\AIOT\PROJECT\CODE\AIOT-SMART-TRASH-BIN\AI\V3\dataset_prepared\train\paper\paper_006__aug_v2_09.jpg,
train/paper/paper_007.jpg,train,paper,preserved,v3_prepared,F:\ANHTHU\1-HCMUS\1 - STUDY\0-now\AIOT\PROJECT\CODE\AIOT-SMART-TRASH-BIN\AI\V3\dataset_prepared\train\paper\paper_007.jpg,
train/paper/paper_007__aug_v2_01.jpg,train,paper,preserved,v3_prepared,F:\ANHTHU\1-HCMUS\1 - STUDY\0-now\AIOT\PROJECT\CODE\AIOT-SMART-TRASH-BIN\AI\V3\dataset_prepared\train\paper\paper_007__aug_v2_01.jpg,
train/paper/paper_007__aug_v2_02.jpg,train,paper,preserved,v3_prepared,F:\ANHTHU\1-HCMUS\1 - STUDY\0-now\AIOT\PROJECT\CODE\AIOT-SMART-TRASH-BIN\AI\V3\dataset_prepared\train\paper\paper_007__aug_v2_02.jpg,
train/paper/paper_007__aug_v2_03.jpg,train,paper,preserved,v3_prepared,F:\ANHTHU\1-HCMUS\1 - STUDY\0-now\AIOT\PROJECT\CODE\AIOT-SMART-TRASH-BIN\AI\V3\dataset_prepared\train\paper\paper_007__aug_v2_03.jpg,
train/paper/paper_007__aug_v2_04.jpg,train,paper,preserved,v3_prepared,F:\ANHTHU\1-HCMUS\1 - STUDY\0-now\AIOT\PROJECT\CODE\AIOT-SMART-TRASH-BIN\AI\V3\dataset_prepared\train\paper\paper_007__aug_v2_04.jpg,
train/paper/paper_007__aug_v2_05.jpg,train,paper,preserved,v3_prepared,F:\ANHTHU\1-HCMUS\1 - STUDY\0-now\AIOT\PROJECT\CODE\AIOT-SMART-TRASH-BIN\AI\V3\dataset_prepared\train\paper\paper_007__aug_v2_05.jpg,
train/paper/paper_007__aug_v2_06.jpg,train,paper,preserved,v3_prepared,F:\ANHTHU\1-HCMUS\1 - STUDY\0-now\AIOT\PROJECT\CODE\AIOT-SMART-TRASH-BIN\AI\V3\dataset_prepared\train\paper\paper_007__aug_v2_06.jpg,
train/paper/paper_007__aug_v2_07.jpg,train,paper,preserved,v3_prepared,F:\ANHTHU\1-HCMUS\1 - STUDY\0-now\AIOT\PROJECT\CODE\AIOT-SMART-TRASH-BIN\AI\V3\dataset_prepared\train\paper\paper_007__aug_v2_07.jpg,
train/paper/paper_007__aug_v2_08.jpg,train,paper,preserved,v3_prepared,F:\ANHTHU\1-HCMUS\1 - STUDY\0-now\AIOT\PROJECT\CODE\AIOT-SMART-TRASH-BIN\AI\V3\dataset_prepared\train\paper\paper_007__aug_v2_08.jpg,
train/paper/paper_007__aug_v2_09.jpg,train,paper,preserved,v3_prepared,F:\ANHTHU\1-HCMUS\1 - STUDY\0-now\AIOT\PROJECT\CODE\AIOT-SMART-TRASH-BIN\AI\V3\dataset_prepared\train\paper\paper_007__aug_v2_09.jpg,
train/paper/paper_008.jpg,train,paper,preserved,v3_prepared,F:\ANHTHU\1-HCMUS\1 - STUDY\0-now\AIOT\PROJECT\CODE\AIOT-SMART-TRASH-BIN\AI\V3\dataset_prepared\train\paper\paper_008.jpg,
train/paper/paper_008__aug_v2_01.jpg,train,paper,preserved,v3_prepared,F:\ANHTHU\1-HCMUS\1 - STUDY\0-now\AIOT\PROJECT\CODE\AIOT-SMART-TRASH-BIN\AI\V3\dataset_prepared\train\paper\paper_008__aug_v2_01.jpg,
train/paper/paper_008__aug_v2_02.jpg,train,paper,preserved,v3_prepared,F:\ANHTHU\1-HCMUS\1 - STUDY\0-now\AIOT\PROJECT\CODE\AIOT-SMART-TRASH-BIN\AI\V3\dataset_prepared\train\paper\paper_008__aug_v2_02.jpg,
train/paper/paper_008__aug_v2_03.jpg,train,paper,preserved,v3_prepared,F:\ANHTHU\1-HCMUS\1 - STUDY\0-now\AIOT\PROJECT\CODE\AIOT-SMART-TRASH-BIN\AI\V3\dataset_prepared\train\paper\paper_008__aug_v2_03.jpg,
train/paper/paper_008__aug_v2_04.jpg,train,paper,preserved,v3_prepared,F:\ANHTHU\1-HCMUS\1 - STUDY\0-now\AIOT\PROJECT\CODE\AIOT-SMART-TRASH-BIN\AI\V3\dataset_prepared\train\paper\paper_008__aug_v2_04.jpg,
train/paper/paper_008__aug_v2_05.jpg,train,paper,preserved,v3_prepared,F:\ANHTHU\1-HCMUS\1 - STUDY\0-now\AIOT\PROJECT\CODE\AIOT-SMART-TRASH-BIN\AI\V3\dataset_prepared\train\paper\paper_008__aug_v2_05.jpg,
train/paper/paper_008__aug_v2_06.jpg,train,paper,preserved,v3_prepared,F:\ANHTHU\1-HCMUS\1 - STUDY\0-now\AIOT\PROJECT\CODE\AIOT-SMART-TRASH-BIN\AI\V3\dataset_prepared\train\paper\paper_008__aug_v2_06.jpg,
train/paper/paper_008__aug_v2_07.jpg,train,paper,preserved,v3_prepared,F:\ANHTHU\1-HCMUS\1 - STUDY\0-now\AIOT\PROJECT\CODE\AIOT-SMART-TRASH-BIN\AI\V3\dataset_prepared\train\paper\paper_008__aug_v2_07.jpg,
train/paper/paper_008__aug_v2_08.jpg,train,paper,preserved,v3_prepared,F:\ANHTHU\1-HCMUS\1 - STUDY\0-now\AIOT\PROJECT\CODE\AIOT-SMART-TRASH-BIN\AI\V3\dataset_prepared\train\paper\paper_008__aug_v2_08.jpg,
train/paper/paper_008__aug_v2_09.jpg,train,paper,preserved,v3_prepared,F:\ANHTHU\1-HCMUS\1 - STUDY\0-now\AIOT\PROJECT\CODE\AIOT-SMART-TRASH-BIN\AI\V3\dataset_prepared\train\paper\paper_008__aug_v2_09.jpg,
train/paper/paper_009.jpg,train,paper,preserved,v3_prepared,F:\ANHTHU\1-HCMUS\1 - STUDY\0-now\AIOT\PROJECT\CODE\AIOT-SMART-TRASH-BIN\AI\V3\dataset_prepared\train\paper\paper_009.jpg,
train/paper/paper_009__aug_v2_01.jpg,train,paper,preserved,v3_prepared,F:\ANHTHU\1-HCMUS\1 - STUDY\0-now\AIOT\PROJECT\CODE\AIOT-SMART-TRASH-BIN\AI\V3\dataset_prepared\train\paper\paper_009__aug_v2_01.jpg,
train/paper/paper_009__aug_v2_02.jpg,train,paper,preserved,v3_prepared,F:\ANHTHU\1-HCMUS\1 - STUDY\0-now\AIOT\PROJECT\CODE\AIOT-SMART-TRASH-BIN\AI\V3\dataset_prepared\train\paper\paper_009__aug_v2_02.jpg,
train/paper/paper_009__aug_v2_03.jpg,train,paper,preserved,v3_prepared,F:\ANHTHU\1-HCMUS\1 - STUDY\0-now\AIOT\PROJECT\CODE\AIOT-SMART-TRASH-BIN\AI\V3\dataset_prepared\train\paper\paper_009__aug_v2_03.jpg,
train/paper/paper_009__aug_v2_04.jpg,train,paper,preserved,v3_prepared,F:\ANHTHU\1-HCMUS\1 - STUDY\0-now\AIOT\PROJECT\CODE\AIOT-SMART-TRASH-BIN\AI\V3\dataset_prepared\train\paper\paper_009__aug_v2_04.jpg,
train/paper/paper_009__aug_v2_05.jpg,train,paper,preserved,v3_prepared,F:\ANHTHU\1-HCMUS\1 - STUDY\0-now\AIOT\PROJECT\CODE\AIOT-SMART-TRASH-BIN\AI\V3\dataset_prepared\train\paper\paper_009__aug_v2_05.jpg,
train/paper/paper_009__aug_v2_06.jpg,train,paper,preserved,v3_prepared,F:\ANHTHU\1-HCMUS\1 - STUDY\0-now\AIOT\PROJECT\CODE\AIOT-SMART-TRASH-BIN\AI\V3\dataset_prepared\train\paper\paper_009__aug_v2_06.jpg,
train/paper/paper_009__aug_v2_07.jpg,train,paper,preserved,v3_prepared,F:\ANHTHU\1-HCMUS\1 - STUDY\0-now\AIOT\PROJECT\CODE\AIOT-SMART-TRASH-BIN\AI\V3\dataset_prepared\train\paper\paper_009__aug_v2_07.jpg,
train/paper/paper_009__aug_v2_08.jpg,train,paper,preserved,v3_prepared,F:\ANHTHU\1-HCMUS\1 - STUDY\0-now\AIOT\PROJECT\CODE\AIOT-SMART-TRASH-BIN\AI\V3\dataset_prepared\train\paper\paper_009__aug_v2_08.jpg,
train/paper/paper_009__aug_v2_09.jpg,train,paper,preserved,v3_prepared,F:\ANHTHU\1-HCMUS\1 - STUDY\0-now\AIOT\PROJECT\CODE\AIOT-SMART-TRASH-BIN\AI\V3\dataset_prepared\train\paper\paper_009__aug_v2_09.jpg,
train/paper/paper_010.jpg,train,paper,preserved,v3_prepared,F:\ANHTHU\1-HCMUS\1 - STUDY\0-now\AIOT\PROJECT\CODE\AIOT-SMART-TRASH-BIN\AI\V3\dataset_prepared\train\paper\paper_010.jpg,
train/paper/paper_010__aug_v2_01.jpg,train,paper,preserved,v3_prepared,F:\ANHTHU\1-HCMUS\1 - STUDY\0-now\AIOT\PROJECT\CODE\AIOT-SMART-TRASH-BIN\AI\V3\dataset_prepared\train\paper\paper_010__aug_v2_01.jpg,
train/paper/paper_010__aug_v2_02.jpg,train,paper,preserved,v3_prepared,F:\ANHTHU\1-HCMUS\1 - STUDY\0-now\AIOT\PROJECT\CODE\AIOT-SMART-TRASH-BIN\AI\V3\dataset_prepared\train\paper\paper_010__aug_v2_02.jpg,
train/paper/paper_010__aug_v2_03.jpg,train,paper,preserved,v3_prepared,F:\ANHTHU\1-HCMUS\1 - STUDY\0-now\AIOT\PROJECT\CODE\AIOT-SMART-TRASH-BIN\AI\V3\dataset_prepared\train\paper\paper_010__aug_v2_03.jpg,
train/paper/paper_010__aug_v2_04.jpg,train,paper,preserved,v3_prepared,F:\ANHTHU\1-HCMUS\1 - STUDY\0-now\AIOT\PROJECT\CODE\AIOT-SMART-TRASH-BIN\AI\V3\dataset_prepared\train\paper\paper_010__aug_v2_04.jpg,
train/paper/paper_010__aug_v2_05.jpg,train,paper,preserved,v3_prepared,F:\ANHTHU\1-HCMUS\1 - STUDY\0-now\AIOT\PROJECT\CODE\AIOT-SMART-TRASH-BIN\AI\V3\dataset_prepared\train\paper\paper_010__aug_v2_05.jpg,
train/paper/paper_010__aug_v2_06.jpg,train,paper,preserved,v3_prepared,F:\ANHTHU\1-HCMUS\1 - STUDY\0-now\AIOT\PROJECT\CODE\AIOT-SMART-TRASH-BIN\AI\V3\dataset_prepared\train\paper\paper_010__aug_v2_06.jpg,
train/paper/paper_010__aug_v2_07.jpg,train,paper,preserved,v3_prepared,F:\ANHTHU\1-HCMUS\1 - STUDY\0-now\AIOT\PROJECT\CODE\AIOT-SMART-TRASH-BIN\AI\V3\dataset_prepared\train\paper\paper_010__aug_v2_07.jpg,
train/paper/paper_010__aug_v2_08.jpg,train,paper,preserved,v3_prepared,F:\ANHTHU\1-HCMUS\1 - STUDY\0-now\AIOT\PROJECT\CODE\AIOT-SMART-TRASH-BIN\AI\V3\dataset_prepared\train\paper\paper_010__aug_v2_08.jpg,
train/paper/paper_010__aug_v2_09.jpg,train,paper,preserved,v3_prepared,F:\ANHTHU\1-HCMUS\1 - STUDY\0-now\AIOT\PROJECT\CODE\AIOT-SMART-TRASH-BIN\AI\V3\dataset_prepared\train\paper\paper_010__aug_v2_09.jpg,
train/paper/paper_011.jpg,train,paper,preserved,v3_prepared,F:\ANHTHU\1-HCMUS\1 - STUDY\0-now\AIOT\PROJECT\CODE\AIOT-SMART-TRASH-BIN\AI\V3\dataset_prepared\train\paper\paper_011.jpg,
train/paper/paper_011__aug_v2_01.jpg,train,paper,preserved,v3_prepared,F:\ANHTHU\1-HCMUS\1 - STUDY\0-now\AIOT\PROJECT\CODE\AIOT-SMART-TRASH-BIN\AI\V3\dataset_prepared\train\paper\paper_011__aug_v2_01.jpg,
train/paper/paper_011__aug_v2_02.jpg,train,paper,preserved,v3_prepared,F:\ANHTHU\1-HCMUS\1 - STUDY\0-now\AIOT\PROJECT\CODE\AIOT-SMART-TRASH-BIN\AI\V3\dataset_prepared\train\paper\paper_011__aug_v2_02.jpg,
train/paper/paper_011__aug_v2_03.jpg,train,paper,preserved,v3_prepared,F:\ANHTHU\1-HCMUS\1 - STUDY\0-now\AIOT\PROJECT\CODE\AIOT-SMART-TRASH-BIN\AI\V3\dataset_prepared\train\paper\paper_011__aug_v2_03.jpg,
train/paper/paper_011__aug_v2_04.jpg,train,paper,preserved,v3_prepared,F:\ANHTHU\1-HCMUS\1 - STUDY\0-now\AIOT\PROJECT\CODE\AIOT-SMART-TRASH-BIN\AI\V3\dataset_prepared\train\paper\paper_011__aug_v2_04.jpg,
train/paper/paper_011__aug_v2_05.jpg,train,paper,preserved,v3_prepared,F:\ANHTHU\1-HCMUS\1 - STUDY\0-now\AIOT\PROJECT\CODE\AIOT-SMART-TRASH-BIN\AI\V3\dataset_prepared\train\paper\paper_011__aug_v2_05.jpg,
train/paper/paper_011__aug_v2_06.jpg,train,paper,preserved,v3_prepared,F:\ANHTHU\1-HCMUS\1 - STUDY\0-now\AIOT\PROJECT\CODE\AIOT-SMART-TRASH-BIN\AI\V3\dataset_prepared\train\paper\paper_011__aug_v2_06.jpg,
train/paper/paper_011__aug_v2_07.jpg,train,paper,preserved,v3_prepared,F:\ANHTHU\1-HCMUS\1 - STUDY\0-now\AIOT\PROJECT\CODE\AIOT-SMART-TRASH-BIN\AI\V3\dataset_prepared\train\paper\paper_011__aug_v2_07.jpg,
train/paper/paper_011__aug_v2_08.jpg,train,paper,preserved,v3_prepared,F:\ANHTHU\1-HCMUS\1 - STUDY\0-now\AIOT\PROJECT\CODE\AIOT-SMART-TRASH-BIN\AI\V3\dataset_prepared\train\paper\paper_011__aug_v2_08.jpg,
train/paper/paper_011__aug_v2_09.jpg,train,paper,preserved,v3_prepared,F:\ANHTHU\1-HCMUS\1 - STUDY\0-now\AIOT\PROJECT\CODE\AIOT-SMART-TRASH-BIN\AI\V3\dataset_prepared\train\paper\paper_011__aug_v2_09.jpg,
train/paper/paper_012.jpg,train,paper,preserved,v3_prepared,F:\ANHTHU\1-HCMUS\1 - STUDY\0-now\AIOT\PROJECT\CODE\AIOT-SMART-TRASH-BIN\AI\V3\dataset_prepared\train\paper\paper_012.jpg,
train/paper/paper_012__aug_v2_01.jpg,train,paper,preserved,v3_prepared,F:\ANHTHU\1-HCMUS\1 - STUDY\0-now\AIOT\PROJECT\CODE\AIOT-SMART-TRASH-BIN\AI\V3\dataset_prepared\train\paper\paper_012__aug_v2_01.jpg,
train/paper/paper_012__aug_v2_02.jpg,train,paper,preserved,v3_prepared,F:\ANHTHU\1-HCMUS\1 - STUDY\0-now\AIOT\PROJECT\CODE\AIOT-SMART-TRASH-BIN\AI\V3\dataset_prepared\train\paper\paper_012__aug_v2_02.jpg,
train/paper/paper_012__aug_v2_03.jpg,train,paper,preserved,v3_prepared,F:\ANHTHU\1-HCMUS\1 - STUDY\0-now\AIOT\PROJECT\CODE\AIOT-SMART-TRASH-BIN\AI\V3\dataset_prepared\train\paper\paper_012__aug_v2_03.jpg,
train/paper/paper_012__aug_v2_04.jpg,train,paper,preserved,v3_prepared,F:\ANHTHU\1-HCMUS\1 - STUDY\0-now\AIOT\PROJECT\CODE\AIOT-SMART-TRASH-BIN\AI\V3\dataset_prepared\train\paper\paper_012__aug_v2_04.jpg,
train/paper/paper_012__aug_v2_05.jpg,train,paper,preserved,v3_prepared,F:\ANHTHU\1-HCMUS\1 - STUDY\0-now\AIOT\PROJECT\CODE\AIOT-SMART-TRASH-BIN\AI\V3\dataset_prepared\train\paper\paper_012__aug_v2_05.jpg,
train/paper/paper_012__aug_v2_06.jpg,train,paper,preserved,v3_prepared,F:\ANHTHU\1-HCMUS\1 - STUDY\0-now\AIOT\PROJECT\CODE\AIOT-SMART-TRASH-BIN\AI\V3\dataset_prepared\train\paper\paper_012__aug_v2_06.jpg,
train/paper/paper_012__aug_v2_07.jpg,train,paper,preserved,v3_prepared,F:\ANHTHU\1-HCMUS\1 - STUDY\0-now\AIOT\PROJECT\CODE\AIOT-SMART-TRASH-BIN\AI\V3\dataset_prepared\train\paper\paper_012__aug_v2_07.jpg,
train/paper/paper_012__aug_v2_08.jpg,train,paper,preserved,v3_prepared,F:\ANHTHU\1-HCMUS\1 - STUDY\0-now\AIOT\PROJECT\CODE\AIOT-SMART-TRASH-BIN\AI\V3\dataset_prepared\train\paper\paper_012__aug_v2_08.jpg,
train/paper/paper_012__aug_v2_09.jpg,train,paper,preserved,v3_prepared,F:\ANHTHU\1-HCMUS\1 - STUDY\0-now\AIOT\PROJECT\CODE\AIOT-SMART-TRASH-BIN\AI\V3\dataset_prepared\train\paper\paper_012__aug_v2_09.jpg,
train/paper/paper_015.jpg,train,paper,preserved,v3_prepared,F:\ANHTHU\1-HCMUS\1 - STUDY\0-now\AIOT\PROJECT\CODE\AIOT-SMART-TRASH-BIN\AI\V3\dataset_prepared\train\paper\paper_015.jpg,
train/paper/paper_015__aug_v2_01.jpg,train,paper,preserved,v3_prepared,F:\ANHTHU\1-HCMUS\1 - STUDY\0-now\AIOT\PROJECT\CODE\AIOT-SMART-TRASH-BIN\AI\V3\dataset_prepared\train\paper\paper_015__aug_v2_01.jpg,
train/paper/paper_015__aug_v2_02.jpg,train,paper,preserved,v3_prepared,F:\ANHTHU\1-HCMUS\1 - STUDY\0-now\AIOT\PROJECT\CODE\AIOT-SMART-TRASH-BIN\AI\V3\dataset_prepared\train\paper\paper_015__aug_v2_02.jpg,
train/paper/paper_015__aug_v2_03.jpg,train,paper,preserved,v3_prepared,F:\ANHTHU\1-HCMUS\1 - STUDY\0-now\AIOT\PROJECT\CODE\AIOT-SMART-TRASH-BIN\AI\V3\dataset_prepared\train\paper\paper_015__aug_v2_03.jpg,
train/paper/paper_015__aug_v2_04.jpg,train,paper,preserved,v3_prepared,F:\ANHTHU\1-HCMUS\1 - STUDY\0-now\AIOT\PROJECT\CODE\AIOT-SMART-TRASH-BIN\AI\V3\dataset_prepared\train\paper\paper_015__aug_v2_04.jpg,
train/paper/paper_015__aug_v2_05.jpg,train,paper,preserved,v3_prepared,F:\ANHTHU\1-HCMUS\1 - STUDY\0-now\AIOT\PROJECT\CODE\AIOT-SMART-TRASH-BIN\AI\V3\dataset_prepared\train\paper\paper_015__aug_v2_05.jpg,
train/paper/paper_015__aug_v2_06.jpg,train,paper,preserved,v3_prepared,F:\ANHTHU\1-HCMUS\1 - STUDY\0-now\AIOT\PROJECT\CODE\AIOT-SMART-TRASH-BIN\AI\V3\dataset_prepared\train\paper\paper_015__aug_v2_06.jpg,
train/paper/paper_015__aug_v2_07.jpg,train,paper,preserved,v3_prepared,F:\ANHTHU\1-HCMUS\1 - STUDY\0-now\AIOT\PROJECT\CODE\AIOT-SMART-TRASH-BIN\AI\V3\dataset_prepared\train\paper\paper_015__aug_v2_07.jpg,
train/paper/paper_015__aug_v2_08.jpg,train,paper,preserved,v3_prepared,F:\ANHTHU\1-HCMUS\1 - STUDY\0-now\AIOT\PROJECT\CODE\AIOT-SMART-TRASH-BIN\AI\V3\dataset_prepared\train\paper\paper_015__aug_v2_08.jpg,
train/paper/paper_015__aug_v2_09.jpg,train,paper,preserved,v3_prepared,F:\ANHTHU\1-HCMUS\1 - STUDY\0-now\AIOT\PROJECT\CODE\AIOT-SMART-TRASH-BIN\AI\V3\dataset_prepared\train\paper\paper_015__aug_v2_09.jpg,
train/paper/paper_017.jpg,train,paper,preserved,v3_prepared,F:\ANHTHU\1-HCMUS\1 - STUDY\0-now\AIOT\PROJECT\CODE\AIOT-SMART-TRASH-BIN\AI\V3\dataset_prepared\train\paper\paper_017.jpg,
train/paper/paper_017__aug_v2_01.jpg,train,paper,preserved,v3_prepared,F:\ANHTHU\1-HCMUS\1 - STUDY\0-now\AIOT\PROJECT\CODE\AIOT-SMART-TRASH-BIN\AI\V3\dataset_prepared\train\paper\paper_017__aug_v2_01.jpg,
train/paper/paper_017__aug_v2_02.jpg,train,paper,preserved,v3_prepared,F:\ANHTHU\1-HCMUS\1 - STUDY\0-now\AIOT\PROJECT\CODE\AIOT-SMART-TRASH-BIN\AI\V3\dataset_prepared\train\paper\paper_017__aug_v2_02.jpg,
train/paper/paper_017__aug_v2_03.jpg,train,paper,preserved,v3_prepared,F:\ANHTHU\1-HCMUS\1 - STUDY\0-now\AIOT\PROJECT\CODE\AIOT-SMART-TRASH-BIN\AI\V3\dataset_prepared\train\paper\paper_017__aug_v2_03.jpg,
train/paper/paper_017__aug_v2_04.jpg,train,paper,preserved,v3_prepared,F:\ANHTHU\1-HCMUS\1 - STUDY\0-now\AIOT\PROJECT\CODE\AIOT-SMART-TRASH-BIN\AI\V3\dataset_prepared\train\paper\paper_017__aug_v2_04.jpg,
train/paper/paper_017__aug_v2_05.jpg,train,paper,preserved,v3_prepared,F:\ANHTHU\1-HCMUS\1 - STUDY\0-now\AIOT\PROJECT\CODE\AIOT-SMART-TRASH-BIN\AI\V3\dataset_prepared\train\paper\paper_017__aug_v2_05.jpg,
train/paper/paper_017__aug_v2_06.jpg,train,paper,preserved,v3_prepared,F:\ANHTHU\1-HCMUS\1 - STUDY\0-now\AIOT\PROJECT\CODE\AIOT-SMART-TRASH-BIN\AI\V3\dataset_prepared\train\paper\paper_017__aug_v2_06.jpg,
train/paper/paper_017__aug_v2_07.jpg,train,paper,preserved,v3_prepared,F:\ANHTHU\1-HCMUS\1 - STUDY\0-now\AIOT\PROJECT\CODE\AIOT-SMART-TRASH-BIN\AI\V3\dataset_prepared\train\paper\paper_017__aug_v2_07.jpg,
train/paper/paper_017__aug_v2_08.jpg,train,paper,preserved,v3_prepared,F:\ANHTHU\1-HCMUS\1 - STUDY\0-now\AIOT\PROJECT\CODE\AIOT-SMART-TRASH-BIN\AI\V3\dataset_prepared\train\paper\paper_017__aug_v2_08.jpg,
train/paper/paper_017__aug_v2_09.jpg,train,paper,preserved,v3_prepared,F:\ANHTHU\1-HCMUS\1 - STUDY\0-now\AIOT\PROJECT\CODE\AIOT-SMART-TRASH-BIN\AI\V3\dataset_prepared\train\paper\paper_017__aug_v2_09.jpg,
train/paper/paper_018.jpg,train,paper,preserved,v3_prepared,F:\ANHTHU\1-HCMUS\1 - STUDY\0-now\AIOT\PROJECT\CODE\AIOT-SMART-TRASH-BIN\AI\V3\dataset_prepared\train\paper\paper_018.jpg,
train/paper/paper_018__aug_v2_01.jpg,train,paper,preserved,v3_prepared,F:\ANHTHU\1-HCMUS\1 - STUDY\0-now\AIOT\PROJECT\CODE\AIOT-SMART-TRASH-BIN\AI\V3\dataset_prepared\train\paper\paper_018__aug_v2_01.jpg,
train/paper/paper_018__aug_v2_02.jpg,train,paper,preserved,v3_prepared,F:\ANHTHU\1-HCMUS\1 - STUDY\0-now\AIOT\PROJECT\CODE\AIOT-SMART-TRASH-BIN\AI\V3\dataset_prepared\train\paper\paper_018__aug_v2_02.jpg,
train/paper/paper_018__aug_v2_03.jpg,train,paper,preserved,v3_prepared,F:\ANHTHU\1-HCMUS\1 - STUDY\0-now\AIOT\PROJECT\CODE\AIOT-SMART-TRASH-BIN\AI\V3\dataset_prepared\train\paper\paper_018__aug_v2_03.jpg,
train/paper/paper_018__aug_v2_04.jpg,train,paper,preserved,v3_prepared,F:\ANHTHU\1-HCMUS\1 - STUDY\0-now\AIOT\PROJECT\CODE\AIOT-SMART-TRASH-BIN\AI\V3\dataset_prepared\train\paper\paper_018__aug_v2_04.jpg,
train/paper/paper_018__aug_v2_05.jpg,train,paper,preserved,v3_prepared,F:\ANHTHU\1-HCMUS\1 - STUDY\0-now\AIOT\PROJECT\CODE\AIOT-SMART-TRASH-BIN\AI\V3\dataset_prepared\train\paper\paper_018__aug_v2_05.jpg,
train/paper/paper_018__aug_v2_06.jpg,train,paper,preserved,v3_prepared,F:\ANHTHU\1-HCMUS\1 - STUDY\0-now\AIOT\PROJECT\CODE\AIOT-SMART-TRASH-BIN\AI\V3\dataset_prepared\train\paper\paper_018__aug_v2_06.jpg,
train/paper/paper_018__aug_v2_07.jpg,train,paper,preserved,v3_prepared,F:\ANHTHU\1-HCMUS\1 - STUDY\0-now\AIOT\PROJECT\CODE\AIOT-SMART-TRASH-BIN\AI\V3\dataset_prepared\train\paper\paper_018__aug_v2_07.jpg,
train/paper/paper_018__aug_v2_08.jpg,train,paper,preserved,v3_prepared,F:\ANHTHU\1-HCMUS\1 - STUDY\0-now\AIOT\PROJECT\CODE\AIOT-SMART-TRASH-BIN\AI\V3\dataset_prepared\train\paper\paper_018__aug_v2_08.jpg,
train/paper/paper_018__aug_v2_09.jpg,train,paper,preserved,v3_prepared,F:\ANHTHU\1-HCMUS\1 - STUDY\0-now\AIOT\PROJECT\CODE\AIOT-SMART-TRASH-BIN\AI\V3\dataset_prepared\train\paper\paper_018__aug_v2_09.jpg,
train/paper/paper_019.jpg,train,paper,preserved,v3_prepared,F:\ANHTHU\1-HCMUS\1 - STUDY\0-now\AIOT\PROJECT\CODE\AIOT-SMART-TRASH-BIN\AI\V3\dataset_prepared\train\paper\paper_019.jpg,
train/paper/paper_019__aug_v2_01.jpg,train,paper,preserved,v3_prepared,F:\ANHTHU\1-HCMUS\1 - STUDY\0-now\AIOT\PROJECT\CODE\AIOT-SMART-TRASH-BIN\AI\V3\dataset_prepared\train\paper\paper_019__aug_v2_01.jpg,
train/paper/paper_019__aug_v2_02.jpg,train,paper,preserved,v3_prepared,F:\ANHTHU\1-HCMUS\1 - STUDY\0-now\AIOT\PROJECT\CODE\AIOT-SMART-TRASH-BIN\AI\V3\dataset_prepared\train\paper\paper_019__aug_v2_02.jpg,
train/paper/paper_019__aug_v2_03.jpg,train,paper,preserved,v3_prepared,F:\ANHTHU\1-HCMUS\1 - STUDY\0-now\AIOT\PROJECT\CODE\AIOT-SMART-TRASH-BIN\AI\V3\dataset_prepared\train\paper\paper_019__aug_v2_03.jpg,
train/paper/paper_019__aug_v2_04.jpg,train,paper,preserved,v3_prepared,F:\ANHTHU\1-HCMUS\1 - STUDY\0-now\AIOT\PROJECT\CODE\AIOT-SMART-TRASH-BIN\AI\V3\dataset_prepared\train\paper\paper_019__aug_v2_04.jpg,
train/paper/paper_019__aug_v2_05.jpg,train,paper,preserved,v3_prepared,F:\ANHTHU\1-HCMUS\1 - STUDY\0-now\AIOT\PROJECT\CODE\AIOT-SMART-TRASH-BIN\AI\V3\dataset_prepared\train\paper\paper_019__aug_v2_05.jpg,
train/paper/paper_019__aug_v2_06.jpg,train,paper,preserved,v3_prepared,F:\ANHTHU\1-HCMUS\1 - STUDY\0-now\AIOT\PROJECT\CODE\AIOT-SMART-TRASH-BIN\AI\V3\dataset_prepared\train\paper\paper_019__aug_v2_06.jpg,
train/paper/paper_019__aug_v2_07.jpg,train,paper,preserved,v3_prepared,F:\ANHTHU\1-HCMUS\1 - STUDY\0-now\AIOT\PROJECT\CODE\AIOT-SMART-TRASH-BIN\AI\V3\dataset_prepared\train\paper\paper_019__aug_v2_07.jpg,
train/paper/paper_019__aug_v2_08.jpg,train,paper,preserved,v3_prepared,F:\ANHTHU\1-HCMUS\1 - STUDY\0-now\AIOT\PROJECT\CODE\AIOT-SMART-TRASH-BIN\AI\V3\dataset_prepared\train\paper\paper_019__aug_v2_08.jpg,
train/paper/paper_019__aug_v2_09.jpg,train,paper,preserved,v3_prepared,F:\ANHTHU\1-HCMUS\1 - STUDY\0-now\AIOT\PROJECT\CODE\AIOT-SMART-TRASH-BIN\AI\V3\dataset_prepared\train\paper\paper_019__aug_v2_09.jpg,
train/paper/paper_021.jpg,train,paper,preserved,v3_prepared,F:\ANHTHU\1-HCMUS\1 - STUDY\0-now\AIOT\PROJECT\CODE\AIOT-SMART-TRASH-BIN\AI\V3\dataset_prepared\train\paper\paper_021.jpg,
train/paper/paper_021__aug_v2_01.jpg,train,paper,preserved,v3_prepared,F:\ANHTHU\1-HCMUS\1 - STUDY\0-now\AIOT\PROJECT\CODE\AIOT-SMART-TRASH-BIN\AI\V3\dataset_prepared\train\paper\paper_021__aug_v2_01.jpg,
train/paper/paper_021__aug_v2_02.jpg,train,paper,preserved,v3_prepared,F:\ANHTHU\1-HCMUS\1 - STUDY\0-now\AIOT\PROJECT\CODE\AIOT-SMART-TRASH-BIN\AI\V3\dataset_prepared\train\paper\paper_021__aug_v2_02.jpg,
train/paper/paper_021__aug_v2_03.jpg,train,paper,preserved,v3_prepared,F:\ANHTHU\1-HCMUS\1 - STUDY\0-now\AIOT\PROJECT\CODE\AIOT-SMART-TRASH-BIN\AI\V3\dataset_prepared\train\paper\paper_021__aug_v2_03.jpg,
train/paper/paper_021__aug_v2_04.jpg,train,paper,preserved,v3_prepared,F:\ANHTHU\1-HCMUS\1 - STUDY\0-now\AIOT\PROJECT\CODE\AIOT-SMART-TRASH-BIN\AI\V3\dataset_prepared\train\paper\paper_021__aug_v2_04.jpg,
train/paper/paper_021__aug_v2_05.jpg,train,paper,preserved,v3_prepared,F:\ANHTHU\1-HCMUS\1 - STUDY\0-now\AIOT\PROJECT\CODE\AIOT-SMART-TRASH-BIN\AI\V3\dataset_prepared\train\paper\paper_021__aug_v2_05.jpg,
train/paper/paper_021__aug_v2_06.jpg,train,paper,preserved,v3_prepared,F:\ANHTHU\1-HCMUS\1 - STUDY\0-now\AIOT\PROJECT\CODE\AIOT-SMART-TRASH-BIN\AI\V3\dataset_prepared\train\paper\paper_021__aug_v2_06.jpg,
train/paper/paper_021__aug_v2_07.jpg,train,paper,preserved,v3_prepared,F:\ANHTHU\1-HCMUS\1 - STUDY\0-now\AIOT\PROJECT\CODE\AIOT-SMART-TRASH-BIN\AI\V3\dataset_prepared\train\paper\paper_021__aug_v2_07.jpg,
train/paper/paper_021__aug_v2_08.jpg,train,paper,preserved,v3_prepared,F:\ANHTHU\1-HCMUS\1 - STUDY\0-now\AIOT\PROJECT\CODE\AIOT-SMART-TRASH-BIN\AI\V3\dataset_prepared\train\paper\paper_021__aug_v2_08.jpg,
train/paper/paper_021__aug_v2_09.jpg,train,paper,preserved,v3_prepared,F:\ANHTHU\1-HCMUS\1 - STUDY\0-now\AIOT\PROJECT\CODE\AIOT-SMART-TRASH-BIN\AI\V3\dataset_prepared\train\paper\paper_021__aug_v2_09.jpg,
train/paper/paper_023.jpg,train,paper,preserved,v3_prepared,F:\ANHTHU\1-HCMUS\1 - STUDY\0-now\AIOT\PROJECT\CODE\AIOT-SMART-TRASH-BIN\AI\V3\dataset_prepared\train\paper\paper_023.jpg,
train/paper/paper_023__aug_v2_01.jpg,train,paper,preserved,v3_prepared,F:\ANHTHU\1-HCMUS\1 - STUDY\0-now\AIOT\PROJECT\CODE\AIOT-SMART-TRASH-BIN\AI\V3\dataset_prepared\train\paper\paper_023__aug_v2_01.jpg,
train/paper/paper_023__aug_v2_02.jpg,train,paper,preserved,v3_prepared,F:\ANHTHU\1-HCMUS\1 - STUDY\0-now\AIOT\PROJECT\CODE\AIOT-SMART-TRASH-BIN\AI\V3\dataset_prepared\train\paper\paper_023__aug_v2_02.jpg,
train/paper/paper_023__aug_v2_03.jpg,train,paper,preserved,v3_prepared,F:\ANHTHU\1-HCMUS\1 - STUDY\0-now\AIOT\PROJECT\CODE\AIOT-SMART-TRASH-BIN\AI\V3\dataset_prepared\train\paper\paper_023__aug_v2_03.jpg,
train/paper/paper_023__aug_v2_04.jpg,train,paper,preserved,v3_prepared,F:\ANHTHU\1-HCMUS\1 - STUDY\0-now\AIOT\PROJECT\CODE\AIOT-SMART-TRASH-BIN\AI\V3\dataset_prepared\train\paper\paper_023__aug_v2_04.jpg,
train/paper/paper_023__aug_v2_05.jpg,train,paper,preserved,v3_prepared,F:\ANHTHU\1-HCMUS\1 - STUDY\0-now\AIOT\PROJECT\CODE\AIOT-SMART-TRASH-BIN\AI\V3\dataset_prepared\train\paper\paper_023__aug_v2_05.jpg,
train/paper/paper_023__aug_v2_06.jpg,train,paper,preserved,v3_prepared,F:\ANHTHU\1-HCMUS\1 - STUDY\0-now\AIOT\PROJECT\CODE\AIOT-SMART-TRASH-BIN\AI\V3\dataset_prepared\train\paper\paper_023__aug_v2_06.jpg,
train/paper/paper_023__aug_v2_07.jpg,train,paper,preserved,v3_prepared,F:\ANHTHU\1-HCMUS\1 - STUDY\0-now\AIOT\PROJECT\CODE\AIOT-SMART-TRASH-BIN\AI\V3\dataset_prepared\train\paper\paper_023__aug_v2_07.jpg,
train/paper/paper_023__aug_v2_08.jpg,train,paper,preserved,v3_prepared,F:\ANHTHU\1-HCMUS\1 - STUDY\0-now\AIOT\PROJECT\CODE\AIOT-SMART-TRASH-BIN\AI\V3\dataset_prepared\train\paper\paper_023__aug_v2_08.jpg,
train/paper/paper_023__aug_v2_09.jpg,train,paper,preserved,v3_prepared,F:\ANHTHU\1-HCMUS\1 - STUDY\0-now\AIOT\PROJECT\CODE\AIOT-SMART-TRASH-BIN\AI\V3\dataset_prepared\train\paper\paper_023__aug_v2_09.jpg,
train/paper/paper_024.jpg,train,paper,preserved,v3_prepared,F:\ANHTHU\1-HCMUS\1 - STUDY\0-now\AIOT\PROJECT\CODE\AIOT-SMART-TRASH-BIN\AI\V3\dataset_prepared\train\paper\paper_024.jpg,
train/paper/paper_024__aug_v2_01.jpg,train,paper,preserved,v3_prepared,F:\ANHTHU\1-HCMUS\1 - STUDY\0-now\AIOT\PROJECT\CODE\AIOT-SMART-TRASH-BIN\AI\V3\dataset_prepared\train\paper\paper_024__aug_v2_01.jpg,
train/paper/paper_024__aug_v2_02.jpg,train,paper,preserved,v3_prepared,F:\ANHTHU\1-HCMUS\1 - STUDY\0-now\AIOT\PROJECT\CODE\AIOT-SMART-TRASH-BIN\AI\V3\dataset_prepared\train\paper\paper_024__aug_v2_02.jpg,
train/paper/paper_024__aug_v2_03.jpg,train,paper,preserved,v3_prepared,F:\ANHTHU\1-HCMUS\1 - STUDY\0-now\AIOT\PROJECT\CODE\AIOT-SMART-TRASH-BIN\AI\V3\dataset_prepared\train\paper\paper_024__aug_v2_03.jpg,
train/paper/paper_024__aug_v2_04.jpg,train,paper,preserved,v3_prepared,F:\ANHTHU\1-HCMUS\1 - STUDY\0-now\AIOT\PROJECT\CODE\AIOT-SMART-TRASH-BIN\AI\V3\dataset_prepared\train\paper\paper_024__aug_v2_04.jpg,
train/paper/paper_024__aug_v2_05.jpg,train,paper,preserved,v3_prepared,F:\ANHTHU\1-HCMUS\1 - STUDY\0-now\AIOT\PROJECT\CODE\AIOT-SMART-TRASH-BIN\AI\V3\dataset_prepared\train\paper\paper_024__aug_v2_05.jpg,
train/paper/paper_024__aug_v2_06.jpg,train,paper,preserved,v3_prepared,F:\ANHTHU\1-HCMUS\1 - STUDY\0-now\AIOT\PROJECT\CODE\AIOT-SMART-TRASH-BIN\AI\V3\dataset_prepared\train\paper\paper_024__aug_v2_06.jpg,
train/paper/paper_024__aug_v2_07.jpg,train,paper,preserved,v3_prepared,F:\ANHTHU\1-HCMUS\1 - STUDY\0-now\AIOT\PROJECT\CODE\AIOT-SMART-TRASH-BIN\AI\V3\dataset_prepared\train\paper\paper_024__aug_v2_07.jpg,
train/paper/paper_024__aug_v2_08.jpg,train,paper,preserved,v3_prepared,F:\ANHTHU\1-HCMUS\1 - STUDY\0-now\AIOT\PROJECT\CODE\AIOT-SMART-TRASH-BIN\AI\V3\dataset_prepared\train\paper\paper_024__aug_v2_08.jpg,
train/paper/paper_024__aug_v2_09.jpg,train,paper,preserved,v3_prepared,F:\ANHTHU\1-HCMUS\1 - STUDY\0-now\AIOT\PROJECT\CODE\AIOT-SMART-TRASH-BIN\AI\V3\dataset_prepared\train\paper\paper_024__aug_v2_09.jpg,
train/paper/paper_027.jpg,train,paper,preserved,v3_prepared,F:\ANHTHU\1-HCMUS\1 - STUDY\0-now\AIOT\PROJECT\CODE\AIOT-SMART-TRASH-BIN\AI\V3\dataset_prepared\train\paper\paper_027.jpg,
train/paper/paper_027__aug_v2_01.jpg,train,paper,preserved,v3_prepared,F:\ANHTHU\1-HCMUS\1 - STUDY\0-now\AIOT\PROJECT\CODE\AIOT-SMART-TRASH-BIN\AI\V3\dataset_prepared\train\paper\paper_027__aug_v2_01.jpg,
train/paper/paper_027__aug_v2_02.jpg,train,paper,preserved,v3_prepared,F:\ANHTHU\1-HCMUS\1 - STUDY\0-now\AIOT\PROJECT\CODE\AIOT-SMART-TRASH-BIN\AI\V3\dataset_prepared\train\paper\paper_027__aug_v2_02.jpg,
train/paper/paper_027__aug_v2_03.jpg,train,paper,preserved,v3_prepared,F:\ANHTHU\1-HCMUS\1 - STUDY\0-now\AIOT\PROJECT\CODE\AIOT-SMART-TRASH-BIN\AI\V3\dataset_prepared\train\paper\paper_027__aug_v2_03.jpg,
train/paper/paper_027__aug_v2_04.jpg,train,paper,preserved,v3_prepared,F:\ANHTHU\1-HCMUS\1 - STUDY\0-now\AIOT\PROJECT\CODE\AIOT-SMART-TRASH-BIN\AI\V3\dataset_prepared\train\paper\paper_027__aug_v2_04.jpg,
train/paper/paper_027__aug_v2_05.jpg,train,paper,preserved,v3_prepared,F:\ANHTHU\1-HCMUS\1 - STUDY\0-now\AIOT\PROJECT\CODE\AIOT-SMART-TRASH-BIN\AI\V3\dataset_prepared\train\paper\paper_027__aug_v2_05.jpg,
train/paper/paper_027__aug_v2_06.jpg,train,paper,preserved,v3_prepared,F:\ANHTHU\1-HCMUS\1 - STUDY\0-now\AIOT\PROJECT\CODE\AIOT-SMART-TRASH-BIN\AI\V3\dataset_prepared\train\paper\paper_027__aug_v2_06.jpg,
train/paper/paper_027__aug_v2_07.jpg,train,paper,preserved,v3_prepared,F:\ANHTHU\1-HCMUS\1 - STUDY\0-now\AIOT\PROJECT\CODE\AIOT-SMART-TRASH-BIN\AI\V3\dataset_prepared\train\paper\paper_027__aug_v2_07.jpg,
train/paper/paper_027__aug_v2_08.jpg,train,paper,preserved,v3_prepared,F:\ANHTHU\1-HCMUS\1 - STUDY\0-now\AIOT\PROJECT\CODE\AIOT-SMART-TRASH-BIN\AI\V3\dataset_prepared\train\paper\paper_027__aug_v2_08.jpg,
train/paper/paper_027__aug_v2_09.jpg,train,paper,preserved,v3_prepared,F:\ANHTHU\1-HCMUS\1 - STUDY\0-now\AIOT\PROJECT\CODE\AIOT-SMART-TRASH-BIN\AI\V3\dataset_prepared\train\paper\paper_027__aug_v2_09.jpg,
train/paper/paper_028.jpg,train,paper,preserved,v3_prepared,F:\ANHTHU\1-HCMUS\1 - STUDY\0-now\AIOT\PROJECT\CODE\AIOT-SMART-TRASH-BIN\AI\V3\dataset_prepared\train\paper\paper_028.jpg,
train/paper/paper_028__aug_v2_01.jpg,train,paper,preserved,v3_prepared,F:\ANHTHU\1-HCMUS\1 - STUDY\0-now\AIOT\PROJECT\CODE\AIOT-SMART-TRASH-BIN\AI\V3\dataset_prepared\train\paper\paper_028__aug_v2_01.jpg,
train/paper/paper_028__aug_v2_02.jpg,train,paper,preserved,v3_prepared,F:\ANHTHU\1-HCMUS\1 - STUDY\0-now\AIOT\PROJECT\CODE\AIOT-SMART-TRASH-BIN\AI\V3\dataset_prepared\train\paper\paper_028__aug_v2_02.jpg,
train/paper/paper_028__aug_v2_03.jpg,train,paper,preserved,v3_prepared,F:\ANHTHU\1-HCMUS\1 - STUDY\0-now\AIOT\PROJECT\CODE\AIOT-SMART-TRASH-BIN\AI\V3\dataset_prepared\train\paper\paper_028__aug_v2_03.jpg,
train/paper/paper_028__aug_v2_04.jpg,train,paper,preserved,v3_prepared,F:\ANHTHU\1-HCMUS\1 - STUDY\0-now\AIOT\PROJECT\CODE\AIOT-SMART-TRASH-BIN\AI\V3\dataset_prepared\train\paper\paper_028__aug_v2_04.jpg,
train/paper/paper_028__aug_v2_05.jpg,train,paper,preserved,v3_prepared,F:\ANHTHU\1-HCMUS\1 - STUDY\0-now\AIOT\PROJECT\CODE\AIOT-SMART-TRASH-BIN\AI\V3\dataset_prepared\train\paper\paper_028__aug_v2_05.jpg,
train/paper/paper_028__aug_v2_06.jpg,train,paper,preserved,v3_prepared,F:\ANHTHU\1-HCMUS\1 - STUDY\0-now\AIOT\PROJECT\CODE\AIOT-SMART-TRASH-BIN\AI\V3\dataset_prepared\train\paper\paper_028__aug_v2_06.jpg,
train/paper/paper_028__aug_v2_07.jpg,train,paper,preserved,v3_prepared,F:\ANHTHU\1-HCMUS\1 - STUDY\0-now\AIOT\PROJECT\CODE\AIOT-SMART-TRASH-BIN\AI\V3\dataset_prepared\train\paper\paper_028__aug_v2_07.jpg,
train/paper/paper_028__aug_v2_08.jpg,train,paper,preserved,v3_prepared,F:\ANHTHU\1-HCMUS\1 - STUDY\0-now\AIOT\PROJECT\CODE\AIOT-SMART-TRASH-BIN\AI\V3\dataset_prepared\train\paper\paper_028__aug_v2_08.jpg,
train/paper/paper_028__aug_v2_09.jpg,train,paper,preserved,v3_prepared,F:\ANHTHU\1-HCMUS\1 - STUDY\0-now\AIOT\PROJECT\CODE\AIOT-SMART-TRASH-BIN\AI\V3\dataset_prepared\train\paper\paper_028__aug_v2_09.jpg,
train/paper/paper_030.jpg,train,paper,preserved,v3_prepared,F:\ANHTHU\1-HCMUS\1 - STUDY\0-now\AIOT\PROJECT\CODE\AIOT-SMART-TRASH-BIN\AI\V3\dataset_prepared\train\paper\paper_030.jpg,
train/paper/paper_030__aug_v2_01.jpg,train,paper,preserved,v3_prepared,F:\ANHTHU\1-HCMUS\1 - STUDY\0-now\AIOT\PROJECT\CODE\AIOT-SMART-TRASH-BIN\AI\V3\dataset_prepared\train\paper\paper_030__aug_v2_01.jpg,
train/paper/paper_030__aug_v2_02.jpg,train,paper,preserved,v3_prepared,F:\ANHTHU\1-HCMUS\1 - STUDY\0-now\AIOT\PROJECT\CODE\AIOT-SMART-TRASH-BIN\AI\V3\dataset_prepared\train\paper\paper_030__aug_v2_02.jpg,
train/paper/paper_030__aug_v2_03.jpg,train,paper,preserved,v3_prepared,F:\ANHTHU\1-HCMUS\1 - STUDY\0-now\AIOT\PROJECT\CODE\AIOT-SMART-TRASH-BIN\AI\V3\dataset_prepared\train\paper\paper_030__aug_v2_03.jpg,
train/paper/paper_030__aug_v2_04.jpg,train,paper,preserved,v3_prepared,F:\ANHTHU\1-HCMUS\1 - STUDY\0-now\AIOT\PROJECT\CODE\AIOT-SMART-TRASH-BIN\AI\V3\dataset_prepared\train\paper\paper_030__aug_v2_04.jpg,
train/paper/paper_030__aug_v2_05.jpg,train,paper,preserved,v3_prepared,F:\ANHTHU\1-HCMUS\1 - STUDY\0-now\AIOT\PROJECT\CODE\AIOT-SMART-TRASH-BIN\AI\V3\dataset_prepared\train\paper\paper_030__aug_v2_05.jpg,
train/paper/paper_030__aug_v2_06.jpg,train,paper,preserved,v3_prepared,F:\ANHTHU\1-HCMUS\1 - STUDY\0-now\AIOT\PROJECT\CODE\AIOT-SMART-TRASH-BIN\AI\V3\dataset_prepared\train\paper\paper_030__aug_v2_06.jpg,
train/paper/paper_030__aug_v2_07.jpg,train,paper,preserved,v3_prepared,F:\ANHTHU\1-HCMUS\1 - STUDY\0-now\AIOT\PROJECT\CODE\AIOT-SMART-TRASH-BIN\AI\V3\dataset_prepared\train\paper\paper_030__aug_v2_07.jpg,
train/paper/paper_030__aug_v2_08.jpg,train,paper,preserved,v3_prepared,F:\ANHTHU\1-HCMUS\1 - STUDY\0-now\AIOT\PROJECT\CODE\AIOT-SMART-TRASH-BIN\AI\V3\dataset_prepared\train\paper\paper_030__aug_v2_08.jpg,
train/paper/paper_030__aug_v2_09.jpg,train,paper,preserved,v3_prepared,F:\ANHTHU\1-HCMUS\1 - STUDY\0-now\AIOT\PROJECT\CODE\AIOT-SMART-TRASH-BIN\AI\V3\dataset_prepared\train\paper\paper_030__aug_v2_09.jpg,
train/paper/paper_031.jpg,train,paper,preserved,v3_prepared,F:\ANHTHU\1-HCMUS\1 - STUDY\0-now\AIOT\PROJECT\CODE\AIOT-SMART-TRASH-BIN\AI\V3\dataset_prepared\train\paper\paper_031.jpg,
train/paper/paper_031__aug_v2_01.jpg,train,paper,preserved,v3_prepared,F:\ANHTHU\1-HCMUS\1 - STUDY\0-now\AIOT\PROJECT\CODE\AIOT-SMART-TRASH-BIN\AI\V3\dataset_prepared\train\paper\paper_031__aug_v2_01.jpg,
train/paper/paper_031__aug_v2_02.jpg,train,paper,preserved,v3_prepared,F:\ANHTHU\1-HCMUS\1 - STUDY\0-now\AIOT\PROJECT\CODE\AIOT-SMART-TRASH-BIN\AI\V3\dataset_prepared\train\paper\paper_031__aug_v2_02.jpg,
train/paper/paper_031__aug_v2_03.jpg,train,paper,preserved,v3_prepared,F:\ANHTHU\1-HCMUS\1 - STUDY\0-now\AIOT\PROJECT\CODE\AIOT-SMART-TRASH-BIN\AI\V3\dataset_prepared\train\paper\paper_031__aug_v2_03.jpg,
train/paper/paper_031__aug_v2_04.jpg,train,paper,preserved,v3_prepared,F:\ANHTHU\1-HCMUS\1 - STUDY\0-now\AIOT\PROJECT\CODE\AIOT-SMART-TRASH-BIN\AI\V3\dataset_prepared\train\paper\paper_031__aug_v2_04.jpg,
train/paper/paper_031__aug_v2_05.jpg,train,paper,preserved,v3_prepared,F:\ANHTHU\1-HCMUS\1 - STUDY\0-now\AIOT\PROJECT\CODE\AIOT-SMART-TRASH-BIN\AI\V3\dataset_prepared\train\paper\paper_031__aug_v2_05.jpg,
train/paper/paper_031__aug_v2_06.jpg,train,paper,preserved,v3_prepared,F:\ANHTHU\1-HCMUS\1 - STUDY\0-now\AIOT\PROJECT\CODE\AIOT-SMART-TRASH-BIN\AI\V3\dataset_prepared\train\paper\paper_031__aug_v2_06.jpg,
train/paper/paper_031__aug_v2_07.jpg,train,paper,preserved,v3_prepared,F:\ANHTHU\1-HCMUS\1 - STUDY\0-now\AIOT\PROJECT\CODE\AIOT-SMART-TRASH-BIN\AI\V3\dataset_prepared\train\paper\paper_031__aug_v2_07.jpg,
train/paper/paper_031__aug_v2_08.jpg,train,paper,preserved,v3_prepared,F:\ANHTHU\1-HCMUS\1 - STUDY\0-now\AIOT\PROJECT\CODE\AIOT-SMART-TRASH-BIN\AI\V3\dataset_prepared\train\paper\paper_031__aug_v2_08.jpg,
train/paper/paper_031__aug_v2_09.jpg,train,paper,preserved,v3_prepared,F:\ANHTHU\1-HCMUS\1 - STUDY\0-now\AIOT\PROJECT\CODE\AIOT-SMART-TRASH-BIN\AI\V3\dataset_prepared\train\paper\paper_031__aug_v2_09.jpg,
train/paper/paper_032.jpg,train,paper,preserved,v3_prepared,F:\ANHTHU\1-HCMUS\1 - STUDY\0-now\AIOT\PROJECT\CODE\AIOT-SMART-TRASH-BIN\AI\V3\dataset_prepared\train\paper\paper_032.jpg,
train/paper/paper_032__aug_v2_01.jpg,train,paper,preserved,v3_prepared,F:\ANHTHU\1-HCMUS\1 - STUDY\0-now\AIOT\PROJECT\CODE\AIOT-SMART-TRASH-BIN\AI\V3\dataset_prepared\train\paper\paper_032__aug_v2_01.jpg,
train/paper/paper_032__aug_v2_02.jpg,train,paper,preserved,v3_prepared,F:\ANHTHU\1-HCMUS\1 - STUDY\0-now\AIOT\PROJECT\CODE\AIOT-SMART-TRASH-BIN\AI\V3\dataset_prepared\train\paper\paper_032__aug_v2_02.jpg,
train/paper/paper_032__aug_v2_03.jpg,train,paper,preserved,v3_prepared,F:\ANHTHU\1-HCMUS\1 - STUDY\0-now\AIOT\PROJECT\CODE\AIOT-SMART-TRASH-BIN\AI\V3\dataset_prepared\train\paper\paper_032__aug_v2_03.jpg,
train/paper/paper_032__aug_v2_04.jpg,train,paper,preserved,v3_prepared,F:\ANHTHU\1-HCMUS\1 - STUDY\0-now\AIOT\PROJECT\CODE\AIOT-SMART-TRASH-BIN\AI\V3\dataset_prepared\train\paper\paper_032__aug_v2_04.jpg,
train/paper/paper_032__aug_v2_05.jpg,train,paper,preserved,v3_prepared,F:\ANHTHU\1-HCMUS\1 - STUDY\0-now\AIOT\PROJECT\CODE\AIOT-SMART-TRASH-BIN\AI\V3\dataset_prepared\train\paper\paper_032__aug_v2_05.jpg,
train/paper/paper_032__aug_v2_06.jpg,train,paper,preserved,v3_prepared,F:\ANHTHU\1-HCMUS\1 - STUDY\0-now\AIOT\PROJECT\CODE\AIOT-SMART-TRASH-BIN\AI\V3\dataset_prepared\train\paper\paper_032__aug_v2_06.jpg,
train/paper/paper_032__aug_v2_07.jpg,train,paper,preserved,v3_prepared,F:\ANHTHU\1-HCMUS\1 - STUDY\0-now\AIOT\PROJECT\CODE\AIOT-SMART-TRASH-BIN\AI\V3\dataset_prepared\train\paper\paper_032__aug_v2_07.jpg,
train/paper/paper_032__aug_v2_08.jpg,train,paper,preserved,v3_prepared,F:\ANHTHU\1-HCMUS\1 - STUDY\0-now\AIOT\PROJECT\CODE\AIOT-SMART-TRASH-BIN\AI\V3\dataset_prepared\train\paper\paper_032__aug_v2_08.jpg,
train/paper/paper_032__aug_v2_09.jpg,train,paper,preserved,v3_prepared,F:\ANHTHU\1-HCMUS\1 - STUDY\0-now\AIOT\PROJECT\CODE\AIOT-SMART-TRASH-BIN\AI\V3\dataset_prepared\train\paper\paper_032__aug_v2_09.jpg,
train/paper/paper_033.jpg,train,paper,preserved,v3_prepared,F:\ANHTHU\1-HCMUS\1 - STUDY\0-now\AIOT\PROJECT\CODE\AIOT-SMART-TRASH-BIN\AI\V3\dataset_prepared\train\paper\paper_033.jpg,
train/paper/paper_033__aug_v2_01.jpg,train,paper,preserved,v3_prepared,F:\ANHTHU\1-HCMUS\1 - STUDY\0-now\AIOT\PROJECT\CODE\AIOT-SMART-TRASH-BIN\AI\V3\dataset_prepared\train\paper\paper_033__aug_v2_01.jpg,
train/paper/paper_033__aug_v2_02.jpg,train,paper,preserved,v3_prepared,F:\ANHTHU\1-HCMUS\1 - STUDY\0-now\AIOT\PROJECT\CODE\AIOT-SMART-TRASH-BIN\AI\V3\dataset_prepared\train\paper\paper_033__aug_v2_02.jpg,
train/paper/paper_033__aug_v2_03.jpg,train,paper,preserved,v3_prepared,F:\ANHTHU\1-HCMUS\1 - STUDY\0-now\AIOT\PROJECT\CODE\AIOT-SMART-TRASH-BIN\AI\V3\dataset_prepared\train\paper\paper_033__aug_v2_03.jpg,
train/paper/paper_033__aug_v2_04.jpg,train,paper,preserved,v3_prepared,F:\ANHTHU\1-HCMUS\1 - STUDY\0-now\AIOT\PROJECT\CODE\AIOT-SMART-TRASH-BIN\AI\V3\dataset_prepared\train\paper\paper_033__aug_v2_04.jpg,
train/paper/paper_033__aug_v2_05.jpg,train,paper,preserved,v3_prepared,F:\ANHTHU\1-HCMUS\1 - STUDY\0-now\AIOT\PROJECT\CODE\AIOT-SMART-TRASH-BIN\AI\V3\dataset_prepared\train\paper\paper_033__aug_v2_05.jpg,
train/paper/paper_033__aug_v2_06.jpg,train,paper,preserved,v3_prepared,F:\ANHTHU\1-HCMUS\1 - STUDY\0-now\AIOT\PROJECT\CODE\AIOT-SMART-TRASH-BIN\AI\V3\dataset_prepared\train\paper\paper_033__aug_v2_06.jpg,
train/paper/paper_033__aug_v2_07.jpg,train,paper,preserved,v3_prepared,F:\ANHTHU\1-HCMUS\1 - STUDY\0-now\AIOT\PROJECT\CODE\AIOT-SMART-TRASH-BIN\AI\V3\dataset_prepared\train\paper\paper_033__aug_v2_07.jpg,
train/paper/paper_033__aug_v2_08.jpg,train,paper,preserved,v3_prepared,F:\ANHTHU\1-HCMUS\1 - STUDY\0-now\AIOT\PROJECT\CODE\AIOT-SMART-TRASH-BIN\AI\V3\dataset_prepared\train\paper\paper_033__aug_v2_08.jpg,
train/paper/paper_033__aug_v2_09.jpg,train,paper,preserved,v3_prepared,F:\ANHTHU\1-HCMUS\1 - STUDY\0-now\AIOT\PROJECT\CODE\AIOT-SMART-TRASH-BIN\AI\V3\dataset_prepared\train\paper\paper_033__aug_v2_09.jpg,
train/paper/paper_034.jpg,train,paper,preserved,v3_prepared,F:\ANHTHU\1-HCMUS\1 - STUDY\0-now\AIOT\PROJECT\CODE\AIOT-SMART-TRASH-BIN\AI\V3\dataset_prepared\train\paper\paper_034.jpg,
train/paper/paper_034__aug_v2_01.jpg,train,paper,preserved,v3_prepared,F:\ANHTHU\1-HCMUS\1 - STUDY\0-now\AIOT\PROJECT\CODE\AIOT-SMART-TRASH-BIN\AI\V3\dataset_prepared\train\paper\paper_034__aug_v2_01.jpg,
train/paper/paper_034__aug_v2_02.jpg,train,paper,preserved,v3_prepared,F:\ANHTHU\1-HCMUS\1 - STUDY\0-now\AIOT\PROJECT\CODE\AIOT-SMART-TRASH-BIN\AI\V3\dataset_prepared\train\paper\paper_034__aug_v2_02.jpg,
train/paper/paper_034__aug_v2_03.jpg,train,paper,preserved,v3_prepared,F:\ANHTHU\1-HCMUS\1 - STUDY\0-now\AIOT\PROJECT\CODE\AIOT-SMART-TRASH-BIN\AI\V3\dataset_prepared\train\paper\paper_034__aug_v2_03.jpg,
train/paper/paper_034__aug_v2_04.jpg,train,paper,preserved,v3_prepared,F:\ANHTHU\1-HCMUS\1 - STUDY\0-now\AIOT\PROJECT\CODE\AIOT-SMART-TRASH-BIN\AI\V3\dataset_prepared\train\paper\paper_034__aug_v2_04.jpg,
train/paper/paper_034__aug_v2_05.jpg,train,paper,preserved,v3_prepared,F:\ANHTHU\1-HCMUS\1 - STUDY\0-now\AIOT\PROJECT\CODE\AIOT-SMART-TRASH-BIN\AI\V3\dataset_prepared\train\paper\paper_034__aug_v2_05.jpg,
train/paper/paper_034__aug_v2_06.jpg,train,paper,preserved,v3_prepared,F:\ANHTHU\1-HCMUS\1 - STUDY\0-now\AIOT\PROJECT\CODE\AIOT-SMART-TRASH-BIN\AI\V3\dataset_prepared\train\paper\paper_034__aug_v2_06.jpg,
train/paper/paper_034__aug_v2_07.jpg,train,paper,preserved,v3_prepared,F:\ANHTHU\1-HCMUS\1 - STUDY\0-now\AIOT\PROJECT\CODE\AIOT-SMART-TRASH-BIN\AI\V3\dataset_prepared\train\paper\paper_034__aug_v2_07.jpg,
train/paper/paper_034__aug_v2_08.jpg,train,paper,preserved,v3_prepared,F:\ANHTHU\1-HCMUS\1 - STUDY\0-now\AIOT\PROJECT\CODE\AIOT-SMART-TRASH-BIN\AI\V3\dataset_prepared\train\paper\paper_034__aug_v2_08.jpg,
train/paper/paper_034__aug_v2_09.jpg,train,paper,preserved,v3_prepared,F:\ANHTHU\1-HCMUS\1 - STUDY\0-now\AIOT\PROJECT\CODE\AIOT-SMART-TRASH-BIN\AI\V3\dataset_prepared\train\paper\paper_034__aug_v2_09.jpg,
train/paper/paper_035.jpg,train,paper,preserved,v3_prepared,F:\ANHTHU\1-HCMUS\1 - STUDY\0-now\AIOT\PROJECT\CODE\AIOT-SMART-TRASH-BIN\AI\V3\dataset_prepared\train\paper\paper_035.jpg,
train/paper/paper_035__aug_v2_01.jpg,train,paper,preserved,v3_prepared,F:\ANHTHU\1-HCMUS\1 - STUDY\0-now\AIOT\PROJECT\CODE\AIOT-SMART-TRASH-BIN\AI\V3\dataset_prepared\train\paper\paper_035__aug_v2_01.jpg,
train/paper/paper_035__aug_v2_02.jpg,train,paper,preserved,v3_prepared,F:\ANHTHU\1-HCMUS\1 - STUDY\0-now\AIOT\PROJECT\CODE\AIOT-SMART-TRASH-BIN\AI\V3\dataset_prepared\train\paper\paper_035__aug_v2_02.jpg,
train/paper/paper_035__aug_v2_03.jpg,train,paper,preserved,v3_prepared,F:\ANHTHU\1-HCMUS\1 - STUDY\0-now\AIOT\PROJECT\CODE\AIOT-SMART-TRASH-BIN\AI\V3\dataset_prepared\train\paper\paper_035__aug_v2_03.jpg,
train/paper/paper_035__aug_v2_04.jpg,train,paper,preserved,v3_prepared,F:\ANHTHU\1-HCMUS\1 - STUDY\0-now\AIOT\PROJECT\CODE\AIOT-SMART-TRASH-BIN\AI\V3\dataset_prepared\train\paper\paper_035__aug_v2_04.jpg,
train/paper/paper_035__aug_v2_05.jpg,train,paper,preserved,v3_prepared,F:\ANHTHU\1-HCMUS\1 - STUDY\0-now\AIOT\PROJECT\CODE\AIOT-SMART-TRASH-BIN\AI\V3\dataset_prepared\train\paper\paper_035__aug_v2_05.jpg,
train/paper/paper_035__aug_v2_06.jpg,train,paper,preserved,v3_prepared,F:\ANHTHU\1-HCMUS\1 - STUDY\0-now\AIOT\PROJECT\CODE\AIOT-SMART-TRASH-BIN\AI\V3\dataset_prepared\train\paper\paper_035__aug_v2_06.jpg,
train/paper/paper_035__aug_v2_07.jpg,train,paper,preserved,v3_prepared,F:\ANHTHU\1-HCMUS\1 - STUDY\0-now\AIOT\PROJECT\CODE\AIOT-SMART-TRASH-BIN\AI\V3\dataset_prepared\train\paper\paper_035__aug_v2_07.jpg,
train/paper/paper_035__aug_v2_08.jpg,train,paper,preserved,v3_prepared,F:\ANHTHU\1-HCMUS\1 - STUDY\0-now\AIOT\PROJECT\CODE\AIOT-SMART-TRASH-BIN\AI\V3\dataset_prepared\train\paper\paper_035__aug_v2_08.jpg,
train/paper/paper_035__aug_v2_09.jpg,train,paper,preserved,v3_prepared,F:\ANHTHU\1-HCMUS\1 - STUDY\0-now\AIOT\PROJECT\CODE\AIOT-SMART-TRASH-BIN\AI\V3\dataset_prepared\train\paper\paper_035__aug_v2_09.jpg,
train/paper/paper_037.jpg,train,paper,preserved,v3_prepared,F:\ANHTHU\1-HCMUS\1 - STUDY\0-now\AIOT\PROJECT\CODE\AIOT-SMART-TRASH-BIN\AI\V3\dataset_prepared\train\paper\paper_037.jpg,
train/paper/paper_037__aug_v2_01.jpg,train,paper,preserved,v3_prepared,F:\ANHTHU\1-HCMUS\1 - STUDY\0-now\AIOT\PROJECT\CODE\AIOT-SMART-TRASH-BIN\AI\V3\dataset_prepared\train\paper\paper_037__aug_v2_01.jpg,
train/paper/paper_037__aug_v2_02.jpg,train,paper,preserved,v3_prepared,F:\ANHTHU\1-HCMUS\1 - STUDY\0-now\AIOT\PROJECT\CODE\AIOT-SMART-TRASH-BIN\AI\V3\dataset_prepared\train\paper\paper_037__aug_v2_02.jpg,
train/paper/paper_037__aug_v2_03.jpg,train,paper,preserved,v3_prepared,F:\ANHTHU\1-HCMUS\1 - STUDY\0-now\AIOT\PROJECT\CODE\AIOT-SMART-TRASH-BIN\AI\V3\dataset_prepared\train\paper\paper_037__aug_v2_03.jpg,
train/paper/paper_037__aug_v2_04.jpg,train,paper,preserved,v3_prepared,F:\ANHTHU\1-HCMUS\1 - STUDY\0-now\AIOT\PROJECT\CODE\AIOT-SMART-TRASH-BIN\AI\V3\dataset_prepared\train\paper\paper_037__aug_v2_04.jpg,
train/paper/paper_037__aug_v2_05.jpg,train,paper,preserved,v3_prepared,F:\ANHTHU\1-HCMUS\1 - STUDY\0-now\AIOT\PROJECT\CODE\AIOT-SMART-TRASH-BIN\AI\V3\dataset_prepared\train\paper\paper_037__aug_v2_05.jpg,
train/paper/paper_037__aug_v2_06.jpg,train,paper,preserved,v3_prepared,F:\ANHTHU\1-HCMUS\1 - STUDY\0-now\AIOT\PROJECT\CODE\AIOT-SMART-TRASH-BIN\AI\V3\dataset_prepared\train\paper\paper_037__aug_v2_06.jpg,
train/paper/paper_037__aug_v2_07.jpg,train,paper,preserved,v3_prepared,F:\ANHTHU\1-HCMUS\1 - STUDY\0-now\AIOT\PROJECT\CODE\AIOT-SMART-TRASH-BIN\AI\V3\dataset_prepared\train\paper\paper_037__aug_v2_07.jpg,
train/paper/paper_037__aug_v2_08.jpg,train,paper,preserved,v3_prepared,F:\ANHTHU\1-HCMUS\1 - STUDY\0-now\AIOT\PROJECT\CODE\AIOT-SMART-TRASH-BIN\AI\V3\dataset_prepared\train\paper\paper_037__aug_v2_08.jpg,
train/paper/paper_037__aug_v2_09.jpg,train,paper,preserved,v3_prepared,F:\ANHTHU\1-HCMUS\1 - STUDY\0-now\AIOT\PROJECT\CODE\AIOT-SMART-TRASH-BIN\AI\V3\dataset_prepared\train\paper\paper_037__aug_v2_09.jpg,
train/paper/paper_038.jpg,train,paper,preserved,v3_prepared,F:\ANHTHU\1-HCMUS\1 - STUDY\0-now\AIOT\PROJECT\CODE\AIOT-SMART-TRASH-BIN\AI\V3\dataset_prepared\train\paper\paper_038.jpg,
train/paper/paper_038__aug_v2_01.jpg,train,paper,preserved,v3_prepared,F:\ANHTHU\1-HCMUS\1 - STUDY\0-now\AIOT\PROJECT\CODE\AIOT-SMART-TRASH-BIN\AI\V3\dataset_prepared\train\paper\paper_038__aug_v2_01.jpg,
train/paper/paper_038__aug_v2_02.jpg,train,paper,preserved,v3_prepared,F:\ANHTHU\1-HCMUS\1 - STUDY\0-now\AIOT\PROJECT\CODE\AIOT-SMART-TRASH-BIN\AI\V3\dataset_prepared\train\paper\paper_038__aug_v2_02.jpg,
train/paper/paper_038__aug_v2_03.jpg,train,paper,preserved,v3_prepared,F:\ANHTHU\1-HCMUS\1 - STUDY\0-now\AIOT\PROJECT\CODE\AIOT-SMART-TRASH-BIN\AI\V3\dataset_prepared\train\paper\paper_038__aug_v2_03.jpg,
train/paper/paper_038__aug_v2_04.jpg,train,paper,preserved,v3_prepared,F:\ANHTHU\1-HCMUS\1 - STUDY\0-now\AIOT\PROJECT\CODE\AIOT-SMART-TRASH-BIN\AI\V3\dataset_prepared\train\paper\paper_038__aug_v2_04.jpg,
train/paper/paper_038__aug_v2_05.jpg,train,paper,preserved,v3_prepared,F:\ANHTHU\1-HCMUS\1 - STUDY\0-now\AIOT\PROJECT\CODE\AIOT-SMART-TRASH-BIN\AI\V3\dataset_prepared\train\paper\paper_038__aug_v2_05.jpg,
train/paper/paper_038__aug_v2_06.jpg,train,paper,preserved,v3_prepared,F:\ANHTHU\1-HCMUS\1 - STUDY\0-now\AIOT\PROJECT\CODE\AIOT-SMART-TRASH-BIN\AI\V3\dataset_prepared\train\paper\paper_038__aug_v2_06.jpg,
train/paper/paper_038__aug_v2_07.jpg,train,paper,preserved,v3_prepared,F:\ANHTHU\1-HCMUS\1 - STUDY\0-now\AIOT\PROJECT\CODE\AIOT-SMART-TRASH-BIN\AI\V3\dataset_prepared\train\paper\paper_038__aug_v2_07.jpg,
train/paper/paper_038__aug_v2_08.jpg,train,paper,preserved,v3_prepared,F:\ANHTHU\1-HCMUS\1 - STUDY\0-now\AIOT\PROJECT\CODE\AIOT-SMART-TRASH-BIN\AI\V3\dataset_prepared\train\paper\paper_038__aug_v2_08.jpg,
train/paper/paper_038__aug_v2_09.jpg,train,paper,preserved,v3_prepared,F:\ANHTHU\1-HCMUS\1 - STUDY\0-now\AIOT\PROJECT\CODE\AIOT-SMART-TRASH-BIN\AI\V3\dataset_prepared\train\paper\paper_038__aug_v2_09.jpg,
train/paper/paper_039.jpg,train,paper,preserved,v3_prepared,F:\ANHTHU\1-HCMUS\1 - STUDY\0-now\AIOT\PROJECT\CODE\AIOT-SMART-TRASH-BIN\AI\V3\dataset_prepared\train\paper\paper_039.jpg,
train/paper/paper_039__aug_v2_01.jpg,train,paper,preserved,v3_prepared,F:\ANHTHU\1-HCMUS\1 - STUDY\0-now\AIOT\PROJECT\CODE\AIOT-SMART-TRASH-BIN\AI\V3\dataset_prepared\train\paper\paper_039__aug_v2_01.jpg,
train/paper/paper_039__aug_v2_02.jpg,train,paper,preserved,v3_prepared,F:\ANHTHU\1-HCMUS\1 - STUDY\0-now\AIOT\PROJECT\CODE\AIOT-SMART-TRASH-BIN\AI\V3\dataset_prepared\train\paper\paper_039__aug_v2_02.jpg,
train/paper/paper_039__aug_v2_03.jpg,train,paper,preserved,v3_prepared,F:\ANHTHU\1-HCMUS\1 - STUDY\0-now\AIOT\PROJECT\CODE\AIOT-SMART-TRASH-BIN\AI\V3\dataset_prepared\train\paper\paper_039__aug_v2_03.jpg,
train/paper/paper_039__aug_v2_04.jpg,train,paper,preserved,v3_prepared,F:\ANHTHU\1-HCMUS\1 - STUDY\0-now\AIOT\PROJECT\CODE\AIOT-SMART-TRASH-BIN\AI\V3\dataset_prepared\train\paper\paper_039__aug_v2_04.jpg,
train/paper/paper_039__aug_v2_05.jpg,train,paper,preserved,v3_prepared,F:\ANHTHU\1-HCMUS\1 - STUDY\0-now\AIOT\PROJECT\CODE\AIOT-SMART-TRASH-BIN\AI\V3\dataset_prepared\train\paper\paper_039__aug_v2_05.jpg,
train/paper/paper_039__aug_v2_06.jpg,train,paper,preserved,v3_prepared,F:\ANHTHU\1-HCMUS\1 - STUDY\0-now\AIOT\PROJECT\CODE\AIOT-SMART-TRASH-BIN\AI\V3\dataset_prepared\train\paper\paper_039__aug_v2_06.jpg,
train/paper/paper_039__aug_v2_07.jpg,train,paper,preserved,v3_prepared,F:\ANHTHU\1-HCMUS\1 - STUDY\0-now\AIOT\PROJECT\CODE\AIOT-SMART-TRASH-BIN\AI\V3\dataset_prepared\train\paper\paper_039__aug_v2_07.jpg,
train/paper/paper_039__aug_v2_08.jpg,train,paper,preserved,v3_prepared,F:\ANHTHU\1-HCMUS\1 - STUDY\0-now\AIOT\PROJECT\CODE\AIOT-SMART-TRASH-BIN\AI\V3\dataset_prepared\train\paper\paper_039__aug_v2_08.jpg,
train/paper/paper_039__aug_v2_09.jpg,train,paper,preserved,v3_prepared,F:\ANHTHU\1-HCMUS\1 - STUDY\0-now\AIOT\PROJECT\CODE\AIOT-SMART-TRASH-BIN\AI\V3\dataset_prepared\train\paper\paper_039__aug_v2_09.jpg,
train/paper/paper_040.jpg,train,paper,preserved,v3_prepared,F:\ANHTHU\1-HCMUS\1 - STUDY\0-now\AIOT\PROJECT\CODE\AIOT-SMART-TRASH-BIN\AI\V3\dataset_prepared\train\paper\paper_040.jpg,
train/paper/paper_040__aug_v2_01.jpg,train,paper,preserved,v3_prepared,F:\ANHTHU\1-HCMUS\1 - STUDY\0-now\AIOT\PROJECT\CODE\AIOT-SMART-TRASH-BIN\AI\V3\dataset_prepared\train\paper\paper_040__aug_v2_01.jpg,
train/paper/paper_040__aug_v2_02.jpg,train,paper,preserved,v3_prepared,F:\ANHTHU\1-HCMUS\1 - STUDY\0-now\AIOT\PROJECT\CODE\AIOT-SMART-TRASH-BIN\AI\V3\dataset_prepared\train\paper\paper_040__aug_v2_02.jpg,
train/paper/paper_040__aug_v2_03.jpg,train,paper,preserved,v3_prepared,F:\ANHTHU\1-HCMUS\1 - STUDY\0-now\AIOT\PROJECT\CODE\AIOT-SMART-TRASH-BIN\AI\V3\dataset_prepared\train\paper\paper_040__aug_v2_03.jpg,
train/paper/paper_040__aug_v2_04.jpg,train,paper,preserved,v3_prepared,F:\ANHTHU\1-HCMUS\1 - STUDY\0-now\AIOT\PROJECT\CODE\AIOT-SMART-TRASH-BIN\AI\V3\dataset_prepared\train\paper\paper_040__aug_v2_04.jpg,
train/paper/paper_040__aug_v2_05.jpg,train,paper,preserved,v3_prepared,F:\ANHTHU\1-HCMUS\1 - STUDY\0-now\AIOT\PROJECT\CODE\AIOT-SMART-TRASH-BIN\AI\V3\dataset_prepared\train\paper\paper_040__aug_v2_05.jpg,
train/paper/paper_040__aug_v2_06.jpg,train,paper,preserved,v3_prepared,F:\ANHTHU\1-HCMUS\1 - STUDY\0-now\AIOT\PROJECT\CODE\AIOT-SMART-TRASH-BIN\AI\V3\dataset_prepared\train\paper\paper_040__aug_v2_06.jpg,
train/paper/paper_040__aug_v2_07.jpg,train,paper,preserved,v3_prepared,F:\ANHTHU\1-HCMUS\1 - STUDY\0-now\AIOT\PROJECT\CODE\AIOT-SMART-TRASH-BIN\AI\V3\dataset_prepared\train\paper\paper_040__aug_v2_07.jpg,
train/paper/paper_040__aug_v2_08.jpg,train,paper,preserved,v3_prepared,F:\ANHTHU\1-HCMUS\1 - STUDY\0-now\AIOT\PROJECT\CODE\AIOT-SMART-TRASH-BIN\AI\V3\dataset_prepared\train\paper\paper_040__aug_v2_08.jpg,
train/paper/paper_040__aug_v2_09.jpg,train,paper,preserved,v3_prepared,F:\ANHTHU\1-HCMUS\1 - STUDY\0-now\AIOT\PROJECT\CODE\AIOT-SMART-TRASH-BIN\AI\V3\dataset_prepared\train\paper\paper_040__aug_v2_09.jpg,
train/paper/paper_042.jpg,train,paper,preserved,v3_prepared,F:\ANHTHU\1-HCMUS\1 - STUDY\0-now\AIOT\PROJECT\CODE\AIOT-SMART-TRASH-BIN\AI\V3\dataset_prepared\train\paper\paper_042.jpg,
train/paper/paper_042__aug_v2_01.jpg,train,paper,preserved,v3_prepared,F:\ANHTHU\1-HCMUS\1 - STUDY\0-now\AIOT\PROJECT\CODE\AIOT-SMART-TRASH-BIN\AI\V3\dataset_prepared\train\paper\paper_042__aug_v2_01.jpg,
train/paper/paper_042__aug_v2_02.jpg,train,paper,preserved,v3_prepared,F:\ANHTHU\1-HCMUS\1 - STUDY\0-now\AIOT\PROJECT\CODE\AIOT-SMART-TRASH-BIN\AI\V3\dataset_prepared\train\paper\paper_042__aug_v2_02.jpg,
train/paper/paper_042__aug_v2_03.jpg,train,paper,preserved,v3_prepared,F:\ANHTHU\1-HCMUS\1 - STUDY\0-now\AIOT\PROJECT\CODE\AIOT-SMART-TRASH-BIN\AI\V3\dataset_prepared\train\paper\paper_042__aug_v2_03.jpg,
train/paper/paper_042__aug_v2_04.jpg,train,paper,preserved,v3_prepared,F:\ANHTHU\1-HCMUS\1 - STUDY\0-now\AIOT\PROJECT\CODE\AIOT-SMART-TRASH-BIN\AI\V3\dataset_prepared\train\paper\paper_042__aug_v2_04.jpg,
train/paper/paper_042__aug_v2_05.jpg,train,paper,preserved,v3_prepared,F:\ANHTHU\1-HCMUS\1 - STUDY\0-now\AIOT\PROJECT\CODE\AIOT-SMART-TRASH-BIN\AI\V3\dataset_prepared\train\paper\paper_042__aug_v2_05.jpg,
train/paper/paper_042__aug_v2_06.jpg,train,paper,preserved,v3_prepared,F:\ANHTHU\1-HCMUS\1 - STUDY\0-now\AIOT\PROJECT\CODE\AIOT-SMART-TRASH-BIN\AI\V3\dataset_prepared\train\paper\paper_042__aug_v2_06.jpg,
train/paper/paper_042__aug_v2_07.jpg,train,paper,preserved,v3_prepared,F:\ANHTHU\1-HCMUS\1 - STUDY\0-now\AIOT\PROJECT\CODE\AIOT-SMART-TRASH-BIN\AI\V3\dataset_prepared\train\paper\paper_042__aug_v2_07.jpg,
train/paper/paper_042__aug_v2_08.jpg,train,paper,preserved,v3_prepared,F:\ANHTHU\1-HCMUS\1 - STUDY\0-now\AIOT\PROJECT\CODE\AIOT-SMART-TRASH-BIN\AI\V3\dataset_prepared\train\paper\paper_042__aug_v2_08.jpg,
train/paper/paper_042__aug_v2_09.jpg,train,paper,preserved,v3_prepared,F:\ANHTHU\1-HCMUS\1 - STUDY\0-now\AIOT\PROJECT\CODE\AIOT-SMART-TRASH-BIN\AI\V3\dataset_prepared\train\paper\paper_042__aug_v2_09.jpg,
train/paper/paper_043.jpg,train,paper,preserved,v3_prepared,F:\ANHTHU\1-HCMUS\1 - STUDY\0-now\AIOT\PROJECT\CODE\AIOT-SMART-TRASH-BIN\AI\V3\dataset_prepared\train\paper\paper_043.jpg,
train/paper/paper_043__aug_v2_01.jpg,train,paper,preserved,v3_prepared,F:\ANHTHU\1-HCMUS\1 - STUDY\0-now\AIOT\PROJECT\CODE\AIOT-SMART-TRASH-BIN\AI\V3\dataset_prepared\train\paper\paper_043__aug_v2_01.jpg,
train/paper/paper_043__aug_v2_02.jpg,train,paper,preserved,v3_prepared,F:\ANHTHU\1-HCMUS\1 - STUDY\0-now\AIOT\PROJECT\CODE\AIOT-SMART-TRASH-BIN\AI\V3\dataset_prepared\train\paper\paper_043__aug_v2_02.jpg,
train/paper/paper_043__aug_v2_03.jpg,train,paper,preserved,v3_prepared,F:\ANHTHU\1-HCMUS\1 - STUDY\0-now\AIOT\PROJECT\CODE\AIOT-SMART-TRASH-BIN\AI\V3\dataset_prepared\train\paper\paper_043__aug_v2_03.jpg,
train/paper/paper_043__aug_v2_04.jpg,train,paper,preserved,v3_prepared,F:\ANHTHU\1-HCMUS\1 - STUDY\0-now\AIOT\PROJECT\CODE\AIOT-SMART-TRASH-BIN\AI\V3\dataset_prepared\train\paper\paper_043__aug_v2_04.jpg,
train/paper/paper_043__aug_v2_05.jpg,train,paper,preserved,v3_prepared,F:\ANHTHU\1-HCMUS\1 - STUDY\0-now\AIOT\PROJECT\CODE\AIOT-SMART-TRASH-BIN\AI\V3\dataset_prepared\train\paper\paper_043__aug_v2_05.jpg,
train/paper/paper_043__aug_v2_06.jpg,train,paper,preserved,v3_prepared,F:\ANHTHU\1-HCMUS\1 - STUDY\0-now\AIOT\PROJECT\CODE\AIOT-SMART-TRASH-BIN\AI\V3\dataset_prepared\train\paper\paper_043__aug_v2_06.jpg,
train/paper/paper_043__aug_v2_07.jpg,train,paper,preserved,v3_prepared,F:\ANHTHU\1-HCMUS\1 - STUDY\0-now\AIOT\PROJECT\CODE\AIOT-SMART-TRASH-BIN\AI\V3\dataset_prepared\train\paper\paper_043__aug_v2_07.jpg,
train/paper/paper_043__aug_v2_08.jpg,train,paper,preserved,v3_prepared,F:\ANHTHU\1-HCMUS\1 - STUDY\0-now\AIOT\PROJECT\CODE\AIOT-SMART-TRASH-BIN\AI\V3\dataset_prepared\train\paper\paper_043__aug_v2_08.jpg,
train/paper/paper_043__aug_v2_09.jpg,train,paper,preserved,v3_prepared,F:\ANHTHU\1-HCMUS\1 - STUDY\0-now\AIOT\PROJECT\CODE\AIOT-SMART-TRASH-BIN\AI\V3\dataset_prepared\train\paper\paper_043__aug_v2_09.jpg,
train/paper/paper_044.jpg,train,paper,preserved,v3_prepared,F:\ANHTHU\1-HCMUS\1 - STUDY\0-now\AIOT\PROJECT\CODE\AIOT-SMART-TRASH-BIN\AI\V3\dataset_prepared\train\paper\paper_044.jpg,
train/paper/paper_044__aug_v2_01.jpg,train,paper,preserved,v3_prepared,F:\ANHTHU\1-HCMUS\1 - STUDY\0-now\AIOT\PROJECT\CODE\AIOT-SMART-TRASH-BIN\AI\V3\dataset_prepared\train\paper\paper_044__aug_v2_01.jpg,
train/paper/paper_044__aug_v2_02.jpg,train,paper,preserved,v3_prepared,F:\ANHTHU\1-HCMUS\1 - STUDY\0-now\AIOT\PROJECT\CODE\AIOT-SMART-TRASH-BIN\AI\V3\dataset_prepared\train\paper\paper_044__aug_v2_02.jpg,
train/paper/paper_044__aug_v2_03.jpg,train,paper,preserved,v3_prepared,F:\ANHTHU\1-HCMUS\1 - STUDY\0-now\AIOT\PROJECT\CODE\AIOT-SMART-TRASH-BIN\AI\V3\dataset_prepared\train\paper\paper_044__aug_v2_03.jpg,
train/paper/paper_044__aug_v2_04.jpg,train,paper,preserved,v3_prepared,F:\ANHTHU\1-HCMUS\1 - STUDY\0-now\AIOT\PROJECT\CODE\AIOT-SMART-TRASH-BIN\AI\V3\dataset_prepared\train\paper\paper_044__aug_v2_04.jpg,
train/paper/paper_044__aug_v2_05.jpg,train,paper,preserved,v3_prepared,F:\ANHTHU\1-HCMUS\1 - STUDY\0-now\AIOT\PROJECT\CODE\AIOT-SMART-TRASH-BIN\AI\V3\dataset_prepared\train\paper\paper_044__aug_v2_05.jpg,
train/paper/paper_044__aug_v2_06.jpg,train,paper,preserved,v3_prepared,F:\ANHTHU\1-HCMUS\1 - STUDY\0-now\AIOT\PROJECT\CODE\AIOT-SMART-TRASH-BIN\AI\V3\dataset_prepared\train\paper\paper_044__aug_v2_06.jpg,
train/paper/paper_044__aug_v2_07.jpg,train,paper,preserved,v3_prepared,F:\ANHTHU\1-HCMUS\1 - STUDY\0-now\AIOT\PROJECT\CODE\AIOT-SMART-TRASH-BIN\AI\V3\dataset_prepared\train\paper\paper_044__aug_v2_07.jpg,
train/paper/paper_044__aug_v2_08.jpg,train,paper,preserved,v3_prepared,F:\ANHTHU\1-HCMUS\1 - STUDY\0-now\AIOT\PROJECT\CODE\AIOT-SMART-TRASH-BIN\AI\V3\dataset_prepared\train\paper\paper_044__aug_v2_08.jpg,
train/paper/paper_044__aug_v2_09.jpg,train,paper,preserved,v3_prepared,F:\ANHTHU\1-HCMUS\1 - STUDY\0-now\AIOT\PROJECT\CODE\AIOT-SMART-TRASH-BIN\AI\V3\dataset_prepared\train\paper\paper_044__aug_v2_09.jpg,
train/paper/paper_045.jpg,train,paper,preserved,v3_prepared,F:\ANHTHU\1-HCMUS\1 - STUDY\0-now\AIOT\PROJECT\CODE\AIOT-SMART-TRASH-BIN\AI\V3\dataset_prepared\train\paper\paper_045.jpg,
train/paper/paper_045__aug_v2_01.jpg,train,paper,preserved,v3_prepared,F:\ANHTHU\1-HCMUS\1 - STUDY\0-now\AIOT\PROJECT\CODE\AIOT-SMART-TRASH-BIN\AI\V3\dataset_prepared\train\paper\paper_045__aug_v2_01.jpg,
train/paper/paper_045__aug_v2_02.jpg,train,paper,preserved,v3_prepared,F:\ANHTHU\1-HCMUS\1 - STUDY\0-now\AIOT\PROJECT\CODE\AIOT-SMART-TRASH-BIN\AI\V3\dataset_prepared\train\paper\paper_045__aug_v2_02.jpg,
train/paper/paper_045__aug_v2_03.jpg,train,paper,preserved,v3_prepared,F:\ANHTHU\1-HCMUS\1 - STUDY\0-now\AIOT\PROJECT\CODE\AIOT-SMART-TRASH-BIN\AI\V3\dataset_prepared\train\paper\paper_045__aug_v2_03.jpg,
train/paper/paper_045__aug_v2_04.jpg,train,paper,preserved,v3_prepared,F:\ANHTHU\1-HCMUS\1 - STUDY\0-now\AIOT\PROJECT\CODE\AIOT-SMART-TRASH-BIN\AI\V3\dataset_prepared\train\paper\paper_045__aug_v2_04.jpg,
train/paper/paper_045__aug_v2_05.jpg,train,paper,preserved,v3_prepared,F:\ANHTHU\1-HCMUS\1 - STUDY\0-now\AIOT\PROJECT\CODE\AIOT-SMART-TRASH-BIN\AI\V3\dataset_prepared\train\paper\paper_045__aug_v2_05.jpg,
train/paper/paper_045__aug_v2_06.jpg,train,paper,preserved,v3_prepared,F:\ANHTHU\1-HCMUS\1 - STUDY\0-now\AIOT\PROJECT\CODE\AIOT-SMART-TRASH-BIN\AI\V3\dataset_prepared\train\paper\paper_045__aug_v2_06.jpg,
train/paper/paper_045__aug_v2_07.jpg,train,paper,preserved,v3_prepared,F:\ANHTHU\1-HCMUS\1 - STUDY\0-now\AIOT\PROJECT\CODE\AIOT-SMART-TRASH-BIN\AI\V3\dataset_prepared\train\paper\paper_045__aug_v2_07.jpg,
train/paper/paper_045__aug_v2_08.jpg,train,paper,preserved,v3_prepared,F:\ANHTHU\1-HCMUS\1 - STUDY\0-now\AIOT\PROJECT\CODE\AIOT-SMART-TRASH-BIN\AI\V3\dataset_prepared\train\paper\paper_045__aug_v2_08.jpg,
train/paper/paper_045__aug_v2_09.jpg,train,paper,preserved,v3_prepared,F:\ANHTHU\1-HCMUS\1 - STUDY\0-now\AIOT\PROJECT\CODE\AIOT-SMART-TRASH-BIN\AI\V3\dataset_prepared\train\paper\paper_045__aug_v2_09.jpg,
train/paper/paper_046.jpg,train,paper,preserved,v3_prepared,F:\ANHTHU\1-HCMUS\1 - STUDY\0-now\AIOT\PROJECT\CODE\AIOT-SMART-TRASH-BIN\AI\V3\dataset_prepared\train\paper\paper_046.jpg,
train/paper/paper_046__aug_v2_01.jpg,train,paper,preserved,v3_prepared,F:\ANHTHU\1-HCMUS\1 - STUDY\0-now\AIOT\PROJECT\CODE\AIOT-SMART-TRASH-BIN\AI\V3\dataset_prepared\train\paper\paper_046__aug_v2_01.jpg,
train/paper/paper_046__aug_v2_02.jpg,train,paper,preserved,v3_prepared,F:\ANHTHU\1-HCMUS\1 - STUDY\0-now\AIOT\PROJECT\CODE\AIOT-SMART-TRASH-BIN\AI\V3\dataset_prepared\train\paper\paper_046__aug_v2_02.jpg,
train/paper/paper_046__aug_v2_03.jpg,train,paper,preserved,v3_prepared,F:\ANHTHU\1-HCMUS\1 - STUDY\0-now\AIOT\PROJECT\CODE\AIOT-SMART-TRASH-BIN\AI\V3\dataset_prepared\train\paper\paper_046__aug_v2_03.jpg,
train/paper/paper_046__aug_v2_04.jpg,train,paper,preserved,v3_prepared,F:\ANHTHU\1-HCMUS\1 - STUDY\0-now\AIOT\PROJECT\CODE\AIOT-SMART-TRASH-BIN\AI\V3\dataset_prepared\train\paper\paper_046__aug_v2_04.jpg,
train/paper/paper_046__aug_v2_05.jpg,train,paper,preserved,v3_prepared,F:\ANHTHU\1-HCMUS\1 - STUDY\0-now\AIOT\PROJECT\CODE\AIOT-SMART-TRASH-BIN\AI\V3\dataset_prepared\train\paper\paper_046__aug_v2_05.jpg,
train/paper/paper_046__aug_v2_06.jpg,train,paper,preserved,v3_prepared,F:\ANHTHU\1-HCMUS\1 - STUDY\0-now\AIOT\PROJECT\CODE\AIOT-SMART-TRASH-BIN\AI\V3\dataset_prepared\train\paper\paper_046__aug_v2_06.jpg,
train/paper/paper_046__aug_v2_07.jpg,train,paper,preserved,v3_prepared,F:\ANHTHU\1-HCMUS\1 - STUDY\0-now\AIOT\PROJECT\CODE\AIOT-SMART-TRASH-BIN\AI\V3\dataset_prepared\train\paper\paper_046__aug_v2_07.jpg,
train/paper/paper_046__aug_v2_08.jpg,train,paper,preserved,v3_prepared,F:\ANHTHU\1-HCMUS\1 - STUDY\0-now\AIOT\PROJECT\CODE\AIOT-SMART-TRASH-BIN\AI\V3\dataset_prepared\train\paper\paper_046__aug_v2_08.jpg,
train/paper/paper_046__aug_v2_09.jpg,train,paper,preserved,v3_prepared,F:\ANHTHU\1-HCMUS\1 - STUDY\0-now\AIOT\PROJECT\CODE\AIOT-SMART-TRASH-BIN\AI\V3\dataset_prepared\train\paper\paper_046__aug_v2_09.jpg,
train/paper/paper_047.jpg,train,paper,preserved,v3_prepared,F:\ANHTHU\1-HCMUS\1 - STUDY\0-now\AIOT\PROJECT\CODE\AIOT-SMART-TRASH-BIN\AI\V3\dataset_prepared\train\paper\paper_047.jpg,
train/paper/paper_047__aug_v2_01.jpg,train,paper,preserved,v3_prepared,F:\ANHTHU\1-HCMUS\1 - STUDY\0-now\AIOT\PROJECT\CODE\AIOT-SMART-TRASH-BIN\AI\V3\dataset_prepared\train\paper\paper_047__aug_v2_01.jpg,
train/paper/paper_047__aug_v2_02.jpg,train,paper,preserved,v3_prepared,F:\ANHTHU\1-HCMUS\1 - STUDY\0-now\AIOT\PROJECT\CODE\AIOT-SMART-TRASH-BIN\AI\V3\dataset_prepared\train\paper\paper_047__aug_v2_02.jpg,
train/paper/paper_047__aug_v2_03.jpg,train,paper,preserved,v3_prepared,F:\ANHTHU\1-HCMUS\1 - STUDY\0-now\AIOT\PROJECT\CODE\AIOT-SMART-TRASH-BIN\AI\V3\dataset_prepared\train\paper\paper_047__aug_v2_03.jpg,
train/paper/paper_047__aug_v2_04.jpg,train,paper,preserved,v3_prepared,F:\ANHTHU\1-HCMUS\1 - STUDY\0-now\AIOT\PROJECT\CODE\AIOT-SMART-TRASH-BIN\AI\V3\dataset_prepared\train\paper\paper_047__aug_v2_04.jpg,
train/paper/paper_047__aug_v2_05.jpg,train,paper,preserved,v3_prepared,F:\ANHTHU\1-HCMUS\1 - STUDY\0-now\AIOT\PROJECT\CODE\AIOT-SMART-TRASH-BIN\AI\V3\dataset_prepared\train\paper\paper_047__aug_v2_05.jpg,
train/paper/paper_047__aug_v2_06.jpg,train,paper,preserved,v3_prepared,F:\ANHTHU\1-HCMUS\1 - STUDY\0-now\AIOT\PROJECT\CODE\AIOT-SMART-TRASH-BIN\AI\V3\dataset_prepared\train\paper\paper_047__aug_v2_06.jpg,
train/paper/paper_047__aug_v2_07.jpg,train,paper,preserved,v3_prepared,F:\ANHTHU\1-HCMUS\1 - STUDY\0-now\AIOT\PROJECT\CODE\AIOT-SMART-TRASH-BIN\AI\V3\dataset_prepared\train\paper\paper_047__aug_v2_07.jpg,
train/paper/paper_047__aug_v2_08.jpg,train,paper,preserved,v3_prepared,F:\ANHTHU\1-HCMUS\1 - STUDY\0-now\AIOT\PROJECT\CODE\AIOT-SMART-TRASH-BIN\AI\V3\dataset_prepared\train\paper\paper_047__aug_v2_08.jpg,
train/paper/paper_047__aug_v2_09.jpg,train,paper,preserved,v3_prepared,F:\ANHTHU\1-HCMUS\1 - STUDY\0-now\AIOT\PROJECT\CODE\AIOT-SMART-TRASH-BIN\AI\V3\dataset_prepared\train\paper\paper_047__aug_v2_09.jpg,
train/paper/paper_048.jpg,train,paper,preserved,v3_prepared,F:\ANHTHU\1-HCMUS\1 - STUDY\0-now\AIOT\PROJECT\CODE\AIOT-SMART-TRASH-BIN\AI\V3\dataset_prepared\train\paper\paper_048.jpg,
train/paper/paper_048__aug_v2_01.jpg,train,paper,preserved,v3_prepared,F:\ANHTHU\1-HCMUS\1 - STUDY\0-now\AIOT\PROJECT\CODE\AIOT-SMART-TRASH-BIN\AI\V3\dataset_prepared\train\paper\paper_048__aug_v2_01.jpg,
train/paper/paper_048__aug_v2_02.jpg,train,paper,preserved,v3_prepared,F:\ANHTHU\1-HCMUS\1 - STUDY\0-now\AIOT\PROJECT\CODE\AIOT-SMART-TRASH-BIN\AI\V3\dataset_prepared\train\paper\paper_048__aug_v2_02.jpg,
train/paper/paper_048__aug_v2_03.jpg,train,paper,preserved,v3_prepared,F:\ANHTHU\1-HCMUS\1 - STUDY\0-now\AIOT\PROJECT\CODE\AIOT-SMART-TRASH-BIN\AI\V3\dataset_prepared\train\paper\paper_048__aug_v2_03.jpg,
train/paper/paper_048__aug_v2_04.jpg,train,paper,preserved,v3_prepared,F:\ANHTHU\1-HCMUS\1 - STUDY\0-now\AIOT\PROJECT\CODE\AIOT-SMART-TRASH-BIN\AI\V3\dataset_prepared\train\paper\paper_048__aug_v2_04.jpg,
train/paper/paper_048__aug_v2_05.jpg,train,paper,preserved,v3_prepared,F:\ANHTHU\1-HCMUS\1 - STUDY\0-now\AIOT\PROJECT\CODE\AIOT-SMART-TRASH-BIN\AI\V3\dataset_prepared\train\paper\paper_048__aug_v2_05.jpg,
train/paper/paper_048__aug_v2_06.jpg,train,paper,preserved,v3_prepared,F:\ANHTHU\1-HCMUS\1 - STUDY\0-now\AIOT\PROJECT\CODE\AIOT-SMART-TRASH-BIN\AI\V3\dataset_prepared\train\paper\paper_048__aug_v2_06.jpg,
train/paper/paper_048__aug_v2_07.jpg,train,paper,preserved,v3_prepared,F:\ANHTHU\1-HCMUS\1 - STUDY\0-now\AIOT\PROJECT\CODE\AIOT-SMART-TRASH-BIN\AI\V3\dataset_prepared\train\paper\paper_048__aug_v2_07.jpg,
train/paper/paper_048__aug_v2_08.jpg,train,paper,preserved,v3_prepared,F:\ANHTHU\1-HCMUS\1 - STUDY\0-now\AIOT\PROJECT\CODE\AIOT-SMART-TRASH-BIN\AI\V3\dataset_prepared\train\paper\paper_048__aug_v2_08.jpg,
train/paper/paper_048__aug_v2_09.jpg,train,paper,preserved,v3_prepared,F:\ANHTHU\1-HCMUS\1 - STUDY\0-now\AIOT\PROJECT\CODE\AIOT-SMART-TRASH-BIN\AI\V3\dataset_prepared\train\paper\paper_048__aug_v2_09.jpg,
train/paper/paper_049.jpg,train,paper,preserved,v3_prepared,F:\ANHTHU\1-HCMUS\1 - STUDY\0-now\AIOT\PROJECT\CODE\AIOT-SMART-TRASH-BIN\AI\V3\dataset_prepared\train\paper\paper_049.jpg,
train/paper/paper_049__aug_v2_01.jpg,train,paper,preserved,v3_prepared,F:\ANHTHU\1-HCMUS\1 - STUDY\0-now\AIOT\PROJECT\CODE\AIOT-SMART-TRASH-BIN\AI\V3\dataset_prepared\train\paper\paper_049__aug_v2_01.jpg,
train/paper/paper_049__aug_v2_02.jpg,train,paper,preserved,v3_prepared,F:\ANHTHU\1-HCMUS\1 - STUDY\0-now\AIOT\PROJECT\CODE\AIOT-SMART-TRASH-BIN\AI\V3\dataset_prepared\train\paper\paper_049__aug_v2_02.jpg,
train/paper/paper_049__aug_v2_03.jpg,train,paper,preserved,v3_prepared,F:\ANHTHU\1-HCMUS\1 - STUDY\0-now\AIOT\PROJECT\CODE\AIOT-SMART-TRASH-BIN\AI\V3\dataset_prepared\train\paper\paper_049__aug_v2_03.jpg,
train/paper/paper_049__aug_v2_04.jpg,train,paper,preserved,v3_prepared,F:\ANHTHU\1-HCMUS\1 - STUDY\0-now\AIOT\PROJECT\CODE\AIOT-SMART-TRASH-BIN\AI\V3\dataset_prepared\train\paper\paper_049__aug_v2_04.jpg,
train/paper/paper_049__aug_v2_05.jpg,train,paper,preserved,v3_prepared,F:\ANHTHU\1-HCMUS\1 - STUDY\0-now\AIOT\PROJECT\CODE\AIOT-SMART-TRASH-BIN\AI\V3\dataset_prepared\train\paper\paper_049__aug_v2_05.jpg,
train/paper/paper_049__aug_v2_06.jpg,train,paper,preserved,v3_prepared,F:\ANHTHU\1-HCMUS\1 - STUDY\0-now\AIOT\PROJECT\CODE\AIOT-SMART-TRASH-BIN\AI\V3\dataset_prepared\train\paper\paper_049__aug_v2_06.jpg,
train/paper/paper_049__aug_v2_07.jpg,train,paper,preserved,v3_prepared,F:\ANHTHU\1-HCMUS\1 - STUDY\0-now\AIOT\PROJECT\CODE\AIOT-SMART-TRASH-BIN\AI\V3\dataset_prepared\train\paper\paper_049__aug_v2_07.jpg,
train/paper/paper_049__aug_v2_08.jpg,train,paper,preserved,v3_prepared,F:\ANHTHU\1-HCMUS\1 - STUDY\0-now\AIOT\PROJECT\CODE\AIOT-SMART-TRASH-BIN\AI\V3\dataset_prepared\train\paper\paper_049__aug_v2_08.jpg,
train/paper/paper_049__aug_v2_09.jpg,train,paper,preserved,v3_prepared,F:\ANHTHU\1-HCMUS\1 - STUDY\0-now\AIOT\PROJECT\CODE\AIOT-SMART-TRASH-BIN\AI\V3\dataset_prepared\train\paper\paper_049__aug_v2_09.jpg,
train/paper/paper_050.jpg,train,paper,preserved,v3_prepared,F:\ANHTHU\1-HCMUS\1 - STUDY\0-now\AIOT\PROJECT\CODE\AIOT-SMART-TRASH-BIN\AI\V3\dataset_prepared\train\paper\paper_050.jpg,
train/paper/paper_050__aug_v2_01.jpg,train,paper,preserved,v3_prepared,F:\ANHTHU\1-HCMUS\1 - STUDY\0-now\AIOT\PROJECT\CODE\AIOT-SMART-TRASH-BIN\AI\V3\dataset_prepared\train\paper\paper_050__aug_v2_01.jpg,
train/paper/paper_050__aug_v2_02.jpg,train,paper,preserved,v3_prepared,F:\ANHTHU\1-HCMUS\1 - STUDY\0-now\AIOT\PROJECT\CODE\AIOT-SMART-TRASH-BIN\AI\V3\dataset_prepared\train\paper\paper_050__aug_v2_02.jpg,
train/paper/paper_050__aug_v2_03.jpg,train,paper,preserved,v3_prepared,F:\ANHTHU\1-HCMUS\1 - STUDY\0-now\AIOT\PROJECT\CODE\AIOT-SMART-TRASH-BIN\AI\V3\dataset_prepared\train\paper\paper_050__aug_v2_03.jpg,
train/paper/paper_050__aug_v2_04.jpg,train,paper,preserved,v3_prepared,F:\ANHTHU\1-HCMUS\1 - STUDY\0-now\AIOT\PROJECT\CODE\AIOT-SMART-TRASH-BIN\AI\V3\dataset_prepared\train\paper\paper_050__aug_v2_04.jpg,
train/paper/paper_050__aug_v2_05.jpg,train,paper,preserved,v3_prepared,F:\ANHTHU\1-HCMUS\1 - STUDY\0-now\AIOT\PROJECT\CODE\AIOT-SMART-TRASH-BIN\AI\V3\dataset_prepared\train\paper\paper_050__aug_v2_05.jpg,
train/paper/paper_050__aug_v2_06.jpg,train,paper,preserved,v3_prepared,F:\ANHTHU\1-HCMUS\1 - STUDY\0-now\AIOT\PROJECT\CODE\AIOT-SMART-TRASH-BIN\AI\V3\dataset_prepared\train\paper\paper_050__aug_v2_06.jpg,
train/paper/paper_050__aug_v2_07.jpg,train,paper,preserved,v3_prepared,F:\ANHTHU\1-HCMUS\1 - STUDY\0-now\AIOT\PROJECT\CODE\AIOT-SMART-TRASH-BIN\AI\V3\dataset_prepared\train\paper\paper_050__aug_v2_07.jpg,
train/paper/paper_050__aug_v2_08.jpg,train,paper,preserved,v3_prepared,F:\ANHTHU\1-HCMUS\1 - STUDY\0-now\AIOT\PROJECT\CODE\AIOT-SMART-TRASH-BIN\AI\V3\dataset_prepared\train\paper\paper_050__aug_v2_08.jpg,
train/paper/paper_050__aug_v2_09.jpg,train,paper,preserved,v3_prepared,F:\ANHTHU\1-HCMUS\1 - STUDY\0-now\AIOT\PROJECT\CODE\AIOT-SMART-TRASH-BIN\AI\V3\dataset_prepared\train\paper\paper_050__aug_v2_09.jpg,
train/paper/paper_051.jpg,train,paper,preserved,v3_prepared,F:\ANHTHU\1-HCMUS\1 - STUDY\0-now\AIOT\PROJECT\CODE\AIOT-SMART-TRASH-BIN\AI\V3\dataset_prepared\train\paper\paper_051.jpg,
train/paper/paper_051__aug_v2_01.jpg,train,paper,preserved,v3_prepared,F:\ANHTHU\1-HCMUS\1 - STUDY\0-now\AIOT\PROJECT\CODE\AIOT-SMART-TRASH-BIN\AI\V3\dataset_prepared\train\paper\paper_051__aug_v2_01.jpg,
train/paper/paper_051__aug_v2_02.jpg,train,paper,preserved,v3_prepared,F:\ANHTHU\1-HCMUS\1 - STUDY\0-now\AIOT\PROJECT\CODE\AIOT-SMART-TRASH-BIN\AI\V3\dataset_prepared\train\paper\paper_051__aug_v2_02.jpg,
train/paper/paper_051__aug_v2_03.jpg,train,paper,preserved,v3_prepared,F:\ANHTHU\1-HCMUS\1 - STUDY\0-now\AIOT\PROJECT\CODE\AIOT-SMART-TRASH-BIN\AI\V3\dataset_prepared\train\paper\paper_051__aug_v2_03.jpg,
train/paper/paper_051__aug_v2_04.jpg,train,paper,preserved,v3_prepared,F:\ANHTHU\1-HCMUS\1 - STUDY\0-now\AIOT\PROJECT\CODE\AIOT-SMART-TRASH-BIN\AI\V3\dataset_prepared\train\paper\paper_051__aug_v2_04.jpg,
train/paper/paper_051__aug_v2_05.jpg,train,paper,preserved,v3_prepared,F:\ANHTHU\1-HCMUS\1 - STUDY\0-now\AIOT\PROJECT\CODE\AIOT-SMART-TRASH-BIN\AI\V3\dataset_prepared\train\paper\paper_051__aug_v2_05.jpg,
train/paper/paper_051__aug_v2_06.jpg,train,paper,preserved,v3_prepared,F:\ANHTHU\1-HCMUS\1 - STUDY\0-now\AIOT\PROJECT\CODE\AIOT-SMART-TRASH-BIN\AI\V3\dataset_prepared\train\paper\paper_051__aug_v2_06.jpg,
train/paper/paper_051__aug_v2_07.jpg,train,paper,preserved,v3_prepared,F:\ANHTHU\1-HCMUS\1 - STUDY\0-now\AIOT\PROJECT\CODE\AIOT-SMART-TRASH-BIN\AI\V3\dataset_prepared\train\paper\paper_051__aug_v2_07.jpg,
train/paper/paper_051__aug_v2_08.jpg,train,paper,preserved,v3_prepared,F:\ANHTHU\1-HCMUS\1 - STUDY\0-now\AIOT\PROJECT\CODE\AIOT-SMART-TRASH-BIN\AI\V3\dataset_prepared\train\paper\paper_051__aug_v2_08.jpg,
train/paper/paper_051__aug_v2_09.jpg,train,paper,preserved,v3_prepared,F:\ANHTHU\1-HCMUS\1 - STUDY\0-now\AIOT\PROJECT\CODE\AIOT-SMART-TRASH-BIN\AI\V3\dataset_prepared\train\paper\paper_051__aug_v2_09.jpg,
train/paper/paper_052.jpg,train,paper,preserved,v3_prepared,F:\ANHTHU\1-HCMUS\1 - STUDY\0-now\AIOT\PROJECT\CODE\AIOT-SMART-TRASH-BIN\AI\V3\dataset_prepared\train\paper\paper_052.jpg,
train/paper/paper_052__aug_v2_01.jpg,train,paper,preserved,v3_prepared,F:\ANHTHU\1-HCMUS\1 - STUDY\0-now\AIOT\PROJECT\CODE\AIOT-SMART-TRASH-BIN\AI\V3\dataset_prepared\train\paper\paper_052__aug_v2_01.jpg,
train/paper/paper_052__aug_v2_02.jpg,train,paper,preserved,v3_prepared,F:\ANHTHU\1-HCMUS\1 - STUDY\0-now\AIOT\PROJECT\CODE\AIOT-SMART-TRASH-BIN\AI\V3\dataset_prepared\train\paper\paper_052__aug_v2_02.jpg,
train/paper/paper_052__aug_v2_03.jpg,train,paper,preserved,v3_prepared,F:\ANHTHU\1-HCMUS\1 - STUDY\0-now\AIOT\PROJECT\CODE\AIOT-SMART-TRASH-BIN\AI\V3\dataset_prepared\train\paper\paper_052__aug_v2_03.jpg,
train/paper/paper_052__aug_v2_04.jpg,train,paper,preserved,v3_prepared,F:\ANHTHU\1-HCMUS\1 - STUDY\0-now\AIOT\PROJECT\CODE\AIOT-SMART-TRASH-BIN\AI\V3\dataset_prepared\train\paper\paper_052__aug_v2_04.jpg,
train/paper/paper_052__aug_v2_05.jpg,train,paper,preserved,v3_prepared,F:\ANHTHU\1-HCMUS\1 - STUDY\0-now\AIOT\PROJECT\CODE\AIOT-SMART-TRASH-BIN\AI\V3\dataset_prepared\train\paper\paper_052__aug_v2_05.jpg,
train/paper/paper_052__aug_v2_06.jpg,train,paper,preserved,v3_prepared,F:\ANHTHU\1-HCMUS\1 - STUDY\0-now\AIOT\PROJECT\CODE\AIOT-SMART-TRASH-BIN\AI\V3\dataset_prepared\train\paper\paper_052__aug_v2_06.jpg,
train/paper/paper_052__aug_v2_07.jpg,train,paper,preserved,v3_prepared,F:\ANHTHU\1-HCMUS\1 - STUDY\0-now\AIOT\PROJECT\CODE\AIOT-SMART-TRASH-BIN\AI\V3\dataset_prepared\train\paper\paper_052__aug_v2_07.jpg,
train/paper/paper_052__aug_v2_08.jpg,train,paper,preserved,v3_prepared,F:\ANHTHU\1-HCMUS\1 - STUDY\0-now\AIOT\PROJECT\CODE\AIOT-SMART-TRASH-BIN\AI\V3\dataset_prepared\train\paper\paper_052__aug_v2_08.jpg,
train/paper/paper_052__aug_v2_09.jpg,train,paper,preserved,v3_prepared,F:\ANHTHU\1-HCMUS\1 - STUDY\0-now\AIOT\PROJECT\CODE\AIOT-SMART-TRASH-BIN\AI\V3\dataset_prepared\train\paper\paper_052__aug_v2_09.jpg,
train/paper/paper_053.jpg,train,paper,preserved,v3_prepared,F:\ANHTHU\1-HCMUS\1 - STUDY\0-now\AIOT\PROJECT\CODE\AIOT-SMART-TRASH-BIN\AI\V3\dataset_prepared\train\paper\paper_053.jpg,
train/paper/paper_053__aug_v2_01.jpg,train,paper,preserved,v3_prepared,F:\ANHTHU\1-HCMUS\1 - STUDY\0-now\AIOT\PROJECT\CODE\AIOT-SMART-TRASH-BIN\AI\V3\dataset_prepared\train\paper\paper_053__aug_v2_01.jpg,
train/paper/paper_053__aug_v2_02.jpg,train,paper,preserved,v3_prepared,F:\ANHTHU\1-HCMUS\1 - STUDY\0-now\AIOT\PROJECT\CODE\AIOT-SMART-TRASH-BIN\AI\V3\dataset_prepared\train\paper\paper_053__aug_v2_02.jpg,
train/paper/paper_053__aug_v2_03.jpg,train,paper,preserved,v3_prepared,F:\ANHTHU\1-HCMUS\1 - STUDY\0-now\AIOT\PROJECT\CODE\AIOT-SMART-TRASH-BIN\AI\V3\dataset_prepared\train\paper\paper_053__aug_v2_03.jpg,
train/paper/paper_053__aug_v2_04.jpg,train,paper,preserved,v3_prepared,F:\ANHTHU\1-HCMUS\1 - STUDY\0-now\AIOT\PROJECT\CODE\AIOT-SMART-TRASH-BIN\AI\V3\dataset_prepared\train\paper\paper_053__aug_v2_04.jpg,
train/paper/paper_053__aug_v2_05.jpg,train,paper,preserved,v3_prepared,F:\ANHTHU\1-HCMUS\1 - STUDY\0-now\AIOT\PROJECT\CODE\AIOT-SMART-TRASH-BIN\AI\V3\dataset_prepared\train\paper\paper_053__aug_v2_05.jpg,
train/paper/paper_053__aug_v2_06.jpg,train,paper,preserved,v3_prepared,F:\ANHTHU\1-HCMUS\1 - STUDY\0-now\AIOT\PROJECT\CODE\AIOT-SMART-TRASH-BIN\AI\V3\dataset_prepared\train\paper\paper_053__aug_v2_06.jpg,
train/paper/paper_053__aug_v2_07.jpg,train,paper,preserved,v3_prepared,F:\ANHTHU\1-HCMUS\1 - STUDY\0-now\AIOT\PROJECT\CODE\AIOT-SMART-TRASH-BIN\AI\V3\dataset_prepared\train\paper\paper_053__aug_v2_07.jpg,
train/paper/paper_053__aug_v2_08.jpg,train,paper,preserved,v3_prepared,F:\ANHTHU\1-HCMUS\1 - STUDY\0-now\AIOT\PROJECT\CODE\AIOT-SMART-TRASH-BIN\AI\V3\dataset_prepared\train\paper\paper_053__aug_v2_08.jpg,
train/paper/paper_053__aug_v2_09.jpg,train,paper,preserved,v3_prepared,F:\ANHTHU\1-HCMUS\1 - STUDY\0-now\AIOT\PROJECT\CODE\AIOT-SMART-TRASH-BIN\AI\V3\dataset_prepared\train\paper\paper_053__aug_v2_09.jpg,
train/paper/paper_054.jpg,train,paper,preserved,v3_prepared,F:\ANHTHU\1-HCMUS\1 - STUDY\0-now\AIOT\PROJECT\CODE\AIOT-SMART-TRASH-BIN\AI\V3\dataset_prepared\train\paper\paper_054.jpg,
train/paper/paper_054__aug_v2_01.jpg,train,paper,preserved,v3_prepared,F:\ANHTHU\1-HCMUS\1 - STUDY\0-now\AIOT\PROJECT\CODE\AIOT-SMART-TRASH-BIN\AI\V3\dataset_prepared\train\paper\paper_054__aug_v2_01.jpg,
train/paper/paper_054__aug_v2_02.jpg,train,paper,preserved,v3_prepared,F:\ANHTHU\1-HCMUS\1 - STUDY\0-now\AIOT\PROJECT\CODE\AIOT-SMART-TRASH-BIN\AI\V3\dataset_prepared\train\paper\paper_054__aug_v2_02.jpg,
train/paper/paper_054__aug_v2_03.jpg,train,paper,preserved,v3_prepared,F:\ANHTHU\1-HCMUS\1 - STUDY\0-now\AIOT\PROJECT\CODE\AIOT-SMART-TRASH-BIN\AI\V3\dataset_prepared\train\paper\paper_054__aug_v2_03.jpg,
train/paper/paper_054__aug_v2_04.jpg,train,paper,preserved,v3_prepared,F:\ANHTHU\1-HCMUS\1 - STUDY\0-now\AIOT\PROJECT\CODE\AIOT-SMART-TRASH-BIN\AI\V3\dataset_prepared\train\paper\paper_054__aug_v2_04.jpg,
train/paper/paper_054__aug_v2_05.jpg,train,paper,preserved,v3_prepared,F:\ANHTHU\1-HCMUS\1 - STUDY\0-now\AIOT\PROJECT\CODE\AIOT-SMART-TRASH-BIN\AI\V3\dataset_prepared\train\paper\paper_054__aug_v2_05.jpg,
train/paper/paper_054__aug_v2_06.jpg,train,paper,preserved,v3_prepared,F:\ANHTHU\1-HCMUS\1 - STUDY\0-now\AIOT\PROJECT\CODE\AIOT-SMART-TRASH-BIN\AI\V3\dataset_prepared\train\paper\paper_054__aug_v2_06.jpg,
train/paper/paper_054__aug_v2_07.jpg,train,paper,preserved,v3_prepared,F:\ANHTHU\1-HCMUS\1 - STUDY\0-now\AIOT\PROJECT\CODE\AIOT-SMART-TRASH-BIN\AI\V3\dataset_prepared\train\paper\paper_054__aug_v2_07.jpg,
train/paper/paper_054__aug_v2_08.jpg,train,paper,preserved,v3_prepared,F:\ANHTHU\1-HCMUS\1 - STUDY\0-now\AIOT\PROJECT\CODE\AIOT-SMART-TRASH-BIN\AI\V3\dataset_prepared\train\paper\paper_054__aug_v2_08.jpg,
train/paper/paper_054__aug_v2_09.jpg,train,paper,preserved,v3_prepared,F:\ANHTHU\1-HCMUS\1 - STUDY\0-now\AIOT\PROJECT\CODE\AIOT-SMART-TRASH-BIN\AI\V3\dataset_prepared\train\paper\paper_054__aug_v2_09.jpg,
train/paper/paper_057.jpg,train,paper,preserved,v3_prepared,F:\ANHTHU\1-HCMUS\1 - STUDY\0-now\AIOT\PROJECT\CODE\AIOT-SMART-TRASH-BIN\AI\V3\dataset_prepared\train\paper\paper_057.jpg,
train/paper/paper_057__aug_v2_01.jpg,train,paper,preserved,v3_prepared,F:\ANHTHU\1-HCMUS\1 - STUDY\0-now\AIOT\PROJECT\CODE\AIOT-SMART-TRASH-BIN\AI\V3\dataset_prepared\train\paper\paper_057__aug_v2_01.jpg,
train/paper/paper_057__aug_v2_02.jpg,train,paper,preserved,v3_prepared,F:\ANHTHU\1-HCMUS\1 - STUDY\0-now\AIOT\PROJECT\CODE\AIOT-SMART-TRASH-BIN\AI\V3\dataset_prepared\train\paper\paper_057__aug_v2_02.jpg,
train/paper/paper_057__aug_v2_03.jpg,train,paper,preserved,v3_prepared,F:\ANHTHU\1-HCMUS\1 - STUDY\0-now\AIOT\PROJECT\CODE\AIOT-SMART-TRASH-BIN\AI\V3\dataset_prepared\train\paper\paper_057__aug_v2_03.jpg,
train/paper/paper_057__aug_v2_04.jpg,train,paper,preserved,v3_prepared,F:\ANHTHU\1-HCMUS\1 - STUDY\0-now\AIOT\PROJECT\CODE\AIOT-SMART-TRASH-BIN\AI\V3\dataset_prepared\train\paper\paper_057__aug_v2_04.jpg,
train/paper/paper_057__aug_v2_05.jpg,train,paper,preserved,v3_prepared,F:\ANHTHU\1-HCMUS\1 - STUDY\0-now\AIOT\PROJECT\CODE\AIOT-SMART-TRASH-BIN\AI\V3\dataset_prepared\train\paper\paper_057__aug_v2_05.jpg,
train/paper/paper_057__aug_v2_06.jpg,train,paper,preserved,v3_prepared,F:\ANHTHU\1-HCMUS\1 - STUDY\0-now\AIOT\PROJECT\CODE\AIOT-SMART-TRASH-BIN\AI\V3\dataset_prepared\train\paper\paper_057__aug_v2_06.jpg,
train/paper/paper_057__aug_v2_07.jpg,train,paper,preserved,v3_prepared,F:\ANHTHU\1-HCMUS\1 - STUDY\0-now\AIOT\PROJECT\CODE\AIOT-SMART-TRASH-BIN\AI\V3\dataset_prepared\train\paper\paper_057__aug_v2_07.jpg,
train/paper/paper_057__aug_v2_08.jpg,train,paper,preserved,v3_prepared,F:\ANHTHU\1-HCMUS\1 - STUDY\0-now\AIOT\PROJECT\CODE\AIOT-SMART-TRASH-BIN\AI\V3\dataset_prepared\train\paper\paper_057__aug_v2_08.jpg,
train/paper/paper_057__aug_v2_09.jpg,train,paper,preserved,v3_prepared,F:\ANHTHU\1-HCMUS\1 - STUDY\0-now\AIOT\PROJECT\CODE\AIOT-SMART-TRASH-BIN\AI\V3\dataset_prepared\train\paper\paper_057__aug_v2_09.jpg,
train/paper/paper_058.jpg,train,paper,preserved,v3_prepared,F:\ANHTHU\1-HCMUS\1 - STUDY\0-now\AIOT\PROJECT\CODE\AIOT-SMART-TRASH-BIN\AI\V3\dataset_prepared\train\paper\paper_058.jpg,
train/paper/paper_058__aug_v2_01.jpg,train,paper,preserved,v3_prepared,F:\ANHTHU\1-HCMUS\1 - STUDY\0-now\AIOT\PROJECT\CODE\AIOT-SMART-TRASH-BIN\AI\V3\dataset_prepared\train\paper\paper_058__aug_v2_01.jpg,
train/paper/paper_058__aug_v2_02.jpg,train,paper,preserved,v3_prepared,F:\ANHTHU\1-HCMUS\1 - STUDY\0-now\AIOT\PROJECT\CODE\AIOT-SMART-TRASH-BIN\AI\V3\dataset_prepared\train\paper\paper_058__aug_v2_02.jpg,
train/paper/paper_058__aug_v2_03.jpg,train,paper,preserved,v3_prepared,F:\ANHTHU\1-HCMUS\1 - STUDY\0-now\AIOT\PROJECT\CODE\AIOT-SMART-TRASH-BIN\AI\V3\dataset_prepared\train\paper\paper_058__aug_v2_03.jpg,
train/paper/paper_058__aug_v2_04.jpg,train,paper,preserved,v3_prepared,F:\ANHTHU\1-HCMUS\1 - STUDY\0-now\AIOT\PROJECT\CODE\AIOT-SMART-TRASH-BIN\AI\V3\dataset_prepared\train\paper\paper_058__aug_v2_04.jpg,
train/paper/paper_058__aug_v2_05.jpg,train,paper,preserved,v3_prepared,F:\ANHTHU\1-HCMUS\1 - STUDY\0-now\AIOT\PROJECT\CODE\AIOT-SMART-TRASH-BIN\AI\V3\dataset_prepared\train\paper\paper_058__aug_v2_05.jpg,
train/paper/paper_058__aug_v2_06.jpg,train,paper,preserved,v3_prepared,F:\ANHTHU\1-HCMUS\1 - STUDY\0-now\AIOT\PROJECT\CODE\AIOT-SMART-TRASH-BIN\AI\V3\dataset_prepared\train\paper\paper_058__aug_v2_06.jpg,
train/paper/paper_058__aug_v2_07.jpg,train,paper,preserved,v3_prepared,F:\ANHTHU\1-HCMUS\1 - STUDY\0-now\AIOT\PROJECT\CODE\AIOT-SMART-TRASH-BIN\AI\V3\dataset_prepared\train\paper\paper_058__aug_v2_07.jpg,
train/paper/paper_058__aug_v2_08.jpg,train,paper,preserved,v3_prepared,F:\ANHTHU\1-HCMUS\1 - STUDY\0-now\AIOT\PROJECT\CODE\AIOT-SMART-TRASH-BIN\AI\V3\dataset_prepared\train\paper\paper_058__aug_v2_08.jpg,
train/paper/paper_058__aug_v2_09.jpg,train,paper,preserved,v3_prepared,F:\ANHTHU\1-HCMUS\1 - STUDY\0-now\AIOT\PROJECT\CODE\AIOT-SMART-TRASH-BIN\AI\V3\dataset_prepared\train\paper\paper_058__aug_v2_09.jpg,
train/paper/paper_060.jpg,train,paper,preserved,v3_prepared,F:\ANHTHU\1-HCMUS\1 - STUDY\0-now\AIOT\PROJECT\CODE\AIOT-SMART-TRASH-BIN\AI\V3\dataset_prepared\train\paper\paper_060.jpg,
train/paper/paper_060__aug_v2_01.jpg,train,paper,preserved,v3_prepared,F:\ANHTHU\1-HCMUS\1 - STUDY\0-now\AIOT\PROJECT\CODE\AIOT-SMART-TRASH-BIN\AI\V3\dataset_prepared\train\paper\paper_060__aug_v2_01.jpg,
train/paper/paper_060__aug_v2_02.jpg,train,paper,preserved,v3_prepared,F:\ANHTHU\1-HCMUS\1 - STUDY\0-now\AIOT\PROJECT\CODE\AIOT-SMART-TRASH-BIN\AI\V3\dataset_prepared\train\paper\paper_060__aug_v2_02.jpg,
train/paper/paper_060__aug_v2_03.jpg,train,paper,preserved,v3_prepared,F:\ANHTHU\1-HCMUS\1 - STUDY\0-now\AIOT\PROJECT\CODE\AIOT-SMART-TRASH-BIN\AI\V3\dataset_prepared\train\paper\paper_060__aug_v2_03.jpg,
train/paper/paper_060__aug_v2_04.jpg,train,paper,preserved,v3_prepared,F:\ANHTHU\1-HCMUS\1 - STUDY\0-now\AIOT\PROJECT\CODE\AIOT-SMART-TRASH-BIN\AI\V3\dataset_prepared\train\paper\paper_060__aug_v2_04.jpg,
train/paper/paper_060__aug_v2_05.jpg,train,paper,preserved,v3_prepared,F:\ANHTHU\1-HCMUS\1 - STUDY\0-now\AIOT\PROJECT\CODE\AIOT-SMART-TRASH-BIN\AI\V3\dataset_prepared\train\paper\paper_060__aug_v2_05.jpg,
train/paper/paper_060__aug_v2_06.jpg,train,paper,preserved,v3_prepared,F:\ANHTHU\1-HCMUS\1 - STUDY\0-now\AIOT\PROJECT\CODE\AIOT-SMART-TRASH-BIN\AI\V3\dataset_prepared\train\paper\paper_060__aug_v2_06.jpg,
train/paper/paper_060__aug_v2_07.jpg,train,paper,preserved,v3_prepared,F:\ANHTHU\1-HCMUS\1 - STUDY\0-now\AIOT\PROJECT\CODE\AIOT-SMART-TRASH-BIN\AI\V3\dataset_prepared\train\paper\paper_060__aug_v2_07.jpg,
train/paper/paper_060__aug_v2_08.jpg,train,paper,preserved,v3_prepared,F:\ANHTHU\1-HCMUS\1 - STUDY\0-now\AIOT\PROJECT\CODE\AIOT-SMART-TRASH-BIN\AI\V3\dataset_prepared\train\paper\paper_060__aug_v2_08.jpg,
train/paper/paper_060__aug_v2_09.jpg,train,paper,preserved,v3_prepared,F:\ANHTHU\1-HCMUS\1 - STUDY\0-now\AIOT\PROJECT\CODE\AIOT-SMART-TRASH-BIN\AI\V3\dataset_prepared\train\paper\paper_060__aug_v2_09.jpg,
train/plastic/plastic_001.jpg,train,plastic,preserved,v3_prepared,F:\ANHTHU\1-HCMUS\1 - STUDY\0-now\AIOT\PROJECT\CODE\AIOT-SMART-TRASH-BIN\AI\V3\dataset_prepared\train\plastic\plastic_001.jpg,
train/plastic/plastic_001__aug_v2_01.jpg,train,plastic,preserved,v3_prepared,F:\ANHTHU\1-HCMUS\1 - STUDY\0-now\AIOT\PROJECT\CODE\AIOT-SMART-TRASH-BIN\AI\V3\dataset_prepared\train\plastic\plastic_001__aug_v2_01.jpg,
train/plastic/plastic_001__aug_v2_02.jpg,train,plastic,preserved,v3_prepared,F:\ANHTHU\1-HCMUS\1 - STUDY\0-now\AIOT\PROJECT\CODE\AIOT-SMART-TRASH-BIN\AI\V3\dataset_prepared\train\plastic\plastic_001__aug_v2_02.jpg,
train/plastic/plastic_001__aug_v2_03.jpg,train,plastic,preserved,v3_prepared,F:\ANHTHU\1-HCMUS\1 - STUDY\0-now\AIOT\PROJECT\CODE\AIOT-SMART-TRASH-BIN\AI\V3\dataset_prepared\train\plastic\plastic_001__aug_v2_03.jpg,
train/plastic/plastic_001__aug_v2_04.jpg,train,plastic,preserved,v3_prepared,F:\ANHTHU\1-HCMUS\1 - STUDY\0-now\AIOT\PROJECT\CODE\AIOT-SMART-TRASH-BIN\AI\V3\dataset_prepared\train\plastic\plastic_001__aug_v2_04.jpg,
train/plastic/plastic_001__aug_v2_05.jpg,train,plastic,preserved,v3_prepared,F:\ANHTHU\1-HCMUS\1 - STUDY\0-now\AIOT\PROJECT\CODE\AIOT-SMART-TRASH-BIN\AI\V3\dataset_prepared\train\plastic\plastic_001__aug_v2_05.jpg,
train/plastic/plastic_001__aug_v2_06.jpg,train,plastic,preserved,v3_prepared,F:\ANHTHU\1-HCMUS\1 - STUDY\0-now\AIOT\PROJECT\CODE\AIOT-SMART-TRASH-BIN\AI\V3\dataset_prepared\train\plastic\plastic_001__aug_v2_06.jpg,
train/plastic/plastic_001__aug_v2_07.jpg,train,plastic,preserved,v3_prepared,F:\ANHTHU\1-HCMUS\1 - STUDY\0-now\AIOT\PROJECT\CODE\AIOT-SMART-TRASH-BIN\AI\V3\dataset_prepared\train\plastic\plastic_001__aug_v2_07.jpg,
train/plastic/plastic_001__aug_v2_08.jpg,train,plastic,preserved,v3_prepared,F:\ANHTHU\1-HCMUS\1 - STUDY\0-now\AIOT\PROJECT\CODE\AIOT-SMART-TRASH-BIN\AI\V3\dataset_prepared\train\plastic\plastic_001__aug_v2_08.jpg,
train/plastic/plastic_001__aug_v2_09.jpg,train,plastic,preserved,v3_prepared,F:\ANHTHU\1-HCMUS\1 - STUDY\0-now\AIOT\PROJECT\CODE\AIOT-SMART-TRASH-BIN\AI\V3\dataset_prepared\train\plastic\plastic_001__aug_v2_09.jpg,
train/plastic/plastic_002.jpg,train,plastic,preserved,v3_prepared,F:\ANHTHU\1-HCMUS\1 - STUDY\0-now\AIOT\PROJECT\CODE\AIOT-SMART-TRASH-BIN\AI\V3\dataset_prepared\train\plastic\plastic_002.jpg,
train/plastic/plastic_002__aug_v2_01.jpg,train,plastic,preserved,v3_prepared,F:\ANHTHU\1-HCMUS\1 - STUDY\0-now\AIOT\PROJECT\CODE\AIOT-SMART-TRASH-BIN\AI\V3\dataset_prepared\train\plastic\plastic_002__aug_v2_01.jpg,
train/plastic/plastic_002__aug_v2_02.jpg,train,plastic,preserved,v3_prepared,F:\ANHTHU\1-HCMUS\1 - STUDY\0-now\AIOT\PROJECT\CODE\AIOT-SMART-TRASH-BIN\AI\V3\dataset_prepared\train\plastic\plastic_002__aug_v2_02.jpg,
train/plastic/plastic_002__aug_v2_03.jpg,train,plastic,preserved,v3_prepared,F:\ANHTHU\1-HCMUS\1 - STUDY\0-now\AIOT\PROJECT\CODE\AIOT-SMART-TRASH-BIN\AI\V3\dataset_prepared\train\plastic\plastic_002__aug_v2_03.jpg,
train/plastic/plastic_002__aug_v2_04.jpg,train,plastic,preserved,v3_prepared,F:\ANHTHU\1-HCMUS\1 - STUDY\0-now\AIOT\PROJECT\CODE\AIOT-SMART-TRASH-BIN\AI\V3\dataset_prepared\train\plastic\plastic_002__aug_v2_04.jpg,
train/plastic/plastic_002__aug_v2_05.jpg,train,plastic,preserved,v3_prepared,F:\ANHTHU\1-HCMUS\1 - STUDY\0-now\AIOT\PROJECT\CODE\AIOT-SMART-TRASH-BIN\AI\V3\dataset_prepared\train\plastic\plastic_002__aug_v2_05.jpg,
train/plastic/plastic_002__aug_v2_06.jpg,train,plastic,preserved,v3_prepared,F:\ANHTHU\1-HCMUS\1 - STUDY\0-now\AIOT\PROJECT\CODE\AIOT-SMART-TRASH-BIN\AI\V3\dataset_prepared\train\plastic\plastic_002__aug_v2_06.jpg,
train/plastic/plastic_002__aug_v2_07.jpg,train,plastic,preserved,v3_prepared,F:\ANHTHU\1-HCMUS\1 - STUDY\0-now\AIOT\PROJECT\CODE\AIOT-SMART-TRASH-BIN\AI\V3\dataset_prepared\train\plastic\plastic_002__aug_v2_07.jpg,
train/plastic/plastic_002__aug_v2_08.jpg,train,plastic,preserved,v3_prepared,F:\ANHTHU\1-HCMUS\1 - STUDY\0-now\AIOT\PROJECT\CODE\AIOT-SMART-TRASH-BIN\AI\V3\dataset_prepared\train\plastic\plastic_002__aug_v2_08.jpg,
train/plastic/plastic_002__aug_v2_09.jpg,train,plastic,preserved,v3_prepared,F:\ANHTHU\1-HCMUS\1 - STUDY\0-now\AIOT\PROJECT\CODE\AIOT-SMART-TRASH-BIN\AI\V3\dataset_prepared\train\plastic\plastic_002__aug_v2_09.jpg,
train/plastic/plastic_003.jpg,train,plastic,preserved,v3_prepared,F:\ANHTHU\1-HCMUS\1 - STUDY\0-now\AIOT\PROJECT\CODE\AIOT-SMART-TRASH-BIN\AI\V3\dataset_prepared\train\plastic\plastic_003.jpg,
train/plastic/plastic_003__aug_v2_01.jpg,train,plastic,preserved,v3_prepared,F:\ANHTHU\1-HCMUS\1 - STUDY\0-now\AIOT\PROJECT\CODE\AIOT-SMART-TRASH-BIN\AI\V3\dataset_prepared\train\plastic\plastic_003__aug_v2_01.jpg,
train/plastic/plastic_003__aug_v2_02.jpg,train,plastic,preserved,v3_prepared,F:\ANHTHU\1-HCMUS\1 - STUDY\0-now\AIOT\PROJECT\CODE\AIOT-SMART-TRASH-BIN\AI\V3\dataset_prepared\train\plastic\plastic_003__aug_v2_02.jpg,
train/plastic/plastic_003__aug_v2_03.jpg,train,plastic,preserved,v3_prepared,F:\ANHTHU\1-HCMUS\1 - STUDY\0-now\AIOT\PROJECT\CODE\AIOT-SMART-TRASH-BIN\AI\V3\dataset_prepared\train\plastic\plastic_003__aug_v2_03.jpg,
train/plastic/plastic_003__aug_v2_04.jpg,train,plastic,preserved,v3_prepared,F:\ANHTHU\1-HCMUS\1 - STUDY\0-now\AIOT\PROJECT\CODE\AIOT-SMART-TRASH-BIN\AI\V3\dataset_prepared\train\plastic\plastic_003__aug_v2_04.jpg,
train/plastic/plastic_003__aug_v2_05.jpg,train,plastic,preserved,v3_prepared,F:\ANHTHU\1-HCMUS\1 - STUDY\0-now\AIOT\PROJECT\CODE\AIOT-SMART-TRASH-BIN\AI\V3\dataset_prepared\train\plastic\plastic_003__aug_v2_05.jpg,
train/plastic/plastic_003__aug_v2_06.jpg,train,plastic,preserved,v3_prepared,F:\ANHTHU\1-HCMUS\1 - STUDY\0-now\AIOT\PROJECT\CODE\AIOT-SMART-TRASH-BIN\AI\V3\dataset_prepared\train\plastic\plastic_003__aug_v2_06.jpg,
train/plastic/plastic_003__aug_v2_07.jpg,train,plastic,preserved,v3_prepared,F:\ANHTHU\1-HCMUS\1 - STUDY\0-now\AIOT\PROJECT\CODE\AIOT-SMART-TRASH-BIN\AI\V3\dataset_prepared\train\plastic\plastic_003__aug_v2_07.jpg,
train/plastic/plastic_003__aug_v2_08.jpg,train,plastic,preserved,v3_prepared,F:\ANHTHU\1-HCMUS\1 - STUDY\0-now\AIOT\PROJECT\CODE\AIOT-SMART-TRASH-BIN\AI\V3\dataset_prepared\train\plastic\plastic_003__aug_v2_08.jpg,
train/plastic/plastic_003__aug_v2_09.jpg,train,plastic,preserved,v3_prepared,F:\ANHTHU\1-HCMUS\1 - STUDY\0-now\AIOT\PROJECT\CODE\AIOT-SMART-TRASH-BIN\AI\V3\dataset_prepared\train\plastic\plastic_003__aug_v2_09.jpg,
train/plastic/plastic_004.jpg,train,plastic,preserved,v3_prepared,F:\ANHTHU\1-HCMUS\1 - STUDY\0-now\AIOT\PROJECT\CODE\AIOT-SMART-TRASH-BIN\AI\V3\dataset_prepared\train\plastic\plastic_004.jpg,
train/plastic/plastic_004__aug_v2_01.jpg,train,plastic,preserved,v3_prepared,F:\ANHTHU\1-HCMUS\1 - STUDY\0-now\AIOT\PROJECT\CODE\AIOT-SMART-TRASH-BIN\AI\V3\dataset_prepared\train\plastic\plastic_004__aug_v2_01.jpg,
train/plastic/plastic_004__aug_v2_02.jpg,train,plastic,preserved,v3_prepared,F:\ANHTHU\1-HCMUS\1 - STUDY\0-now\AIOT\PROJECT\CODE\AIOT-SMART-TRASH-BIN\AI\V3\dataset_prepared\train\plastic\plastic_004__aug_v2_02.jpg,
train/plastic/plastic_004__aug_v2_03.jpg,train,plastic,preserved,v3_prepared,F:\ANHTHU\1-HCMUS\1 - STUDY\0-now\AIOT\PROJECT\CODE\AIOT-SMART-TRASH-BIN\AI\V3\dataset_prepared\train\plastic\plastic_004__aug_v2_03.jpg,
train/plastic/plastic_004__aug_v2_04.jpg,train,plastic,preserved,v3_prepared,F:\ANHTHU\1-HCMUS\1 - STUDY\0-now\AIOT\PROJECT\CODE\AIOT-SMART-TRASH-BIN\AI\V3\dataset_prepared\train\plastic\plastic_004__aug_v2_04.jpg,
train/plastic/plastic_004__aug_v2_05.jpg,train,plastic,preserved,v3_prepared,F:\ANHTHU\1-HCMUS\1 - STUDY\0-now\AIOT\PROJECT\CODE\AIOT-SMART-TRASH-BIN\AI\V3\dataset_prepared\train\plastic\plastic_004__aug_v2_05.jpg,
train/plastic/plastic_004__aug_v2_06.jpg,train,plastic,preserved,v3_prepared,F:\ANHTHU\1-HCMUS\1 - STUDY\0-now\AIOT\PROJECT\CODE\AIOT-SMART-TRASH-BIN\AI\V3\dataset_prepared\train\plastic\plastic_004__aug_v2_06.jpg,
train/plastic/plastic_004__aug_v2_07.jpg,train,plastic,preserved,v3_prepared,F:\ANHTHU\1-HCMUS\1 - STUDY\0-now\AIOT\PROJECT\CODE\AIOT-SMART-TRASH-BIN\AI\V3\dataset_prepared\train\plastic\plastic_004__aug_v2_07.jpg,
train/plastic/plastic_004__aug_v2_08.jpg,train,plastic,preserved,v3_prepared,F:\ANHTHU\1-HCMUS\1 - STUDY\0-now\AIOT\PROJECT\CODE\AIOT-SMART-TRASH-BIN\AI\V3\dataset_prepared\train\plastic\plastic_004__aug_v2_08.jpg,
train/plastic/plastic_004__aug_v2_09.jpg,train,plastic,preserved,v3_prepared,F:\ANHTHU\1-HCMUS\1 - STUDY\0-now\AIOT\PROJECT\CODE\AIOT-SMART-TRASH-BIN\AI\V3\dataset_prepared\train\plastic\plastic_004__aug_v2_09.jpg,
train/plastic/plastic_005.jpg,train,plastic,preserved,v3_prepared,F:\ANHTHU\1-HCMUS\1 - STUDY\0-now\AIOT\PROJECT\CODE\AIOT-SMART-TRASH-BIN\AI\V3\dataset_prepared\train\plastic\plastic_005.jpg,
train/plastic/plastic_005__aug_v2_01.jpg,train,plastic,preserved,v3_prepared,F:\ANHTHU\1-HCMUS\1 - STUDY\0-now\AIOT\PROJECT\CODE\AIOT-SMART-TRASH-BIN\AI\V3\dataset_prepared\train\plastic\plastic_005__aug_v2_01.jpg,
train/plastic/plastic_005__aug_v2_02.jpg,train,plastic,preserved,v3_prepared,F:\ANHTHU\1-HCMUS\1 - STUDY\0-now\AIOT\PROJECT\CODE\AIOT-SMART-TRASH-BIN\AI\V3\dataset_prepared\train\plastic\plastic_005__aug_v2_02.jpg,
train/plastic/plastic_005__aug_v2_03.jpg,train,plastic,preserved,v3_prepared,F:\ANHTHU\1-HCMUS\1 - STUDY\0-now\AIOT\PROJECT\CODE\AIOT-SMART-TRASH-BIN\AI\V3\dataset_prepared\train\plastic\plastic_005__aug_v2_03.jpg,
train/plastic/plastic_005__aug_v2_04.jpg,train,plastic,preserved,v3_prepared,F:\ANHTHU\1-HCMUS\1 - STUDY\0-now\AIOT\PROJECT\CODE\AIOT-SMART-TRASH-BIN\AI\V3\dataset_prepared\train\plastic\plastic_005__aug_v2_04.jpg,
train/plastic/plastic_005__aug_v2_05.jpg,train,plastic,preserved,v3_prepared,F:\ANHTHU\1-HCMUS\1 - STUDY\0-now\AIOT\PROJECT\CODE\AIOT-SMART-TRASH-BIN\AI\V3\dataset_prepared\train\plastic\plastic_005__aug_v2_05.jpg,
train/plastic/plastic_005__aug_v2_06.jpg,train,plastic,preserved,v3_prepared,F:\ANHTHU\1-HCMUS\1 - STUDY\0-now\AIOT\PROJECT\CODE\AIOT-SMART-TRASH-BIN\AI\V3\dataset_prepared\train\plastic\plastic_005__aug_v2_06.jpg,
train/plastic/plastic_005__aug_v2_07.jpg,train,plastic,preserved,v3_prepared,F:\ANHTHU\1-HCMUS\1 - STUDY\0-now\AIOT\PROJECT\CODE\AIOT-SMART-TRASH-BIN\AI\V3\dataset_prepared\train\plastic\plastic_005__aug_v2_07.jpg,
train/plastic/plastic_005__aug_v2_08.jpg,train,plastic,preserved,v3_prepared,F:\ANHTHU\1-HCMUS\1 - STUDY\0-now\AIOT\PROJECT\CODE\AIOT-SMART-TRASH-BIN\AI\V3\dataset_prepared\train\plastic\plastic_005__aug_v2_08.jpg,
train/plastic/plastic_005__aug_v2_09.jpg,train,plastic,preserved,v3_prepared,F:\ANHTHU\1-HCMUS\1 - STUDY\0-now\AIOT\PROJECT\CODE\AIOT-SMART-TRASH-BIN\AI\V3\dataset_prepared\train\plastic\plastic_005__aug_v2_09.jpg,
train/plastic/plastic_006.jpg,train,plastic,preserved,v3_prepared,F:\ANHTHU\1-HCMUS\1 - STUDY\0-now\AIOT\PROJECT\CODE\AIOT-SMART-TRASH-BIN\AI\V3\dataset_prepared\train\plastic\plastic_006.jpg,
train/plastic/plastic_006__aug_v2_01.jpg,train,plastic,preserved,v3_prepared,F:\ANHTHU\1-HCMUS\1 - STUDY\0-now\AIOT\PROJECT\CODE\AIOT-SMART-TRASH-BIN\AI\V3\dataset_prepared\train\plastic\plastic_006__aug_v2_01.jpg,
train/plastic/plastic_006__aug_v2_02.jpg,train,plastic,preserved,v3_prepared,F:\ANHTHU\1-HCMUS\1 - STUDY\0-now\AIOT\PROJECT\CODE\AIOT-SMART-TRASH-BIN\AI\V3\dataset_prepared\train\plastic\plastic_006__aug_v2_02.jpg,
train/plastic/plastic_006__aug_v2_03.jpg,train,plastic,preserved,v3_prepared,F:\ANHTHU\1-HCMUS\1 - STUDY\0-now\AIOT\PROJECT\CODE\AIOT-SMART-TRASH-BIN\AI\V3\dataset_prepared\train\plastic\plastic_006__aug_v2_03.jpg,
train/plastic/plastic_006__aug_v2_04.jpg,train,plastic,preserved,v3_prepared,F:\ANHTHU\1-HCMUS\1 - STUDY\0-now\AIOT\PROJECT\CODE\AIOT-SMART-TRASH-BIN\AI\V3\dataset_prepared\train\plastic\plastic_006__aug_v2_04.jpg,
train/plastic/plastic_006__aug_v2_05.jpg,train,plastic,preserved,v3_prepared,F:\ANHTHU\1-HCMUS\1 - STUDY\0-now\AIOT\PROJECT\CODE\AIOT-SMART-TRASH-BIN\AI\V3\dataset_prepared\train\plastic\plastic_006__aug_v2_05.jpg,
train/plastic/plastic_006__aug_v2_06.jpg,train,plastic,preserved,v3_prepared,F:\ANHTHU\1-HCMUS\1 - STUDY\0-now\AIOT\PROJECT\CODE\AIOT-SMART-TRASH-BIN\AI\V3\dataset_prepared\train\plastic\plastic_006__aug_v2_06.jpg,
train/plastic/plastic_006__aug_v2_07.jpg,train,plastic,preserved,v3_prepared,F:\ANHTHU\1-HCMUS\1 - STUDY\0-now\AIOT\PROJECT\CODE\AIOT-SMART-TRASH-BIN\AI\V3\dataset_prepared\train\plastic\plastic_006__aug_v2_07.jpg,
train/plastic/plastic_006__aug_v2_08.jpg,train,plastic,preserved,v3_prepared,F:\ANHTHU\1-HCMUS\1 - STUDY\0-now\AIOT\PROJECT\CODE\AIOT-SMART-TRASH-BIN\AI\V3\dataset_prepared\train\plastic\plastic_006__aug_v2_08.jpg,
train/plastic/plastic_006__aug_v2_09.jpg,train,plastic,preserved,v3_prepared,F:\ANHTHU\1-HCMUS\1 - STUDY\0-now\AIOT\PROJECT\CODE\AIOT-SMART-TRASH-BIN\AI\V3\dataset_prepared\train\plastic\plastic_006__aug_v2_09.jpg,
train/plastic/plastic_007.jpg,train,plastic,preserved,v3_prepared,F:\ANHTHU\1-HCMUS\1 - STUDY\0-now\AIOT\PROJECT\CODE\AIOT-SMART-TRASH-BIN\AI\V3\dataset_prepared\train\plastic\plastic_007.jpg,
train/plastic/plastic_007__aug_v2_01.jpg,train,plastic,preserved,v3_prepared,F:\ANHTHU\1-HCMUS\1 - STUDY\0-now\AIOT\PROJECT\CODE\AIOT-SMART-TRASH-BIN\AI\V3\dataset_prepared\train\plastic\plastic_007__aug_v2_01.jpg,
train/plastic/plastic_007__aug_v2_02.jpg,train,plastic,preserved,v3_prepared,F:\ANHTHU\1-HCMUS\1 - STUDY\0-now\AIOT\PROJECT\CODE\AIOT-SMART-TRASH-BIN\AI\V3\dataset_prepared\train\plastic\plastic_007__aug_v2_02.jpg,
train/plastic/plastic_007__aug_v2_03.jpg,train,plastic,preserved,v3_prepared,F:\ANHTHU\1-HCMUS\1 - STUDY\0-now\AIOT\PROJECT\CODE\AIOT-SMART-TRASH-BIN\AI\V3\dataset_prepared\train\plastic\plastic_007__aug_v2_03.jpg,
train/plastic/plastic_007__aug_v2_04.jpg,train,plastic,preserved,v3_prepared,F:\ANHTHU\1-HCMUS\1 - STUDY\0-now\AIOT\PROJECT\CODE\AIOT-SMART-TRASH-BIN\AI\V3\dataset_prepared\train\plastic\plastic_007__aug_v2_04.jpg,
train/plastic/plastic_007__aug_v2_05.jpg,train,plastic,preserved,v3_prepared,F:\ANHTHU\1-HCMUS\1 - STUDY\0-now\AIOT\PROJECT\CODE\AIOT-SMART-TRASH-BIN\AI\V3\dataset_prepared\train\plastic\plastic_007__aug_v2_05.jpg,
train/plastic/plastic_007__aug_v2_06.jpg,train,plastic,preserved,v3_prepared,F:\ANHTHU\1-HCMUS\1 - STUDY\0-now\AIOT\PROJECT\CODE\AIOT-SMART-TRASH-BIN\AI\V3\dataset_prepared\train\plastic\plastic_007__aug_v2_06.jpg,
train/plastic/plastic_007__aug_v2_07.jpg,train,plastic,preserved,v3_prepared,F:\ANHTHU\1-HCMUS\1 - STUDY\0-now\AIOT\PROJECT\CODE\AIOT-SMART-TRASH-BIN\AI\V3\dataset_prepared\train\plastic\plastic_007__aug_v2_07.jpg,
train/plastic/plastic_007__aug_v2_08.jpg,train,plastic,preserved,v3_prepared,F:\ANHTHU\1-HCMUS\1 - STUDY\0-now\AIOT\PROJECT\CODE\AIOT-SMART-TRASH-BIN\AI\V3\dataset_prepared\train\plastic\plastic_007__aug_v2_08.jpg,
train/plastic/plastic_007__aug_v2_09.jpg,train,plastic,preserved,v3_prepared,F:\ANHTHU\1-HCMUS\1 - STUDY\0-now\AIOT\PROJECT\CODE\AIOT-SMART-TRASH-BIN\AI\V3\dataset_prepared\train\plastic\plastic_007__aug_v2_09.jpg,
train/plastic/plastic_008.jpg,train,plastic,preserved,v3_prepared,F:\ANHTHU\1-HCMUS\1 - STUDY\0-now\AIOT\PROJECT\CODE\AIOT-SMART-TRASH-BIN\AI\V3\dataset_prepared\train\plastic\plastic_008.jpg,
train/plastic/plastic_008__aug_v2_01.jpg,train,plastic,preserved,v3_prepared,F:\ANHTHU\1-HCMUS\1 - STUDY\0-now\AIOT\PROJECT\CODE\AIOT-SMART-TRASH-BIN\AI\V3\dataset_prepared\train\plastic\plastic_008__aug_v2_01.jpg,
train/plastic/plastic_008__aug_v2_02.jpg,train,plastic,preserved,v3_prepared,F:\ANHTHU\1-HCMUS\1 - STUDY\0-now\AIOT\PROJECT\CODE\AIOT-SMART-TRASH-BIN\AI\V3\dataset_prepared\train\plastic\plastic_008__aug_v2_02.jpg,
train/plastic/plastic_008__aug_v2_03.jpg,train,plastic,preserved,v3_prepared,F:\ANHTHU\1-HCMUS\1 - STUDY\0-now\AIOT\PROJECT\CODE\AIOT-SMART-TRASH-BIN\AI\V3\dataset_prepared\train\plastic\plastic_008__aug_v2_03.jpg,
train/plastic/plastic_008__aug_v2_04.jpg,train,plastic,preserved,v3_prepared,F:\ANHTHU\1-HCMUS\1 - STUDY\0-now\AIOT\PROJECT\CODE\AIOT-SMART-TRASH-BIN\AI\V3\dataset_prepared\train\plastic\plastic_008__aug_v2_04.jpg,
train/plastic/plastic_008__aug_v2_05.jpg,train,plastic,preserved,v3_prepared,F:\ANHTHU\1-HCMUS\1 - STUDY\0-now\AIOT\PROJECT\CODE\AIOT-SMART-TRASH-BIN\AI\V3\dataset_prepared\train\plastic\plastic_008__aug_v2_05.jpg,
train/plastic/plastic_008__aug_v2_06.jpg,train,plastic,preserved,v3_prepared,F:\ANHTHU\1-HCMUS\1 - STUDY\0-now\AIOT\PROJECT\CODE\AIOT-SMART-TRASH-BIN\AI\V3\dataset_prepared\train\plastic\plastic_008__aug_v2_06.jpg,
train/plastic/plastic_008__aug_v2_07.jpg,train,plastic,preserved,v3_prepared,F:\ANHTHU\1-HCMUS\1 - STUDY\0-now\AIOT\PROJECT\CODE\AIOT-SMART-TRASH-BIN\AI\V3\dataset_prepared\train\plastic\plastic_008__aug_v2_07.jpg,
train/plastic/plastic_008__aug_v2_08.jpg,train,plastic,preserved,v3_prepared,F:\ANHTHU\1-HCMUS\1 - STUDY\0-now\AIOT\PROJECT\CODE\AIOT-SMART-TRASH-BIN\AI\V3\dataset_prepared\train\plastic\plastic_008__aug_v2_08.jpg,
train/plastic/plastic_008__aug_v2_09.jpg,train,plastic,preserved,v3_prepared,F:\ANHTHU\1-HCMUS\1 - STUDY\0-now\AIOT\PROJECT\CODE\AIOT-SMART-TRASH-BIN\AI\V3\dataset_prepared\train\plastic\plastic_008__aug_v2_09.jpg,
train/plastic/plastic_009.jpg,train,plastic,preserved,v3_prepared,F:\ANHTHU\1-HCMUS\1 - STUDY\0-now\AIOT\PROJECT\CODE\AIOT-SMART-TRASH-BIN\AI\V3\dataset_prepared\train\plastic\plastic_009.jpg,
train/plastic/plastic_009__aug_v2_01.jpg,train,plastic,preserved,v3_prepared,F:\ANHTHU\1-HCMUS\1 - STUDY\0-now\AIOT\PROJECT\CODE\AIOT-SMART-TRASH-BIN\AI\V3\dataset_prepared\train\plastic\plastic_009__aug_v2_01.jpg,
train/plastic/plastic_009__aug_v2_02.jpg,train,plastic,preserved,v3_prepared,F:\ANHTHU\1-HCMUS\1 - STUDY\0-now\AIOT\PROJECT\CODE\AIOT-SMART-TRASH-BIN\AI\V3\dataset_prepared\train\plastic\plastic_009__aug_v2_02.jpg,
train/plastic/plastic_009__aug_v2_03.jpg,train,plastic,preserved,v3_prepared,F:\ANHTHU\1-HCMUS\1 - STUDY\0-now\AIOT\PROJECT\CODE\AIOT-SMART-TRASH-BIN\AI\V3\dataset_prepared\train\plastic\plastic_009__aug_v2_03.jpg,
train/plastic/plastic_009__aug_v2_04.jpg,train,plastic,preserved,v3_prepared,F:\ANHTHU\1-HCMUS\1 - STUDY\0-now\AIOT\PROJECT\CODE\AIOT-SMART-TRASH-BIN\AI\V3\dataset_prepared\train\plastic\plastic_009__aug_v2_04.jpg,
train/plastic/plastic_009__aug_v2_05.jpg,train,plastic,preserved,v3_prepared,F:\ANHTHU\1-HCMUS\1 - STUDY\0-now\AIOT\PROJECT\CODE\AIOT-SMART-TRASH-BIN\AI\V3\dataset_prepared\train\plastic\plastic_009__aug_v2_05.jpg,
train/plastic/plastic_009__aug_v2_06.jpg,train,plastic,preserved,v3_prepared,F:\ANHTHU\1-HCMUS\1 - STUDY\0-now\AIOT\PROJECT\CODE\AIOT-SMART-TRASH-BIN\AI\V3\dataset_prepared\train\plastic\plastic_009__aug_v2_06.jpg,
train/plastic/plastic_009__aug_v2_07.jpg,train,plastic,preserved,v3_prepared,F:\ANHTHU\1-HCMUS\1 - STUDY\0-now\AIOT\PROJECT\CODE\AIOT-SMART-TRASH-BIN\AI\V3\dataset_prepared\train\plastic\plastic_009__aug_v2_07.jpg,
train/plastic/plastic_009__aug_v2_08.jpg,train,plastic,preserved,v3_prepared,F:\ANHTHU\1-HCMUS\1 - STUDY\0-now\AIOT\PROJECT\CODE\AIOT-SMART-TRASH-BIN\AI\V3\dataset_prepared\train\plastic\plastic_009__aug_v2_08.jpg,
train/plastic/plastic_009__aug_v2_09.jpg,train,plastic,preserved,v3_prepared,F:\ANHTHU\1-HCMUS\1 - STUDY\0-now\AIOT\PROJECT\CODE\AIOT-SMART-TRASH-BIN\AI\V3\dataset_prepared\train\plastic\plastic_009__aug_v2_09.jpg,
train/plastic/plastic_013.jpg,train,plastic,preserved,v3_prepared,F:\ANHTHU\1-HCMUS\1 - STUDY\0-now\AIOT\PROJECT\CODE\AIOT-SMART-TRASH-BIN\AI\V3\dataset_prepared\train\plastic\plastic_013.jpg,
train/plastic/plastic_013__aug_v2_01.jpg,train,plastic,preserved,v3_prepared,F:\ANHTHU\1-HCMUS\1 - STUDY\0-now\AIOT\PROJECT\CODE\AIOT-SMART-TRASH-BIN\AI\V3\dataset_prepared\train\plastic\plastic_013__aug_v2_01.jpg,
train/plastic/plastic_013__aug_v2_02.jpg,train,plastic,preserved,v3_prepared,F:\ANHTHU\1-HCMUS\1 - STUDY\0-now\AIOT\PROJECT\CODE\AIOT-SMART-TRASH-BIN\AI\V3\dataset_prepared\train\plastic\plastic_013__aug_v2_02.jpg,
train/plastic/plastic_013__aug_v2_03.jpg,train,plastic,preserved,v3_prepared,F:\ANHTHU\1-HCMUS\1 - STUDY\0-now\AIOT\PROJECT\CODE\AIOT-SMART-TRASH-BIN\AI\V3\dataset_prepared\train\plastic\plastic_013__aug_v2_03.jpg,
train/plastic/plastic_013__aug_v2_04.jpg,train,plastic,preserved,v3_prepared,F:\ANHTHU\1-HCMUS\1 - STUDY\0-now\AIOT\PROJECT\CODE\AIOT-SMART-TRASH-BIN\AI\V3\dataset_prepared\train\plastic\plastic_013__aug_v2_04.jpg,
train/plastic/plastic_013__aug_v2_05.jpg,train,plastic,preserved,v3_prepared,F:\ANHTHU\1-HCMUS\1 - STUDY\0-now\AIOT\PROJECT\CODE\AIOT-SMART-TRASH-BIN\AI\V3\dataset_prepared\train\plastic\plastic_013__aug_v2_05.jpg,
train/plastic/plastic_013__aug_v2_06.jpg,train,plastic,preserved,v3_prepared,F:\ANHTHU\1-HCMUS\1 - STUDY\0-now\AIOT\PROJECT\CODE\AIOT-SMART-TRASH-BIN\AI\V3\dataset_prepared\train\plastic\plastic_013__aug_v2_06.jpg,
train/plastic/plastic_013__aug_v2_07.jpg,train,plastic,preserved,v3_prepared,F:\ANHTHU\1-HCMUS\1 - STUDY\0-now\AIOT\PROJECT\CODE\AIOT-SMART-TRASH-BIN\AI\V3\dataset_prepared\train\plastic\plastic_013__aug_v2_07.jpg,
train/plastic/plastic_013__aug_v2_08.jpg,train,plastic,preserved,v3_prepared,F:\ANHTHU\1-HCMUS\1 - STUDY\0-now\AIOT\PROJECT\CODE\AIOT-SMART-TRASH-BIN\AI\V3\dataset_prepared\train\plastic\plastic_013__aug_v2_08.jpg,
train/plastic/plastic_013__aug_v2_09.jpg,train,plastic,preserved,v3_prepared,F:\ANHTHU\1-HCMUS\1 - STUDY\0-now\AIOT\PROJECT\CODE\AIOT-SMART-TRASH-BIN\AI\V3\dataset_prepared\train\plastic\plastic_013__aug_v2_09.jpg,
train/plastic/plastic_014.jpg,train,plastic,preserved,v3_prepared,F:\ANHTHU\1-HCMUS\1 - STUDY\0-now\AIOT\PROJECT\CODE\AIOT-SMART-TRASH-BIN\AI\V3\dataset_prepared\train\plastic\plastic_014.jpg,
train/plastic/plastic_014__aug_v2_01.jpg,train,plastic,preserved,v3_prepared,F:\ANHTHU\1-HCMUS\1 - STUDY\0-now\AIOT\PROJECT\CODE\AIOT-SMART-TRASH-BIN\AI\V3\dataset_prepared\train\plastic\plastic_014__aug_v2_01.jpg,
train/plastic/plastic_014__aug_v2_02.jpg,train,plastic,preserved,v3_prepared,F:\ANHTHU\1-HCMUS\1 - STUDY\0-now\AIOT\PROJECT\CODE\AIOT-SMART-TRASH-BIN\AI\V3\dataset_prepared\train\plastic\plastic_014__aug_v2_02.jpg,
train/plastic/plastic_014__aug_v2_03.jpg,train,plastic,preserved,v3_prepared,F:\ANHTHU\1-HCMUS\1 - STUDY\0-now\AIOT\PROJECT\CODE\AIOT-SMART-TRASH-BIN\AI\V3\dataset_prepared\train\plastic\plastic_014__aug_v2_03.jpg,
train/plastic/plastic_014__aug_v2_04.jpg,train,plastic,preserved,v3_prepared,F:\ANHTHU\1-HCMUS\1 - STUDY\0-now\AIOT\PROJECT\CODE\AIOT-SMART-TRASH-BIN\AI\V3\dataset_prepared\train\plastic\plastic_014__aug_v2_04.jpg,
train/plastic/plastic_014__aug_v2_05.jpg,train,plastic,preserved,v3_prepared,F:\ANHTHU\1-HCMUS\1 - STUDY\0-now\AIOT\PROJECT\CODE\AIOT-SMART-TRASH-BIN\AI\V3\dataset_prepared\train\plastic\plastic_014__aug_v2_05.jpg,
train/plastic/plastic_014__aug_v2_06.jpg,train,plastic,preserved,v3_prepared,F:\ANHTHU\1-HCMUS\1 - STUDY\0-now\AIOT\PROJECT\CODE\AIOT-SMART-TRASH-BIN\AI\V3\dataset_prepared\train\plastic\plastic_014__aug_v2_06.jpg,
train/plastic/plastic_014__aug_v2_07.jpg,train,plastic,preserved,v3_prepared,F:\ANHTHU\1-HCMUS\1 - STUDY\0-now\AIOT\PROJECT\CODE\AIOT-SMART-TRASH-BIN\AI\V3\dataset_prepared\train\plastic\plastic_014__aug_v2_07.jpg,
train/plastic/plastic_014__aug_v2_08.jpg,train,plastic,preserved,v3_prepared,F:\ANHTHU\1-HCMUS\1 - STUDY\0-now\AIOT\PROJECT\CODE\AIOT-SMART-TRASH-BIN\AI\V3\dataset_prepared\train\plastic\plastic_014__aug_v2_08.jpg,
train/plastic/plastic_014__aug_v2_09.jpg,train,plastic,preserved,v3_prepared,F:\ANHTHU\1-HCMUS\1 - STUDY\0-now\AIOT\PROJECT\CODE\AIOT-SMART-TRASH-BIN\AI\V3\dataset_prepared\train\plastic\plastic_014__aug_v2_09.jpg,
train/plastic/plastic_016.jpg,train,plastic,preserved,v3_prepared,F:\ANHTHU\1-HCMUS\1 - STUDY\0-now\AIOT\PROJECT\CODE\AIOT-SMART-TRASH-BIN\AI\V3\dataset_prepared\train\plastic\plastic_016.jpg,
train/plastic/plastic_016__aug_v2_01.jpg,train,plastic,preserved,v3_prepared,F:\ANHTHU\1-HCMUS\1 - STUDY\0-now\AIOT\PROJECT\CODE\AIOT-SMART-TRASH-BIN\AI\V3\dataset_prepared\train\plastic\plastic_016__aug_v2_01.jpg,
train/plastic/plastic_016__aug_v2_02.jpg,train,plastic,preserved,v3_prepared,F:\ANHTHU\1-HCMUS\1 - STUDY\0-now\AIOT\PROJECT\CODE\AIOT-SMART-TRASH-BIN\AI\V3\dataset_prepared\train\plastic\plastic_016__aug_v2_02.jpg,
train/plastic/plastic_016__aug_v2_03.jpg,train,plastic,preserved,v3_prepared,F:\ANHTHU\1-HCMUS\1 - STUDY\0-now\AIOT\PROJECT\CODE\AIOT-SMART-TRASH-BIN\AI\V3\dataset_prepared\train\plastic\plastic_016__aug_v2_03.jpg,
train/plastic/plastic_016__aug_v2_04.jpg,train,plastic,preserved,v3_prepared,F:\ANHTHU\1-HCMUS\1 - STUDY\0-now\AIOT\PROJECT\CODE\AIOT-SMART-TRASH-BIN\AI\V3\dataset_prepared\train\plastic\plastic_016__aug_v2_04.jpg,
train/plastic/plastic_016__aug_v2_05.jpg,train,plastic,preserved,v3_prepared,F:\ANHTHU\1-HCMUS\1 - STUDY\0-now\AIOT\PROJECT\CODE\AIOT-SMART-TRASH-BIN\AI\V3\dataset_prepared\train\plastic\plastic_016__aug_v2_05.jpg,
train/plastic/plastic_016__aug_v2_06.jpg,train,plastic,preserved,v3_prepared,F:\ANHTHU\1-HCMUS\1 - STUDY\0-now\AIOT\PROJECT\CODE\AIOT-SMART-TRASH-BIN\AI\V3\dataset_prepared\train\plastic\plastic_016__aug_v2_06.jpg,
train/plastic/plastic_016__aug_v2_07.jpg,train,plastic,preserved,v3_prepared,F:\ANHTHU\1-HCMUS\1 - STUDY\0-now\AIOT\PROJECT\CODE\AIOT-SMART-TRASH-BIN\AI\V3\dataset_prepared\train\plastic\plastic_016__aug_v2_07.jpg,
train/plastic/plastic_016__aug_v2_08.jpg,train,plastic,preserved,v3_prepared,F:\ANHTHU\1-HCMUS\1 - STUDY\0-now\AIOT\PROJECT\CODE\AIOT-SMART-TRASH-BIN\AI\V3\dataset_prepared\train\plastic\plastic_016__aug_v2_08.jpg,
train/plastic/plastic_016__aug_v2_09.jpg,train,plastic,preserved,v3_prepared,F:\ANHTHU\1-HCMUS\1 - STUDY\0-now\AIOT\PROJECT\CODE\AIOT-SMART-TRASH-BIN\AI\V3\dataset_prepared\train\plastic\plastic_016__aug_v2_09.jpg,
train/plastic/plastic_017.jpg,train,plastic,preserved,v3_prepared,F:\ANHTHU\1-HCMUS\1 - STUDY\0-now\AIOT\PROJECT\CODE\AIOT-SMART-TRASH-BIN\AI\V3\dataset_prepared\train\plastic\plastic_017.jpg,
train/plastic/plastic_017__aug_v2_01.jpg,train,plastic,preserved,v3_prepared,F:\ANHTHU\1-HCMUS\1 - STUDY\0-now\AIOT\PROJECT\CODE\AIOT-SMART-TRASH-BIN\AI\V3\dataset_prepared\train\plastic\plastic_017__aug_v2_01.jpg,
train/plastic/plastic_017__aug_v2_02.jpg,train,plastic,preserved,v3_prepared,F:\ANHTHU\1-HCMUS\1 - STUDY\0-now\AIOT\PROJECT\CODE\AIOT-SMART-TRASH-BIN\AI\V3\dataset_prepared\train\plastic\plastic_017__aug_v2_02.jpg,
train/plastic/plastic_017__aug_v2_03.jpg,train,plastic,preserved,v3_prepared,F:\ANHTHU\1-HCMUS\1 - STUDY\0-now\AIOT\PROJECT\CODE\AIOT-SMART-TRASH-BIN\AI\V3\dataset_prepared\train\plastic\plastic_017__aug_v2_03.jpg,
train/plastic/plastic_017__aug_v2_04.jpg,train,plastic,preserved,v3_prepared,F:\ANHTHU\1-HCMUS\1 - STUDY\0-now\AIOT\PROJECT\CODE\AIOT-SMART-TRASH-BIN\AI\V3\dataset_prepared\train\plastic\plastic_017__aug_v2_04.jpg,
train/plastic/plastic_017__aug_v2_05.jpg,train,plastic,preserved,v3_prepared,F:\ANHTHU\1-HCMUS\1 - STUDY\0-now\AIOT\PROJECT\CODE\AIOT-SMART-TRASH-BIN\AI\V3\dataset_prepared\train\plastic\plastic_017__aug_v2_05.jpg,
train/plastic/plastic_017__aug_v2_06.jpg,train,plastic,preserved,v3_prepared,F:\ANHTHU\1-HCMUS\1 - STUDY\0-now\AIOT\PROJECT\CODE\AIOT-SMART-TRASH-BIN\AI\V3\dataset_prepared\train\plastic\plastic_017__aug_v2_06.jpg,
train/plastic/plastic_017__aug_v2_07.jpg,train,plastic,preserved,v3_prepared,F:\ANHTHU\1-HCMUS\1 - STUDY\0-now\AIOT\PROJECT\CODE\AIOT-SMART-TRASH-BIN\AI\V3\dataset_prepared\train\plastic\plastic_017__aug_v2_07.jpg,
train/plastic/plastic_017__aug_v2_08.jpg,train,plastic,preserved,v3_prepared,F:\ANHTHU\1-HCMUS\1 - STUDY\0-now\AIOT\PROJECT\CODE\AIOT-SMART-TRASH-BIN\AI\V3\dataset_prepared\train\plastic\plastic_017__aug_v2_08.jpg,
train/plastic/plastic_017__aug_v2_09.jpg,train,plastic,preserved,v3_prepared,F:\ANHTHU\1-HCMUS\1 - STUDY\0-now\AIOT\PROJECT\CODE\AIOT-SMART-TRASH-BIN\AI\V3\dataset_prepared\train\plastic\plastic_017__aug_v2_09.jpg,
train/plastic/plastic_018.jpg,train,plastic,preserved,v3_prepared,F:\ANHTHU\1-HCMUS\1 - STUDY\0-now\AIOT\PROJECT\CODE\AIOT-SMART-TRASH-BIN\AI\V3\dataset_prepared\train\plastic\plastic_018.jpg,
train/plastic/plastic_018__aug_v2_01.jpg,train,plastic,preserved,v3_prepared,F:\ANHTHU\1-HCMUS\1 - STUDY\0-now\AIOT\PROJECT\CODE\AIOT-SMART-TRASH-BIN\AI\V3\dataset_prepared\train\plastic\plastic_018__aug_v2_01.jpg,
train/plastic/plastic_018__aug_v2_02.jpg,train,plastic,preserved,v3_prepared,F:\ANHTHU\1-HCMUS\1 - STUDY\0-now\AIOT\PROJECT\CODE\AIOT-SMART-TRASH-BIN\AI\V3\dataset_prepared\train\plastic\plastic_018__aug_v2_02.jpg,
train/plastic/plastic_018__aug_v2_03.jpg,train,plastic,preserved,v3_prepared,F:\ANHTHU\1-HCMUS\1 - STUDY\0-now\AIOT\PROJECT\CODE\AIOT-SMART-TRASH-BIN\AI\V3\dataset_prepared\train\plastic\plastic_018__aug_v2_03.jpg,
train/plastic/plastic_018__aug_v2_04.jpg,train,plastic,preserved,v3_prepared,F:\ANHTHU\1-HCMUS\1 - STUDY\0-now\AIOT\PROJECT\CODE\AIOT-SMART-TRASH-BIN\AI\V3\dataset_prepared\train\plastic\plastic_018__aug_v2_04.jpg,
train/plastic/plastic_018__aug_v2_05.jpg,train,plastic,preserved,v3_prepared,F:\ANHTHU\1-HCMUS\1 - STUDY\0-now\AIOT\PROJECT\CODE\AIOT-SMART-TRASH-BIN\AI\V3\dataset_prepared\train\plastic\plastic_018__aug_v2_05.jpg,
train/plastic/plastic_018__aug_v2_06.jpg,train,plastic,preserved,v3_prepared,F:\ANHTHU\1-HCMUS\1 - STUDY\0-now\AIOT\PROJECT\CODE\AIOT-SMART-TRASH-BIN\AI\V3\dataset_prepared\train\plastic\plastic_018__aug_v2_06.jpg,
train/plastic/plastic_018__aug_v2_07.jpg,train,plastic,preserved,v3_prepared,F:\ANHTHU\1-HCMUS\1 - STUDY\0-now\AIOT\PROJECT\CODE\AIOT-SMART-TRASH-BIN\AI\V3\dataset_prepared\train\plastic\plastic_018__aug_v2_07.jpg,
train/plastic/plastic_018__aug_v2_08.jpg,train,plastic,preserved,v3_prepared,F:\ANHTHU\1-HCMUS\1 - STUDY\0-now\AIOT\PROJECT\CODE\AIOT-SMART-TRASH-BIN\AI\V3\dataset_prepared\train\plastic\plastic_018__aug_v2_08.jpg,
train/plastic/plastic_018__aug_v2_09.jpg,train,plastic,preserved,v3_prepared,F:\ANHTHU\1-HCMUS\1 - STUDY\0-now\AIOT\PROJECT\CODE\AIOT-SMART-TRASH-BIN\AI\V3\dataset_prepared\train\plastic\plastic_018__aug_v2_09.jpg,
train/plastic/plastic_019.jpg,train,plastic,preserved,v3_prepared,F:\ANHTHU\1-HCMUS\1 - STUDY\0-now\AIOT\PROJECT\CODE\AIOT-SMART-TRASH-BIN\AI\V3\dataset_prepared\train\plastic\plastic_019.jpg,
train/plastic/plastic_019__aug_v2_01.jpg,train,plastic,preserved,v3_prepared,F:\ANHTHU\1-HCMUS\1 - STUDY\0-now\AIOT\PROJECT\CODE\AIOT-SMART-TRASH-BIN\AI\V3\dataset_prepared\train\plastic\plastic_019__aug_v2_01.jpg,
train/plastic/plastic_019__aug_v2_02.jpg,train,plastic,preserved,v3_prepared,F:\ANHTHU\1-HCMUS\1 - STUDY\0-now\AIOT\PROJECT\CODE\AIOT-SMART-TRASH-BIN\AI\V3\dataset_prepared\train\plastic\plastic_019__aug_v2_02.jpg,
train/plastic/plastic_019__aug_v2_03.jpg,train,plastic,preserved,v3_prepared,F:\ANHTHU\1-HCMUS\1 - STUDY\0-now\AIOT\PROJECT\CODE\AIOT-SMART-TRASH-BIN\AI\V3\dataset_prepared\train\plastic\plastic_019__aug_v2_03.jpg,
train/plastic/plastic_019__aug_v2_04.jpg,train,plastic,preserved,v3_prepared,F:\ANHTHU\1-HCMUS\1 - STUDY\0-now\AIOT\PROJECT\CODE\AIOT-SMART-TRASH-BIN\AI\V3\dataset_prepared\train\plastic\plastic_019__aug_v2_04.jpg,
train/plastic/plastic_019__aug_v2_05.jpg,train,plastic,preserved,v3_prepared,F:\ANHTHU\1-HCMUS\1 - STUDY\0-now\AIOT\PROJECT\CODE\AIOT-SMART-TRASH-BIN\AI\V3\dataset_prepared\train\plastic\plastic_019__aug_v2_05.jpg,
train/plastic/plastic_019__aug_v2_06.jpg,train,plastic,preserved,v3_prepared,F:\ANHTHU\1-HCMUS\1 - STUDY\0-now\AIOT\PROJECT\CODE\AIOT-SMART-TRASH-BIN\AI\V3\dataset_prepared\train\plastic\plastic_019__aug_v2_06.jpg,
train/plastic/plastic_019__aug_v2_07.jpg,train,plastic,preserved,v3_prepared,F:\ANHTHU\1-HCMUS\1 - STUDY\0-now\AIOT\PROJECT\CODE\AIOT-SMART-TRASH-BIN\AI\V3\dataset_prepared\train\plastic\plastic_019__aug_v2_07.jpg,
train/plastic/plastic_019__aug_v2_08.jpg,train,plastic,preserved,v3_prepared,F:\ANHTHU\1-HCMUS\1 - STUDY\0-now\AIOT\PROJECT\CODE\AIOT-SMART-TRASH-BIN\AI\V3\dataset_prepared\train\plastic\plastic_019__aug_v2_08.jpg,
train/plastic/plastic_019__aug_v2_09.jpg,train,plastic,preserved,v3_prepared,F:\ANHTHU\1-HCMUS\1 - STUDY\0-now\AIOT\PROJECT\CODE\AIOT-SMART-TRASH-BIN\AI\V3\dataset_prepared\train\plastic\plastic_019__aug_v2_09.jpg,
train/plastic/plastic_020.jpg,train,plastic,preserved,v3_prepared,F:\ANHTHU\1-HCMUS\1 - STUDY\0-now\AIOT\PROJECT\CODE\AIOT-SMART-TRASH-BIN\AI\V3\dataset_prepared\train\plastic\plastic_020.jpg,
train/plastic/plastic_020__aug_v2_01.jpg,train,plastic,preserved,v3_prepared,F:\ANHTHU\1-HCMUS\1 - STUDY\0-now\AIOT\PROJECT\CODE\AIOT-SMART-TRASH-BIN\AI\V3\dataset_prepared\train\plastic\plastic_020__aug_v2_01.jpg,
train/plastic/plastic_020__aug_v2_02.jpg,train,plastic,preserved,v3_prepared,F:\ANHTHU\1-HCMUS\1 - STUDY\0-now\AIOT\PROJECT\CODE\AIOT-SMART-TRASH-BIN\AI\V3\dataset_prepared\train\plastic\plastic_020__aug_v2_02.jpg,
train/plastic/plastic_020__aug_v2_03.jpg,train,plastic,preserved,v3_prepared,F:\ANHTHU\1-HCMUS\1 - STUDY\0-now\AIOT\PROJECT\CODE\AIOT-SMART-TRASH-BIN\AI\V3\dataset_prepared\train\plastic\plastic_020__aug_v2_03.jpg,
train/plastic/plastic_020__aug_v2_04.jpg,train,plastic,preserved,v3_prepared,F:\ANHTHU\1-HCMUS\1 - STUDY\0-now\AIOT\PROJECT\CODE\AIOT-SMART-TRASH-BIN\AI\V3\dataset_prepared\train\plastic\plastic_020__aug_v2_04.jpg,
train/plastic/plastic_020__aug_v2_05.jpg,train,plastic,preserved,v3_prepared,F:\ANHTHU\1-HCMUS\1 - STUDY\0-now\AIOT\PROJECT\CODE\AIOT-SMART-TRASH-BIN\AI\V3\dataset_prepared\train\plastic\plastic_020__aug_v2_05.jpg,
train/plastic/plastic_020__aug_v2_06.jpg,train,plastic,preserved,v3_prepared,F:\ANHTHU\1-HCMUS\1 - STUDY\0-now\AIOT\PROJECT\CODE\AIOT-SMART-TRASH-BIN\AI\V3\dataset_prepared\train\plastic\plastic_020__aug_v2_06.jpg,
train/plastic/plastic_020__aug_v2_07.jpg,train,plastic,preserved,v3_prepared,F:\ANHTHU\1-HCMUS\1 - STUDY\0-now\AIOT\PROJECT\CODE\AIOT-SMART-TRASH-BIN\AI\V3\dataset_prepared\train\plastic\plastic_020__aug_v2_07.jpg,
train/plastic/plastic_020__aug_v2_08.jpg,train,plastic,preserved,v3_prepared,F:\ANHTHU\1-HCMUS\1 - STUDY\0-now\AIOT\PROJECT\CODE\AIOT-SMART-TRASH-BIN\AI\V3\dataset_prepared\train\plastic\plastic_020__aug_v2_08.jpg,
train/plastic/plastic_020__aug_v2_09.jpg,train,plastic,preserved,v3_prepared,F:\ANHTHU\1-HCMUS\1 - STUDY\0-now\AIOT\PROJECT\CODE\AIOT-SMART-TRASH-BIN\AI\V3\dataset_prepared\train\plastic\plastic_020__aug_v2_09.jpg,
train/organic/organic_001.jpg,train,organic,preserved,v3_prepared,F:\ANHTHU\1-HCMUS\1 - STUDY\0-now\AIOT\PROJECT\CODE\AIOT-SMART-TRASH-BIN\AI\V3\dataset_prepared\train\organic\organic_001.jpg,
train/organic/organic_001__aug_v2_01.jpg,train,organic,preserved,v3_prepared,F:\ANHTHU\1-HCMUS\1 - STUDY\0-now\AIOT\PROJECT\CODE\AIOT-SMART-TRASH-BIN\AI\V3\dataset_prepared\train\organic\organic_001__aug_v2_01.jpg,
train/organic/organic_001__aug_v2_02.jpg,train,organic,preserved,v3_prepared,F:\ANHTHU\1-HCMUS\1 - STUDY\0-now\AIOT\PROJECT\CODE\AIOT-SMART-TRASH-BIN\AI\V3\dataset_prepared\train\organic\organic_001__aug_v2_02.jpg,
train/organic/organic_001__aug_v2_03.jpg,train,organic,preserved,v3_prepared,F:\ANHTHU\1-HCMUS\1 - STUDY\0-now\AIOT\PROJECT\CODE\AIOT-SMART-TRASH-BIN\AI\V3\dataset_prepared\train\organic\organic_001__aug_v2_03.jpg,
train/organic/organic_001__aug_v2_04.jpg,train,organic,preserved,v3_prepared,F:\ANHTHU\1-HCMUS\1 - STUDY\0-now\AIOT\PROJECT\CODE\AIOT-SMART-TRASH-BIN\AI\V3\dataset_prepared\train\organic\organic_001__aug_v2_04.jpg,
train/organic/organic_001__aug_v2_05.jpg,train,organic,preserved,v3_prepared,F:\ANHTHU\1-HCMUS\1 - STUDY\0-now\AIOT\PROJECT\CODE\AIOT-SMART-TRASH-BIN\AI\V3\dataset_prepared\train\organic\organic_001__aug_v2_05.jpg,
train/organic/organic_001__aug_v2_06.jpg,train,organic,preserved,v3_prepared,F:\ANHTHU\1-HCMUS\1 - STUDY\0-now\AIOT\PROJECT\CODE\AIOT-SMART-TRASH-BIN\AI\V3\dataset_prepared\train\organic\organic_001__aug_v2_06.jpg,
train/organic/organic_001__aug_v2_07.jpg,train,organic,preserved,v3_prepared,F:\ANHTHU\1-HCMUS\1 - STUDY\0-now\AIOT\PROJECT\CODE\AIOT-SMART-TRASH-BIN\AI\V3\dataset_prepared\train\organic\organic_001__aug_v2_07.jpg,
train/organic/organic_001__aug_v2_08.jpg,train,organic,preserved,v3_prepared,F:\ANHTHU\1-HCMUS\1 - STUDY\0-now\AIOT\PROJECT\CODE\AIOT-SMART-TRASH-BIN\AI\V3\dataset_prepared\train\organic\organic_001__aug_v2_08.jpg,
train/organic/organic_001__aug_v2_09.jpg,train,organic,preserved,v3_prepared,F:\ANHTHU\1-HCMUS\1 - STUDY\0-now\AIOT\PROJECT\CODE\AIOT-SMART-TRASH-BIN\AI\V3\dataset_prepared\train\organic\organic_001__aug_v2_09.jpg,
train/organic/organic_002.jpg,train,organic,preserved,v3_prepared,F:\ANHTHU\1-HCMUS\1 - STUDY\0-now\AIOT\PROJECT\CODE\AIOT-SMART-TRASH-BIN\AI\V3\dataset_prepared\train\organic\organic_002.jpg,
train/organic/organic_002__aug_v2_01.jpg,train,organic,preserved,v3_prepared,F:\ANHTHU\1-HCMUS\1 - STUDY\0-now\AIOT\PROJECT\CODE\AIOT-SMART-TRASH-BIN\AI\V3\dataset_prepared\train\organic\organic_002__aug_v2_01.jpg,
train/organic/organic_002__aug_v2_02.jpg,train,organic,preserved,v3_prepared,F:\ANHTHU\1-HCMUS\1 - STUDY\0-now\AIOT\PROJECT\CODE\AIOT-SMART-TRASH-BIN\AI\V3\dataset_prepared\train\organic\organic_002__aug_v2_02.jpg,
train/organic/organic_002__aug_v2_03.jpg,train,organic,preserved,v3_prepared,F:\ANHTHU\1-HCMUS\1 - STUDY\0-now\AIOT\PROJECT\CODE\AIOT-SMART-TRASH-BIN\AI\V3\dataset_prepared\train\organic\organic_002__aug_v2_03.jpg,
train/organic/organic_002__aug_v2_04.jpg,train,organic,preserved,v3_prepared,F:\ANHTHU\1-HCMUS\1 - STUDY\0-now\AIOT\PROJECT\CODE\AIOT-SMART-TRASH-BIN\AI\V3\dataset_prepared\train\organic\organic_002__aug_v2_04.jpg,
train/organic/organic_002__aug_v2_05.jpg,train,organic,preserved,v3_prepared,F:\ANHTHU\1-HCMUS\1 - STUDY\0-now\AIOT\PROJECT\CODE\AIOT-SMART-TRASH-BIN\AI\V3\dataset_prepared\train\organic\organic_002__aug_v2_05.jpg,
train/organic/organic_002__aug_v2_06.jpg,train,organic,preserved,v3_prepared,F:\ANHTHU\1-HCMUS\1 - STUDY\0-now\AIOT\PROJECT\CODE\AIOT-SMART-TRASH-BIN\AI\V3\dataset_prepared\train\organic\organic_002__aug_v2_06.jpg,
train/organic/organic_002__aug_v2_07.jpg,train,organic,preserved,v3_prepared,F:\ANHTHU\1-HCMUS\1 - STUDY\0-now\AIOT\PROJECT\CODE\AIOT-SMART-TRASH-BIN\AI\V3\dataset_prepared\train\organic\organic_002__aug_v2_07.jpg,
train/organic/organic_002__aug_v2_08.jpg,train,organic,preserved,v3_prepared,F:\ANHTHU\1-HCMUS\1 - STUDY\0-now\AIOT\PROJECT\CODE\AIOT-SMART-TRASH-BIN\AI\V3\dataset_prepared\train\organic\organic_002__aug_v2_08.jpg,
train/organic/organic_002__aug_v2_09.jpg,train,organic,preserved,v3_prepared,F:\ANHTHU\1-HCMUS\1 - STUDY\0-now\AIOT\PROJECT\CODE\AIOT-SMART-TRASH-BIN\AI\V3\dataset_prepared\train\organic\organic_002__aug_v2_09.jpg,
train/organic/organic_003.jpg,train,organic,preserved,v3_prepared,F:\ANHTHU\1-HCMUS\1 - STUDY\0-now\AIOT\PROJECT\CODE\AIOT-SMART-TRASH-BIN\AI\V3\dataset_prepared\train\organic\organic_003.jpg,
train/organic/organic_003__aug_v2_01.jpg,train,organic,preserved,v3_prepared,F:\ANHTHU\1-HCMUS\1 - STUDY\0-now\AIOT\PROJECT\CODE\AIOT-SMART-TRASH-BIN\AI\V3\dataset_prepared\train\organic\organic_003__aug_v2_01.jpg,
train/organic/organic_003__aug_v2_02.jpg,train,organic,preserved,v3_prepared,F:\ANHTHU\1-HCMUS\1 - STUDY\0-now\AIOT\PROJECT\CODE\AIOT-SMART-TRASH-BIN\AI\V3\dataset_prepared\train\organic\organic_003__aug_v2_02.jpg,
train/organic/organic_003__aug_v2_03.jpg,train,organic,preserved,v3_prepared,F:\ANHTHU\1-HCMUS\1 - STUDY\0-now\AIOT\PROJECT\CODE\AIOT-SMART-TRASH-BIN\AI\V3\dataset_prepared\train\organic\organic_003__aug_v2_03.jpg,
train/organic/organic_003__aug_v2_04.jpg,train,organic,preserved,v3_prepared,F:\ANHTHU\1-HCMUS\1 - STUDY\0-now\AIOT\PROJECT\CODE\AIOT-SMART-TRASH-BIN\AI\V3\dataset_prepared\train\organic\organic_003__aug_v2_04.jpg,
train/organic/organic_003__aug_v2_05.jpg,train,organic,preserved,v3_prepared,F:\ANHTHU\1-HCMUS\1 - STUDY\0-now\AIOT\PROJECT\CODE\AIOT-SMART-TRASH-BIN\AI\V3\dataset_prepared\train\organic\organic_003__aug_v2_05.jpg,
train/organic/organic_003__aug_v2_06.jpg,train,organic,preserved,v3_prepared,F:\ANHTHU\1-HCMUS\1 - STUDY\0-now\AIOT\PROJECT\CODE\AIOT-SMART-TRASH-BIN\AI\V3\dataset_prepared\train\organic\organic_003__aug_v2_06.jpg,
train/organic/organic_003__aug_v2_07.jpg,train,organic,preserved,v3_prepared,F:\ANHTHU\1-HCMUS\1 - STUDY\0-now\AIOT\PROJECT\CODE\AIOT-SMART-TRASH-BIN\AI\V3\dataset_prepared\train\organic\organic_003__aug_v2_07.jpg,
train/organic/organic_003__aug_v2_08.jpg,train,organic,preserved,v3_prepared,F:\ANHTHU\1-HCMUS\1 - STUDY\0-now\AIOT\PROJECT\CODE\AIOT-SMART-TRASH-BIN\AI\V3\dataset_prepared\train\organic\organic_003__aug_v2_08.jpg,
train/organic/organic_003__aug_v2_09.jpg,train,organic,preserved,v3_prepared,F:\ANHTHU\1-HCMUS\1 - STUDY\0-now\AIOT\PROJECT\CODE\AIOT-SMART-TRASH-BIN\AI\V3\dataset_prepared\train\organic\organic_003__aug_v2_09.jpg,
train/organic/organic_006.jpg,train,organic,preserved,v3_prepared,F:\ANHTHU\1-HCMUS\1 - STUDY\0-now\AIOT\PROJECT\CODE\AIOT-SMART-TRASH-BIN\AI\V3\dataset_prepared\train\organic\organic_006.jpg,
train/organic/organic_006__aug_v2_01.jpg,train,organic,preserved,v3_prepared,F:\ANHTHU\1-HCMUS\1 - STUDY\0-now\AIOT\PROJECT\CODE\AIOT-SMART-TRASH-BIN\AI\V3\dataset_prepared\train\organic\organic_006__aug_v2_01.jpg,
train/organic/organic_006__aug_v2_02.jpg,train,organic,preserved,v3_prepared,F:\ANHTHU\1-HCMUS\1 - STUDY\0-now\AIOT\PROJECT\CODE\AIOT-SMART-TRASH-BIN\AI\V3\dataset_prepared\train\organic\organic_006__aug_v2_02.jpg,
train/organic/organic_006__aug_v2_03.jpg,train,organic,preserved,v3_prepared,F:\ANHTHU\1-HCMUS\1 - STUDY\0-now\AIOT\PROJECT\CODE\AIOT-SMART-TRASH-BIN\AI\V3\dataset_prepared\train\organic\organic_006__aug_v2_03.jpg,
train/organic/organic_006__aug_v2_04.jpg,train,organic,preserved,v3_prepared,F:\ANHTHU\1-HCMUS\1 - STUDY\0-now\AIOT\PROJECT\CODE\AIOT-SMART-TRASH-BIN\AI\V3\dataset_prepared\train\organic\organic_006__aug_v2_04.jpg,
train/organic/organic_006__aug_v2_05.jpg,train,organic,preserved,v3_prepared,F:\ANHTHU\1-HCMUS\1 - STUDY\0-now\AIOT\PROJECT\CODE\AIOT-SMART-TRASH-BIN\AI\V3\dataset_prepared\train\organic\organic_006__aug_v2_05.jpg,
train/organic/organic_006__aug_v2_06.jpg,train,organic,preserved,v3_prepared,F:\ANHTHU\1-HCMUS\1 - STUDY\0-now\AIOT\PROJECT\CODE\AIOT-SMART-TRASH-BIN\AI\V3\dataset_prepared\train\organic\organic_006__aug_v2_06.jpg,
train/organic/organic_006__aug_v2_07.jpg,train,organic,preserved,v3_prepared,F:\ANHTHU\1-HCMUS\1 - STUDY\0-now\AIOT\PROJECT\CODE\AIOT-SMART-TRASH-BIN\AI\V3\dataset_prepared\train\organic\organic_006__aug_v2_07.jpg,
train/organic/organic_006__aug_v2_08.jpg,train,organic,preserved,v3_prepared,F:\ANHTHU\1-HCMUS\1 - STUDY\0-now\AIOT\PROJECT\CODE\AIOT-SMART-TRASH-BIN\AI\V3\dataset_prepared\train\organic\organic_006__aug_v2_08.jpg,
train/organic/organic_006__aug_v2_09.jpg,train,organic,preserved,v3_prepared,F:\ANHTHU\1-HCMUS\1 - STUDY\0-now\AIOT\PROJECT\CODE\AIOT-SMART-TRASH-BIN\AI\V3\dataset_prepared\train\organic\organic_006__aug_v2_09.jpg,
train/organic/organic_007.jpg,train,organic,preserved,v3_prepared,F:\ANHTHU\1-HCMUS\1 - STUDY\0-now\AIOT\PROJECT\CODE\AIOT-SMART-TRASH-BIN\AI\V3\dataset_prepared\train\organic\organic_007.jpg,
train/organic/organic_007__aug_v2_01.jpg,train,organic,preserved,v3_prepared,F:\ANHTHU\1-HCMUS\1 - STUDY\0-now\AIOT\PROJECT\CODE\AIOT-SMART-TRASH-BIN\AI\V3\dataset_prepared\train\organic\organic_007__aug_v2_01.jpg,
train/organic/organic_007__aug_v2_02.jpg,train,organic,preserved,v3_prepared,F:\ANHTHU\1-HCMUS\1 - STUDY\0-now\AIOT\PROJECT\CODE\AIOT-SMART-TRASH-BIN\AI\V3\dataset_prepared\train\organic\organic_007__aug_v2_02.jpg,
train/organic/organic_007__aug_v2_03.jpg,train,organic,preserved,v3_prepared,F:\ANHTHU\1-HCMUS\1 - STUDY\0-now\AIOT\PROJECT\CODE\AIOT-SMART-TRASH-BIN\AI\V3\dataset_prepared\train\organic\organic_007__aug_v2_03.jpg,
train/organic/organic_007__aug_v2_04.jpg,train,organic,preserved,v3_prepared,F:\ANHTHU\1-HCMUS\1 - STUDY\0-now\AIOT\PROJECT\CODE\AIOT-SMART-TRASH-BIN\AI\V3\dataset_prepared\train\organic\organic_007__aug_v2_04.jpg,
train/organic/organic_007__aug_v2_05.jpg,train,organic,preserved,v3_prepared,F:\ANHTHU\1-HCMUS\1 - STUDY\0-now\AIOT\PROJECT\CODE\AIOT-SMART-TRASH-BIN\AI\V3\dataset_prepared\train\organic\organic_007__aug_v2_05.jpg,
train/organic/organic_007__aug_v2_06.jpg,train,organic,preserved,v3_prepared,F:\ANHTHU\1-HCMUS\1 - STUDY\0-now\AIOT\PROJECT\CODE\AIOT-SMART-TRASH-BIN\AI\V3\dataset_prepared\train\organic\organic_007__aug_v2_06.jpg,
train/organic/organic_007__aug_v2_07.jpg,train,organic,preserved,v3_prepared,F:\ANHTHU\1-HCMUS\1 - STUDY\0-now\AIOT\PROJECT\CODE\AIOT-SMART-TRASH-BIN\AI\V3\dataset_prepared\train\organic\organic_007__aug_v2_07.jpg,
train/organic/organic_007__aug_v2_08.jpg,train,organic,preserved,v3_prepared,F:\ANHTHU\1-HCMUS\1 - STUDY\0-now\AIOT\PROJECT\CODE\AIOT-SMART-TRASH-BIN\AI\V3\dataset_prepared\train\organic\organic_007__aug_v2_08.jpg,
train/organic/organic_007__aug_v2_09.jpg,train,organic,preserved,v3_prepared,F:\ANHTHU\1-HCMUS\1 - STUDY\0-now\AIOT\PROJECT\CODE\AIOT-SMART-TRASH-BIN\AI\V3\dataset_prepared\train\organic\organic_007__aug_v2_09.jpg,
train/organic/organic_008.jpg,train,organic,preserved,v3_prepared,F:\ANHTHU\1-HCMUS\1 - STUDY\0-now\AIOT\PROJECT\CODE\AIOT-SMART-TRASH-BIN\AI\V3\dataset_prepared\train\organic\organic_008.jpg,
train/organic/organic_008__aug_v2_01.jpg,train,organic,preserved,v3_prepared,F:\ANHTHU\1-HCMUS\1 - STUDY\0-now\AIOT\PROJECT\CODE\AIOT-SMART-TRASH-BIN\AI\V3\dataset_prepared\train\organic\organic_008__aug_v2_01.jpg,
train/organic/organic_008__aug_v2_02.jpg,train,organic,preserved,v3_prepared,F:\ANHTHU\1-HCMUS\1 - STUDY\0-now\AIOT\PROJECT\CODE\AIOT-SMART-TRASH-BIN\AI\V3\dataset_prepared\train\organic\organic_008__aug_v2_02.jpg,
train/organic/organic_008__aug_v2_03.jpg,train,organic,preserved,v3_prepared,F:\ANHTHU\1-HCMUS\1 - STUDY\0-now\AIOT\PROJECT\CODE\AIOT-SMART-TRASH-BIN\AI\V3\dataset_prepared\train\organic\organic_008__aug_v2_03.jpg,
train/organic/organic_008__aug_v2_04.jpg,train,organic,preserved,v3_prepared,F:\ANHTHU\1-HCMUS\1 - STUDY\0-now\AIOT\PROJECT\CODE\AIOT-SMART-TRASH-BIN\AI\V3\dataset_prepared\train\organic\organic_008__aug_v2_04.jpg,
train/organic/organic_008__aug_v2_05.jpg,train,organic,preserved,v3_prepared,F:\ANHTHU\1-HCMUS\1 - STUDY\0-now\AIOT\PROJECT\CODE\AIOT-SMART-TRASH-BIN\AI\V3\dataset_prepared\train\organic\organic_008__aug_v2_05.jpg,
train/organic/organic_008__aug_v2_06.jpg,train,organic,preserved,v3_prepared,F:\ANHTHU\1-HCMUS\1 - STUDY\0-now\AIOT\PROJECT\CODE\AIOT-SMART-TRASH-BIN\AI\V3\dataset_prepared\train\organic\organic_008__aug_v2_06.jpg,
train/organic/organic_008__aug_v2_07.jpg,train,organic,preserved,v3_prepared,F:\ANHTHU\1-HCMUS\1 - STUDY\0-now\AIOT\PROJECT\CODE\AIOT-SMART-TRASH-BIN\AI\V3\dataset_prepared\train\organic\organic_008__aug_v2_07.jpg,
train/organic/organic_008__aug_v2_08.jpg,train,organic,preserved,v3_prepared,F:\ANHTHU\1-HCMUS\1 - STUDY\0-now\AIOT\PROJECT\CODE\AIOT-SMART-TRASH-BIN\AI\V3\dataset_prepared\train\organic\organic_008__aug_v2_08.jpg,
train/organic/organic_008__aug_v2_09.jpg,train,organic,preserved,v3_prepared,F:\ANHTHU\1-HCMUS\1 - STUDY\0-now\AIOT\PROJECT\CODE\AIOT-SMART-TRASH-BIN\AI\V3\dataset_prepared\train\organic\organic_008__aug_v2_09.jpg,
train/organic/organic_009.jpg,train,organic,preserved,v3_prepared,F:\ANHTHU\1-HCMUS\1 - STUDY\0-now\AIOT\PROJECT\CODE\AIOT-SMART-TRASH-BIN\AI\V3\dataset_prepared\train\organic\organic_009.jpg,
train/organic/organic_009__aug_v2_01.jpg,train,organic,preserved,v3_prepared,F:\ANHTHU\1-HCMUS\1 - STUDY\0-now\AIOT\PROJECT\CODE\AIOT-SMART-TRASH-BIN\AI\V3\dataset_prepared\train\organic\organic_009__aug_v2_01.jpg,
train/organic/organic_009__aug_v2_02.jpg,train,organic,preserved,v3_prepared,F:\ANHTHU\1-HCMUS\1 - STUDY\0-now\AIOT\PROJECT\CODE\AIOT-SMART-TRASH-BIN\AI\V3\dataset_prepared\train\organic\organic_009__aug_v2_02.jpg,
train/organic/organic_009__aug_v2_03.jpg,train,organic,preserved,v3_prepared,F:\ANHTHU\1-HCMUS\1 - STUDY\0-now\AIOT\PROJECT\CODE\AIOT-SMART-TRASH-BIN\AI\V3\dataset_prepared\train\organic\organic_009__aug_v2_03.jpg,
train/organic/organic_009__aug_v2_04.jpg,train,organic,preserved,v3_prepared,F:\ANHTHU\1-HCMUS\1 - STUDY\0-now\AIOT\PROJECT\CODE\AIOT-SMART-TRASH-BIN\AI\V3\dataset_prepared\train\organic\organic_009__aug_v2_04.jpg,
train/organic/organic_009__aug_v2_05.jpg,train,organic,preserved,v3_prepared,F:\ANHTHU\1-HCMUS\1 - STUDY\0-now\AIOT\PROJECT\CODE\AIOT-SMART-TRASH-BIN\AI\V3\dataset_prepared\train\organic\organic_009__aug_v2_05.jpg,
train/organic/organic_009__aug_v2_06.jpg,train,organic,preserved,v3_prepared,F:\ANHTHU\1-HCMUS\1 - STUDY\0-now\AIOT\PROJECT\CODE\AIOT-SMART-TRASH-BIN\AI\V3\dataset_prepared\train\organic\organic_009__aug_v2_06.jpg,
train/organic/organic_009__aug_v2_07.jpg,train,organic,preserved,v3_prepared,F:\ANHTHU\1-HCMUS\1 - STUDY\0-now\AIOT\PROJECT\CODE\AIOT-SMART-TRASH-BIN\AI\V3\dataset_prepared\train\organic\organic_009__aug_v2_07.jpg,
train/organic/organic_009__aug_v2_08.jpg,train,organic,preserved,v3_prepared,F:\ANHTHU\1-HCMUS\1 - STUDY\0-now\AIOT\PROJECT\CODE\AIOT-SMART-TRASH-BIN\AI\V3\dataset_prepared\train\organic\organic_009__aug_v2_08.jpg,
train/organic/organic_009__aug_v2_09.jpg,train,organic,preserved,v3_prepared,F:\ANHTHU\1-HCMUS\1 - STUDY\0-now\AIOT\PROJECT\CODE\AIOT-SMART-TRASH-BIN\AI\V3\dataset_prepared\train\organic\organic_009__aug_v2_09.jpg,
train/organic/organic_010.jpg,train,organic,preserved,v3_prepared,F:\ANHTHU\1-HCMUS\1 - STUDY\0-now\AIOT\PROJECT\CODE\AIOT-SMART-TRASH-BIN\AI\V3\dataset_prepared\train\organic\organic_010.jpg,
train/organic/organic_010__aug_v2_01.jpg,train,organic,preserved,v3_prepared,F:\ANHTHU\1-HCMUS\1 - STUDY\0-now\AIOT\PROJECT\CODE\AIOT-SMART-TRASH-BIN\AI\V3\dataset_prepared\train\organic\organic_010__aug_v2_01.jpg,
train/organic/organic_010__aug_v2_02.jpg,train,organic,preserved,v3_prepared,F:\ANHTHU\1-HCMUS\1 - STUDY\0-now\AIOT\PROJECT\CODE\AIOT-SMART-TRASH-BIN\AI\V3\dataset_prepared\train\organic\organic_010__aug_v2_02.jpg,
train/organic/organic_010__aug_v2_03.jpg,train,organic,preserved,v3_prepared,F:\ANHTHU\1-HCMUS\1 - STUDY\0-now\AIOT\PROJECT\CODE\AIOT-SMART-TRASH-BIN\AI\V3\dataset_prepared\train\organic\organic_010__aug_v2_03.jpg,
train/organic/organic_010__aug_v2_04.jpg,train,organic,preserved,v3_prepared,F:\ANHTHU\1-HCMUS\1 - STUDY\0-now\AIOT\PROJECT\CODE\AIOT-SMART-TRASH-BIN\AI\V3\dataset_prepared\train\organic\organic_010__aug_v2_04.jpg,
train/organic/organic_010__aug_v2_05.jpg,train,organic,preserved,v3_prepared,F:\ANHTHU\1-HCMUS\1 - STUDY\0-now\AIOT\PROJECT\CODE\AIOT-SMART-TRASH-BIN\AI\V3\dataset_prepared\train\organic\organic_010__aug_v2_05.jpg,
train/organic/organic_010__aug_v2_06.jpg,train,organic,preserved,v3_prepared,F:\ANHTHU\1-HCMUS\1 - STUDY\0-now\AIOT\PROJECT\CODE\AIOT-SMART-TRASH-BIN\AI\V3\dataset_prepared\train\organic\organic_010__aug_v2_06.jpg,
train/organic/organic_010__aug_v2_07.jpg,train,organic,preserved,v3_prepared,F:\ANHTHU\1-HCMUS\1 - STUDY\0-now\AIOT\PROJECT\CODE\AIOT-SMART-TRASH-BIN\AI\V3\dataset_prepared\train\organic\organic_010__aug_v2_07.jpg,
train/organic/organic_010__aug_v2_08.jpg,train,organic,preserved,v3_prepared,F:\ANHTHU\1-HCMUS\1 - STUDY\0-now\AIOT\PROJECT\CODE\AIOT-SMART-TRASH-BIN\AI\V3\dataset_prepared\train\organic\organic_010__aug_v2_08.jpg,
train/organic/organic_010__aug_v2_09.jpg,train,organic,preserved,v3_prepared,F:\ANHTHU\1-HCMUS\1 - STUDY\0-now\AIOT\PROJECT\CODE\AIOT-SMART-TRASH-BIN\AI\V3\dataset_prepared\train\organic\organic_010__aug_v2_09.jpg,
train/organic/organic_011.jpg,train,organic,preserved,v3_prepared,F:\ANHTHU\1-HCMUS\1 - STUDY\0-now\AIOT\PROJECT\CODE\AIOT-SMART-TRASH-BIN\AI\V3\dataset_prepared\train\organic\organic_011.jpg,
train/organic/organic_011__aug_v2_01.jpg,train,organic,preserved,v3_prepared,F:\ANHTHU\1-HCMUS\1 - STUDY\0-now\AIOT\PROJECT\CODE\AIOT-SMART-TRASH-BIN\AI\V3\dataset_prepared\train\organic\organic_011__aug_v2_01.jpg,
train/organic/organic_011__aug_v2_02.jpg,train,organic,preserved,v3_prepared,F:\ANHTHU\1-HCMUS\1 - STUDY\0-now\AIOT\PROJECT\CODE\AIOT-SMART-TRASH-BIN\AI\V3\dataset_prepared\train\organic\organic_011__aug_v2_02.jpg,
train/organic/organic_011__aug_v2_03.jpg,train,organic,preserved,v3_prepared,F:\ANHTHU\1-HCMUS\1 - STUDY\0-now\AIOT\PROJECT\CODE\AIOT-SMART-TRASH-BIN\AI\V3\dataset_prepared\train\organic\organic_011__aug_v2_03.jpg,
train/organic/organic_011__aug_v2_04.jpg,train,organic,preserved,v3_prepared,F:\ANHTHU\1-HCMUS\1 - STUDY\0-now\AIOT\PROJECT\CODE\AIOT-SMART-TRASH-BIN\AI\V3\dataset_prepared\train\organic\organic_011__aug_v2_04.jpg,
train/organic/organic_011__aug_v2_05.jpg,train,organic,preserved,v3_prepared,F:\ANHTHU\1-HCMUS\1 - STUDY\0-now\AIOT\PROJECT\CODE\AIOT-SMART-TRASH-BIN\AI\V3\dataset_prepared\train\organic\organic_011__aug_v2_05.jpg,
train/organic/organic_011__aug_v2_06.jpg,train,organic,preserved,v3_prepared,F:\ANHTHU\1-HCMUS\1 - STUDY\0-now\AIOT\PROJECT\CODE\AIOT-SMART-TRASH-BIN\AI\V3\dataset_prepared\train\organic\organic_011__aug_v2_06.jpg,
train/organic/organic_011__aug_v2_07.jpg,train,organic,preserved,v3_prepared,F:\ANHTHU\1-HCMUS\1 - STUDY\0-now\AIOT\PROJECT\CODE\AIOT-SMART-TRASH-BIN\AI\V3\dataset_prepared\train\organic\organic_011__aug_v2_07.jpg,
train/organic/organic_011__aug_v2_08.jpg,train,organic,preserved,v3_prepared,F:\ANHTHU\1-HCMUS\1 - STUDY\0-now\AIOT\PROJECT\CODE\AIOT-SMART-TRASH-BIN\AI\V3\dataset_prepared\train\organic\organic_011__aug_v2_08.jpg,
train/organic/organic_011__aug_v2_09.jpg,train,organic,preserved,v3_prepared,F:\ANHTHU\1-HCMUS\1 - STUDY\0-now\AIOT\PROJECT\CODE\AIOT-SMART-TRASH-BIN\AI\V3\dataset_prepared\train\organic\organic_011__aug_v2_09.jpg,
train/organic/organic_012.jpg,train,organic,preserved,v3_prepared,F:\ANHTHU\1-HCMUS\1 - STUDY\0-now\AIOT\PROJECT\CODE\AIOT-SMART-TRASH-BIN\AI\V3\dataset_prepared\train\organic\organic_012.jpg,
train/organic/organic_012__aug_v2_01.jpg,train,organic,preserved,v3_prepared,F:\ANHTHU\1-HCMUS\1 - STUDY\0-now\AIOT\PROJECT\CODE\AIOT-SMART-TRASH-BIN\AI\V3\dataset_prepared\train\organic\organic_012__aug_v2_01.jpg,
train/organic/organic_012__aug_v2_02.jpg,train,organic,preserved,v3_prepared,F:\ANHTHU\1-HCMUS\1 - STUDY\0-now\AIOT\PROJECT\CODE\AIOT-SMART-TRASH-BIN\AI\V3\dataset_prepared\train\organic\organic_012__aug_v2_02.jpg,
train/organic/organic_012__aug_v2_03.jpg,train,organic,preserved,v3_prepared,F:\ANHTHU\1-HCMUS\1 - STUDY\0-now\AIOT\PROJECT\CODE\AIOT-SMART-TRASH-BIN\AI\V3\dataset_prepared\train\organic\organic_012__aug_v2_03.jpg,
train/organic/organic_012__aug_v2_04.jpg,train,organic,preserved,v3_prepared,F:\ANHTHU\1-HCMUS\1 - STUDY\0-now\AIOT\PROJECT\CODE\AIOT-SMART-TRASH-BIN\AI\V3\dataset_prepared\train\organic\organic_012__aug_v2_04.jpg,
train/organic/organic_012__aug_v2_05.jpg,train,organic,preserved,v3_prepared,F:\ANHTHU\1-HCMUS\1 - STUDY\0-now\AIOT\PROJECT\CODE\AIOT-SMART-TRASH-BIN\AI\V3\dataset_prepared\train\organic\organic_012__aug_v2_05.jpg,
train/organic/organic_012__aug_v2_06.jpg,train,organic,preserved,v3_prepared,F:\ANHTHU\1-HCMUS\1 - STUDY\0-now\AIOT\PROJECT\CODE\AIOT-SMART-TRASH-BIN\AI\V3\dataset_prepared\train\organic\organic_012__aug_v2_06.jpg,
train/organic/organic_012__aug_v2_07.jpg,train,organic,preserved,v3_prepared,F:\ANHTHU\1-HCMUS\1 - STUDY\0-now\AIOT\PROJECT\CODE\AIOT-SMART-TRASH-BIN\AI\V3\dataset_prepared\train\organic\organic_012__aug_v2_07.jpg,
train/organic/organic_012__aug_v2_08.jpg,train,organic,preserved,v3_prepared,F:\ANHTHU\1-HCMUS\1 - STUDY\0-now\AIOT\PROJECT\CODE\AIOT-SMART-TRASH-BIN\AI\V3\dataset_prepared\train\organic\organic_012__aug_v2_08.jpg,
train/organic/organic_012__aug_v2_09.jpg,train,organic,preserved,v3_prepared,F:\ANHTHU\1-HCMUS\1 - STUDY\0-now\AIOT\PROJECT\CODE\AIOT-SMART-TRASH-BIN\AI\V3\dataset_prepared\train\organic\organic_012__aug_v2_09.jpg,
train/organic/organic_013.jpg,train,organic,preserved,v3_prepared,F:\ANHTHU\1-HCMUS\1 - STUDY\0-now\AIOT\PROJECT\CODE\AIOT-SMART-TRASH-BIN\AI\V3\dataset_prepared\train\organic\organic_013.jpg,
train/organic/organic_013__aug_v2_01.jpg,train,organic,preserved,v3_prepared,F:\ANHTHU\1-HCMUS\1 - STUDY\0-now\AIOT\PROJECT\CODE\AIOT-SMART-TRASH-BIN\AI\V3\dataset_prepared\train\organic\organic_013__aug_v2_01.jpg,
train/organic/organic_013__aug_v2_02.jpg,train,organic,preserved,v3_prepared,F:\ANHTHU\1-HCMUS\1 - STUDY\0-now\AIOT\PROJECT\CODE\AIOT-SMART-TRASH-BIN\AI\V3\dataset_prepared\train\organic\organic_013__aug_v2_02.jpg,
train/organic/organic_013__aug_v2_03.jpg,train,organic,preserved,v3_prepared,F:\ANHTHU\1-HCMUS\1 - STUDY\0-now\AIOT\PROJECT\CODE\AIOT-SMART-TRASH-BIN\AI\V3\dataset_prepared\train\organic\organic_013__aug_v2_03.jpg,
train/organic/organic_013__aug_v2_04.jpg,train,organic,preserved,v3_prepared,F:\ANHTHU\1-HCMUS\1 - STUDY\0-now\AIOT\PROJECT\CODE\AIOT-SMART-TRASH-BIN\AI\V3\dataset_prepared\train\organic\organic_013__aug_v2_04.jpg,
train/organic/organic_013__aug_v2_05.jpg,train,organic,preserved,v3_prepared,F:\ANHTHU\1-HCMUS\1 - STUDY\0-now\AIOT\PROJECT\CODE\AIOT-SMART-TRASH-BIN\AI\V3\dataset_prepared\train\organic\organic_013__aug_v2_05.jpg,
train/organic/organic_013__aug_v2_06.jpg,train,organic,preserved,v3_prepared,F:\ANHTHU\1-HCMUS\1 - STUDY\0-now\AIOT\PROJECT\CODE\AIOT-SMART-TRASH-BIN\AI\V3\dataset_prepared\train\organic\organic_013__aug_v2_06.jpg,
train/organic/organic_013__aug_v2_07.jpg,train,organic,preserved,v3_prepared,F:\ANHTHU\1-HCMUS\1 - STUDY\0-now\AIOT\PROJECT\CODE\AIOT-SMART-TRASH-BIN\AI\V3\dataset_prepared\train\organic\organic_013__aug_v2_07.jpg,
train/organic/organic_013__aug_v2_08.jpg,train,organic,preserved,v3_prepared,F:\ANHTHU\1-HCMUS\1 - STUDY\0-now\AIOT\PROJECT\CODE\AIOT-SMART-TRASH-BIN\AI\V3\dataset_prepared\train\organic\organic_013__aug_v2_08.jpg,
train/organic/organic_013__aug_v2_09.jpg,train,organic,preserved,v3_prepared,F:\ANHTHU\1-HCMUS\1 - STUDY\0-now\AIOT\PROJECT\CODE\AIOT-SMART-TRASH-BIN\AI\V3\dataset_prepared\train\organic\organic_013__aug_v2_09.jpg,
train/organic/organic_014.jpg,train,organic,preserved,v3_prepared,F:\ANHTHU\1-HCMUS\1 - STUDY\0-now\AIOT\PROJECT\CODE\AIOT-SMART-TRASH-BIN\AI\V3\dataset_prepared\train\organic\organic_014.jpg,
train/organic/organic_014__aug_v2_01.jpg,train,organic,preserved,v3_prepared,F:\ANHTHU\1-HCMUS\1 - STUDY\0-now\AIOT\PROJECT\CODE\AIOT-SMART-TRASH-BIN\AI\V3\dataset_prepared\train\organic\organic_014__aug_v2_01.jpg,
train/organic/organic_014__aug_v2_02.jpg,train,organic,preserved,v3_prepared,F:\ANHTHU\1-HCMUS\1 - STUDY\0-now\AIOT\PROJECT\CODE\AIOT-SMART-TRASH-BIN\AI\V3\dataset_prepared\train\organic\organic_014__aug_v2_02.jpg,
train/organic/organic_014__aug_v2_03.jpg,train,organic,preserved,v3_prepared,F:\ANHTHU\1-HCMUS\1 - STUDY\0-now\AIOT\PROJECT\CODE\AIOT-SMART-TRASH-BIN\AI\V3\dataset_prepared\train\organic\organic_014__aug_v2_03.jpg,
train/organic/organic_014__aug_v2_04.jpg,train,organic,preserved,v3_prepared,F:\ANHTHU\1-HCMUS\1 - STUDY\0-now\AIOT\PROJECT\CODE\AIOT-SMART-TRASH-BIN\AI\V3\dataset_prepared\train\organic\organic_014__aug_v2_04.jpg,
train/organic/organic_014__aug_v2_05.jpg,train,organic,preserved,v3_prepared,F:\ANHTHU\1-HCMUS\1 - STUDY\0-now\AIOT\PROJECT\CODE\AIOT-SMART-TRASH-BIN\AI\V3\dataset_prepared\train\organic\organic_014__aug_v2_05.jpg,
train/organic/organic_014__aug_v2_06.jpg,train,organic,preserved,v3_prepared,F:\ANHTHU\1-HCMUS\1 - STUDY\0-now\AIOT\PROJECT\CODE\AIOT-SMART-TRASH-BIN\AI\V3\dataset_prepared\train\organic\organic_014__aug_v2_06.jpg,
train/organic/organic_014__aug_v2_07.jpg,train,organic,preserved,v3_prepared,F:\ANHTHU\1-HCMUS\1 - STUDY\0-now\AIOT\PROJECT\CODE\AIOT-SMART-TRASH-BIN\AI\V3\dataset_prepared\train\organic\organic_014__aug_v2_07.jpg,
train/organic/organic_014__aug_v2_08.jpg,train,organic,preserved,v3_prepared,F:\ANHTHU\1-HCMUS\1 - STUDY\0-now\AIOT\PROJECT\CODE\AIOT-SMART-TRASH-BIN\AI\V3\dataset_prepared\train\organic\organic_014__aug_v2_08.jpg,
train/organic/organic_014__aug_v2_09.jpg,train,organic,preserved,v3_prepared,F:\ANHTHU\1-HCMUS\1 - STUDY\0-now\AIOT\PROJECT\CODE\AIOT-SMART-TRASH-BIN\AI\V3\dataset_prepared\train\organic\organic_014__aug_v2_09.jpg,
train/organic/organic_016.jpg,train,organic,preserved,v3_prepared,F:\ANHTHU\1-HCMUS\1 - STUDY\0-now\AIOT\PROJECT\CODE\AIOT-SMART-TRASH-BIN\AI\V3\dataset_prepared\train\organic\organic_016.jpg,
train/organic/organic_016__aug_v2_01.jpg,train,organic,preserved,v3_prepared,F:\ANHTHU\1-HCMUS\1 - STUDY\0-now\AIOT\PROJECT\CODE\AIOT-SMART-TRASH-BIN\AI\V3\dataset_prepared\train\organic\organic_016__aug_v2_01.jpg,
train/organic/organic_016__aug_v2_02.jpg,train,organic,preserved,v3_prepared,F:\ANHTHU\1-HCMUS\1 - STUDY\0-now\AIOT\PROJECT\CODE\AIOT-SMART-TRASH-BIN\AI\V3\dataset_prepared\train\organic\organic_016__aug_v2_02.jpg,
train/organic/organic_016__aug_v2_03.jpg,train,organic,preserved,v3_prepared,F:\ANHTHU\1-HCMUS\1 - STUDY\0-now\AIOT\PROJECT\CODE\AIOT-SMART-TRASH-BIN\AI\V3\dataset_prepared\train\organic\organic_016__aug_v2_03.jpg,
train/organic/organic_016__aug_v2_04.jpg,train,organic,preserved,v3_prepared,F:\ANHTHU\1-HCMUS\1 - STUDY\0-now\AIOT\PROJECT\CODE\AIOT-SMART-TRASH-BIN\AI\V3\dataset_prepared\train\organic\organic_016__aug_v2_04.jpg,
train/organic/organic_016__aug_v2_05.jpg,train,organic,preserved,v3_prepared,F:\ANHTHU\1-HCMUS\1 - STUDY\0-now\AIOT\PROJECT\CODE\AIOT-SMART-TRASH-BIN\AI\V3\dataset_prepared\train\organic\organic_016__aug_v2_05.jpg,
train/organic/organic_016__aug_v2_06.jpg,train,organic,preserved,v3_prepared,F:\ANHTHU\1-HCMUS\1 - STUDY\0-now\AIOT\PROJECT\CODE\AIOT-SMART-TRASH-BIN\AI\V3\dataset_prepared\train\organic\organic_016__aug_v2_06.jpg,
train/organic/organic_016__aug_v2_07.jpg,train,organic,preserved,v3_prepared,F:\ANHTHU\1-HCMUS\1 - STUDY\0-now\AIOT\PROJECT\CODE\AIOT-SMART-TRASH-BIN\AI\V3\dataset_prepared\train\organic\organic_016__aug_v2_07.jpg,
train/organic/organic_016__aug_v2_08.jpg,train,organic,preserved,v3_prepared,F:\ANHTHU\1-HCMUS\1 - STUDY\0-now\AIOT\PROJECT\CODE\AIOT-SMART-TRASH-BIN\AI\V3\dataset_prepared\train\organic\organic_016__aug_v2_08.jpg,
train/organic/organic_016__aug_v2_09.jpg,train,organic,preserved,v3_prepared,F:\ANHTHU\1-HCMUS\1 - STUDY\0-now\AIOT\PROJECT\CODE\AIOT-SMART-TRASH-BIN\AI\V3\dataset_prepared\train\organic\organic_016__aug_v2_09.jpg,
train/organic/organic_017.jpg,train,organic,preserved,v3_prepared,F:\ANHTHU\1-HCMUS\1 - STUDY\0-now\AIOT\PROJECT\CODE\AIOT-SMART-TRASH-BIN\AI\V3\dataset_prepared\train\organic\organic_017.jpg,
train/organic/organic_017__aug_v2_01.jpg,train,organic,preserved,v3_prepared,F:\ANHTHU\1-HCMUS\1 - STUDY\0-now\AIOT\PROJECT\CODE\AIOT-SMART-TRASH-BIN\AI\V3\dataset_prepared\train\organic\organic_017__aug_v2_01.jpg,
train/organic/organic_017__aug_v2_02.jpg,train,organic,preserved,v3_prepared,F:\ANHTHU\1-HCMUS\1 - STUDY\0-now\AIOT\PROJECT\CODE\AIOT-SMART-TRASH-BIN\AI\V3\dataset_prepared\train\organic\organic_017__aug_v2_02.jpg,
train/organic/organic_017__aug_v2_03.jpg,train,organic,preserved,v3_prepared,F:\ANHTHU\1-HCMUS\1 - STUDY\0-now\AIOT\PROJECT\CODE\AIOT-SMART-TRASH-BIN\AI\V3\dataset_prepared\train\organic\organic_017__aug_v2_03.jpg,
train/organic/organic_017__aug_v2_04.jpg,train,organic,preserved,v3_prepared,F:\ANHTHU\1-HCMUS\1 - STUDY\0-now\AIOT\PROJECT\CODE\AIOT-SMART-TRASH-BIN\AI\V3\dataset_prepared\train\organic\organic_017__aug_v2_04.jpg,
train/organic/organic_017__aug_v2_05.jpg,train,organic,preserved,v3_prepared,F:\ANHTHU\1-HCMUS\1 - STUDY\0-now\AIOT\PROJECT\CODE\AIOT-SMART-TRASH-BIN\AI\V3\dataset_prepared\train\organic\organic_017__aug_v2_05.jpg,
train/organic/organic_017__aug_v2_06.jpg,train,organic,preserved,v3_prepared,F:\ANHTHU\1-HCMUS\1 - STUDY\0-now\AIOT\PROJECT\CODE\AIOT-SMART-TRASH-BIN\AI\V3\dataset_prepared\train\organic\organic_017__aug_v2_06.jpg,
train/organic/organic_017__aug_v2_07.jpg,train,organic,preserved,v3_prepared,F:\ANHTHU\1-HCMUS\1 - STUDY\0-now\AIOT\PROJECT\CODE\AIOT-SMART-TRASH-BIN\AI\V3\dataset_prepared\train\organic\organic_017__aug_v2_07.jpg,
train/organic/organic_017__aug_v2_08.jpg,train,organic,preserved,v3_prepared,F:\ANHTHU\1-HCMUS\1 - STUDY\0-now\AIOT\PROJECT\CODE\AIOT-SMART-TRASH-BIN\AI\V3\dataset_prepared\train\organic\organic_017__aug_v2_08.jpg,
train/organic/organic_017__aug_v2_09.jpg,train,organic,preserved,v3_prepared,F:\ANHTHU\1-HCMUS\1 - STUDY\0-now\AIOT\PROJECT\CODE\AIOT-SMART-TRASH-BIN\AI\V3\dataset_prepared\train\organic\organic_017__aug_v2_09.jpg,
train/organic/organic_018.jpg,train,organic,preserved,v3_prepared,F:\ANHTHU\1-HCMUS\1 - STUDY\0-now\AIOT\PROJECT\CODE\AIOT-SMART-TRASH-BIN\AI\V3\dataset_prepared\train\organic\organic_018.jpg,
train/organic/organic_018__aug_v2_01.jpg,train,organic,preserved,v3_prepared,F:\ANHTHU\1-HCMUS\1 - STUDY\0-now\AIOT\PROJECT\CODE\AIOT-SMART-TRASH-BIN\AI\V3\dataset_prepared\train\organic\organic_018__aug_v2_01.jpg,
train/organic/organic_018__aug_v2_02.jpg,train,organic,preserved,v3_prepared,F:\ANHTHU\1-HCMUS\1 - STUDY\0-now\AIOT\PROJECT\CODE\AIOT-SMART-TRASH-BIN\AI\V3\dataset_prepared\train\organic\organic_018__aug_v2_02.jpg,
train/organic/organic_018__aug_v2_03.jpg,train,organic,preserved,v3_prepared,F:\ANHTHU\1-HCMUS\1 - STUDY\0-now\AIOT\PROJECT\CODE\AIOT-SMART-TRASH-BIN\AI\V3\dataset_prepared\train\organic\organic_018__aug_v2_03.jpg,
train/organic/organic_018__aug_v2_04.jpg,train,organic,preserved,v3_prepared,F:\ANHTHU\1-HCMUS\1 - STUDY\0-now\AIOT\PROJECT\CODE\AIOT-SMART-TRASH-BIN\AI\V3\dataset_prepared\train\organic\organic_018__aug_v2_04.jpg,
train/organic/organic_018__aug_v2_05.jpg,train,organic,preserved,v3_prepared,F:\ANHTHU\1-HCMUS\1 - STUDY\0-now\AIOT\PROJECT\CODE\AIOT-SMART-TRASH-BIN\AI\V3\dataset_prepared\train\organic\organic_018__aug_v2_05.jpg,
train/organic/organic_018__aug_v2_06.jpg,train,organic,preserved,v3_prepared,F:\ANHTHU\1-HCMUS\1 - STUDY\0-now\AIOT\PROJECT\CODE\AIOT-SMART-TRASH-BIN\AI\V3\dataset_prepared\train\organic\organic_018__aug_v2_06.jpg,
train/organic/organic_018__aug_v2_07.jpg,train,organic,preserved,v3_prepared,F:\ANHTHU\1-HCMUS\1 - STUDY\0-now\AIOT\PROJECT\CODE\AIOT-SMART-TRASH-BIN\AI\V3\dataset_prepared\train\organic\organic_018__aug_v2_07.jpg,
train/organic/organic_018__aug_v2_08.jpg,train,organic,preserved,v3_prepared,F:\ANHTHU\1-HCMUS\1 - STUDY\0-now\AIOT\PROJECT\CODE\AIOT-SMART-TRASH-BIN\AI\V3\dataset_prepared\train\organic\organic_018__aug_v2_08.jpg,
train/organic/organic_018__aug_v2_09.jpg,train,organic,preserved,v3_prepared,F:\ANHTHU\1-HCMUS\1 - STUDY\0-now\AIOT\PROJECT\CODE\AIOT-SMART-TRASH-BIN\AI\V3\dataset_prepared\train\organic\organic_018__aug_v2_09.jpg,
train/organic/organic_019.jpg,train,organic,preserved,v3_prepared,F:\ANHTHU\1-HCMUS\1 - STUDY\0-now\AIOT\PROJECT\CODE\AIOT-SMART-TRASH-BIN\AI\V3\dataset_prepared\train\organic\organic_019.jpg,
train/organic/organic_019__aug_v2_01.jpg,train,organic,preserved,v3_prepared,F:\ANHTHU\1-HCMUS\1 - STUDY\0-now\AIOT\PROJECT\CODE\AIOT-SMART-TRASH-BIN\AI\V3\dataset_prepared\train\organic\organic_019__aug_v2_01.jpg,
train/organic/organic_019__aug_v2_02.jpg,train,organic,preserved,v3_prepared,F:\ANHTHU\1-HCMUS\1 - STUDY\0-now\AIOT\PROJECT\CODE\AIOT-SMART-TRASH-BIN\AI\V3\dataset_prepared\train\organic\organic_019__aug_v2_02.jpg,
train/organic/organic_019__aug_v2_03.jpg,train,organic,preserved,v3_prepared,F:\ANHTHU\1-HCMUS\1 - STUDY\0-now\AIOT\PROJECT\CODE\AIOT-SMART-TRASH-BIN\AI\V3\dataset_prepared\train\organic\organic_019__aug_v2_03.jpg,
train/organic/organic_019__aug_v2_04.jpg,train,organic,preserved,v3_prepared,F:\ANHTHU\1-HCMUS\1 - STUDY\0-now\AIOT\PROJECT\CODE\AIOT-SMART-TRASH-BIN\AI\V3\dataset_prepared\train\organic\organic_019__aug_v2_04.jpg,
train/organic/organic_019__aug_v2_05.jpg,train,organic,preserved,v3_prepared,F:\ANHTHU\1-HCMUS\1 - STUDY\0-now\AIOT\PROJECT\CODE\AIOT-SMART-TRASH-BIN\AI\V3\dataset_prepared\train\organic\organic_019__aug_v2_05.jpg,
train/organic/organic_019__aug_v2_06.jpg,train,organic,preserved,v3_prepared,F:\ANHTHU\1-HCMUS\1 - STUDY\0-now\AIOT\PROJECT\CODE\AIOT-SMART-TRASH-BIN\AI\V3\dataset_prepared\train\organic\organic_019__aug_v2_06.jpg,
train/organic/organic_019__aug_v2_07.jpg,train,organic,preserved,v3_prepared,F:\ANHTHU\1-HCMUS\1 - STUDY\0-now\AIOT\PROJECT\CODE\AIOT-SMART-TRASH-BIN\AI\V3\dataset_prepared\train\organic\organic_019__aug_v2_07.jpg,
train/organic/organic_019__aug_v2_08.jpg,train,organic,preserved,v3_prepared,F:\ANHTHU\1-HCMUS\1 - STUDY\0-now\AIOT\PROJECT\CODE\AIOT-SMART-TRASH-BIN\AI\V3\dataset_prepared\train\organic\organic_019__aug_v2_08.jpg,
train/organic/organic_019__aug_v2_09.jpg,train,organic,preserved,v3_prepared,F:\ANHTHU\1-HCMUS\1 - STUDY\0-now\AIOT\PROJECT\CODE\AIOT-SMART-TRASH-BIN\AI\V3\dataset_prepared\train\organic\organic_019__aug_v2_09.jpg,
train/organic/organic_020.jpg,train,organic,preserved,v3_prepared,F:\ANHTHU\1-HCMUS\1 - STUDY\0-now\AIOT\PROJECT\CODE\AIOT-SMART-TRASH-BIN\AI\V3\dataset_prepared\train\organic\organic_020.jpg,
train/organic/organic_020__aug_v2_01.jpg,train,organic,preserved,v3_prepared,F:\ANHTHU\1-HCMUS\1 - STUDY\0-now\AIOT\PROJECT\CODE\AIOT-SMART-TRASH-BIN\AI\V3\dataset_prepared\train\organic\organic_020__aug_v2_01.jpg,
train/organic/organic_020__aug_v2_02.jpg,train,organic,preserved,v3_prepared,F:\ANHTHU\1-HCMUS\1 - STUDY\0-now\AIOT\PROJECT\CODE\AIOT-SMART-TRASH-BIN\AI\V3\dataset_prepared\train\organic\organic_020__aug_v2_02.jpg,
train/organic/organic_020__aug_v2_03.jpg,train,organic,preserved,v3_prepared,F:\ANHTHU\1-HCMUS\1 - STUDY\0-now\AIOT\PROJECT\CODE\AIOT-SMART-TRASH-BIN\AI\V3\dataset_prepared\train\organic\organic_020__aug_v2_03.jpg,
train/organic/organic_020__aug_v2_04.jpg,train,organic,preserved,v3_prepared,F:\ANHTHU\1-HCMUS\1 - STUDY\0-now\AIOT\PROJECT\CODE\AIOT-SMART-TRASH-BIN\AI\V3\dataset_prepared\train\organic\organic_020__aug_v2_04.jpg,
train/organic/organic_020__aug_v2_05.jpg,train,organic,preserved,v3_prepared,F:\ANHTHU\1-HCMUS\1 - STUDY\0-now\AIOT\PROJECT\CODE\AIOT-SMART-TRASH-BIN\AI\V3\dataset_prepared\train\organic\organic_020__aug_v2_05.jpg,
train/organic/organic_020__aug_v2_06.jpg,train,organic,preserved,v3_prepared,F:\ANHTHU\1-HCMUS\1 - STUDY\0-now\AIOT\PROJECT\CODE\AIOT-SMART-TRASH-BIN\AI\V3\dataset_prepared\train\organic\organic_020__aug_v2_06.jpg,
train/organic/organic_020__aug_v2_07.jpg,train,organic,preserved,v3_prepared,F:\ANHTHU\1-HCMUS\1 - STUDY\0-now\AIOT\PROJECT\CODE\AIOT-SMART-TRASH-BIN\AI\V3\dataset_prepared\train\organic\organic_020__aug_v2_07.jpg,
train/organic/organic_020__aug_v2_08.jpg,train,organic,preserved,v3_prepared,F:\ANHTHU\1-HCMUS\1 - STUDY\0-now\AIOT\PROJECT\CODE\AIOT-SMART-TRASH-BIN\AI\V3\dataset_prepared\train\organic\organic_020__aug_v2_08.jpg,
train/organic/organic_020__aug_v2_09.jpg,train,organic,preserved,v3_prepared,F:\ANHTHU\1-HCMUS\1 - STUDY\0-now\AIOT\PROJECT\CODE\AIOT-SMART-TRASH-BIN\AI\V3\dataset_prepared\train\organic\organic_020__aug_v2_09.jpg,
train/organic/organic_022.jpg,train,organic,preserved,v3_prepared,F:\ANHTHU\1-HCMUS\1 - STUDY\0-now\AIOT\PROJECT\CODE\AIOT-SMART-TRASH-BIN\AI\V3\dataset_prepared\train\organic\organic_022.jpg,
train/organic/organic_022__aug_v2_01.jpg,train,organic,preserved,v3_prepared,F:\ANHTHU\1-HCMUS\1 - STUDY\0-now\AIOT\PROJECT\CODE\AIOT-SMART-TRASH-BIN\AI\V3\dataset_prepared\train\organic\organic_022__aug_v2_01.jpg,
train/organic/organic_022__aug_v2_02.jpg,train,organic,preserved,v3_prepared,F:\ANHTHU\1-HCMUS\1 - STUDY\0-now\AIOT\PROJECT\CODE\AIOT-SMART-TRASH-BIN\AI\V3\dataset_prepared\train\organic\organic_022__aug_v2_02.jpg,
train/organic/organic_022__aug_v2_03.jpg,train,organic,preserved,v3_prepared,F:\ANHTHU\1-HCMUS\1 - STUDY\0-now\AIOT\PROJECT\CODE\AIOT-SMART-TRASH-BIN\AI\V3\dataset_prepared\train\organic\organic_022__aug_v2_03.jpg,
train/organic/organic_022__aug_v2_04.jpg,train,organic,preserved,v3_prepared,F:\ANHTHU\1-HCMUS\1 - STUDY\0-now\AIOT\PROJECT\CODE\AIOT-SMART-TRASH-BIN\AI\V3\dataset_prepared\train\organic\organic_022__aug_v2_04.jpg,
train/organic/organic_022__aug_v2_05.jpg,train,organic,preserved,v3_prepared,F:\ANHTHU\1-HCMUS\1 - STUDY\0-now\AIOT\PROJECT\CODE\AIOT-SMART-TRASH-BIN\AI\V3\dataset_prepared\train\organic\organic_022__aug_v2_05.jpg,
train/organic/organic_022__aug_v2_06.jpg,train,organic,preserved,v3_prepared,F:\ANHTHU\1-HCMUS\1 - STUDY\0-now\AIOT\PROJECT\CODE\AIOT-SMART-TRASH-BIN\AI\V3\dataset_prepared\train\organic\organic_022__aug_v2_06.jpg,
train/organic/organic_022__aug_v2_07.jpg,train,organic,preserved,v3_prepared,F:\ANHTHU\1-HCMUS\1 - STUDY\0-now\AIOT\PROJECT\CODE\AIOT-SMART-TRASH-BIN\AI\V3\dataset_prepared\train\organic\organic_022__aug_v2_07.jpg,
train/organic/organic_022__aug_v2_08.jpg,train,organic,preserved,v3_prepared,F:\ANHTHU\1-HCMUS\1 - STUDY\0-now\AIOT\PROJECT\CODE\AIOT-SMART-TRASH-BIN\AI\V3\dataset_prepared\train\organic\organic_022__aug_v2_08.jpg,
train/organic/organic_022__aug_v2_09.jpg,train,organic,preserved,v3_prepared,F:\ANHTHU\1-HCMUS\1 - STUDY\0-now\AIOT\PROJECT\CODE\AIOT-SMART-TRASH-BIN\AI\V3\dataset_prepared\train\organic\organic_022__aug_v2_09.jpg,
validation/paper/paper_001.jpg,validation,paper,preserved,v3_prepared,F:\ANHTHU\1-HCMUS\1 - STUDY\0-now\AIOT\PROJECT\CODE\AIOT-SMART-TRASH-BIN\AI\V3\dataset_prepared\validation\paper\paper_001.jpg,
validation/paper/paper_002.jpg,validation,paper,preserved,v3_prepared,F:\ANHTHU\1-HCMUS\1 - STUDY\0-now\AIOT\PROJECT\CODE\AIOT-SMART-TRASH-BIN\AI\V3\dataset_prepared\validation\paper\paper_002.jpg,
validation/paper/paper_003.jpg,validation,paper,preserved,v3_prepared,F:\ANHTHU\1-HCMUS\1 - STUDY\0-now\AIOT\PROJECT\CODE\AIOT-SMART-TRASH-BIN\AI\V3\dataset_prepared\validation\paper\paper_003.jpg,
validation/paper/paper_004.jpg,validation,paper,preserved,v3_prepared,F:\ANHTHU\1-HCMUS\1 - STUDY\0-now\AIOT\PROJECT\CODE\AIOT-SMART-TRASH-BIN\AI\V3\dataset_prepared\validation\paper\paper_004.jpg,
validation/paper/paper_005.jpg,validation,paper,preserved,v3_prepared,F:\ANHTHU\1-HCMUS\1 - STUDY\0-now\AIOT\PROJECT\CODE\AIOT-SMART-TRASH-BIN\AI\V3\dataset_prepared\validation\paper\paper_005.jpg,
validation/paper/paper_006.jpg,validation,paper,preserved,v3_prepared,F:\ANHTHU\1-HCMUS\1 - STUDY\0-now\AIOT\PROJECT\CODE\AIOT-SMART-TRASH-BIN\AI\V3\dataset_prepared\validation\paper\paper_006.jpg,
validation/paper/paper_061.jpg,validation,paper,preserved,v3_prepared,F:\ANHTHU\1-HCMUS\1 - STUDY\0-now\AIOT\PROJECT\CODE\AIOT-SMART-TRASH-BIN\AI\V3\dataset_prepared\validation\paper\paper_061.jpg,
validation/paper/paper_062.jpg,validation,paper,preserved,v3_prepared,F:\ANHTHU\1-HCMUS\1 - STUDY\0-now\AIOT\PROJECT\CODE\AIOT-SMART-TRASH-BIN\AI\V3\dataset_prepared\validation\paper\paper_062.jpg,
validation/paper/paper_063.jpg,validation,paper,preserved,v3_prepared,F:\ANHTHU\1-HCMUS\1 - STUDY\0-now\AIOT\PROJECT\CODE\AIOT-SMART-TRASH-BIN\AI\V3\dataset_prepared\validation\paper\paper_063.jpg,
validation/paper/paper_064.jpg,validation,paper,preserved,v3_prepared,F:\ANHTHU\1-HCMUS\1 - STUDY\0-now\AIOT\PROJECT\CODE\AIOT-SMART-TRASH-BIN\AI\V3\dataset_prepared\validation\paper\paper_064.jpg,
validation/paper/paper_065.jpg,validation,paper,preserved,v3_prepared,F:\ANHTHU\1-HCMUS\1 - STUDY\0-now\AIOT\PROJECT\CODE\AIOT-SMART-TRASH-BIN\AI\V3\dataset_prepared\validation\paper\paper_065.jpg,
validation/paper/paper_066.jpg,validation,paper,preserved,v3_prepared,F:\ANHTHU\1-HCMUS\1 - STUDY\0-now\AIOT\PROJECT\CODE\AIOT-SMART-TRASH-BIN\AI\V3\dataset_prepared\validation\paper\paper_066.jpg,
validation/paper/paper_067.jpg,validation,paper,preserved,v3_prepared,F:\ANHTHU\1-HCMUS\1 - STUDY\0-now\AIOT\PROJECT\CODE\AIOT-SMART-TRASH-BIN\AI\V3\dataset_prepared\validation\paper\paper_067.jpg,
validation/paper/paper_068.jpg,validation,paper,preserved,v3_prepared,F:\ANHTHU\1-HCMUS\1 - STUDY\0-now\AIOT\PROJECT\CODE\AIOT-SMART-TRASH-BIN\AI\V3\dataset_prepared\validation\paper\paper_068.jpg,
validation/paper/paper_069.jpg,validation,paper,preserved,v3_prepared,F:\ANHTHU\1-HCMUS\1 - STUDY\0-now\AIOT\PROJECT\CODE\AIOT-SMART-TRASH-BIN\AI\V3\dataset_prepared\validation\paper\paper_069.jpg,
validation/plastic/plastic_001.jpg,validation,plastic,preserved,v3_prepared,F:\ANHTHU\1-HCMUS\1 - STUDY\0-now\AIOT\PROJECT\CODE\AIOT-SMART-TRASH-BIN\AI\V3\dataset_prepared\validation\plastic\plastic_001.jpg,
validation/plastic/plastic_002.jpg,validation,plastic,preserved,v3_prepared,F:\ANHTHU\1-HCMUS\1 - STUDY\0-now\AIOT\PROJECT\CODE\AIOT-SMART-TRASH-BIN\AI\V3\dataset_prepared\validation\plastic\plastic_002.jpg,
validation/plastic/plastic_003.jpg,validation,plastic,preserved,v3_prepared,F:\ANHTHU\1-HCMUS\1 - STUDY\0-now\AIOT\PROJECT\CODE\AIOT-SMART-TRASH-BIN\AI\V3\dataset_prepared\validation\plastic\plastic_003.jpg,
validation/plastic/plastic_004.jpg,validation,plastic,preserved,v3_prepared,F:\ANHTHU\1-HCMUS\1 - STUDY\0-now\AIOT\PROJECT\CODE\AIOT-SMART-TRASH-BIN\AI\V3\dataset_prepared\validation\plastic\plastic_004.jpg,
validation/plastic/plastic_005.jpg,validation,plastic,preserved,v3_prepared,F:\ANHTHU\1-HCMUS\1 - STUDY\0-now\AIOT\PROJECT\CODE\AIOT-SMART-TRASH-BIN\AI\V3\dataset_prepared\validation\plastic\plastic_005.jpg,
validation/organic/organic_001.jpg,validation,organic,preserved,v3_prepared,F:\ANHTHU\1-HCMUS\1 - STUDY\0-now\AIOT\PROJECT\CODE\AIOT-SMART-TRASH-BIN\AI\V3\dataset_prepared\validation\organic\organic_001.jpg,
validation/organic/organic_002.jpg,validation,organic,preserved,v3_prepared,F:\ANHTHU\1-HCMUS\1 - STUDY\0-now\AIOT\PROJECT\CODE\AIOT-SMART-TRASH-BIN\AI\V3\dataset_prepared\validation\organic\organic_002.jpg,
validation/organic/organic_003.jpg,validation,organic,preserved,v3_prepared,F:\ANHTHU\1-HCMUS\1 - STUDY\0-now\AIOT\PROJECT\CODE\AIOT-SMART-TRASH-BIN\AI\V3\dataset_prepared\validation\organic\organic_003.jpg,
validation/organic/organic_004.jpg,validation,organic,preserved,v3_prepared,F:\ANHTHU\1-HCMUS\1 - STUDY\0-now\AIOT\PROJECT\CODE\AIOT-SMART-TRASH-BIN\AI\V3\dataset_prepared\validation\organic\organic_004.jpg,
validation/organic/organic_005.jpg,validation,organic,preserved,v3_prepared,F:\ANHTHU\1-HCMUS\1 - STUDY\0-now\AIOT\PROJECT\CODE\AIOT-SMART-TRASH-BIN\AI\V3\dataset_prepared\validation\organic\organic_005.jpg,
test/paper/paper_013.jpg,test,paper,preserved,v3_prepared,F:\ANHTHU\1-HCMUS\1 - STUDY\0-now\AIOT\PROJECT\CODE\AIOT-SMART-TRASH-BIN\AI\V3\dataset_prepared\test\paper\paper_013.jpg,
test/paper/paper_016.jpg,test,paper,preserved,v3_prepared,F:\ANHTHU\1-HCMUS\1 - STUDY\0-now\AIOT\PROJECT\CODE\AIOT-SMART-TRASH-BIN\AI\V3\dataset_prepared\test\paper\paper_016.jpg,
test/paper/paper_022.jpg,test,paper,preserved,v3_prepared,F:\ANHTHU\1-HCMUS\1 - STUDY\0-now\AIOT\PROJECT\CODE\AIOT-SMART-TRASH-BIN\AI\V3\dataset_prepared\test\paper\paper_022.jpg,
test/paper/paper_025.jpg,test,paper,preserved,v3_prepared,F:\ANHTHU\1-HCMUS\1 - STUDY\0-now\AIOT\PROJECT\CODE\AIOT-SMART-TRASH-BIN\AI\V3\dataset_prepared\test\paper\paper_025.jpg,
test/paper/paper_026.jpg,test,paper,preserved,v3_prepared,F:\ANHTHU\1-HCMUS\1 - STUDY\0-now\AIOT\PROJECT\CODE\AIOT-SMART-TRASH-BIN\AI\V3\dataset_prepared\test\paper\paper_026.jpg,
test/paper/paper_029.jpg,test,paper,preserved,v3_prepared,F:\ANHTHU\1-HCMUS\1 - STUDY\0-now\AIOT\PROJECT\CODE\AIOT-SMART-TRASH-BIN\AI\V3\dataset_prepared\test\paper\paper_029.jpg,
test/paper/paper_036.jpg,test,paper,preserved,v3_prepared,F:\ANHTHU\1-HCMUS\1 - STUDY\0-now\AIOT\PROJECT\CODE\AIOT-SMART-TRASH-BIN\AI\V3\dataset_prepared\test\paper\paper_036.jpg,
test/paper/paper_041.jpg,test,paper,preserved,v3_prepared,F:\ANHTHU\1-HCMUS\1 - STUDY\0-now\AIOT\PROJECT\CODE\AIOT-SMART-TRASH-BIN\AI\V3\dataset_prepared\test\paper\paper_041.jpg,
test/paper/paper_055.jpg,test,paper,preserved,v3_prepared,F:\ANHTHU\1-HCMUS\1 - STUDY\0-now\AIOT\PROJECT\CODE\AIOT-SMART-TRASH-BIN\AI\V3\dataset_prepared\test\paper\paper_055.jpg,
test/paper/paper_056.jpg,test,paper,preserved,v3_prepared,F:\ANHTHU\1-HCMUS\1 - STUDY\0-now\AIOT\PROJECT\CODE\AIOT-SMART-TRASH-BIN\AI\V3\dataset_prepared\test\paper\paper_056.jpg,
test/paper/paper_059.jpg,test,paper,preserved,v3_prepared,F:\ANHTHU\1-HCMUS\1 - STUDY\0-now\AIOT\PROJECT\CODE\AIOT-SMART-TRASH-BIN\AI\V3\dataset_prepared\test\paper\paper_059.jpg,
test/plastic/plastic_010.jpg,test,plastic,preserved,v3_prepared,F:\ANHTHU\1-HCMUS\1 - STUDY\0-now\AIOT\PROJECT\CODE\AIOT-SMART-TRASH-BIN\AI\V3\dataset_prepared\test\plastic\plastic_010.jpg,
test/plastic/plastic_011.jpg,test,plastic,preserved,v3_prepared,F:\ANHTHU\1-HCMUS\1 - STUDY\0-now\AIOT\PROJECT\CODE\AIOT-SMART-TRASH-BIN\AI\V3\dataset_prepared\test\plastic\plastic_011.jpg,
test/plastic/plastic_012.jpg,test,plastic,preserved,v3_prepared,F:\ANHTHU\1-HCMUS\1 - STUDY\0-now\AIOT\PROJECT\CODE\AIOT-SMART-TRASH-BIN\AI\V3\dataset_prepared\test\plastic\plastic_012.jpg,
test/plastic/plastic_015.jpg,test,plastic,preserved,v3_prepared,F:\ANHTHU\1-HCMUS\1 - STUDY\0-now\AIOT\PROJECT\CODE\AIOT-SMART-TRASH-BIN\AI\V3\dataset_prepared\test\plastic\plastic_015.jpg,
test/organic/organic_004.jpg,test,organic,preserved,v3_prepared,F:\ANHTHU\1-HCMUS\1 - STUDY\0-now\AIOT\PROJECT\CODE\AIOT-SMART-TRASH-BIN\AI\V3\dataset_prepared\test\organic\organic_004.jpg,
test/organic/organic_005.jpg,test,organic,preserved,v3_prepared,F:\ANHTHU\1-HCMUS\1 - STUDY\0-now\AIOT\PROJECT\CODE\AIOT-SMART-TRASH-BIN\AI\V3\dataset_prepared\test\organic\organic_005.jpg,
test/organic/organic_015.jpg,test,organic,preserved,v3_prepared,F:\ANHTHU\1-HCMUS\1 - STUDY\0-now\AIOT\PROJECT\CODE\AIOT-SMART-TRASH-BIN\AI\V3\dataset_prepared\test\organic\organic_015.jpg,
test/organic/organic_021.jpg,test,organic,preserved,v3_prepared,F:\ANHTHU\1-HCMUS\1 - STUDY\0-now\AIOT\PROJECT\CODE\AIOT-SMART-TRASH-BIN\AI\V3\dataset_prepared\test\organic\organic_021.jpg,
train/other/other_metal_0001.jpg,train,other,original,trashnet,F:\ANHTHU\1-HCMUS\1 - STUDY\0-now\AIOT\PROJECT\CODE\AIOT-SMART-TRASH-BIN\AI\trashnet\data\dataset-resized\dataset-resized\metal\metal404.jpg,none
train/other/other_cardboard_0002.jpg,train,other,original,trashnet,F:\ANHTHU\1-HCMUS\1 - STUDY\0-now\AIOT\PROJECT\CODE\AIOT-SMART-TRASH-BIN\AI\trashnet\data\dataset-resized\dataset-resized\cardboard\cardboard307.jpg,none
train/other/other_cardboard_0003.jpg,train,other,original,trashnet,F:\ANHTHU\1-HCMUS\1 - STUDY\0-now\AIOT\PROJECT\CODE\AIOT-SMART-TRASH-BIN\AI\trashnet\data\dataset-resized\dataset-resized\cardboard\cardboard24.jpg,none
train/other/other_cardboard_0004.jpg,train,other,original,trashnet,F:\ANHTHU\1-HCMUS\1 - STUDY\0-now\AIOT\PROJECT\CODE\AIOT-SMART-TRASH-BIN\AI\trashnet\data\dataset-resized\dataset-resized\cardboard\cardboard14.jpg,none
train/other/other_cardboard_0005.jpg,train,other,original,trashnet,F:\ANHTHU\1-HCMUS\1 - STUDY\0-now\AIOT\PROJECT\CODE\AIOT-SMART-TRASH-BIN\AI\trashnet\data\dataset-resized\dataset-resized\cardboard\cardboard160.jpg,none
train/other/other_cardboard_0006.jpg,train,other,original,trashnet,F:\ANHTHU\1-HCMUS\1 - STUDY\0-now\AIOT\PROJECT\CODE\AIOT-SMART-TRASH-BIN\AI\trashnet\data\dataset-resized\dataset-resized\cardboard\cardboard286.jpg,none
train/other/other_metal_0007__esp_sim.jpg,train,other,esp_simulated,trashnet,F:\ANHTHU\1-HCMUS\1 - STUDY\0-now\AIOT\PROJECT\CODE\AIOT-SMART-TRASH-BIN\AI\trashnet\data\dataset-resized\dataset-resized\metal\metal16.jpg,qvga=320x240;rgb565=true;brightness=0.9530;contrast=1.0766;saturation=0.9477;rgb_gain=0.9573/0.9681/1.0109;noise_sigma=3.6463;noise_seed=444737567;blur_radius=0.2799;jpeg_quality=72
train/other/other_metal_0008.jpg,train,other,original,trashnet,F:\ANHTHU\1-HCMUS\1 - STUDY\0-now\AIOT\PROJECT\CODE\AIOT-SMART-TRASH-BIN\AI\trashnet\data\dataset-resized\dataset-resized\metal\metal379.jpg,none
train/other/other_cardboard_0009__esp_sim.jpg,train,other,esp_simulated,trashnet,F:\ANHTHU\1-HCMUS\1 - STUDY\0-now\AIOT\PROJECT\CODE\AIOT-SMART-TRASH-BIN\AI\trashnet\data\dataset-resized\dataset-resized\cardboard\cardboard320.jpg,qvga=320x240;rgb565=true;brightness=0.8675;contrast=0.8664;saturation=0.8748;rgb_gain=1.0114/0.9518/1.0450;noise_sigma=3.7237;noise_seed=3232780927;blur_radius=0.4857;jpeg_quality=71
train/other/other_cardboard_0010__esp_sim.jpg,train,other,esp_simulated,trashnet,F:\ANHTHU\1-HCMUS\1 - STUDY\0-now\AIOT\PROJECT\CODE\AIOT-SMART-TRASH-BIN\AI\trashnet\data\dataset-resized\dataset-resized\cardboard\cardboard125.jpg,qvga=320x240;rgb565=true;brightness=0.8748;contrast=1.0535;saturation=0.8880;rgb_gain=0.9801/0.9965/0.9764;noise_sigma=2.5215;noise_seed=2519205073;blur_radius=0.5829;jpeg_quality=66
train/other/other_metal_0011.jpg,train,other,original,trashnet,F:\ANHTHU\1-HCMUS\1 - STUDY\0-now\AIOT\PROJECT\CODE\AIOT-SMART-TRASH-BIN\AI\trashnet\data\dataset-resized\dataset-resized\metal\metal32.jpg,none
train/other/other_cardboard_0012.jpg,train,other,original,trashnet,F:\ANHTHU\1-HCMUS\1 - STUDY\0-now\AIOT\PROJECT\CODE\AIOT-SMART-TRASH-BIN\AI\trashnet\data\dataset-resized\dataset-resized\cardboard\cardboard138.jpg,none
train/other/other_metal_0013.jpg,train,other,original,trashnet,F:\ANHTHU\1-HCMUS\1 - STUDY\0-now\AIOT\PROJECT\CODE\AIOT-SMART-TRASH-BIN\AI\trashnet\data\dataset-resized\dataset-resized\metal\metal201.jpg,none
train/other/other_cardboard_0014__esp_sim.jpg,train,other,esp_simulated,trashnet,F:\ANHTHU\1-HCMUS\1 - STUDY\0-now\AIOT\PROJECT\CODE\AIOT-SMART-TRASH-BIN\AI\trashnet\data\dataset-resized\dataset-resized\cardboard\cardboard122.jpg,qvga=320x240;rgb565=true;brightness=0.8600;contrast=0.9443;saturation=0.8404;rgb_gain=1.0090/0.9886/0.9229;noise_sigma=3.0233;noise_seed=1865113536;blur_radius=0.3294;jpeg_quality=74
train/other/other_metal_0015__esp_sim.jpg,train,other,esp_simulated,trashnet,F:\ANHTHU\1-HCMUS\1 - STUDY\0-now\AIOT\PROJECT\CODE\AIOT-SMART-TRASH-BIN\AI\trashnet\data\dataset-resized\dataset-resized\metal\metal106.jpg,qvga=320x240;rgb565=true;brightness=0.8740;contrast=0.9412;saturation=0.9177;rgb_gain=0.9587/1.0223/0.9988;noise_sigma=1.9554;noise_seed=4021396882;blur_radius=0.3124;jpeg_quality=65
train/other/other_metal_0016.jpg,train,other,original,trashnet,F:\ANHTHU\1-HCMUS\1 - STUDY\0-now\AIOT\PROJECT\CODE\AIOT-SMART-TRASH-BIN\AI\trashnet\data\dataset-resized\dataset-resized\metal\metal212.jpg,none
train/other/other_cardboard_0017__esp_sim.jpg,train,other,esp_simulated,trashnet,F:\ANHTHU\1-HCMUS\1 - STUDY\0-now\AIOT\PROJECT\CODE\AIOT-SMART-TRASH-BIN\AI\trashnet\data\dataset-resized\dataset-resized\cardboard\cardboard18.jpg,qvga=320x240;rgb565=true;brightness=1.0375;contrast=0.9476;saturation=0.7794;rgb_gain=0.9461/0.9680/0.9241;noise_sigma=3.5863;noise_seed=1150409502;blur_radius=0.6320;jpeg_quality=73
train/other/other_metal_0018__esp_sim.jpg,train,other,esp_simulated,trashnet,F:\ANHTHU\1-HCMUS\1 - STUDY\0-now\AIOT\PROJECT\CODE\AIOT-SMART-TRASH-BIN\AI\trashnet\data\dataset-resized\dataset-resized\metal\metal152.jpg,qvga=320x240;rgb565=true;brightness=1.0221;contrast=1.0280;saturation=0.9632;rgb_gain=0.9806/0.9928/1.0298;noise_sigma=2.7696;noise_seed=3357496342;blur_radius=0.5755;jpeg_quality=61
train/other/other_cardboard_0019__esp_sim.jpg,train,other,esp_simulated,trashnet,F:\ANHTHU\1-HCMUS\1 - STUDY\0-now\AIOT\PROJECT\CODE\AIOT-SMART-TRASH-BIN\AI\trashnet\data\dataset-resized\dataset-resized\cardboard\cardboard278.jpg,qvga=320x240;rgb565=true;brightness=0.9028;contrast=1.0420;saturation=0.9459;rgb_gain=0.9443/0.9645/0.9379;noise_sigma=3.9491;noise_seed=2481385736;blur_radius=0.4768;jpeg_quality=69
train/other/other_metal_0020.jpg,train,other,original,trashnet,F:\ANHTHU\1-HCMUS\1 - STUDY\0-now\AIOT\PROJECT\CODE\AIOT-SMART-TRASH-BIN\AI\trashnet\data\dataset-resized\dataset-resized\metal\metal143.jpg,none
train/other/other_metal_0021.jpg,train,other,original,trashnet,F:\ANHTHU\1-HCMUS\1 - STUDY\0-now\AIOT\PROJECT\CODE\AIOT-SMART-TRASH-BIN\AI\trashnet\data\dataset-resized\dataset-resized\metal\metal272.jpg,none
train/other/other_metal_0022.jpg,train,other,original,trashnet,F:\ANHTHU\1-HCMUS\1 - STUDY\0-now\AIOT\PROJECT\CODE\AIOT-SMART-TRASH-BIN\AI\trashnet\data\dataset-resized\dataset-resized\metal\metal218.jpg,none
train/other/other_cardboard_0023.jpg,train,other,original,trashnet,F:\ANHTHU\1-HCMUS\1 - STUDY\0-now\AIOT\PROJECT\CODE\AIOT-SMART-TRASH-BIN\AI\trashnet\data\dataset-resized\dataset-resized\cardboard\cardboard328.jpg,none
train/other/other_cardboard_0024.jpg,train,other,original,trashnet,F:\ANHTHU\1-HCMUS\1 - STUDY\0-now\AIOT\PROJECT\CODE\AIOT-SMART-TRASH-BIN\AI\trashnet\data\dataset-resized\dataset-resized\cardboard\cardboard271.jpg,none
train/other/other_cardboard_0025.jpg,train,other,original,trashnet,F:\ANHTHU\1-HCMUS\1 - STUDY\0-now\AIOT\PROJECT\CODE\AIOT-SMART-TRASH-BIN\AI\trashnet\data\dataset-resized\dataset-resized\cardboard\cardboard364.jpg,none
train/other/other_metal_0026__esp_sim.jpg,train,other,esp_simulated,trashnet,F:\ANHTHU\1-HCMUS\1 - STUDY\0-now\AIOT\PROJECT\CODE\AIOT-SMART-TRASH-BIN\AI\trashnet\data\dataset-resized\dataset-resized\metal\metal49.jpg,qvga=320x240;rgb565=true;brightness=1.0122;contrast=1.0256;saturation=0.8873;rgb_gain=0.9908/0.9829/0.9587;noise_sigma=2.8304;noise_seed=1556886831;blur_radius=0.2664;jpeg_quality=67
train/other/other_metal_0027.jpg,train,other,original,trashnet,F:\ANHTHU\1-HCMUS\1 - STUDY\0-now\AIOT\PROJECT\CODE\AIOT-SMART-TRASH-BIN\AI\trashnet\data\dataset-resized\dataset-resized\metal\metal363.jpg,none
train/other/other_cardboard_0028__esp_sim.jpg,train,other,esp_simulated,trashnet,F:\ANHTHU\1-HCMUS\1 - STUDY\0-now\AIOT\PROJECT\CODE\AIOT-SMART-TRASH-BIN\AI\trashnet\data\dataset-resized\dataset-resized\cardboard\cardboard304.jpg,qvga=320x240;rgb565=true;brightness=0.9852;contrast=0.8618;saturation=0.9669;rgb_gain=1.0374/0.9694/1.0197;noise_sigma=2.5607;noise_seed=1004374128;blur_radius=0.2344;jpeg_quality=66
train/other/other_metal_0029.jpg,train,other,original,trashnet,F:\ANHTHU\1-HCMUS\1 - STUDY\0-now\AIOT\PROJECT\CODE\AIOT-SMART-TRASH-BIN\AI\trashnet\data\dataset-resized\dataset-resized\metal\metal140.jpg,none
train/other/other_metal_0030__esp_sim.jpg,train,other,esp_simulated,trashnet,F:\ANHTHU\1-HCMUS\1 - STUDY\0-now\AIOT\PROJECT\CODE\AIOT-SMART-TRASH-BIN\AI\trashnet\data\dataset-resized\dataset-resized\metal\metal240.jpg,qvga=320x240;rgb565=true;brightness=0.9405;contrast=0.9740;saturation=0.8454;rgb_gain=0.9707/0.9566/0.9861;noise_sigma=3.7458;noise_seed=1866534653;blur_radius=0.3669;jpeg_quality=59
train/other/other_metal_0031.jpg,train,other,original,trashnet,F:\ANHTHU\1-HCMUS\1 - STUDY\0-now\AIOT\PROJECT\CODE\AIOT-SMART-TRASH-BIN\AI\trashnet\data\dataset-resized\dataset-resized\metal\metal136.jpg,none
train/other/other_metal_0032__esp_sim.jpg,train,other,esp_simulated,trashnet,F:\ANHTHU\1-HCMUS\1 - STUDY\0-now\AIOT\PROJECT\CODE\AIOT-SMART-TRASH-BIN\AI\trashnet\data\dataset-resized\dataset-resized\metal\metal341.jpg,qvga=320x240;rgb565=true;brightness=1.0183;contrast=1.0532;saturation=0.7835;rgb_gain=0.9238/0.9603/0.9938;noise_sigma=2.6535;noise_seed=2617619114;blur_radius=0.5982;jpeg_quality=64
train/other/other_cardboard_0033__esp_sim.jpg,train,other,esp_simulated,trashnet,F:\ANHTHU\1-HCMUS\1 - STUDY\0-now\AIOT\PROJECT\CODE\AIOT-SMART-TRASH-BIN\AI\trashnet\data\dataset-resized\dataset-resized\cardboard\cardboard198.jpg,qvga=320x240;rgb565=true;brightness=0.8713;contrast=0.9053;saturation=0.7694;rgb_gain=0.9980/1.0279/0.9442;noise_sigma=1.5270;noise_seed=2309478052;blur_radius=0.4337;jpeg_quality=72
train/other/other_cardboard_0034__esp_sim.jpg,train,other,esp_simulated,trashnet,F:\ANHTHU\1-HCMUS\1 - STUDY\0-now\AIOT\PROJECT\CODE\AIOT-SMART-TRASH-BIN\AI\trashnet\data\dataset-resized\dataset-resized\cardboard\cardboard296.jpg,qvga=320x240;rgb565=true;brightness=0.9955;contrast=0.9121;saturation=0.9178;rgb_gain=0.9532/1.0146/0.9097;noise_sigma=3.9019;noise_seed=2209731093;blur_radius=0.4678;jpeg_quality=64
train/other/other_metal_0035.jpg,train,other,original,trashnet,F:\ANHTHU\1-HCMUS\1 - STUDY\0-now\AIOT\PROJECT\CODE\AIOT-SMART-TRASH-BIN\AI\trashnet\data\dataset-resized\dataset-resized\metal\metal237.jpg,none
train/other/other_cardboard_0036.jpg,train,other,original,trashnet,F:\ANHTHU\1-HCMUS\1 - STUDY\0-now\AIOT\PROJECT\CODE\AIOT-SMART-TRASH-BIN\AI\trashnet\data\dataset-resized\dataset-resized\cardboard\cardboard25.jpg,none
train/other/other_metal_0037.jpg,train,other,original,trashnet,F:\ANHTHU\1-HCMUS\1 - STUDY\0-now\AIOT\PROJECT\CODE\AIOT-SMART-TRASH-BIN\AI\trashnet\data\dataset-resized\dataset-resized\metal\metal269.jpg,none
train/other/other_cardboard_0038.jpg,train,other,original,trashnet,F:\ANHTHU\1-HCMUS\1 - STUDY\0-now\AIOT\PROJECT\CODE\AIOT-SMART-TRASH-BIN\AI\trashnet\data\dataset-resized\dataset-resized\cardboard\cardboard247.jpg,none
train/other/other_metal_0039.jpg,train,other,original,trashnet,F:\ANHTHU\1-HCMUS\1 - STUDY\0-now\AIOT\PROJECT\CODE\AIOT-SMART-TRASH-BIN\AI\trashnet\data\dataset-resized\dataset-resized\metal\metal345.jpg,none
train/other/other_cardboard_0040__esp_sim.jpg,train,other,esp_simulated,trashnet,F:\ANHTHU\1-HCMUS\1 - STUDY\0-now\AIOT\PROJECT\CODE\AIOT-SMART-TRASH-BIN\AI\trashnet\data\dataset-resized\dataset-resized\cardboard\cardboard73.jpg,qvga=320x240;rgb565=true;brightness=0.9572;contrast=0.9809;saturation=0.9751;rgb_gain=0.9886/0.9796/0.9144;noise_sigma=2.9384;noise_seed=2459580010;blur_radius=0.2017;jpeg_quality=62
train/other/other_cardboard_0041.jpg,train,other,original,trashnet,F:\ANHTHU\1-HCMUS\1 - STUDY\0-now\AIOT\PROJECT\CODE\AIOT-SMART-TRASH-BIN\AI\trashnet\data\dataset-resized\dataset-resized\cardboard\cardboard257.jpg,none
train/other/other_metal_0042.jpg,train,other,original,trashnet,F:\ANHTHU\1-HCMUS\1 - STUDY\0-now\AIOT\PROJECT\CODE\AIOT-SMART-TRASH-BIN\AI\trashnet\data\dataset-resized\dataset-resized\metal\metal280.jpg,none
train/other/other_cardboard_0043.jpg,train,other,original,trashnet,F:\ANHTHU\1-HCMUS\1 - STUDY\0-now\AIOT\PROJECT\CODE\AIOT-SMART-TRASH-BIN\AI\trashnet\data\dataset-resized\dataset-resized\cardboard\cardboard228.jpg,none
train/other/other_metal_0044.jpg,train,other,original,trashnet,F:\ANHTHU\1-HCMUS\1 - STUDY\0-now\AIOT\PROJECT\CODE\AIOT-SMART-TRASH-BIN\AI\trashnet\data\dataset-resized\dataset-resized\metal\metal168.jpg,none
train/other/other_metal_0045.jpg,train,other,original,trashnet,F:\ANHTHU\1-HCMUS\1 - STUDY\0-now\AIOT\PROJECT\CODE\AIOT-SMART-TRASH-BIN\AI\trashnet\data\dataset-resized\dataset-resized\metal\metal150.jpg,none
train/other/other_cardboard_0046.jpg,train,other,original,trashnet,F:\ANHTHU\1-HCMUS\1 - STUDY\0-now\AIOT\PROJECT\CODE\AIOT-SMART-TRASH-BIN\AI\trashnet\data\dataset-resized\dataset-resized\cardboard\cardboard91.jpg,none
train/other/other_cardboard_0047.jpg,train,other,original,trashnet,F:\ANHTHU\1-HCMUS\1 - STUDY\0-now\AIOT\PROJECT\CODE\AIOT-SMART-TRASH-BIN\AI\trashnet\data\dataset-resized\dataset-resized\cardboard\cardboard396.jpg,none
train/other/other_cardboard_0048.jpg,train,other,original,trashnet,F:\ANHTHU\1-HCMUS\1 - STUDY\0-now\AIOT\PROJECT\CODE\AIOT-SMART-TRASH-BIN\AI\trashnet\data\dataset-resized\dataset-resized\cardboard\cardboard245.jpg,none
train/other/other_cardboard_0049.jpg,train,other,original,trashnet,F:\ANHTHU\1-HCMUS\1 - STUDY\0-now\AIOT\PROJECT\CODE\AIOT-SMART-TRASH-BIN\AI\trashnet\data\dataset-resized\dataset-resized\cardboard\cardboard87.jpg,none
train/other/other_cardboard_0050.jpg,train,other,original,trashnet,F:\ANHTHU\1-HCMUS\1 - STUDY\0-now\AIOT\PROJECT\CODE\AIOT-SMART-TRASH-BIN\AI\trashnet\data\dataset-resized\dataset-resized\cardboard\cardboard4.jpg,none
train/other/other_metal_0051.jpg,train,other,original,trashnet,F:\ANHTHU\1-HCMUS\1 - STUDY\0-now\AIOT\PROJECT\CODE\AIOT-SMART-TRASH-BIN\AI\trashnet\data\dataset-resized\dataset-resized\metal\metal402.jpg,none
train/other/other_metal_0052.jpg,train,other,original,trashnet,F:\ANHTHU\1-HCMUS\1 - STUDY\0-now\AIOT\PROJECT\CODE\AIOT-SMART-TRASH-BIN\AI\trashnet\data\dataset-resized\dataset-resized\metal\metal74.jpg,none
train/other/other_metal_0053__esp_sim.jpg,train,other,esp_simulated,trashnet,F:\ANHTHU\1-HCMUS\1 - STUDY\0-now\AIOT\PROJECT\CODE\AIOT-SMART-TRASH-BIN\AI\trashnet\data\dataset-resized\dataset-resized\metal\metal102.jpg,qvga=320x240;rgb565=true;brightness=0.8689;contrast=0.8731;saturation=0.8825;rgb_gain=1.0060/0.9670/0.9983;noise_sigma=2.4371;noise_seed=3214139138;blur_radius=0.2302;jpeg_quality=70
train/other/other_metal_0054.jpg,train,other,original,trashnet,F:\ANHTHU\1-HCMUS\1 - STUDY\0-now\AIOT\PROJECT\CODE\AIOT-SMART-TRASH-BIN\AI\trashnet\data\dataset-resized\dataset-resized\metal\metal92.jpg,none
train/other/other_cardboard_0055.jpg,train,other,original,trashnet,F:\ANHTHU\1-HCMUS\1 - STUDY\0-now\AIOT\PROJECT\CODE\AIOT-SMART-TRASH-BIN\AI\trashnet\data\dataset-resized\dataset-resized\cardboard\cardboard167.jpg,none
train/other/other_cardboard_0056.jpg,train,other,original,trashnet,F:\ANHTHU\1-HCMUS\1 - STUDY\0-now\AIOT\PROJECT\CODE\AIOT-SMART-TRASH-BIN\AI\trashnet\data\dataset-resized\dataset-resized\cardboard\cardboard195.jpg,none
train/other/other_metal_0057.jpg,train,other,original,trashnet,F:\ANHTHU\1-HCMUS\1 - STUDY\0-now\AIOT\PROJECT\CODE\AIOT-SMART-TRASH-BIN\AI\trashnet\data\dataset-resized\dataset-resized\metal\metal87.jpg,none
train/other/other_metal_0058__esp_sim.jpg,train,other,esp_simulated,trashnet,F:\ANHTHU\1-HCMUS\1 - STUDY\0-now\AIOT\PROJECT\CODE\AIOT-SMART-TRASH-BIN\AI\trashnet\data\dataset-resized\dataset-resized\metal\metal213.jpg,qvga=320x240;rgb565=true;brightness=0.8471;contrast=0.9913;saturation=0.8107;rgb_gain=0.9462/0.9551/0.9380;noise_sigma=2.2707;noise_seed=335884324;blur_radius=0.3169;jpeg_quality=74
train/other/other_metal_0059.jpg,train,other,original,trashnet,F:\ANHTHU\1-HCMUS\1 - STUDY\0-now\AIOT\PROJECT\CODE\AIOT-SMART-TRASH-BIN\AI\trashnet\data\dataset-resized\dataset-resized\metal\metal317.jpg,none
train/other/other_metal_0060.jpg,train,other,original,trashnet,F:\ANHTHU\1-HCMUS\1 - STUDY\0-now\AIOT\PROJECT\CODE\AIOT-SMART-TRASH-BIN\AI\trashnet\data\dataset-resized\dataset-resized\metal\metal88.jpg,none
train/other/other_cardboard_0061.jpg,train,other,original,trashnet,F:\ANHTHU\1-HCMUS\1 - STUDY\0-now\AIOT\PROJECT\CODE\AIOT-SMART-TRASH-BIN\AI\trashnet\data\dataset-resized\dataset-resized\cardboard\cardboard241.jpg,none
train/other/other_cardboard_0062__esp_sim.jpg,train,other,esp_simulated,trashnet,F:\ANHTHU\1-HCMUS\1 - STUDY\0-now\AIOT\PROJECT\CODE\AIOT-SMART-TRASH-BIN\AI\trashnet\data\dataset-resized\dataset-resized\cardboard\cardboard334.jpg,qvga=320x240;rgb565=true;brightness=0.9253;contrast=1.0072;saturation=0.8483;rgb_gain=0.9810/0.9889/0.9052;noise_sigma=3.8639;noise_seed=2042863107;blur_radius=0.2900;jpeg_quality=71
train/other/other_cardboard_0063.jpg,train,other,original,trashnet,F:\ANHTHU\1-HCMUS\1 - STUDY\0-now\AIOT\PROJECT\CODE\AIOT-SMART-TRASH-BIN\AI\trashnet\data\dataset-resized\dataset-resized\cardboard\cardboard403.jpg,none
train/other/other_cardboard_0064.jpg,train,other,original,trashnet,F:\ANHTHU\1-HCMUS\1 - STUDY\0-now\AIOT\PROJECT\CODE\AIOT-SMART-TRASH-BIN\AI\trashnet\data\dataset-resized\dataset-resized\cardboard\cardboard36.jpg,none
train/other/other_cardboard_0065.jpg,train,other,original,trashnet,F:\ANHTHU\1-HCMUS\1 - STUDY\0-now\AIOT\PROJECT\CODE\AIOT-SMART-TRASH-BIN\AI\trashnet\data\dataset-resized\dataset-resized\cardboard\cardboard147.jpg,none
train/other/other_cardboard_0066.jpg,train,other,original,trashnet,F:\ANHTHU\1-HCMUS\1 - STUDY\0-now\AIOT\PROJECT\CODE\AIOT-SMART-TRASH-BIN\AI\trashnet\data\dataset-resized\dataset-resized\cardboard\cardboard100.jpg,none
train/other/other_cardboard_0067__esp_sim.jpg,train,other,esp_simulated,trashnet,F:\ANHTHU\1-HCMUS\1 - STUDY\0-now\AIOT\PROJECT\CODE\AIOT-SMART-TRASH-BIN\AI\trashnet\data\dataset-resized\dataset-resized\cardboard\cardboard19.jpg,qvga=320x240;rgb565=true;brightness=0.8832;contrast=0.9304;saturation=0.9680;rgb_gain=0.9239/0.9778/1.0358;noise_sigma=2.0286;noise_seed=160831863;blur_radius=0.2323;jpeg_quality=72
train/other/other_metal_0068.jpg,train,other,original,trashnet,F:\ANHTHU\1-HCMUS\1 - STUDY\0-now\AIOT\PROJECT\CODE\AIOT-SMART-TRASH-BIN\AI\trashnet\data\dataset-resized\dataset-resized\metal\metal323.jpg,none
train/other/other_cardboard_0069__esp_sim.jpg,train,other,esp_simulated,trashnet,F:\ANHTHU\1-HCMUS\1 - STUDY\0-now\AIOT\PROJECT\CODE\AIOT-SMART-TRASH-BIN\AI\trashnet\data\dataset-resized\dataset-resized\cardboard\cardboard301.jpg,qvga=320x240;rgb565=true;brightness=0.9991;contrast=0.9936;saturation=0.8000;rgb_gain=0.9687/1.0021/0.9433;noise_sigma=1.9693;noise_seed=2441726902;blur_radius=0.3792;jpeg_quality=76
train/other/other_metal_0070.jpg,train,other,original,trashnet,F:\ANHTHU\1-HCMUS\1 - STUDY\0-now\AIOT\PROJECT\CODE\AIOT-SMART-TRASH-BIN\AI\trashnet\data\dataset-resized\dataset-resized\metal\metal211.jpg,none
train/other/other_cardboard_0071.jpg,train,other,original,trashnet,F:\ANHTHU\1-HCMUS\1 - STUDY\0-now\AIOT\PROJECT\CODE\AIOT-SMART-TRASH-BIN\AI\trashnet\data\dataset-resized\dataset-resized\cardboard\cardboard354.jpg,none
train/other/other_cardboard_0072__esp_sim.jpg,train,other,esp_simulated,trashnet,F:\ANHTHU\1-HCMUS\1 - STUDY\0-now\AIOT\PROJECT\CODE\AIOT-SMART-TRASH-BIN\AI\trashnet\data\dataset-resized\dataset-resized\cardboard\cardboard270.jpg,qvga=320x240;rgb565=true;brightness=0.9246;contrast=0.9282;saturation=0.9522;rgb_gain=0.9362/0.9696/0.9975;noise_sigma=1.9604;noise_seed=374429034;blur_radius=0.6230;jpeg_quality=72
train/other/other_cardboard_0073.jpg,train,other,original,trashnet,F:\ANHTHU\1-HCMUS\1 - STUDY\0-now\AIOT\PROJECT\CODE\AIOT-SMART-TRASH-BIN\AI\trashnet\data\dataset-resized\dataset-resized\cardboard\cardboard169.jpg,none
train/other/other_metal_0074__esp_sim.jpg,train,other,esp_simulated,trashnet,F:\ANHTHU\1-HCMUS\1 - STUDY\0-now\AIOT\PROJECT\CODE\AIOT-SMART-TRASH-BIN\AI\trashnet\data\dataset-resized\dataset-resized\metal\metal61.jpg,qvga=320x240;rgb565=true;brightness=0.8682;contrast=1.0291;saturation=0.9601;rgb_gain=1.0092/1.0116/0.9746;noise_sigma=3.5663;noise_seed=1680645498;blur_radius=0.4931;jpeg_quality=75
train/other/other_metal_0075.jpg,train,other,original,trashnet,F:\ANHTHU\1-HCMUS\1 - STUDY\0-now\AIOT\PROJECT\CODE\AIOT-SMART-TRASH-BIN\AI\trashnet\data\dataset-resized\dataset-resized\metal\metal259.jpg,none
train/other/other_metal_0076.jpg,train,other,original,trashnet,F:\ANHTHU\1-HCMUS\1 - STUDY\0-now\AIOT\PROJECT\CODE\AIOT-SMART-TRASH-BIN\AI\trashnet\data\dataset-resized\dataset-resized\metal\metal385.jpg,none
train/other/other_cardboard_0077__esp_sim.jpg,train,other,esp_simulated,trashnet,F:\ANHTHU\1-HCMUS\1 - STUDY\0-now\AIOT\PROJECT\CODE\AIOT-SMART-TRASH-BIN\AI\trashnet\data\dataset-resized\dataset-resized\cardboard\cardboard236.jpg,qvga=320x240;rgb565=true;brightness=0.8405;contrast=0.8648;saturation=0.8380;rgb_gain=1.0373/0.9771/0.9791;noise_sigma=2.5251;noise_seed=198004117;blur_radius=0.3608;jpeg_quality=70
train/other/other_metal_0078.jpg,train,other,original,trashnet,F:\ANHTHU\1-HCMUS\1 - STUDY\0-now\AIOT\PROJECT\CODE\AIOT-SMART-TRASH-BIN\AI\trashnet\data\dataset-resized\dataset-resized\metal\metal112.jpg,none
train/other/other_cardboard_0079.jpg,train,other,original,trashnet,F:\ANHTHU\1-HCMUS\1 - STUDY\0-now\AIOT\PROJECT\CODE\AIOT-SMART-TRASH-BIN\AI\trashnet\data\dataset-resized\dataset-resized\cardboard\cardboard330.jpg,none
train/other/other_cardboard_0080.jpg,train,other,original,trashnet,F:\ANHTHU\1-HCMUS\1 - STUDY\0-now\AIOT\PROJECT\CODE\AIOT-SMART-TRASH-BIN\AI\trashnet\data\dataset-resized\dataset-resized\cardboard\cardboard248.jpg,none
train/other/other_cardboard_0081.jpg,train,other,original,trashnet,F:\ANHTHU\1-HCMUS\1 - STUDY\0-now\AIOT\PROJECT\CODE\AIOT-SMART-TRASH-BIN\AI\trashnet\data\dataset-resized\dataset-resized\cardboard\cardboard39.jpg,none
train/other/other_metal_0082.jpg,train,other,original,trashnet,F:\ANHTHU\1-HCMUS\1 - STUDY\0-now\AIOT\PROJECT\CODE\AIOT-SMART-TRASH-BIN\AI\trashnet\data\dataset-resized\dataset-resized\metal\metal173.jpg,none
train/other/other_cardboard_0083__esp_sim.jpg,train,other,esp_simulated,trashnet,F:\ANHTHU\1-HCMUS\1 - STUDY\0-now\AIOT\PROJECT\CODE\AIOT-SMART-TRASH-BIN\AI\trashnet\data\dataset-resized\dataset-resized\cardboard\cardboard207.jpg,qvga=320x240;rgb565=true;brightness=0.8430;contrast=0.9169;saturation=0.8539;rgb_gain=1.0086/0.9823/0.9624;noise_sigma=3.2640;noise_seed=3069706768;blur_radius=0.4909;jpeg_quality=62
train/other/other_metal_0084__esp_sim.jpg,train,other,esp_simulated,trashnet,F:\ANHTHU\1-HCMUS\1 - STUDY\0-now\AIOT\PROJECT\CODE\AIOT-SMART-TRASH-BIN\AI\trashnet\data\dataset-resized\dataset-resized\metal\metal397.jpg,qvga=320x240;rgb565=true;brightness=0.9952;contrast=0.9170;saturation=0.8842;rgb_gain=0.9980/1.0024/1.0422;noise_sigma=2.1928;noise_seed=1933971082;blur_radius=0.2235;jpeg_quality=68
train/other/other_cardboard_0085.jpg,train,other,original,trashnet,F:\ANHTHU\1-HCMUS\1 - STUDY\0-now\AIOT\PROJECT\CODE\AIOT-SMART-TRASH-BIN\AI\trashnet\data\dataset-resized\dataset-resized\cardboard\cardboard324.jpg,none
train/other/other_cardboard_0086.jpg,train,other,original,trashnet,F:\ANHTHU\1-HCMUS\1 - STUDY\0-now\AIOT\PROJECT\CODE\AIOT-SMART-TRASH-BIN\AI\trashnet\data\dataset-resized\dataset-resized\cardboard\cardboard28.jpg,none
train/other/other_cardboard_0087.jpg,train,other,original,trashnet,F:\ANHTHU\1-HCMUS\1 - STUDY\0-now\AIOT\PROJECT\CODE\AIOT-SMART-TRASH-BIN\AI\trashnet\data\dataset-resized\dataset-resized\cardboard\cardboard259.jpg,none
train/other/other_cardboard_0088.jpg,train,other,original,trashnet,F:\ANHTHU\1-HCMUS\1 - STUDY\0-now\AIOT\PROJECT\CODE\AIOT-SMART-TRASH-BIN\AI\trashnet\data\dataset-resized\dataset-resized\cardboard\cardboard21.jpg,none
train/other/other_metal_0089__esp_sim.jpg,train,other,esp_simulated,trashnet,F:\ANHTHU\1-HCMUS\1 - STUDY\0-now\AIOT\PROJECT\CODE\AIOT-SMART-TRASH-BIN\AI\trashnet\data\dataset-resized\dataset-resized\metal\metal165.jpg,qvga=320x240;rgb565=true;brightness=0.8611;contrast=0.9517;saturation=0.8272;rgb_gain=1.0347/0.9659/0.9820;noise_sigma=2.6449;noise_seed=2325348429;blur_radius=0.5359;jpeg_quality=63
train/other/other_metal_0090.jpg,train,other,original,trashnet,F:\ANHTHU\1-HCMUS\1 - STUDY\0-now\AIOT\PROJECT\CODE\AIOT-SMART-TRASH-BIN\AI\trashnet\data\dataset-resized\dataset-resized\metal\metal219.jpg,none
train/other/other_cardboard_0091__esp_sim.jpg,train,other,esp_simulated,trashnet,F:\ANHTHU\1-HCMUS\1 - STUDY\0-now\AIOT\PROJECT\CODE\AIOT-SMART-TRASH-BIN\AI\trashnet\data\dataset-resized\dataset-resized\cardboard\cardboard176.jpg,qvga=320x240;rgb565=true;brightness=0.9290;contrast=0.8866;saturation=0.8802;rgb_gain=0.9477/0.9514/1.0252;noise_sigma=2.3633;noise_seed=3854085790;blur_radius=0.2467;jpeg_quality=67
train/other/other_cardboard_0092.jpg,train,other,original,trashnet,F:\ANHTHU\1-HCMUS\1 - STUDY\0-now\AIOT\PROJECT\CODE\AIOT-SMART-TRASH-BIN\AI\trashnet\data\dataset-resized\dataset-resized\cardboard\cardboard313.jpg,none
train/other/other_metal_0093.jpg,train,other,original,trashnet,F:\ANHTHU\1-HCMUS\1 - STUDY\0-now\AIOT\PROJECT\CODE\AIOT-SMART-TRASH-BIN\AI\trashnet\data\dataset-resized\dataset-resized\metal\metal10.jpg,none
train/other/other_cardboard_0094.jpg,train,other,original,trashnet,F:\ANHTHU\1-HCMUS\1 - STUDY\0-now\AIOT\PROJECT\CODE\AIOT-SMART-TRASH-BIN\AI\trashnet\data\dataset-resized\dataset-resized\cardboard\cardboard235.jpg,none
train/other/other_metal_0095__esp_sim.jpg,train,other,esp_simulated,trashnet,F:\ANHTHU\1-HCMUS\1 - STUDY\0-now\AIOT\PROJECT\CODE\AIOT-SMART-TRASH-BIN\AI\trashnet\data\dataset-resized\dataset-resized\metal\metal351.jpg,qvga=320x240;rgb565=true;brightness=1.0205;contrast=0.9266;saturation=0.9455;rgb_gain=0.9843/0.9660/0.9655;noise_sigma=1.6437;noise_seed=983757730;blur_radius=0.3316;jpeg_quality=75
train/other/other_cardboard_0096__esp_sim.jpg,train,other,esp_simulated,trashnet,F:\ANHTHU\1-HCMUS\1 - STUDY\0-now\AIOT\PROJECT\CODE\AIOT-SMART-TRASH-BIN\AI\trashnet\data\dataset-resized\dataset-resized\cardboard\cardboard109.jpg,qvga=320x240;rgb565=true;brightness=0.9571;contrast=1.0328;saturation=0.7958;rgb_gain=0.9553/1.0245/1.0399;noise_sigma=2.8482;noise_seed=3642233556;blur_radius=0.5001;jpeg_quality=56
train/other/other_metal_0097.jpg,train,other,original,trashnet,F:\ANHTHU\1-HCMUS\1 - STUDY\0-now\AIOT\PROJECT\CODE\AIOT-SMART-TRASH-BIN\AI\trashnet\data\dataset-resized\dataset-resized\metal\metal176.jpg,none
train/other/other_cardboard_0098.jpg,train,other,original,trashnet,F:\ANHTHU\1-HCMUS\1 - STUDY\0-now\AIOT\PROJECT\CODE\AIOT-SMART-TRASH-BIN\AI\trashnet\data\dataset-resized\dataset-resized\cardboard\cardboard149.jpg,none
train/other/other_cardboard_0099.jpg,train,other,original,trashnet,F:\ANHTHU\1-HCMUS\1 - STUDY\0-now\AIOT\PROJECT\CODE\AIOT-SMART-TRASH-BIN\AI\trashnet\data\dataset-resized\dataset-resized\cardboard\cardboard288.jpg,none
train/other/other_metal_0100.jpg,train,other,original,trashnet,F:\ANHTHU\1-HCMUS\1 - STUDY\0-now\AIOT\PROJECT\CODE\AIOT-SMART-TRASH-BIN\AI\trashnet\data\dataset-resized\dataset-resized\metal\metal349.jpg,none
train/other/other_cardboard_0101.jpg,train,other,original,trashnet,F:\ANHTHU\1-HCMUS\1 - STUDY\0-now\AIOT\PROJECT\CODE\AIOT-SMART-TRASH-BIN\AI\trashnet\data\dataset-resized\dataset-resized\cardboard\cardboard179.jpg,none
train/other/other_cardboard_0102.jpg,train,other,original,trashnet,F:\ANHTHU\1-HCMUS\1 - STUDY\0-now\AIOT\PROJECT\CODE\AIOT-SMART-TRASH-BIN\AI\trashnet\data\dataset-resized\dataset-resized\cardboard\cardboard183.jpg,none
train/other/other_cardboard_0103.jpg,train,other,original,trashnet,F:\ANHTHU\1-HCMUS\1 - STUDY\0-now\AIOT\PROJECT\CODE\AIOT-SMART-TRASH-BIN\AI\trashnet\data\dataset-resized\dataset-resized\cardboard\cardboard319.jpg,none
train/other/other_metal_0104.jpg,train,other,original,trashnet,F:\ANHTHU\1-HCMUS\1 - STUDY\0-now\AIOT\PROJECT\CODE\AIOT-SMART-TRASH-BIN\AI\trashnet\data\dataset-resized\dataset-resized\metal\metal347.jpg,none
train/other/other_metal_0105.jpg,train,other,original,trashnet,F:\ANHTHU\1-HCMUS\1 - STUDY\0-now\AIOT\PROJECT\CODE\AIOT-SMART-TRASH-BIN\AI\trashnet\data\dataset-resized\dataset-resized\metal\metal281.jpg,none
train/other/other_metal_0106.jpg,train,other,original,trashnet,F:\ANHTHU\1-HCMUS\1 - STUDY\0-now\AIOT\PROJECT\CODE\AIOT-SMART-TRASH-BIN\AI\trashnet\data\dataset-resized\dataset-resized\metal\metal149.jpg,none
train/other/other_metal_0107__esp_sim.jpg,train,other,esp_simulated,trashnet,F:\ANHTHU\1-HCMUS\1 - STUDY\0-now\AIOT\PROJECT\CODE\AIOT-SMART-TRASH-BIN\AI\trashnet\data\dataset-resized\dataset-resized\metal\metal142.jpg,qvga=320x240;rgb565=true;brightness=0.8652;contrast=0.9218;saturation=0.8038;rgb_gain=0.9578/1.0273/0.9679;noise_sigma=3.4257;noise_seed=3914446661;blur_radius=0.3607;jpeg_quality=73
train/other/other_metal_0108__esp_sim.jpg,train,other,esp_simulated,trashnet,F:\ANHTHU\1-HCMUS\1 - STUDY\0-now\AIOT\PROJECT\CODE\AIOT-SMART-TRASH-BIN\AI\trashnet\data\dataset-resized\dataset-resized\metal\metal23.jpg,qvga=320x240;rgb565=true;brightness=0.9989;contrast=0.9068;saturation=0.9283;rgb_gain=0.9252/0.9852/0.9328;noise_sigma=1.6091;noise_seed=3169402247;blur_radius=0.3161;jpeg_quality=69
train/other/other_cardboard_0109.jpg,train,other,original,trashnet,F:\ANHTHU\1-HCMUS\1 - STUDY\0-now\AIOT\PROJECT\CODE\AIOT-SMART-TRASH-BIN\AI\trashnet\data\dataset-resized\dataset-resized\cardboard\cardboard186.jpg,none
train/other/other_metal_0110.jpg,train,other,original,trashnet,F:\ANHTHU\1-HCMUS\1 - STUDY\0-now\AIOT\PROJECT\CODE\AIOT-SMART-TRASH-BIN\AI\trashnet\data\dataset-resized\dataset-resized\metal\metal19.jpg,none
train/other/other_cardboard_0111.jpg,train,other,original,trashnet,F:\ANHTHU\1-HCMUS\1 - STUDY\0-now\AIOT\PROJECT\CODE\AIOT-SMART-TRASH-BIN\AI\trashnet\data\dataset-resized\dataset-resized\cardboard\cardboard81.jpg,none
train/other/other_cardboard_0112.jpg,train,other,original,trashnet,F:\ANHTHU\1-HCMUS\1 - STUDY\0-now\AIOT\PROJECT\CODE\AIOT-SMART-TRASH-BIN\AI\trashnet\data\dataset-resized\dataset-resized\cardboard\cardboard251.jpg,none
train/other/other_metal_0113.jpg,train,other,original,trashnet,F:\ANHTHU\1-HCMUS\1 - STUDY\0-now\AIOT\PROJECT\CODE\AIOT-SMART-TRASH-BIN\AI\trashnet\data\dataset-resized\dataset-resized\metal\metal154.jpg,none
train/other/other_metal_0114__esp_sim.jpg,train,other,esp_simulated,trashnet,F:\ANHTHU\1-HCMUS\1 - STUDY\0-now\AIOT\PROJECT\CODE\AIOT-SMART-TRASH-BIN\AI\trashnet\data\dataset-resized\dataset-resized\metal\metal285.jpg,qvga=320x240;rgb565=true;brightness=0.9519;contrast=1.0409;saturation=0.8884;rgb_gain=1.0391/0.9654/1.0418;noise_sigma=1.5900;noise_seed=1722174628;blur_radius=0.3412;jpeg_quality=56
train/other/other_metal_0115.jpg,train,other,original,trashnet,F:\ANHTHU\1-HCMUS\1 - STUDY\0-now\AIOT\PROJECT\CODE\AIOT-SMART-TRASH-BIN\AI\trashnet\data\dataset-resized\dataset-resized\metal\metal122.jpg,none
train/other/other_cardboard_0116.jpg,train,other,original,trashnet,F:\ANHTHU\1-HCMUS\1 - STUDY\0-now\AIOT\PROJECT\CODE\AIOT-SMART-TRASH-BIN\AI\trashnet\data\dataset-resized\dataset-resized\cardboard\cardboard309.jpg,none
train/other/other_metal_0117.jpg,train,other,original,trashnet,F:\ANHTHU\1-HCMUS\1 - STUDY\0-now\AIOT\PROJECT\CODE\AIOT-SMART-TRASH-BIN\AI\trashnet\data\dataset-resized\dataset-resized\metal\metal182.jpg,none
train/other/other_metal_0118.jpg,train,other,original,trashnet,F:\ANHTHU\1-HCMUS\1 - STUDY\0-now\AIOT\PROJECT\CODE\AIOT-SMART-TRASH-BIN\AI\trashnet\data\dataset-resized\dataset-resized\metal\metal163.jpg,none
train/other/other_cardboard_0119__esp_sim.jpg,train,other,esp_simulated,trashnet,F:\ANHTHU\1-HCMUS\1 - STUDY\0-now\AIOT\PROJECT\CODE\AIOT-SMART-TRASH-BIN\AI\trashnet\data\dataset-resized\dataset-resized\cardboard\cardboard158.jpg,qvga=320x240;rgb565=true;brightness=0.8828;contrast=0.9110;saturation=0.8312;rgb_gain=1.0077/0.9794/0.9178;noise_sigma=2.7446;noise_seed=287521245;blur_radius=0.4085;jpeg_quality=70
train/other/other_metal_0120.jpg,train,other,original,trashnet,F:\ANHTHU\1-HCMUS\1 - STUDY\0-now\AIOT\PROJECT\CODE\AIOT-SMART-TRASH-BIN\AI\trashnet\data\dataset-resized\dataset-resized\metal\metal179.jpg,none
train/other/other_metal_0121.jpg,train,other,original,trashnet,F:\ANHTHU\1-HCMUS\1 - STUDY\0-now\AIOT\PROJECT\CODE\AIOT-SMART-TRASH-BIN\AI\trashnet\data\dataset-resized\dataset-resized\metal\metal113.jpg,none
train/other/other_metal_0122.jpg,train,other,original,trashnet,F:\ANHTHU\1-HCMUS\1 - STUDY\0-now\AIOT\PROJECT\CODE\AIOT-SMART-TRASH-BIN\AI\trashnet\data\dataset-resized\dataset-resized\metal\metal384.jpg,none
train/other/other_metal_0123.jpg,train,other,original,trashnet,F:\ANHTHU\1-HCMUS\1 - STUDY\0-now\AIOT\PROJECT\CODE\AIOT-SMART-TRASH-BIN\AI\trashnet\data\dataset-resized\dataset-resized\metal\metal306.jpg,none
train/other/other_metal_0124__esp_sim.jpg,train,other,esp_simulated,trashnet,F:\ANHTHU\1-HCMUS\1 - STUDY\0-now\AIOT\PROJECT\CODE\AIOT-SMART-TRASH-BIN\AI\trashnet\data\dataset-resized\dataset-resized\metal\metal256.jpg,qvga=320x240;rgb565=true;brightness=0.9935;contrast=1.0215;saturation=0.9559;rgb_gain=0.9396/0.9792/1.0326;noise_sigma=2.2702;noise_seed=3122334988;blur_radius=0.4581;jpeg_quality=65
train/other/other_cardboard_0125.jpg,train,other,original,trashnet,F:\ANHTHU\1-HCMUS\1 - STUDY\0-now\AIOT\PROJECT\CODE\AIOT-SMART-TRASH-BIN\AI\trashnet\data\dataset-resized\dataset-resized\cardboard\cardboard8.jpg,none
train/other/other_metal_0126__esp_sim.jpg,train,other,esp_simulated,trashnet,F:\ANHTHU\1-HCMUS\1 - STUDY\0-now\AIOT\PROJECT\CODE\AIOT-SMART-TRASH-BIN\AI\trashnet\data\dataset-resized\dataset-resized\metal\metal144.jpg,qvga=320x240;rgb565=true;brightness=0.9309;contrast=0.9227;saturation=0.9626;rgb_gain=1.0275/0.9521/1.0322;noise_sigma=3.0291;noise_seed=2987123142;blur_radius=0.2380;jpeg_quality=65
train/other/other_cardboard_0127__esp_sim.jpg,train,other,esp_simulated,trashnet,F:\ANHTHU\1-HCMUS\1 - STUDY\0-now\AIOT\PROJECT\CODE\AIOT-SMART-TRASH-BIN\AI\trashnet\data\dataset-resized\dataset-resized\cardboard\cardboard105.jpg,qvga=320x240;rgb565=true;brightness=0.8462;contrast=1.0363;saturation=0.8839;rgb_gain=0.9701/0.9910/0.9987;noise_sigma=2.9869;noise_seed=1803025931;blur_radius=0.4900;jpeg_quality=68
train/other/other_metal_0128.jpg,train,other,original,trashnet,F:\ANHTHU\1-HCMUS\1 - STUDY\0-now\AIOT\PROJECT\CODE\AIOT-SMART-TRASH-BIN\AI\trashnet\data\dataset-resized\dataset-resized\metal\metal372.jpg,none
train/other/other_metal_0129.jpg,train,other,original,trashnet,F:\ANHTHU\1-HCMUS\1 - STUDY\0-now\AIOT\PROJECT\CODE\AIOT-SMART-TRASH-BIN\AI\trashnet\data\dataset-resized\dataset-resized\metal\metal55.jpg,none
train/other/other_cardboard_0130__esp_sim.jpg,train,other,esp_simulated,trashnet,F:\ANHTHU\1-HCMUS\1 - STUDY\0-now\AIOT\PROJECT\CODE\AIOT-SMART-TRASH-BIN\AI\trashnet\data\dataset-resized\dataset-resized\cardboard\cardboard383.jpg,qvga=320x240;rgb565=true;brightness=0.9399;contrast=0.9865;saturation=0.9447;rgb_gain=1.0252/1.0178/1.0303;noise_sigma=3.2829;noise_seed=3719922253;blur_radius=0.6001;jpeg_quality=59
train/other/other_metal_0131.jpg,train,other,original,trashnet,F:\ANHTHU\1-HCMUS\1 - STUDY\0-now\AIOT\PROJECT\CODE\AIOT-SMART-TRASH-BIN\AI\trashnet\data\dataset-resized\dataset-resized\metal\metal387.jpg,none
train/other/other_metal_0132.jpg,train,other,original,trashnet,F:\ANHTHU\1-HCMUS\1 - STUDY\0-now\AIOT\PROJECT\CODE\AIOT-SMART-TRASH-BIN\AI\trashnet\data\dataset-resized\dataset-resized\metal\metal21.jpg,none
train/other/other_metal_0133.jpg,train,other,original,trashnet,F:\ANHTHU\1-HCMUS\1 - STUDY\0-now\AIOT\PROJECT\CODE\AIOT-SMART-TRASH-BIN\AI\trashnet\data\dataset-resized\dataset-resized\metal\metal295.jpg,none
train/other/other_metal_0134.jpg,train,other,original,trashnet,F:\ANHTHU\1-HCMUS\1 - STUDY\0-now\AIOT\PROJECT\CODE\AIOT-SMART-TRASH-BIN\AI\trashnet\data\dataset-resized\dataset-resized\metal\metal326.jpg,none
train/other/other_metal_0135.jpg,train,other,original,trashnet,F:\ANHTHU\1-HCMUS\1 - STUDY\0-now\AIOT\PROJECT\CODE\AIOT-SMART-TRASH-BIN\AI\trashnet\data\dataset-resized\dataset-resized\metal\metal361.jpg,none
train/other/other_cardboard_0136.jpg,train,other,original,trashnet,F:\ANHTHU\1-HCMUS\1 - STUDY\0-now\AIOT\PROJECT\CODE\AIOT-SMART-TRASH-BIN\AI\trashnet\data\dataset-resized\dataset-resized\cardboard\cardboard376.jpg,none
train/other/other_metal_0137__esp_sim.jpg,train,other,esp_simulated,trashnet,F:\ANHTHU\1-HCMUS\1 - STUDY\0-now\AIOT\PROJECT\CODE\AIOT-SMART-TRASH-BIN\AI\trashnet\data\dataset-resized\dataset-resized\metal\metal28.jpg,qvga=320x240;rgb565=true;brightness=0.9803;contrast=0.9588;saturation=0.8114;rgb_gain=0.9320/0.9512/0.9738;noise_sigma=1.5548;noise_seed=285707356;blur_radius=0.4503;jpeg_quality=69
train/other/other_metal_0138.jpg,train,other,original,trashnet,F:\ANHTHU\1-HCMUS\1 - STUDY\0-now\AIOT\PROJECT\CODE\AIOT-SMART-TRASH-BIN\AI\trashnet\data\dataset-resized\dataset-resized\metal\metal151.jpg,none
train/other/other_cardboard_0139.jpg,train,other,original,trashnet,F:\ANHTHU\1-HCMUS\1 - STUDY\0-now\AIOT\PROJECT\CODE\AIOT-SMART-TRASH-BIN\AI\trashnet\data\dataset-resized\dataset-resized\cardboard\cardboard233.jpg,none
train/other/other_metal_0140.jpg,train,other,original,trashnet,F:\ANHTHU\1-HCMUS\1 - STUDY\0-now\AIOT\PROJECT\CODE\AIOT-SMART-TRASH-BIN\AI\trashnet\data\dataset-resized\dataset-resized\metal\metal103.jpg,none
train/other/other_metal_0141.jpg,train,other,original,trashnet,F:\ANHTHU\1-HCMUS\1 - STUDY\0-now\AIOT\PROJECT\CODE\AIOT-SMART-TRASH-BIN\AI\trashnet\data\dataset-resized\dataset-resized\metal\metal350.jpg,none
train/other/other_cardboard_0142.jpg,train,other,original,trashnet,F:\ANHTHU\1-HCMUS\1 - STUDY\0-now\AIOT\PROJECT\CODE\AIOT-SMART-TRASH-BIN\AI\trashnet\data\dataset-resized\dataset-resized\cardboard\cardboard51.jpg,none
train/other/other_metal_0143__esp_sim.jpg,train,other,esp_simulated,trashnet,F:\ANHTHU\1-HCMUS\1 - STUDY\0-now\AIOT\PROJECT\CODE\AIOT-SMART-TRASH-BIN\AI\trashnet\data\dataset-resized\dataset-resized\metal\metal247.jpg,qvga=320x240;rgb565=true;brightness=0.9702;contrast=0.9750;saturation=0.8596;rgb_gain=0.9844/1.0265/1.0497;noise_sigma=2.0498;noise_seed=3431169642;blur_radius=0.2022;jpeg_quality=66
train/other/other_cardboard_0144__esp_sim.jpg,train,other,esp_simulated,trashnet,F:\ANHTHU\1-HCMUS\1 - STUDY\0-now\AIOT\PROJECT\CODE\AIOT-SMART-TRASH-BIN\AI\trashnet\data\dataset-resized\dataset-resized\cardboard\cardboard388.jpg,qvga=320x240;rgb565=true;brightness=1.0161;contrast=0.9594;saturation=0.7882;rgb_gain=0.9965/1.0228/0.9627;noise_sigma=3.3150;noise_seed=2770795753;blur_radius=0.6176;jpeg_quality=66
train/other/other_cardboard_0145.jpg,train,other,original,trashnet,F:\ANHTHU\1-HCMUS\1 - STUDY\0-now\AIOT\PROJECT\CODE\AIOT-SMART-TRASH-BIN\AI\trashnet\data\dataset-resized\dataset-resized\cardboard\cardboard97.jpg,none
train/other/other_metal_0146.jpg,train,other,original,trashnet,F:\ANHTHU\1-HCMUS\1 - STUDY\0-now\AIOT\PROJECT\CODE\AIOT-SMART-TRASH-BIN\AI\trashnet\data\dataset-resized\dataset-resized\metal\metal258.jpg,none
train/other/other_metal_0147.jpg,train,other,original,trashnet,F:\ANHTHU\1-HCMUS\1 - STUDY\0-now\AIOT\PROJECT\CODE\AIOT-SMART-TRASH-BIN\AI\trashnet\data\dataset-resized\dataset-resized\metal\metal79.jpg,none
train/other/other_metal_0148.jpg,train,other,original,trashnet,F:\ANHTHU\1-HCMUS\1 - STUDY\0-now\AIOT\PROJECT\CODE\AIOT-SMART-TRASH-BIN\AI\trashnet\data\dataset-resized\dataset-resized\metal\metal342.jpg,none
train/other/other_cardboard_0149.jpg,train,other,original,trashnet,F:\ANHTHU\1-HCMUS\1 - STUDY\0-now\AIOT\PROJECT\CODE\AIOT-SMART-TRASH-BIN\AI\trashnet\data\dataset-resized\dataset-resized\cardboard\cardboard348.jpg,none
train/other/other_cardboard_0150__esp_sim.jpg,train,other,esp_simulated,trashnet,F:\ANHTHU\1-HCMUS\1 - STUDY\0-now\AIOT\PROJECT\CODE\AIOT-SMART-TRASH-BIN\AI\trashnet\data\dataset-resized\dataset-resized\cardboard\cardboard272.jpg,qvga=320x240;rgb565=true;brightness=0.8841;contrast=1.0053;saturation=0.8769;rgb_gain=1.0165/0.9692/0.9151;noise_sigma=3.1168;noise_seed=891978325;blur_radius=0.2775;jpeg_quality=60
train/other/other_metal_0151.jpg,train,other,original,trashnet,F:\ANHTHU\1-HCMUS\1 - STUDY\0-now\AIOT\PROJECT\CODE\AIOT-SMART-TRASH-BIN\AI\trashnet\data\dataset-resized\dataset-resized\metal\metal316.jpg,none
train/other/other_cardboard_0152.jpg,train,other,original,trashnet,F:\ANHTHU\1-HCMUS\1 - STUDY\0-now\AIOT\PROJECT\CODE\AIOT-SMART-TRASH-BIN\AI\trashnet\data\dataset-resized\dataset-resized\cardboard\cardboard255.jpg,none
train/other/other_cardboard_0153.jpg,train,other,original,trashnet,F:\ANHTHU\1-HCMUS\1 - STUDY\0-now\AIOT\PROJECT\CODE\AIOT-SMART-TRASH-BIN\AI\trashnet\data\dataset-resized\dataset-resized\cardboard\cardboard157.jpg,none
train/other/other_metal_0154__esp_sim.jpg,train,other,esp_simulated,trashnet,F:\ANHTHU\1-HCMUS\1 - STUDY\0-now\AIOT\PROJECT\CODE\AIOT-SMART-TRASH-BIN\AI\trashnet\data\dataset-resized\dataset-resized\metal\metal141.jpg,qvga=320x240;rgb565=true;brightness=0.9953;contrast=1.0266;saturation=0.7956;rgb_gain=0.9487/1.0023/1.0489;noise_sigma=1.9656;noise_seed=2055224514;blur_radius=0.5816;jpeg_quality=65
train/other/other_metal_0155.jpg,train,other,original,trashnet,F:\ANHTHU\1-HCMUS\1 - STUDY\0-now\AIOT\PROJECT\CODE\AIOT-SMART-TRASH-BIN\AI\trashnet\data\dataset-resized\dataset-resized\metal\metal117.jpg,none
train/other/other_cardboard_0156.jpg,train,other,original,trashnet,F:\ANHTHU\1-HCMUS\1 - STUDY\0-now\AIOT\PROJECT\CODE\AIOT-SMART-TRASH-BIN\AI\trashnet\data\dataset-resized\dataset-resized\cardboard\cardboard187.jpg,none
train/other/other_cardboard_0157.jpg,train,other,original,trashnet,F:\ANHTHU\1-HCMUS\1 - STUDY\0-now\AIOT\PROJECT\CODE\AIOT-SMART-TRASH-BIN\AI\trashnet\data\dataset-resized\dataset-resized\cardboard\cardboard104.jpg,none
train/other/other_metal_0158.jpg,train,other,original,trashnet,F:\ANHTHU\1-HCMUS\1 - STUDY\0-now\AIOT\PROJECT\CODE\AIOT-SMART-TRASH-BIN\AI\trashnet\data\dataset-resized\dataset-resized\metal\metal50.jpg,none
train/other/other_metal_0159__esp_sim.jpg,train,other,esp_simulated,trashnet,F:\ANHTHU\1-HCMUS\1 - STUDY\0-now\AIOT\PROJECT\CODE\AIOT-SMART-TRASH-BIN\AI\trashnet\data\dataset-resized\dataset-resized\metal\metal250.jpg,qvga=320x240;rgb565=true;brightness=0.9659;contrast=0.9399;saturation=0.8637;rgb_gain=0.9690/1.0030/0.9971;noise_sigma=2.1354;noise_seed=23078537;blur_radius=0.2079;jpeg_quality=58
train/other/other_cardboard_0160.jpg,train,other,original,trashnet,F:\ANHTHU\1-HCMUS\1 - STUDY\0-now\AIOT\PROJECT\CODE\AIOT-SMART-TRASH-BIN\AI\trashnet\data\dataset-resized\dataset-resized\cardboard\cardboard30.jpg,none
train/other/other_metal_0161.jpg,train,other,original,trashnet,F:\ANHTHU\1-HCMUS\1 - STUDY\0-now\AIOT\PROJECT\CODE\AIOT-SMART-TRASH-BIN\AI\trashnet\data\dataset-resized\dataset-resized\metal\metal174.jpg,none
train/other/other_cardboard_0162__esp_sim.jpg,train,other,esp_simulated,trashnet,F:\ANHTHU\1-HCMUS\1 - STUDY\0-now\AIOT\PROJECT\CODE\AIOT-SMART-TRASH-BIN\AI\trashnet\data\dataset-resized\dataset-resized\cardboard\cardboard269.jpg,qvga=320x240;rgb565=true;brightness=0.9775;contrast=0.9663;saturation=0.8496;rgb_gain=0.9848/1.0033/1.0397;noise_sigma=3.0786;noise_seed=2224948094;blur_radius=0.3603;jpeg_quality=72
train/other/other_metal_0163.jpg,train,other,original,trashnet,F:\ANHTHU\1-HCMUS\1 - STUDY\0-now\AIOT\PROJECT\CODE\AIOT-SMART-TRASH-BIN\AI\trashnet\data\dataset-resized\dataset-resized\metal\metal159.jpg,none
train/other/other_cardboard_0164.jpg,train,other,original,trashnet,F:\ANHTHU\1-HCMUS\1 - STUDY\0-now\AIOT\PROJECT\CODE\AIOT-SMART-TRASH-BIN\AI\trashnet\data\dataset-resized\dataset-resized\cardboard\cardboard327.jpg,none
train/other/other_metal_0165.jpg,train,other,original,trashnet,F:\ANHTHU\1-HCMUS\1 - STUDY\0-now\AIOT\PROJECT\CODE\AIOT-SMART-TRASH-BIN\AI\trashnet\data\dataset-resized\dataset-resized\metal\metal322.jpg,none
train/other/other_cardboard_0166.jpg,train,other,original,trashnet,F:\ANHTHU\1-HCMUS\1 - STUDY\0-now\AIOT\PROJECT\CODE\AIOT-SMART-TRASH-BIN\AI\trashnet\data\dataset-resized\dataset-resized\cardboard\cardboard361.jpg,none
train/other/other_metal_0167.jpg,train,other,original,trashnet,F:\ANHTHU\1-HCMUS\1 - STUDY\0-now\AIOT\PROJECT\CODE\AIOT-SMART-TRASH-BIN\AI\trashnet\data\dataset-resized\dataset-resized\metal\metal53.jpg,none
train/other/other_metal_0168__esp_sim.jpg,train,other,esp_simulated,trashnet,F:\ANHTHU\1-HCMUS\1 - STUDY\0-now\AIOT\PROJECT\CODE\AIOT-SMART-TRASH-BIN\AI\trashnet\data\dataset-resized\dataset-resized\metal\metal137.jpg,qvga=320x240;rgb565=true;brightness=0.9871;contrast=0.9270;saturation=0.9701;rgb_gain=0.9218/1.0194/1.0363;noise_sigma=2.8729;noise_seed=471226023;blur_radius=0.3138;jpeg_quality=64
train/other/other_cardboard_0169.jpg,train,other,original,trashnet,F:\ANHTHU\1-HCMUS\1 - STUDY\0-now\AIOT\PROJECT\CODE\AIOT-SMART-TRASH-BIN\AI\trashnet\data\dataset-resized\dataset-resized\cardboard\cardboard67.jpg,none
train/other/other_metal_0170.jpg,train,other,original,trashnet,F:\ANHTHU\1-HCMUS\1 - STUDY\0-now\AIOT\PROJECT\CODE\AIOT-SMART-TRASH-BIN\AI\trashnet\data\dataset-resized\dataset-resized\metal\metal183.jpg,none
train/other/other_cardboard_0171.jpg,train,other,original,trashnet,F:\ANHTHU\1-HCMUS\1 - STUDY\0-now\AIOT\PROJECT\CODE\AIOT-SMART-TRASH-BIN\AI\trashnet\data\dataset-resized\dataset-resized\cardboard\cardboard127.jpg,none
train/other/other_metal_0172.jpg,train,other,original,trashnet,F:\ANHTHU\1-HCMUS\1 - STUDY\0-now\AIOT\PROJECT\CODE\AIOT-SMART-TRASH-BIN\AI\trashnet\data\dataset-resized\dataset-resized\metal\metal305.jpg,none
train/other/other_cardboard_0173.jpg,train,other,original,trashnet,F:\ANHTHU\1-HCMUS\1 - STUDY\0-now\AIOT\PROJECT\CODE\AIOT-SMART-TRASH-BIN\AI\trashnet\data\dataset-resized\dataset-resized\cardboard\cardboard318.jpg,none
train/other/other_cardboard_0174.jpg,train,other,original,trashnet,F:\ANHTHU\1-HCMUS\1 - STUDY\0-now\AIOT\PROJECT\CODE\AIOT-SMART-TRASH-BIN\AI\trashnet\data\dataset-resized\dataset-resized\cardboard\cardboard323.jpg,none
train/other/other_cardboard_0175.jpg,train,other,original,trashnet,F:\ANHTHU\1-HCMUS\1 - STUDY\0-now\AIOT\PROJECT\CODE\AIOT-SMART-TRASH-BIN\AI\trashnet\data\dataset-resized\dataset-resized\cardboard\cardboard391.jpg,none
train/other/other_cardboard_0176.jpg,train,other,original,trashnet,F:\ANHTHU\1-HCMUS\1 - STUDY\0-now\AIOT\PROJECT\CODE\AIOT-SMART-TRASH-BIN\AI\trashnet\data\dataset-resized\dataset-resized\cardboard\cardboard13.jpg,none
train/other/other_cardboard_0177__esp_sim.jpg,train,other,esp_simulated,trashnet,F:\ANHTHU\1-HCMUS\1 - STUDY\0-now\AIOT\PROJECT\CODE\AIOT-SMART-TRASH-BIN\AI\trashnet\data\dataset-resized\dataset-resized\cardboard\cardboard216.jpg,qvga=320x240;rgb565=true;brightness=0.9763;contrast=1.0364;saturation=0.9277;rgb_gain=0.9598/0.9915/0.9184;noise_sigma=2.6318;noise_seed=1662648750;blur_radius=0.4175;jpeg_quality=72
train/other/other_metal_0178__esp_sim.jpg,train,other,esp_simulated,trashnet,F:\ANHTHU\1-HCMUS\1 - STUDY\0-now\AIOT\PROJECT\CODE\AIOT-SMART-TRASH-BIN\AI\trashnet\data\dataset-resized\dataset-resized\metal\metal210.jpg,qvga=320x240;rgb565=true;brightness=1.0301;contrast=1.0580;saturation=0.7794;rgb_gain=0.9272/1.0054/1.0048;noise_sigma=2.4528;noise_seed=746149435;blur_radius=0.5067;jpeg_quality=66
train/other/other_cardboard_0179.jpg,train,other,original,trashnet,F:\ANHTHU\1-HCMUS\1 - STUDY\0-now\AIOT\PROJECT\CODE\AIOT-SMART-TRASH-BIN\AI\trashnet\data\dataset-resized\dataset-resized\cardboard\cardboard59.jpg,none
train/other/other_metal_0180.jpg,train,other,original,trashnet,F:\ANHTHU\1-HCMUS\1 - STUDY\0-now\AIOT\PROJECT\CODE\AIOT-SMART-TRASH-BIN\AI\trashnet\data\dataset-resized\dataset-resized\metal\metal320.jpg,none
train/other/other_metal_0181.jpg,train,other,original,trashnet,F:\ANHTHU\1-HCMUS\1 - STUDY\0-now\AIOT\PROJECT\CODE\AIOT-SMART-TRASH-BIN\AI\trashnet\data\dataset-resized\dataset-resized\metal\metal334.jpg,none
train/other/other_cardboard_0182__esp_sim.jpg,train,other,esp_simulated,trashnet,F:\ANHTHU\1-HCMUS\1 - STUDY\0-now\AIOT\PROJECT\CODE\AIOT-SMART-TRASH-BIN\AI\trashnet\data\dataset-resized\dataset-resized\cardboard\cardboard400.jpg,qvga=320x240;rgb565=true;brightness=0.9329;contrast=0.8745;saturation=0.8897;rgb_gain=0.9905/0.9747/1.0442;noise_sigma=2.5650;noise_seed=2062264407;blur_radius=0.4200;jpeg_quality=60
train/other/other_metal_0183.jpg,train,other,original,trashnet,F:\ANHTHU\1-HCMUS\1 - STUDY\0-now\AIOT\PROJECT\CODE\AIOT-SMART-TRASH-BIN\AI\trashnet\data\dataset-resized\dataset-resized\metal\metal33.jpg,none
train/other/other_metal_0184.jpg,train,other,original,trashnet,F:\ANHTHU\1-HCMUS\1 - STUDY\0-now\AIOT\PROJECT\CODE\AIOT-SMART-TRASH-BIN\AI\trashnet\data\dataset-resized\dataset-resized\metal\metal193.jpg,none
train/other/other_cardboard_0185.jpg,train,other,original,trashnet,F:\ANHTHU\1-HCMUS\1 - STUDY\0-now\AIOT\PROJECT\CODE\AIOT-SMART-TRASH-BIN\AI\trashnet\data\dataset-resized\dataset-resized\cardboard\cardboard401.jpg,none
train/other/other_cardboard_0186.jpg,train,other,original,trashnet,F:\ANHTHU\1-HCMUS\1 - STUDY\0-now\AIOT\PROJECT\CODE\AIOT-SMART-TRASH-BIN\AI\trashnet\data\dataset-resized\dataset-resized\cardboard\cardboard386.jpg,none
train/other/other_metal_0187__esp_sim.jpg,train,other,esp_simulated,trashnet,F:\ANHTHU\1-HCMUS\1 - STUDY\0-now\AIOT\PROJECT\CODE\AIOT-SMART-TRASH-BIN\AI\trashnet\data\dataset-resized\dataset-resized\metal\metal127.jpg,qvga=320x240;rgb565=true;brightness=0.9469;contrast=0.9554;saturation=0.8574;rgb_gain=0.9982/1.0236/1.0338;noise_sigma=2.7062;noise_seed=653256409;blur_radius=0.2679;jpeg_quality=70
train/other/other_metal_0188.jpg,train,other,original,trashnet,F:\ANHTHU\1-HCMUS\1 - STUDY\0-now\AIOT\PROJECT\CODE\AIOT-SMART-TRASH-BIN\AI\trashnet\data\dataset-resized\dataset-resized\metal\metal303.jpg,none
train/other/other_cardboard_0189.jpg,train,other,original,trashnet,F:\ANHTHU\1-HCMUS\1 - STUDY\0-now\AIOT\PROJECT\CODE\AIOT-SMART-TRASH-BIN\AI\trashnet\data\dataset-resized\dataset-resized\cardboard\cardboard325.jpg,none
train/other/other_metal_0190.jpg,train,other,original,trashnet,F:\ANHTHU\1-HCMUS\1 - STUDY\0-now\AIOT\PROJECT\CODE\AIOT-SMART-TRASH-BIN\AI\trashnet\data\dataset-resized\dataset-resized\metal\metal148.jpg,none
train/other/other_cardboard_0191.jpg,train,other,original,trashnet,F:\ANHTHU\1-HCMUS\1 - STUDY\0-now\AIOT\PROJECT\CODE\AIOT-SMART-TRASH-BIN\AI\trashnet\data\dataset-resized\dataset-resized\cardboard\cardboard40.jpg,none
train/other/other_metal_0192.jpg,train,other,original,trashnet,F:\ANHTHU\1-HCMUS\1 - STUDY\0-now\AIOT\PROJECT\CODE\AIOT-SMART-TRASH-BIN\AI\trashnet\data\dataset-resized\dataset-resized\metal\metal302.jpg,none
train/other/other_cardboard_0193.jpg,train,other,original,trashnet,F:\ANHTHU\1-HCMUS\1 - STUDY\0-now\AIOT\PROJECT\CODE\AIOT-SMART-TRASH-BIN\AI\trashnet\data\dataset-resized\dataset-resized\cardboard\cardboard315.jpg,none
train/other/other_metal_0194.jpg,train,other,original,trashnet,F:\ANHTHU\1-HCMUS\1 - STUDY\0-now\AIOT\PROJECT\CODE\AIOT-SMART-TRASH-BIN\AI\trashnet\data\dataset-resized\dataset-resized\metal\metal378.jpg,none
train/other/other_metal_0195.jpg,train,other,original,trashnet,F:\ANHTHU\1-HCMUS\1 - STUDY\0-now\AIOT\PROJECT\CODE\AIOT-SMART-TRASH-BIN\AI\trashnet\data\dataset-resized\dataset-resized\metal\metal101.jpg,none
train/other/other_cardboard_0196.jpg,train,other,original,trashnet,F:\ANHTHU\1-HCMUS\1 - STUDY\0-now\AIOT\PROJECT\CODE\AIOT-SMART-TRASH-BIN\AI\trashnet\data\dataset-resized\dataset-resized\cardboard\cardboard108.jpg,none
train/other/other_metal_0197.jpg,train,other,original,trashnet,F:\ANHTHU\1-HCMUS\1 - STUDY\0-now\AIOT\PROJECT\CODE\AIOT-SMART-TRASH-BIN\AI\trashnet\data\dataset-resized\dataset-resized\metal\metal45.jpg,none
train/other/other_cardboard_0198.jpg,train,other,original,trashnet,F:\ANHTHU\1-HCMUS\1 - STUDY\0-now\AIOT\PROJECT\CODE\AIOT-SMART-TRASH-BIN\AI\trashnet\data\dataset-resized\dataset-resized\cardboard\cardboard46.jpg,none
train/other/other_cardboard_0199.jpg,train,other,original,trashnet,F:\ANHTHU\1-HCMUS\1 - STUDY\0-now\AIOT\PROJECT\CODE\AIOT-SMART-TRASH-BIN\AI\trashnet\data\dataset-resized\dataset-resized\cardboard\cardboard252.jpg,none
train/other/other_cardboard_0200.jpg,train,other,original,trashnet,F:\ANHTHU\1-HCMUS\1 - STUDY\0-now\AIOT\PROJECT\CODE\AIOT-SMART-TRASH-BIN\AI\trashnet\data\dataset-resized\dataset-resized\cardboard\cardboard159.jpg,none
train/other/other_metal_0201.jpg,train,other,original,trashnet,F:\ANHTHU\1-HCMUS\1 - STUDY\0-now\AIOT\PROJECT\CODE\AIOT-SMART-TRASH-BIN\AI\trashnet\data\dataset-resized\dataset-resized\metal\metal251.jpg,none
train/other/other_cardboard_0202.jpg,train,other,original,trashnet,F:\ANHTHU\1-HCMUS\1 - STUDY\0-now\AIOT\PROJECT\CODE\AIOT-SMART-TRASH-BIN\AI\trashnet\data\dataset-resized\dataset-resized\cardboard\cardboard299.jpg,none
train/other/other_metal_0203.jpg,train,other,original,trashnet,F:\ANHTHU\1-HCMUS\1 - STUDY\0-now\AIOT\PROJECT\CODE\AIOT-SMART-TRASH-BIN\AI\trashnet\data\dataset-resized\dataset-resized\metal\metal288.jpg,none
train/other/other_cardboard_0204.jpg,train,other,original,trashnet,F:\ANHTHU\1-HCMUS\1 - STUDY\0-now\AIOT\PROJECT\CODE\AIOT-SMART-TRASH-BIN\AI\trashnet\data\dataset-resized\dataset-resized\cardboard\cardboard29.jpg,none
train/other/other_cardboard_0205.jpg,train,other,original,trashnet,F:\ANHTHU\1-HCMUS\1 - STUDY\0-now\AIOT\PROJECT\CODE\AIOT-SMART-TRASH-BIN\AI\trashnet\data\dataset-resized\dataset-resized\cardboard\cardboard55.jpg,none
train/other/other_metal_0206.jpg,train,other,original,trashnet,F:\ANHTHU\1-HCMUS\1 - STUDY\0-now\AIOT\PROJECT\CODE\AIOT-SMART-TRASH-BIN\AI\trashnet\data\dataset-resized\dataset-resized\metal\metal369.jpg,none
train/other/other_cardboard_0207__esp_sim.jpg,train,other,esp_simulated,trashnet,F:\ANHTHU\1-HCMUS\1 - STUDY\0-now\AIOT\PROJECT\CODE\AIOT-SMART-TRASH-BIN\AI\trashnet\data\dataset-resized\dataset-resized\cardboard\cardboard166.jpg,qvga=320x240;rgb565=true;brightness=0.9548;contrast=1.0784;saturation=0.8120;rgb_gain=1.0240/1.0226/0.9799;noise_sigma=2.7169;noise_seed=2614217702;blur_radius=0.3119;jpeg_quality=66
train/other/other_cardboard_0208.jpg,train,other,original,trashnet,F:\ANHTHU\1-HCMUS\1 - STUDY\0-now\AIOT\PROJECT\CODE\AIOT-SMART-TRASH-BIN\AI\trashnet\data\dataset-resized\dataset-resized\cardboard\cardboard132.jpg,none
train/other/other_cardboard_0209.jpg,train,other,original,trashnet,F:\ANHTHU\1-HCMUS\1 - STUDY\0-now\AIOT\PROJECT\CODE\AIOT-SMART-TRASH-BIN\AI\trashnet\data\dataset-resized\dataset-resized\cardboard\cardboard321.jpg,none
train/other/other_cardboard_0210.jpg,train,other,original,trashnet,F:\ANHTHU\1-HCMUS\1 - STUDY\0-now\AIOT\PROJECT\CODE\AIOT-SMART-TRASH-BIN\AI\trashnet\data\dataset-resized\dataset-resized\cardboard\cardboard219.jpg,none
train/other/other_metal_0211.jpg,train,other,original,trashnet,F:\ANHTHU\1-HCMUS\1 - STUDY\0-now\AIOT\PROJECT\CODE\AIOT-SMART-TRASH-BIN\AI\trashnet\data\dataset-resized\dataset-resized\metal\metal235.jpg,none
train/other/other_metal_0212__esp_sim.jpg,train,other,esp_simulated,trashnet,F:\ANHTHU\1-HCMUS\1 - STUDY\0-now\AIOT\PROJECT\CODE\AIOT-SMART-TRASH-BIN\AI\trashnet\data\dataset-resized\dataset-resized\metal\metal286.jpg,qvga=320x240;rgb565=true;brightness=0.9776;contrast=1.0127;saturation=0.8718;rgb_gain=0.9352/0.9615/1.0227;noise_sigma=3.7317;noise_seed=4249901073;blur_radius=0.2209;jpeg_quality=60
train/other/other_cardboard_0213.jpg,train,other,original,trashnet,F:\ANHTHU\1-HCMUS\1 - STUDY\0-now\AIOT\PROJECT\CODE\AIOT-SMART-TRASH-BIN\AI\trashnet\data\dataset-resized\dataset-resized\cardboard\cardboard189.jpg,none
train/other/other_metal_0214__esp_sim.jpg,train,other,esp_simulated,trashnet,F:\ANHTHU\1-HCMUS\1 - STUDY\0-now\AIOT\PROJECT\CODE\AIOT-SMART-TRASH-BIN\AI\trashnet\data\dataset-resized\dataset-resized\metal\metal332.jpg,qvga=320x240;rgb565=true;brightness=0.9724;contrast=0.8612;saturation=0.8581;rgb_gain=0.9674/0.9827/0.9969;noise_sigma=3.4984;noise_seed=1008226573;blur_radius=0.4057;jpeg_quality=60
train/other/other_metal_0215__esp_sim.jpg,train,other,esp_simulated,trashnet,F:\ANHTHU\1-HCMUS\1 - STUDY\0-now\AIOT\PROJECT\CODE\AIOT-SMART-TRASH-BIN\AI\trashnet\data\dataset-resized\dataset-resized\metal\metal76.jpg,qvga=320x240;rgb565=true;brightness=0.8634;contrast=0.8740;saturation=0.8042;rgb_gain=0.9691/0.9800/1.0328;noise_sigma=3.5892;noise_seed=2469787804;blur_radius=0.6424;jpeg_quality=76
train/other/other_cardboard_0216.jpg,train,other,original,trashnet,F:\ANHTHU\1-HCMUS\1 - STUDY\0-now\AIOT\PROJECT\CODE\AIOT-SMART-TRASH-BIN\AI\trashnet\data\dataset-resized\dataset-resized\cardboard\cardboard7.jpg,none
train/other/other_metal_0217__esp_sim.jpg,train,other,esp_simulated,trashnet,F:\ANHTHU\1-HCMUS\1 - STUDY\0-now\AIOT\PROJECT\CODE\AIOT-SMART-TRASH-BIN\AI\trashnet\data\dataset-resized\dataset-resized\metal\metal279.jpg,qvga=320x240;rgb565=true;brightness=0.9468;contrast=0.9097;saturation=0.8123;rgb_gain=0.9928/1.0128/0.9850;noise_sigma=3.4626;noise_seed=3335875135;blur_radius=0.3172;jpeg_quality=68
train/other/other_cardboard_0218.jpg,train,other,original,trashnet,F:\ANHTHU\1-HCMUS\1 - STUDY\0-now\AIOT\PROJECT\CODE\AIOT-SMART-TRASH-BIN\AI\trashnet\data\dataset-resized\dataset-resized\cardboard\cardboard41.jpg,none
train/other/other_metal_0219.jpg,train,other,original,trashnet,F:\ANHTHU\1-HCMUS\1 - STUDY\0-now\AIOT\PROJECT\CODE\AIOT-SMART-TRASH-BIN\AI\trashnet\data\dataset-resized\dataset-resized\metal\metal216.jpg,none
train/other/other_metal_0220.jpg,train,other,original,trashnet,F:\ANHTHU\1-HCMUS\1 - STUDY\0-now\AIOT\PROJECT\CODE\AIOT-SMART-TRASH-BIN\AI\trashnet\data\dataset-resized\dataset-resized\metal\metal409.jpg,none
train/other/other_cardboard_0221.jpg,train,other,original,trashnet,F:\ANHTHU\1-HCMUS\1 - STUDY\0-now\AIOT\PROJECT\CODE\AIOT-SMART-TRASH-BIN\AI\trashnet\data\dataset-resized\dataset-resized\cardboard\cardboard184.jpg,none
train/other/other_metal_0222.jpg,train,other,original,trashnet,F:\ANHTHU\1-HCMUS\1 - STUDY\0-now\AIOT\PROJECT\CODE\AIOT-SMART-TRASH-BIN\AI\trashnet\data\dataset-resized\dataset-resized\metal\metal299.jpg,none
train/other/other_metal_0223.jpg,train,other,original,trashnet,F:\ANHTHU\1-HCMUS\1 - STUDY\0-now\AIOT\PROJECT\CODE\AIOT-SMART-TRASH-BIN\AI\trashnet\data\dataset-resized\dataset-resized\metal\metal121.jpg,none
train/other/other_cardboard_0224.jpg,train,other,original,trashnet,F:\ANHTHU\1-HCMUS\1 - STUDY\0-now\AIOT\PROJECT\CODE\AIOT-SMART-TRASH-BIN\AI\trashnet\data\dataset-resized\dataset-resized\cardboard\cardboard213.jpg,none
train/other/other_metal_0225.jpg,train,other,original,trashnet,F:\ANHTHU\1-HCMUS\1 - STUDY\0-now\AIOT\PROJECT\CODE\AIOT-SMART-TRASH-BIN\AI\trashnet\data\dataset-resized\dataset-resized\metal\metal60.jpg,none
train/other/other_metal_0226.jpg,train,other,original,trashnet,F:\ANHTHU\1-HCMUS\1 - STUDY\0-now\AIOT\PROJECT\CODE\AIOT-SMART-TRASH-BIN\AI\trashnet\data\dataset-resized\dataset-resized\metal\metal278.jpg,none
train/other/other_cardboard_0227__esp_sim.jpg,train,other,esp_simulated,trashnet,F:\ANHTHU\1-HCMUS\1 - STUDY\0-now\AIOT\PROJECT\CODE\AIOT-SMART-TRASH-BIN\AI\trashnet\data\dataset-resized\dataset-resized\cardboard\cardboard240.jpg,qvga=320x240;rgb565=true;brightness=1.0144;contrast=0.9088;saturation=0.9787;rgb_gain=0.9835/1.0034/0.9034;noise_sigma=3.7953;noise_seed=1134754224;blur_radius=0.4475;jpeg_quality=58
train/other/other_metal_0228.jpg,train,other,original,trashnet,F:\ANHTHU\1-HCMUS\1 - STUDY\0-now\AIOT\PROJECT\CODE\AIOT-SMART-TRASH-BIN\AI\trashnet\data\dataset-resized\dataset-resized\metal\metal196.jpg,none
train/other/other_metal_0229__esp_sim.jpg,train,other,esp_simulated,trashnet,F:\ANHTHU\1-HCMUS\1 - STUDY\0-now\AIOT\PROJECT\CODE\AIOT-SMART-TRASH-BIN\AI\trashnet\data\dataset-resized\dataset-resized\metal\metal129.jpg,qvga=320x240;rgb565=true;brightness=0.9113;contrast=1.0639;saturation=0.9645;rgb_gain=0.9958/0.9504/0.9737;noise_sigma=2.9069;noise_seed=3155691854;blur_radius=0.4195;jpeg_quality=59
train/other/other_cardboard_0230__esp_sim.jpg,train,other,esp_simulated,trashnet,F:\ANHTHU\1-HCMUS\1 - STUDY\0-now\AIOT\PROJECT\CODE\AIOT-SMART-TRASH-BIN\AI\trashnet\data\dataset-resized\dataset-resized\cardboard\cardboard341.jpg,qvga=320x240;rgb565=true;brightness=0.8419;contrast=0.9761;saturation=0.7894;rgb_gain=0.9513/0.9873/1.0201;noise_sigma=1.5762;noise_seed=822238132;blur_radius=0.4578;jpeg_quality=65
train/other/other_cardboard_0231__esp_sim.jpg,train,other,esp_simulated,trashnet,F:\ANHTHU\1-HCMUS\1 - STUDY\0-now\AIOT\PROJECT\CODE\AIOT-SMART-TRASH-BIN\AI\trashnet\data\dataset-resized\dataset-resized\cardboard\cardboard312.jpg,qvga=320x240;rgb565=true;brightness=0.8596;contrast=1.0344;saturation=0.8182;rgb_gain=0.9904/1.0155/0.9191;noise_sigma=2.6244;noise_seed=3351613089;blur_radius=0.2492;jpeg_quality=60
train/other/other_metal_0232.jpg,train,other,original,trashnet,F:\ANHTHU\1-HCMUS\1 - STUDY\0-now\AIOT\PROJECT\CODE\AIOT-SMART-TRASH-BIN\AI\trashnet\data\dataset-resized\dataset-resized\metal\metal225.jpg,none
train/other/other_metal_0233.jpg,train,other,original,trashnet,F:\ANHTHU\1-HCMUS\1 - STUDY\0-now\AIOT\PROJECT\CODE\AIOT-SMART-TRASH-BIN\AI\trashnet\data\dataset-resized\dataset-resized\metal\metal383.jpg,none
train/other/other_metal_0234.jpg,train,other,original,trashnet,F:\ANHTHU\1-HCMUS\1 - STUDY\0-now\AIOT\PROJECT\CODE\AIOT-SMART-TRASH-BIN\AI\trashnet\data\dataset-resized\dataset-resized\metal\metal343.jpg,none
train/other/other_metal_0235.jpg,train,other,original,trashnet,F:\ANHTHU\1-HCMUS\1 - STUDY\0-now\AIOT\PROJECT\CODE\AIOT-SMART-TRASH-BIN\AI\trashnet\data\dataset-resized\dataset-resized\metal\metal390.jpg,none
train/other/other_cardboard_0236__esp_sim.jpg,train,other,esp_simulated,trashnet,F:\ANHTHU\1-HCMUS\1 - STUDY\0-now\AIOT\PROJECT\CODE\AIOT-SMART-TRASH-BIN\AI\trashnet\data\dataset-resized\dataset-resized\cardboard\cardboard152.jpg,qvga=320x240;rgb565=true;brightness=0.8874;contrast=0.8697;saturation=0.7680;rgb_gain=0.9320/1.0274/0.9787;noise_sigma=2.9690;noise_seed=3543583347;blur_radius=0.5629;jpeg_quality=75
train/other/other_metal_0237.jpg,train,other,original,trashnet,F:\ANHTHU\1-HCMUS\1 - STUDY\0-now\AIOT\PROJECT\CODE\AIOT-SMART-TRASH-BIN\AI\trashnet\data\dataset-resized\dataset-resized\metal\metal13.jpg,none
train/other/other_cardboard_0238.jpg,train,other,original,trashnet,F:\ANHTHU\1-HCMUS\1 - STUDY\0-now\AIOT\PROJECT\CODE\AIOT-SMART-TRASH-BIN\AI\trashnet\data\dataset-resized\dataset-resized\cardboard\cardboard71.jpg,none
train/other/other_metal_0239.jpg,train,other,original,trashnet,F:\ANHTHU\1-HCMUS\1 - STUDY\0-now\AIOT\PROJECT\CODE\AIOT-SMART-TRASH-BIN\AI\trashnet\data\dataset-resized\dataset-resized\metal\metal376.jpg,none
train/other/other_cardboard_0240.jpg,train,other,original,trashnet,F:\ANHTHU\1-HCMUS\1 - STUDY\0-now\AIOT\PROJECT\CODE\AIOT-SMART-TRASH-BIN\AI\trashnet\data\dataset-resized\dataset-resized\cardboard\cardboard200.jpg,none
train/other/other_cardboard_0241.jpg,train,other,original,trashnet,F:\ANHTHU\1-HCMUS\1 - STUDY\0-now\AIOT\PROJECT\CODE\AIOT-SMART-TRASH-BIN\AI\trashnet\data\dataset-resized\dataset-resized\cardboard\cardboard303.jpg,none
train/other/other_cardboard_0242__esp_sim.jpg,train,other,esp_simulated,trashnet,F:\ANHTHU\1-HCMUS\1 - STUDY\0-now\AIOT\PROJECT\CODE\AIOT-SMART-TRASH-BIN\AI\trashnet\data\dataset-resized\dataset-resized\cardboard\cardboard164.jpg,qvga=320x240;rgb565=true;brightness=0.9579;contrast=1.0026;saturation=0.9360;rgb_gain=0.9226/1.0044/0.9305;noise_sigma=2.3188;noise_seed=1226180225;blur_radius=0.6193;jpeg_quality=56
train/other/other_cardboard_0243.jpg,train,other,original,trashnet,F:\ANHTHU\1-HCMUS\1 - STUDY\0-now\AIOT\PROJECT\CODE\AIOT-SMART-TRASH-BIN\AI\trashnet\data\dataset-resized\dataset-resized\cardboard\cardboard133.jpg,none
train/other/other_cardboard_0244.jpg,train,other,original,trashnet,F:\ANHTHU\1-HCMUS\1 - STUDY\0-now\AIOT\PROJECT\CODE\AIOT-SMART-TRASH-BIN\AI\trashnet\data\dataset-resized\dataset-resized\cardboard\cardboard352.jpg,none
train/other/other_cardboard_0245.jpg,train,other,original,trashnet,F:\ANHTHU\1-HCMUS\1 - STUDY\0-now\AIOT\PROJECT\CODE\AIOT-SMART-TRASH-BIN\AI\trashnet\data\dataset-resized\dataset-resized\cardboard\cardboard26.jpg,none
train/other/other_cardboard_0246.jpg,train,other,original,trashnet,F:\ANHTHU\1-HCMUS\1 - STUDY\0-now\AIOT\PROJECT\CODE\AIOT-SMART-TRASH-BIN\AI\trashnet\data\dataset-resized\dataset-resized\cardboard\cardboard224.jpg,none
train/other/other_metal_0247.jpg,train,other,original,trashnet,F:\ANHTHU\1-HCMUS\1 - STUDY\0-now\AIOT\PROJECT\CODE\AIOT-SMART-TRASH-BIN\AI\trashnet\data\dataset-resized\dataset-resized\metal\metal108.jpg,none
train/other/other_cardboard_0248.jpg,train,other,original,trashnet,F:\ANHTHU\1-HCMUS\1 - STUDY\0-now\AIOT\PROJECT\CODE\AIOT-SMART-TRASH-BIN\AI\trashnet\data\dataset-resized\dataset-resized\cardboard\cardboard65.jpg,none
train/other/other_metal_0249.jpg,train,other,original,trashnet,F:\ANHTHU\1-HCMUS\1 - STUDY\0-now\AIOT\PROJECT\CODE\AIOT-SMART-TRASH-BIN\AI\trashnet\data\dataset-resized\dataset-resized\metal\metal160.jpg,none
train/other/other_metal_0250__esp_sim.jpg,train,other,esp_simulated,trashnet,F:\ANHTHU\1-HCMUS\1 - STUDY\0-now\AIOT\PROJECT\CODE\AIOT-SMART-TRASH-BIN\AI\trashnet\data\dataset-resized\dataset-resized\metal\metal46.jpg,qvga=320x240;rgb565=true;brightness=0.9705;contrast=1.0116;saturation=0.8389;rgb_gain=0.9310/1.0174/1.0017;noise_sigma=3.2902;noise_seed=2169056511;blur_radius=0.4257;jpeg_quality=57
train/other/other_metal_0251__esp_sim.jpg,train,other,esp_simulated,trashnet,F:\ANHTHU\1-HCMUS\1 - STUDY\0-now\AIOT\PROJECT\CODE\AIOT-SMART-TRASH-BIN\AI\trashnet\data\dataset-resized\dataset-resized\metal\metal4.jpg,qvga=320x240;rgb565=true;brightness=1.0338;contrast=0.9485;saturation=0.9090;rgb_gain=1.0206/0.9558/1.0499;noise_sigma=2.5315;noise_seed=449788306;blur_radius=0.6207;jpeg_quality=59
train/other/other_metal_0252.jpg,train,other,original,trashnet,F:\ANHTHU\1-HCMUS\1 - STUDY\0-now\AIOT\PROJECT\CODE\AIOT-SMART-TRASH-BIN\AI\trashnet\data\dataset-resized\dataset-resized\metal\metal157.jpg,none
train/other/other_cardboard_0253.jpg,train,other,original,trashnet,F:\ANHTHU\1-HCMUS\1 - STUDY\0-now\AIOT\PROJECT\CODE\AIOT-SMART-TRASH-BIN\AI\trashnet\data\dataset-resized\dataset-resized\cardboard\cardboard107.jpg,none
train/other/other_metal_0254__esp_sim.jpg,train,other,esp_simulated,trashnet,F:\ANHTHU\1-HCMUS\1 - STUDY\0-now\AIOT\PROJECT\CODE\AIOT-SMART-TRASH-BIN\AI\trashnet\data\dataset-resized\dataset-resized\metal\metal388.jpg,qvga=320x240;rgb565=true;brightness=0.9946;contrast=0.9359;saturation=0.8590;rgb_gain=1.0084/0.9878/0.9361;noise_sigma=1.8706;noise_seed=4057065600;blur_radius=0.5122;jpeg_quality=69
train/other/other_cardboard_0255__esp_sim.jpg,train,other,esp_simulated,trashnet,F:\ANHTHU\1-HCMUS\1 - STUDY\0-now\AIOT\PROJECT\CODE\AIOT-SMART-TRASH-BIN\AI\trashnet\data\dataset-resized\dataset-resized\cardboard\cardboard229.jpg,qvga=320x240;rgb565=true;brightness=0.9746;contrast=0.9682;saturation=0.9131;rgb_gain=0.9282/1.0127/0.9776;noise_sigma=2.8947;noise_seed=3679243236;blur_radius=0.4745;jpeg_quality=58
train/other/other_cardboard_0256.jpg,train,other,original,trashnet,F:\ANHTHU\1-HCMUS\1 - STUDY\0-now\AIOT\PROJECT\CODE\AIOT-SMART-TRASH-BIN\AI\trashnet\data\dataset-resized\dataset-resized\cardboard\cardboard306.jpg,none
train/other/other_cardboard_0257.jpg,train,other,original,trashnet,F:\ANHTHU\1-HCMUS\1 - STUDY\0-now\AIOT\PROJECT\CODE\AIOT-SMART-TRASH-BIN\AI\trashnet\data\dataset-resized\dataset-resized\cardboard\cardboard161.jpg,none
train/other/other_metal_0258.jpg,train,other,original,trashnet,F:\ANHTHU\1-HCMUS\1 - STUDY\0-now\AIOT\PROJECT\CODE\AIOT-SMART-TRASH-BIN\AI\trashnet\data\dataset-resized\dataset-resized\metal\metal206.jpg,none
train/other/other_cardboard_0259.jpg,train,other,original,trashnet,F:\ANHTHU\1-HCMUS\1 - STUDY\0-now\AIOT\PROJECT\CODE\AIOT-SMART-TRASH-BIN\AI\trashnet\data\dataset-resized\dataset-resized\cardboard\cardboard209.jpg,none
train/other/other_cardboard_0260__esp_sim.jpg,train,other,esp_simulated,trashnet,F:\ANHTHU\1-HCMUS\1 - STUDY\0-now\AIOT\PROJECT\CODE\AIOT-SMART-TRASH-BIN\AI\trashnet\data\dataset-resized\dataset-resized\cardboard\cardboard387.jpg,qvga=320x240;rgb565=true;brightness=1.0325;contrast=0.9639;saturation=0.7770;rgb_gain=0.9212/0.9964/0.9004;noise_sigma=2.5880;noise_seed=1631708502;blur_radius=0.4294;jpeg_quality=70
validation/other/other_cardboard_0261.jpg,validation,other,original,trashnet,F:\ANHTHU\1-HCMUS\1 - STUDY\0-now\AIOT\PROJECT\CODE\AIOT-SMART-TRASH-BIN\AI\trashnet\data\dataset-resized\dataset-resized\cardboard\cardboard351.jpg,none
validation/other/other_metal_0262.jpg,validation,other,original,trashnet,F:\ANHTHU\1-HCMUS\1 - STUDY\0-now\AIOT\PROJECT\CODE\AIOT-SMART-TRASH-BIN\AI\trashnet\data\dataset-resized\dataset-resized\metal\metal365.jpg,none
validation/other/other_cardboard_0263.jpg,validation,other,original,trashnet,F:\ANHTHU\1-HCMUS\1 - STUDY\0-now\AIOT\PROJECT\CODE\AIOT-SMART-TRASH-BIN\AI\trashnet\data\dataset-resized\dataset-resized\cardboard\cardboard390.jpg,none
validation/other/other_metal_0264.jpg,validation,other,original,trashnet,F:\ANHTHU\1-HCMUS\1 - STUDY\0-now\AIOT\PROJECT\CODE\AIOT-SMART-TRASH-BIN\AI\trashnet\data\dataset-resized\dataset-resized\metal\metal166.jpg,none
validation/other/other_metal_0265.jpg,validation,other,original,trashnet,F:\ANHTHU\1-HCMUS\1 - STUDY\0-now\AIOT\PROJECT\CODE\AIOT-SMART-TRASH-BIN\AI\trashnet\data\dataset-resized\dataset-resized\metal\metal368.jpg,none
validation/other/other_cardboard_0266.jpg,validation,other,original,trashnet,F:\ANHTHU\1-HCMUS\1 - STUDY\0-now\AIOT\PROJECT\CODE\AIOT-SMART-TRASH-BIN\AI\trashnet\data\dataset-resized\dataset-resized\cardboard\cardboard205.jpg,none
validation/other/other_metal_0267.jpg,validation,other,original,trashnet,F:\ANHTHU\1-HCMUS\1 - STUDY\0-now\AIOT\PROJECT\CODE\AIOT-SMART-TRASH-BIN\AI\trashnet\data\dataset-resized\dataset-resized\metal\metal89.jpg,none
validation/other/other_cardboard_0268.jpg,validation,other,original,trashnet,F:\ANHTHU\1-HCMUS\1 - STUDY\0-now\AIOT\PROJECT\CODE\AIOT-SMART-TRASH-BIN\AI\trashnet\data\dataset-resized\dataset-resized\cardboard\cardboard280.jpg,none
validation/other/other_cardboard_0269.jpg,validation,other,original,trashnet,F:\ANHTHU\1-HCMUS\1 - STUDY\0-now\AIOT\PROJECT\CODE\AIOT-SMART-TRASH-BIN\AI\trashnet\data\dataset-resized\dataset-resized\cardboard\cardboard116.jpg,none
test/other/other_metal_0270.jpg,test,other,original,trashnet,F:\ANHTHU\1-HCMUS\1 - STUDY\0-now\AIOT\PROJECT\CODE\AIOT-SMART-TRASH-BIN\AI\trashnet\data\dataset-resized\dataset-resized\metal\metal125.jpg,none
test/other/other_cardboard_0271.jpg,test,other,original,trashnet,F:\ANHTHU\1-HCMUS\1 - STUDY\0-now\AIOT\PROJECT\CODE\AIOT-SMART-TRASH-BIN\AI\trashnet\data\dataset-resized\dataset-resized\cardboard\cardboard260.jpg,none
test/other/other_metal_0272.jpg,test,other,original,trashnet,F:\ANHTHU\1-HCMUS\1 - STUDY\0-now\AIOT\PROJECT\CODE\AIOT-SMART-TRASH-BIN\AI\trashnet\data\dataset-resized\dataset-resized\metal\metal94.jpg,none
test/other/other_cardboard_0273.jpg,test,other,original,trashnet,F:\ANHTHU\1-HCMUS\1 - STUDY\0-now\AIOT\PROJECT\CODE\AIOT-SMART-TRASH-BIN\AI\trashnet\data\dataset-resized\dataset-resized\cardboard\cardboard93.jpg,none
test/other/other_metal_0274.jpg,test,other,original,trashnet,F:\ANHTHU\1-HCMUS\1 - STUDY\0-now\AIOT\PROJECT\CODE\AIOT-SMART-TRASH-BIN\AI\trashnet\data\dataset-resized\dataset-resized\metal\metal236.jpg,none
test/other/other_cardboard_0275.jpg,test,other,original,trashnet,F:\ANHTHU\1-HCMUS\1 - STUDY\0-now\AIOT\PROJECT\CODE\AIOT-SMART-TRASH-BIN\AI\trashnet\data\dataset-resized\dataset-resized\cardboard\cardboard402.jpg,none
