relative_path,split,label,label_id,source,source_split,source_sha256,output_sha256,width,height
train/paper/paper1.jpg,train,paper,0,AI/trashnet/data/dataset-resized/dataset-resized/paper/paper1.jpg,trashnet_train,25063c2320fd0fff4dc04317a7627418695c9970618a48073bb79cb3e542859c,6df3afe632069c7ba04f79b4e72e3906e88719473ae238aa43b223447a2612ca,512,384
train/paper/paper10.jpg,train,paper,0,AI/trashnet/data/dataset-resized/dataset-resized/paper/paper10.jpg,trashnet_train,a662ba456e386945b85e1a6e6f36406e509fabd4ce75345fa3b765ec2815ca81,a42a007fd3c507a7c13c1ce567f902439d2a2be671aa89ecb7db2fd7c5a3262c,512,384
train/paper/paper101.jpg,train,paper,0,AI/trashnet/data/dataset-resized/dataset-resized/paper/paper101.jpg,trashnet_train,1915e10d9a06d378d44b26f76b869e79734e45058d5f6551b6d0c88443a22cfe,6eb09c3aed04438e6202fbc3935bb45269a1acb4c6b5db32679dbc32bd327521,512,384
train/paper/paper102.jpg,train,paper,0,AI/trashnet/data/dataset-resized/dataset-resized/paper/paper102.jpg,trashnet_train,cb153343bdc4f1a6673a443d3f4e8ffc82f4cca6b5c6ef3ac144dd057311fe15,125035ba354eace708e6ffd60da10453e6f22179246cc9f9aeaa383c1236eee3,512,384
train/paper/paper103.jpg,train,paper,0,AI/trashnet/data/dataset-resized/dataset-resized/paper/paper103.jpg,trashnet_train,8afd191f79f0d13ea26a83af9f4bd4f94a38abd161c1f2a400c564520daae03c,5fea57b9a4a9333eec926172c76541bf73cd43a22611f47a4959e963cfe28bb6,512,384
train/paper/paper105.jpg,train,paper,0,AI/trashnet/data/dataset-resized/dataset-resized/paper/paper105.jpg,trashnet_train,943456df0f128c36d5cb2ec83d2d4587b1183dd5ea5ef40532986e1f905cd212,5cb55bb2c3fb4220efef477d24ab85ae7829378dc43864217162fae6c5491033,512,384
train/paper/paper106.jpg,train,paper,0,AI/trashnet/data/dataset-resized/dataset-resized/paper/paper106.jpg,trashnet_train,3a43c3ca2559710cb8710467f46af86d480a6afcfa7064c1b66231cf21331d11,271531a72fe9cf054df162490a7cd630a4502f04031a219315429628f97f5341,512,384
train/paper/paper107.jpg,train,paper,0,AI/trashnet/data/dataset-resized/dataset-resized/paper/paper107.jpg,trashnet_train,f4d494f48881eae84dd7c740c9cd4dd5bf9baa2ff84a9d5266c3f1b990229275,51f863539020e5b2ece5c8b8803178e86d720287d9eb3a84a9189d35c35a6389,512,384
train/paper/paper108.jpg,train,paper,0,AI/trashnet/data/dataset-resized/dataset-resized/paper/paper108.jpg,trashnet_train,b19db665c34279d49210e88485e501283f84c58ed270003e4ee4fb7b0e7e44ea,fb35f948559cfdf91917177577f1f0e08d4e51dc07010e840b7012a2d7a6d9ab,512,384
train/paper/paper11.jpg,train,paper,0,AI/trashnet/data/dataset-resized/dataset-resized/paper/paper11.jpg,trashnet_train,9610c40fea5131a2b5ab4f7c50d61639b12e2e7a673fd277d3b54a9747720bf6,b134a97340f21f0a70ce8721f81e90ca3980229128f7caf9b9fa24c13bfe97dd,512,384
train/paper/paper111.jpg,train,paper,0,AI/trashnet/data/dataset-resized/dataset-resized/paper/paper111.jpg,trashnet_train,5d1799d8bd5cbc76ff238c48cb674c86f84a608ca7d6ad1f2346e0ca146e34a4,c33bf1a6164e246d4f69949a4427a020e061f14f1753f0c280948b0e3146a398,512,384
train/paper/paper115.jpg,train,paper,0,AI/trashnet/data/dataset-resized/dataset-resized/paper/paper115.jpg,trashnet_train,0c64f8aa4b5edbed72fd5f0683dcd3285df7300b973ae2b5013b4eabedc8f7d0,f00ecedca879f2ecad3cc63e6cee3ad6af99296909d4a0a6968c98c4e70a3495,512,384
train/paper/paper116.jpg,train,paper,0,AI/trashnet/data/dataset-resized/dataset-resized/paper/paper116.jpg,trashnet_train,031dd1191a2dbacb3366708667ea6ba4fe68d87619ba9366e36d7a68bc8f7e9b,5cede3803473ec79b821e47a97d6eff0e409e03a5cf5984c1542e523b52ae66c,512,384
train/paper/paper117.jpg,train,paper,0,AI/trashnet/data/dataset-resized/dataset-resized/paper/paper117.jpg,trashnet_train,2127805bc503ef123e6583e403fad22c9aa8c76c2f41d4a6eefbbeaff3cad00b,af7eafd91886184efc6cb598f73cc8937861c35a99893a727e7684f95d05a72d,512,384
train/paper/paper119.jpg,train,paper,0,AI/trashnet/data/dataset-resized/dataset-resized/paper/paper119.jpg,trashnet_train,23a180b7424767954f5babb1509dfa2dfe8628dd221be271a1685f31a8094e0d,0599e1f7e4a599b645dba5a8abd25005c9d917033edc3366b06df180b0339d50,512,384
train/paper/paper121.jpg,train,paper,0,AI/trashnet/data/dataset-resized/dataset-resized/paper/paper121.jpg,trashnet_train,0611db0e706c308fb625bb6c83494421f71d00c224956430cb258017d3fd286e,c32e96058c522cb699141f91774aebaba5b81f66a5aa15f1cad8cabad5e68e43,512,384
train/paper/paper122.jpg,train,paper,0,AI/trashnet/data/dataset-resized/dataset-resized/paper/paper122.jpg,trashnet_train,b4cf5bdf570950bf07857cb026e3288eea97e862023042248b7cd42b571db517,b8b730c4b5c18b0dd2287b323675e1b54a87a983745c781d2236b61c42a8c152,512,384
train/paper/paper123.jpg,train,paper,0,AI/trashnet/data/dataset-resized/dataset-resized/paper/paper123.jpg,trashnet_train,f94b31ea4772ed922c079de38433da7070caebc1721c3d0ac4d18e602245ab08,99188fc5426dd1ba3aaf34f96bd8530c379f458a80d81ecc20653444c8fe43d7,512,384
train/paper/paper127.jpg,train,paper,0,AI/trashnet/data/dataset-resized/dataset-resized/paper/paper127.jpg,trashnet_train,6ce5ad817d9d57f925f0dc6b5abca5473d2cc28a62de5f681b1e61b843821b89,96b289edfe97709e01b61ac93a6726a1c477490cd972bbca9ac8d8cadb8d4371,512,384
train/paper/paper130.jpg,train,paper,0,AI/trashnet/data/dataset-resized/dataset-resized/paper/paper130.jpg,trashnet_train,75773feaa96f67fa6fa6da14b3caef3311dc2786e50c6f69e0fe20e0927dc6de,56250689137d2747c579ca62db32edf28cd957209ff8f084a1290dbf741cd2bc,512,384
train/paper/paper131.jpg,train,paper,0,AI/trashnet/data/dataset-resized/dataset-resized/paper/paper131.jpg,trashnet_train,b26ba9d2aa251f9ed74d4f9b7bbb37eb2b3ee1c921501c5c279ee50194878916,7e582a55c6758fc22075ec99de7acf43b859e7faa8d4b3a122327591763eee31,512,384
train/paper/paper132.jpg,train,paper,0,AI/trashnet/data/dataset-resized/dataset-resized/paper/paper132.jpg,trashnet_train,940457439d824688cf889c55782469cf05509809e99e515fc42888ba5dac8d89,00ff5ee395f47bd5b1057af9a59a267117135c9cc5322c98a97c369070848044,512,384
train/paper/paper133.jpg,train,paper,0,AI/trashnet/data/dataset-resized/dataset-resized/paper/paper133.jpg,trashnet_train,bb824ff078d95d25413f1ebdc522ce2e081deb40aec488f4e4e682b86e86e571,21152fae9a88c74696fe581ac9e550f18954b5aad61ec934e1ad7d1f9ffee185,512,384
train/paper/paper135.jpg,train,paper,0,AI/trashnet/data/dataset-resized/dataset-resized/paper/paper135.jpg,trashnet_train,2e51e5375c6ff51842ee556c2d31ed0447c8fe4836b523821dc0eaaa03174d97,87989cfd532a75d2e847a790a10f6cb582424cf5b930cd6ff94ec80c5544cd5f,512,384
train/paper/paper136.jpg,train,paper,0,AI/trashnet/data/dataset-resized/dataset-resized/paper/paper136.jpg,trashnet_train,8ed79d770dd19ae7516c711f60008d6fa2df835fa94f3541832d8a2767fbfb12,614dbd379989b4fba47134af8f9b61f0873196921da1bd7dcb6ba1415166f8ff,512,384
train/paper/paper138.jpg,train,paper,0,AI/trashnet/data/dataset-resized/dataset-resized/paper/paper138.jpg,trashnet_train,d3bc514ef97f8e6848541583ce9017b028bef4758d2626426a51b3401b7858d9,641af67008900e9b70a982a2a8802e5dd20c60d8330e9a9fa82fe6cea9f19323,512,384
train/paper/paper139.jpg,train,paper,0,AI/trashnet/data/dataset-resized/dataset-resized/paper/paper139.jpg,trashnet_train,21ede1cb8d8163fd7255917d18dce29e6ef5e083970ffcf8a7abc28154994173,2eb4abd8adfa25d63b84ac43165d26d98730c20d4aecb0c6552593d7697c2661,512,384
train/paper/paper14.jpg,train,paper,0,AI/trashnet/data/dataset-resized/dataset-resized/paper/paper14.jpg,trashnet_train,1d9a4c7dc1e7afc0c8eda2583df39ad606295a00c6a045b336b41bcddd086567,dcdd64973e52fc102d84224512a7831f83469175d4a9e521f39f62cbc3385823,512,384
train/paper/paper140.jpg,train,paper,0,AI/trashnet/data/dataset-resized/dataset-resized/paper/paper140.jpg,trashnet_train,69e873ea95582ac32e5771cdce1b17aae91c81e652e0239c075110aff0e53c01,5577299be3ee1ec370c3c933a8a9e3ea00eabd0708685f00da8ad541c1778a5e,512,384
train/paper/paper141.jpg,train,paper,0,AI/trashnet/data/dataset-resized/dataset-resized/paper/paper141.jpg,trashnet_train,6845842d1a4e9e12b329105ea9c5f477c783c36dfa21937596ccd55b300ef376,a94b42f89226d2751bcf7c1890ceb24168d338d96f324f82727fd18c1933b466,512,384
train/paper/paper142.jpg,train,paper,0,AI/trashnet/data/dataset-resized/dataset-resized/paper/paper142.jpg,trashnet_train,3e3bffeb082bd000d3432c0d0b094ce4c0c37ad0fec976199a53c6d9a41ca400,8ecf574e6963eb13d08e590963afff143ac6856004e198d90fc107f05030cb7d,512,384
train/paper/paper144.jpg,train,paper,0,AI/trashnet/data/dataset-resized/dataset-resized/paper/paper144.jpg,trashnet_train,c1976fd353d41344f825d988703f63ece168e453f9630f4964d3952890a0559d,2ce6caa1054d097386e972ebe4d73671f854974eaeabc4806eb5c0dcf6a2fa33,512,384
train/paper/paper145.jpg,train,paper,0,AI/trashnet/data/dataset-resized/dataset-resized/paper/paper145.jpg,trashnet_train,9b327708b8a47e6f0783d881b149fe6ce45fbef5edc8a7f581d5a73b5e816f1d,1a9575ee4648abd8570e9d65408059684f5ad90a85b90e2425c96e7e7d5ff5cb,512,384
train/paper/paper146.jpg,train,paper,0,AI/trashnet/data/dataset-resized/dataset-resized/paper/paper146.jpg,trashnet_train,68e1468232bcbdaea5e1617d25644f2676177c8577c29af896c2b9fdb417fed8,d117d1f5db96e90e058839b353cbdc5f352fe433d32fc7e399d0f2a741c0214b,512,384
train/paper/paper148.jpg,train,paper,0,AI/trashnet/data/dataset-resized/dataset-resized/paper/paper148.jpg,trashnet_train,1d57d7983cd65298c13a0aede73a25cbc3578887442cb7218cf64d751fed3319,3b701c42637a6c74bcc904e01fd588f7645d3536dc170b1ce76560afd402290c,512,384
train/paper/paper15.jpg,train,paper,0,AI/trashnet/data/dataset-resized/dataset-resized/paper/paper15.jpg,trashnet_train,aac615f56e68623e06dede09bb4a555a78f3e57fd0a91c7a290ec04f6d240863,5136c62f4b20907738911f7883bb95de877ad7b9c1c8bd95ba9c78a570a1af7e,512,384
train/paper/paper150.jpg,train,paper,0,AI/trashnet/data/dataset-resized/dataset-resized/paper/paper150.jpg,trashnet_train,f2801bf9c145ae36c1753aee3929c2deb979275cf4ca2c24aa959bf1542c3cca,8f15ecea4c78f34cc18182d22bba4bf32bb13ed054c922aa33750402b9900cb0,512,384
train/paper/paper151.jpg,train,paper,0,AI/trashnet/data/dataset-resized/dataset-resized/paper/paper151.jpg,trashnet_train,e8dae52e19b71132148ecead963b3647bd7198dfe3f59ec40cbb01dfcb1fea0b,0bdc3ca9911aa067e7dadac9866b37a30a8fb2fee5ec7ef22be0c3276250d7ad,512,384
train/paper/paper152.jpg,train,paper,0,AI/trashnet/data/dataset-resized/dataset-resized/paper/paper152.jpg,trashnet_train,6db3b5ead069f23015354a65fddd31a5d975363f2541759b7fd63c0dfbf1acfd,1774c9704a57edad64a1c30e996dd9bbe613bfd46265c9c1c73b7e2dd5c4fbe0,512,384
train/paper/paper153.jpg,train,paper,0,AI/trashnet/data/dataset-resized/dataset-resized/paper/paper153.jpg,trashnet_train,0e358d72119e9683595d119f511d65212e0bff253196494c48d31a297cdf976f,6df2ececfa7683ec435c0c8ea90360209527b9ec2aae39d5ff6d5e97fd7fb0e2,512,384
train/paper/paper154.jpg,train,paper,0,AI/trashnet/data/dataset-resized/dataset-resized/paper/paper154.jpg,trashnet_train,4b701580363466fd85ca3d58f7261945652acb8548307c401e489e6d7a186639,57188f40d71b648353d6b21b70cb692abfabcf65fac4f7c973858d56a327711e,512,384
train/paper/paper156.jpg,train,paper,0,AI/trashnet/data/dataset-resized/dataset-resized/paper/paper156.jpg,trashnet_train,bd54f5cdf97de0108ebadab779c2d14fb775b2bfdc5b8c28833b4f33eae15b87,8361ba4b0f12dfe615e4919b41f4cf8fff581507c394b0cac5113ba925fac7be,512,384
train/paper/paper157.jpg,train,paper,0,AI/trashnet/data/dataset-resized/dataset-resized/paper/paper157.jpg,trashnet_train,93809aca561a45191a8b3e9d29885755a364a51efea2cd3f19a7fa9266e64f7b,8f701b01fd499b2f6b49e1a326853299ccb0f62ac45991bb86c8d46e3456721f,512,384
train/paper/paper158.jpg,train,paper,0,AI/trashnet/data/dataset-resized/dataset-resized/paper/paper158.jpg,trashnet_train,85d26779ad4fbb4d8b146f7ac09e177d36b105f1a4271013ad59d97e1c1ead72,610f0e14f9d9e84c337d8f9519b6207bcf875e14ab11b0211c1d9d4d87fe96d1,512,384
train/paper/paper159.jpg,train,paper,0,AI/trashnet/data/dataset-resized/dataset-resized/paper/paper159.jpg,trashnet_train,cdacf1d7696837231fa1c2d2a1806799398f29a54b74664a2d7501d259957de9,e7a013d05b24d7df4246f2e0bc3fb4a8f587db96e484d0c140fe9a97202ad012,512,384
train/paper/paper16.jpg,train,paper,0,AI/trashnet/data/dataset-resized/dataset-resized/paper/paper16.jpg,trashnet_train,f29758f23e34972ace659d0a1538f270d55cd40c18876461e2ab8742ac80639c,16b7f6b8c66812437515f9bb108b7c121cee6ec5c9916de1b264aebbd6546cd4,512,384
train/paper/paper160.jpg,train,paper,0,AI/trashnet/data/dataset-resized/dataset-resized/paper/paper160.jpg,trashnet_train,0490e06c49cc09e801b5a3b988c0e4cae3a277e0c0dcf1532dd2481ec12f541c,5f62a42cea90fef5d662590927c109852fd3274b04b115205ada198fee2e6882,512,384
train/paper/paper162.jpg,train,paper,0,AI/trashnet/data/dataset-resized/dataset-resized/paper/paper162.jpg,trashnet_train,17fa7521b3f1a57768196f7e3643c6cda93a87a40cec20048c4bb324420a090a,01d20f7b31a219a7710c258480dddae6c3e46a4fcf681b33b6adf69c071c30c8,512,384
train/paper/paper163.jpg,train,paper,0,AI/trashnet/data/dataset-resized/dataset-resized/paper/paper163.jpg,trashnet_train,547d4fee70b9de851a05cacd0fee5f1a0da83ebaf123ccd3a43365ee6bacdb3c,84a18853c18ddda79a9da0fabf2c22ba4e98be7175b14c1027470e216c6d2b51,512,384
train/paper/paper165.jpg,train,paper,0,AI/trashnet/data/dataset-resized/dataset-resized/paper/paper165.jpg,trashnet_train,86f7de44fce23c740e02b4d8c8028e682acaf1e4496d99eab51bac58ddbce809,654e761293eea8d3ee871b9d5dbf2b456380386fd6709e0936b17c638d782c57,512,384
train/paper/paper166.jpg,train,paper,0,AI/trashnet/data/dataset-resized/dataset-resized/paper/paper166.jpg,trashnet_train,a848ab76a8047f94b61924a16727d9df39a7439c65bfe1d26e9a066e70cbcc6b,b91bd1c35698a9b97b537001e136cc0ee1f8b0ba70eee926bafbe498e013cb54,512,384
train/paper/paper168.jpg,train,paper,0,AI/trashnet/data/dataset-resized/dataset-resized/paper/paper168.jpg,trashnet_train,6d76c054d32b26ea011b9cf8f3587c5a4bb0bb1369ebbd50f2876fc499867ab5,d2bf487685ba4afbd89e9abf7dfd270758942c7cb7ecd6a91952e4a91b536769,512,384
train/paper/paper17.jpg,train,paper,0,AI/trashnet/data/dataset-resized/dataset-resized/paper/paper17.jpg,trashnet_train,9199dfbfabac264bfd326826faf2fdae8c7128fd854465e4e539d7f8536ceb9e,210bc11cb7c4e73ba74a06b301ee9c315f9c16e3c4a8e648f5856dcda255aaca,512,384
train/paper/paper170.jpg,train,paper,0,AI/trashnet/data/dataset-resized/dataset-resized/paper/paper170.jpg,trashnet_train,e63f334f8f268dd4695c7842342ea1add475ff12b59f41179085834c5f0e6171,75ff90babcefcd3fbb608adcb32c7d6936073c7a7191aec142fcc133b24e79c2,512,384
train/paper/paper171.jpg,train,paper,0,AI/trashnet/data/dataset-resized/dataset-resized/paper/paper171.jpg,trashnet_train,6df55d6b601c134c742216e7f41c995b9a10af6e44026b6abe972302e1cfa253,fb0133bdcfcca2e41c49869a896c71290e7de2677acf9d178634c12ed877cc92,512,384
train/paper/paper172.jpg,train,paper,0,AI/trashnet/data/dataset-resized/dataset-resized/paper/paper172.jpg,trashnet_train,846cd3a2d5456ebcd00a66353cdd8f4bac1055eb0910a87a9e7b9493aa780492,6cd8b547e739013da4abd5911b6e5a7577beed5cbe975a4793420fce929ae949,512,384
train/paper/paper174.jpg,train,paper,0,AI/trashnet/data/dataset-resized/dataset-resized/paper/paper174.jpg,trashnet_train,5075d4fbacc8db3e73922ba94c7f63e6a6cda109bfd3eb2041980891c84f0f3a,a7e587f13d239721bd3705e9f75e6d1807e9745053bd37b85833d9dd5f0dffe3,512,384
train/paper/paper176.jpg,train,paper,0,AI/trashnet/data/dataset-resized/dataset-resized/paper/paper176.jpg,trashnet_train,7f157f485edbf1be1a757ba1f22cfb5cfa0b4613efd2bdc9576578161379c10c,9b8e6ab714c11736a412c8e6332d51ad49ad1d66e1b878fb0da6408ec58c59e4,512,384
train/paper/paper177.jpg,train,paper,0,AI/trashnet/data/dataset-resized/dataset-resized/paper/paper177.jpg,trashnet_train,fbcddcd9bf74f740cd092efe455a01919ed0bc4ddc42792149d74d482ab0e918,1e095cd09b2f5b78d87bb076d40bc7b46650d0d05014d196f3cee3023bd688f9,512,384
train/paper/paper178.jpg,train,paper,0,AI/trashnet/data/dataset-resized/dataset-resized/paper/paper178.jpg,trashnet_train,f31f9d54feea5fb92a669b87655f52f5575c0b4d4a6eb471e66bd7ac3c220cd8,68e45a124bbc514b0ce6a209ab72d8ee3e8772337014cbe91cb554a10130cc0e,512,384
train/paper/paper179.jpg,train,paper,0,AI/trashnet/data/dataset-resized/dataset-resized/paper/paper179.jpg,trashnet_train,5e5c91dd06fbc6404711f45064fc0d264d423993786ac3196e166e90baf4cdc9,52fc6c1af4ebbd0ca4b953d66a22c920c6bec16c3df24b33117615e7914dddcd,512,384
train/paper/paper18.jpg,train,paper,0,AI/trashnet/data/dataset-resized/dataset-resized/paper/paper18.jpg,trashnet_train,92024c5e902fb012f4d98d522ab7670494fafe78a3feec0d84d03413e626e259,323a7e959259bc7acf3e740fa1f4878d00177db92f9292c314d4086a9c70b4a7,512,384
train/paper/paper182.jpg,train,paper,0,AI/trashnet/data/dataset-resized/dataset-resized/paper/paper182.jpg,trashnet_train,120c752ed14a6666ade37725af9e32fb854dfe96f692f007bb8df43edbaf1b85,138c3718444df3dd58d62fa2c19a03bfaf7ce7d6b30ce8d929e1564768049f60,512,384
train/paper/paper183.jpg,train,paper,0,AI/trashnet/data/dataset-resized/dataset-resized/paper/paper183.jpg,trashnet_train,0154670a99ea33a7df713e3c1d46b3ddbaae489fe243844947b242e395041fe8,d396e5dba613e7d6f5d222d208ee3fb9d236cd474486378e9bbad4777c9c37af,512,384
train/paper/paper184.jpg,train,paper,0,AI/trashnet/data/dataset-resized/dataset-resized/paper/paper184.jpg,trashnet_train,e213dba504b8b21612184627034e934c01a7878c14dd964dc247ac1856e4ffec,6779e5a7c14b90976f3318132216bab07014384d24877d3919405622a2826abe,512,384
train/paper/paper187.jpg,train,paper,0,AI/trashnet/data/dataset-resized/dataset-resized/paper/paper187.jpg,trashnet_train,ab55e286ea628b5c911dd454fd37b0e64222900e7e27df41417f378d3c62299f,418d93cd9e0060b17a4be997de61c0caf0e593dc981e0d267a601d627b7f285f,512,384
train/paper/paper189.jpg,train,paper,0,AI/trashnet/data/dataset-resized/dataset-resized/paper/paper189.jpg,trashnet_train,d93f7c96ae0c7af515d9c684b47fb7edae53cb35c72ffa26ca214fc87e990dd4,2cbbfbdf335637ee444177fa1870eab4a072974f4ff0cf79ba473261a84853fd,512,384
train/paper/paper190.jpg,train,paper,0,AI/trashnet/data/dataset-resized/dataset-resized/paper/paper190.jpg,trashnet_train,d605c225ee7dbe2be3bb51cde76acf488f8062dda3060d83c0121eeedd9c0acd,5347f500654c1c93add67b661a694cbbe2f3b108c964563e4d55c3dd05032f68,512,384
train/paper/paper191.jpg,train,paper,0,AI/trashnet/data/dataset-resized/dataset-resized/paper/paper191.jpg,trashnet_train,ce7b18a78bc9aa266bb4af742901b0f6b7e2bfc4a7e772d00107e043f43e6af2,98c10870d5012d85123e8f037a0bd0d74e35c7dd47205e0df9be41b645be3f22,512,384
train/paper/paper192.jpg,train,paper,0,AI/trashnet/data/dataset-resized/dataset-resized/paper/paper192.jpg,trashnet_train,cdeb2d58d2499ccecb23a9386cdc4beac90121e646c508ea7cdafb6545d0288d,6dd246355c4b49ee21b3cba6c109803a3fd7fc50951c91fcf1156032666c8311,512,384
train/paper/paper193.jpg,train,paper,0,AI/trashnet/data/dataset-resized/dataset-resized/paper/paper193.jpg,trashnet_train,de722dafd4f2daf45f77845c9943ebe20e9930a6a42bd894966d8b6fc09e9db8,3e7608ee36f701d4fb465a5175952276196739b4dd3c55fed70351d89d13723e,512,384
train/paper/paper194.jpg,train,paper,0,AI/trashnet/data/dataset-resized/dataset-resized/paper/paper194.jpg,trashnet_train,1a8485d649565f9c85da488ff12a528f307acdebcdc2632d9d4617ee4835ba7d,11bb4dcb71f3d82395139a783fe818e9ff378a14629e5110711ce64765f75588,512,384
train/paper/paper195.jpg,train,paper,0,AI/trashnet/data/dataset-resized/dataset-resized/paper/paper195.jpg,trashnet_train,b02455643fd5c498f1e8502bf3772bebd72eb4df2a98ca3c77ba0d36a3df1fab,0429417e92f43f72a940eab9a8422515e35392eb170987a19df0b28dfd15eea6,512,384
train/paper/paper197.jpg,train,paper,0,AI/trashnet/data/dataset-resized/dataset-resized/paper/paper197.jpg,trashnet_train,e99597bdbd5e42ea4dd8d063230926cc0aee1d4e48593e841eaab8aec7a10132,94c027d05b75e0b7dbf09536221b77a4380ad94380fe61427e535e1cde4773ad,512,384
train/paper/paper199.jpg,train,paper,0,AI/trashnet/data/dataset-resized/dataset-resized/paper/paper199.jpg,trashnet_train,ac0ebc670aa84fce46d894b448bd0e09e0245ca227630ffc32690c99f5f6841d,c7529be271fe4d98b2008e7716b2f983e1321f25f9ef559b2fad898ac0ea5f66,512,384
train/paper/paper2.jpg,train,paper,0,AI/trashnet/data/dataset-resized/dataset-resized/paper/paper2.jpg,trashnet_train,5c246fd3fec667ee5c9ca8c7f50b86a78264674752d066d525642afb22bbeb5e,9aa477ae458bc4746ad5b92b0110d1026646dfe3f8f761e43c67ce8b511ac7b5,512,384
train/paper/paper20.jpg,train,paper,0,AI/trashnet/data/dataset-resized/dataset-resized/paper/paper20.jpg,trashnet_train,af21e4fb3a8668ccf5a3426f676a05e78eeeb6314ff9c2cc2cde19e1354b8eba,9ab2a6b6e8090fd9ee61cfaf4e75b58d0c593195e2dbebe1d9fb065c5be8070e,512,384
train/paper/paper200.jpg,train,paper,0,AI/trashnet/data/dataset-resized/dataset-resized/paper/paper200.jpg,trashnet_train,2775c77ee5bc11bd6fe0a164eecea0ab9e58ac62af1cbab3cd94f56f4e7a1b03,a3169378b87a9d3748467db2080767de175095c9c7da5c9028cd1a5eb0586ba6,512,384
train/paper/paper201.jpg,train,paper,0,AI/trashnet/data/dataset-resized/dataset-resized/paper/paper201.jpg,trashnet_train,14b7f37bbbf8db4370e18c90ac0f57bda7d7d31e263fe086353bbae93836c499,41c1a3e4f308acfef6d24f97c4f969562096573b052aeb7525450eb13d09e6eb,512,384
train/paper/paper202.jpg,train,paper,0,AI/trashnet/data/dataset-resized/dataset-resized/paper/paper202.jpg,trashnet_train,fabea157b9c60839538e1a994da612ea31635d5e70d639a99855bdd2f5665280,0302a8f980353f0a896479afd871b3ad5aa7e947a8ade8ced9dfa9b3f4f780ee,512,384
train/paper/paper203.jpg,train,paper,0,AI/trashnet/data/dataset-resized/dataset-resized/paper/paper203.jpg,trashnet_train,a9f5691e645a1d36673c7b390557f391c7ea4ddda2a12ed6932974fd205327ea,86a31c2bdb76c6773261d83335c5ffd04766595b15e173f351453811982e512f,512,384
train/paper/paper205.jpg,train,paper,0,AI/trashnet/data/dataset-resized/dataset-resized/paper/paper205.jpg,trashnet_train,ff2e03162720c158127f10e12c9a812e82a343abadf46c08b2da0ec3a3bd5988,372f65902e74238807b5a7fa744871348b9704e6c9685684519ef1335c276848,512,384
train/paper/paper206.jpg,train,paper,0,AI/trashnet/data/dataset-resized/dataset-resized/paper/paper206.jpg,trashnet_train,5cc1ac3381cb6c419d9d4f7af9502334712dc6ff5514d4d76aa5a04289167282,81574612eb8206a5712c06dfcd32c5c7ee6265a49769bdf000eff283865ec606,512,384
train/paper/paper207.jpg,train,paper,0,AI/trashnet/data/dataset-resized/dataset-resized/paper/paper207.jpg,trashnet_train,e943a0022479a2ebc65e0c288fcdfc4cf1ea811ec69731becb49608eb01ba3c6,1da44d6e3532ba0b06a4b76d535bcfc0150555e719592d649e85540db045eb68,512,384
train/paper/paper21.jpg,train,paper,0,AI/trashnet/data/dataset-resized/dataset-resized/paper/paper21.jpg,trashnet_train,56fc6e2de1258e237efe35e1f7823d3b467eface0bcb176ed44dc8478414ad5a,062ca2bea258ca812b11f968e29867fb1f5d5edd97fd0fe2d4f3bddaa6eb1449,512,384
train/paper/paper210.jpg,train,paper,0,AI/trashnet/data/dataset-resized/dataset-resized/paper/paper210.jpg,trashnet_train,ed89314fe3902a917ca66fe0188bf80b7056394527b435679e727f51c79cafd1,d545444741ce20deed109b9417c339432cfd580801a2be30827f3771d02f212a,512,384
train/paper/paper212.jpg,train,paper,0,AI/trashnet/data/dataset-resized/dataset-resized/paper/paper212.jpg,trashnet_train,bb5a06e8ba6e8643563ff9cce292ce0b957bc5a7fec50629439e062fafc99193,684e5d4c993ac69e85905f3a5010ac248b28f8208e0857e11c94ce50a27b305c,512,384
train/paper/paper213.jpg,train,paper,0,AI/trashnet/data/dataset-resized/dataset-resized/paper/paper213.jpg,trashnet_train,32036f52a8b6d1cbd055a120bc234bbdfdf72eec4a51128ec344f11f3dfe5dd2,bb9dbda2c8526f9ac9701fb10c822c60ac470720712289dc1a049d06ec25f63c,512,384
train/paper/paper214.jpg,train,paper,0,AI/trashnet/data/dataset-resized/dataset-resized/paper/paper214.jpg,trashnet_train,2f3f3552a8d8fa4e80648fa19af5c83e21f0c0c20b013545ebfd1f8cd833c8f6,cd0c300224575633cdd40cf1babcb114ea85251e60900752ae1807cda972923b,512,384
train/paper/paper215.jpg,train,paper,0,AI/trashnet/data/dataset-resized/dataset-resized/paper/paper215.jpg,trashnet_train,94ba3358c23a90b1cb1938887814d6c417a0a65414328e7766fc9ca2bf3e86c5,75a246268db18b6b48c24c299df22aeaad7d967631879d9d61ede3acd8335068,512,384
train/paper/paper216.jpg,train,paper,0,AI/trashnet/data/dataset-resized/dataset-resized/paper/paper216.jpg,trashnet_train,f41596f2745a00199ab19edaf7bacd510030394f7f34f54878559d73c59f3ee2,da2f2413a9218a92e23c807d2b222eac4c6a5708bb50c884028612b881036ef3,512,384
train/paper/paper217.jpg,train,paper,0,AI/trashnet/data/dataset-resized/dataset-resized/paper/paper217.jpg,trashnet_train,6aaeb6a4d2cde578780778e601db7672976b48e31ba0de80fc927ca20ab5184d,625bb593556af49ed31fdd58507aaa51fcca3caa586eac6f431f8067235e4199,512,384
train/paper/paper22.jpg,train,paper,0,AI/trashnet/data/dataset-resized/dataset-resized/paper/paper22.jpg,trashnet_train,d54aaa167187bf43c3d5ff8cd082d2ef7766089bb5fb35755fd5cd959ca89a1a,1cf6c96ca368ee9910c2759981d6384ea0e916cd8286220cd206bb8f674723db,512,384
train/paper/paper221.jpg,train,paper,0,AI/trashnet/data/dataset-resized/dataset-resized/paper/paper221.jpg,trashnet_train,ab9bddabf300d8da615bb2d652ef81c4cf198102db42a47d66b09a3d0ddd6561,264a3fea7fd5de2de5ddd173d58835557b9d5cdc6e4b8d2567c6dbd1ac31ea7a,512,384
train/paper/paper222.jpg,train,paper,0,AI/trashnet/data/dataset-resized/dataset-resized/paper/paper222.jpg,trashnet_train,95538159877b7076fde78f55fb9c9ee4e688e8a51b440ac01ca55d62f034837e,085ed5d7f331d09a5adf8037cba3e91bc2c874b810544bfbd1ba558b30d6fba3,512,384
train/paper/paper223.jpg,train,paper,0,AI/trashnet/data/dataset-resized/dataset-resized/paper/paper223.jpg,trashnet_train,57b135fe8842984207d2cd9a111c1f5e3747be7b8ca2de76ef3f5428048fbab3,c741933c9108cbd41bf5886a33d5f7472f3f96973dd1d6911a78f4884bbdde7c,512,384
train/paper/paper224.jpg,train,paper,0,AI/trashnet/data/dataset-resized/dataset-resized/paper/paper224.jpg,trashnet_train,a6fa00996e9716a707d8d2fcf7479706b0b23d76a095b9d55f7679d01cb39c3b,390e5e4e6df2d782462d37d5afc5877fc12caf86c0627c5e9b65c42b7ad79afd,512,384
train/paper/paper226.jpg,train,paper,0,AI/trashnet/data/dataset-resized/dataset-resized/paper/paper226.jpg,trashnet_train,ee07fc315592bd8a3ae9fd02da7604eb8e645b54baf155565be394454eac1997,929a1e95795d08fa3838b3278d40b677243a96ee0845d3f6b2d2c818faef0ea3,512,384
train/paper/paper228.jpg,train,paper,0,AI/trashnet/data/dataset-resized/dataset-resized/paper/paper228.jpg,trashnet_train,47f1f7a13f9b323aad2ef7f11c2833d30e46a1ea40d51eedda64a91bd5c94201,8d0059704193ec221f47050634e7c16e2a5928893192209d87ae2de59c99d499,512,384
train/paper/paper229.jpg,train,paper,0,AI/trashnet/data/dataset-resized/dataset-resized/paper/paper229.jpg,trashnet_train,49a03ac7988c3bbc92642471e484991c9b461787945887a58491f920c8a6a958,fcc7544b05885f530a2f7d1de50b7aee9603e3bf79f18dd387545ccd1d07f902,512,384
train/paper/paper23.jpg,train,paper,0,AI/trashnet/data/dataset-resized/dataset-resized/paper/paper23.jpg,trashnet_train,e11d4bafea4d2e61834ae4ef63eedc61e6296bb8713ab90957359021551b81c4,60749c8f643188aad3508c0437cba96f12311a4580b2ecdfa1c04a87294544f4,512,384
train/paper/paper231.jpg,train,paper,0,AI/trashnet/data/dataset-resized/dataset-resized/paper/paper231.jpg,trashnet_train,8f7c78a2b3b24d2c20998f41ab7454011829fcc96970bf5aae106c7d66538d3a,74e893c36a3bab904f263940840c147d5d0a1e86da7b59dd12d185f4a210e37b,512,384
train/paper/paper234.jpg,train,paper,0,AI/trashnet/data/dataset-resized/dataset-resized/paper/paper234.jpg,trashnet_train,bf02296c63a503e58af7017f567fa6d49e9575a707baef0c306d02eb32723b40,19fa182399f88a0f4a5e85efe52d236be407f20aad952b7ee5a0de6215d268ee,512,384
train/paper/paper237.jpg,train,paper,0,AI/trashnet/data/dataset-resized/dataset-resized/paper/paper237.jpg,trashnet_train,6fbcc512074383d701ee0d046a7e2e93e29c29ff70e7da069c375e65844d1111,ee7c4a673aa02625ece645345eff91190167bf8003b3dd1d60025bb411512285,512,384
train/paper/paper238.jpg,train,paper,0,AI/trashnet/data/dataset-resized/dataset-resized/paper/paper238.jpg,trashnet_train,a2089aadf06bc94fab7eac9ba166ad423eedd3a5e7fc2f5a337e5082eda9c6bf,e5a1ad84e69d19ab53462ff3de853f1c10be9547432b4551b0f205f9958913fa,512,384
train/paper/paper239.jpg,train,paper,0,AI/trashnet/data/dataset-resized/dataset-resized/paper/paper239.jpg,trashnet_train,1cd940e2f515d0ad6e37fdd86cac3fe27605f7b1ef4b5157aec2fa38f1d6ef41,aa335b8b94de873bab185053a01671421f990372e952627a4a31b6c8f092b0d1,512,384
train/paper/paper24.jpg,train,paper,0,AI/trashnet/data/dataset-resized/dataset-resized/paper/paper24.jpg,trashnet_train,6339cedb8334907f6fde6bebe2fa9796c0835be1316ff10d5f41aa72e62d4a7d,6048402be661c398659cd5d94be32b93f28f5ba3870fe15ecf1b1e1d85a2ce54,512,384
train/paper/paper240.jpg,train,paper,0,AI/trashnet/data/dataset-resized/dataset-resized/paper/paper240.jpg,trashnet_train,f76432486a955c1b7cc87e2eb2cb93c50e099b6edcd88ec50d74710958f18ccf,05108d00ea569a074ad44fd81537e1f2c21dcb0e84df3d606e73b7759e4dc980,512,384
train/paper/paper241.jpg,train,paper,0,AI/trashnet/data/dataset-resized/dataset-resized/paper/paper241.jpg,trashnet_train,8939c24c9c7ac7297166bb8e151108df099893d1a5c479b906665d45a7292f51,39c5360a17ca4e057c6a0e871ae1fc22cce431ac474afe34566563ef8c30ca08,512,384
train/paper/paper243.jpg,train,paper,0,AI/trashnet/data/dataset-resized/dataset-resized/paper/paper243.jpg,trashnet_train,010398aaaa4a7510fe1437862435d88013bce4f386a2f891ca3cb8180ebdd50c,cbead417fe1ca0d69547e79f3f25a63570bca0906e664d3a907999d13259b65d,512,384
train/paper/paper244.jpg,train,paper,0,AI/trashnet/data/dataset-resized/dataset-resized/paper/paper244.jpg,trashnet_train,17ac0be9f178cbadb594a85d055f1b079c60fccc180bb113c2cd0b6bce730357,1412dddd1d024048193f76687ef855daf3907305da03edff0198b0f80fb3fa3b,512,384
train/paper/paper245.jpg,train,paper,0,AI/trashnet/data/dataset-resized/dataset-resized/paper/paper245.jpg,trashnet_train,1ab95b775216e6cd863740cc9da770d680904f698f054bd22f625ae9ad84b83b,1f928cbc03d2fb94f37aa98d9b6f5a13fbbe618f79dd2190fb91dda2639fcf3a,512,384
train/paper/paper246.jpg,train,paper,0,AI/trashnet/data/dataset-resized/dataset-resized/paper/paper246.jpg,trashnet_train,6bd5a5ce18fa7899712edc9303e7995ff2163c4e9bda9f1570fa398856f70b2d,c498a27a6440efbf4ef36a32ebb74ea124e08d052123a0f2b4386d078fe52aa9,512,384
train/paper/paper247.jpg,train,paper,0,AI/trashnet/data/dataset-resized/dataset-resized/paper/paper247.jpg,trashnet_train,5ecdc4745f35be7f4f3be4ab7af337b25b198985ac802ad8e7f0d3f79e8f95c4,5b54ccd41ecf1b5a5339f15307f7645a06530d4d5b7b8e5c3d399bd0d9c22119,512,384
train/paper/paper248.jpg,train,paper,0,AI/trashnet/data/dataset-resized/dataset-resized/paper/paper248.jpg,trashnet_train,04290269968b9c9713d5c0fa1fb026529d365c90a2cf268089b048b8262470e6,278f02391d60466d490572fd58c898bcdf813154f1ed463b12ea53be25a0228d,512,384
train/paper/paper249.jpg,train,paper,0,AI/trashnet/data/dataset-resized/dataset-resized/paper/paper249.jpg,trashnet_train,f57eb21a0cf7ebb2e8bca63b34cafcd36784a88db211b4667fa3d2185cac54a1,dfaced2f1f689bdc51406f6ad7e1a71d2ab2eeada3f5c737e7eeef79c999c4e3,512,384
train/paper/paper25.jpg,train,paper,0,AI/trashnet/data/dataset-resized/dataset-resized/paper/paper25.jpg,trashnet_train,08d34a8e2c1c957356bac99fe209d888a26de1567219a05c709f9bad4622d902,96e65189c535fc19de271e4bc19704de0f39085cd8da2858d2adb7e537559a4a,512,384
train/paper/paper250.jpg,train,paper,0,AI/trashnet/data/dataset-resized/dataset-resized/paper/paper250.jpg,trashnet_train,957182c48f6ddd0c4370f8b35536b8b5de151aebd75ef9dcb969d694442b2496,a11b7cf61147422a44acf6f0245f1bbc9772a4bd300d147906c243e77e3ae3ee,512,384
train/paper/paper251.jpg,train,paper,0,AI/trashnet/data/dataset-resized/dataset-resized/paper/paper251.jpg,trashnet_train,f63066df4c1c919ea2b7027ff130aced21f7bfc6df06046b4402b3b65154f6d7,60d0a9aac660fa829b218e1f0eca776b537c08001daf6c60c4fbb7b5291af220,512,384
train/paper/paper252.jpg,train,paper,0,AI/trashnet/data/dataset-resized/dataset-resized/paper/paper252.jpg,trashnet_train,14cc62b51c56500c63ad16aebc086f6168492be4b2bc6d5e475276d1060b8ec4,c7b91af86619d49c04c2c9903e61af1766e37bb1a37961a7a672bd28cba1de6c,512,384
train/paper/paper253.jpg,train,paper,0,AI/trashnet/data/dataset-resized/dataset-resized/paper/paper253.jpg,trashnet_train,35110d355588aff72ce48cd838f1993a63b2f84c93f07724655b3a887b17cf50,1c2792192319737a854e65912c479e14665454659451507f937ea9fdbe0939b6,512,384
train/paper/paper254.jpg,train,paper,0,AI/trashnet/data/dataset-resized/dataset-resized/paper/paper254.jpg,trashnet_train,70e314c239a2c9da73b825e1e9e42b84ab8ceeeeb35f8810a7acd96e37129edb,29dbe7146ff1e7842e329cec6ad6287970ddffc0c532949534d803139d2a0443,512,384
train/paper/paper255.jpg,train,paper,0,AI/trashnet/data/dataset-resized/dataset-resized/paper/paper255.jpg,trashnet_train,bcfed6be1fa2122852ed8e45a21cecbf62a7cd3be3c174de5816b92a181cf4f7,4c4a671d7e0f67d14cbcd6b5c959711ca6966669ae19464d74f78dff628cb6c0,512,384
train/paper/paper256.jpg,train,paper,0,AI/trashnet/data/dataset-resized/dataset-resized/paper/paper256.jpg,trashnet_train,7033c6864102c25d3f4a68a330351f245ecd7bbc785d59e5b6829081eb1b62aa,e62d2e665379a706ee9c517901f36873d8008097ee1d0012afaa6e565127c208,512,384
train/paper/paper257.jpg,train,paper,0,AI/trashnet/data/dataset-resized/dataset-resized/paper/paper257.jpg,trashnet_train,a665df39b1e0ce2e3526531e26f9967a91ef4d98eff7058b8947b2c45d106b8d,f3876ddc58fbf12f5b1316922ece9e7f1d19c4e5d7743c164eecadbc7cd5fe3c,512,384
train/paper/paper258.jpg,train,paper,0,AI/trashnet/data/dataset-resized/dataset-resized/paper/paper258.jpg,trashnet_train,d5089d5391b1c8c5223c84d74f3cd937c89f32967ff3086f8db6e80180144502,60efb7420e6192f6cbaa46ab94053ea22b7a5849282bedbaf3ae49a3a3155c22,512,384
train/paper/paper259.jpg,train,paper,0,AI/trashnet/data/dataset-resized/dataset-resized/paper/paper259.jpg,trashnet_train,15408d98468edb4da70e9c4710f5a70d2ffa57d1e04a8fd98cb2d0f879213585,14359e1d9877a593f71504941dcc8fafe5e090dbeca14d6d0a8ac8acac795bab,512,384
train/paper/paper260.jpg,train,paper,0,AI/trashnet/data/dataset-resized/dataset-resized/paper/paper260.jpg,trashnet_train,185094a156a4f7e66bf42e8901621859727d5835eedf36102c2ca4a4419c9b9a,a0732c10c11a4d81dabb0452deb714a2bbc2f1e8bc29ae4f90218fc2412994bd,512,384
train/paper/paper261.jpg,train,paper,0,AI/trashnet/data/dataset-resized/dataset-resized/paper/paper261.jpg,trashnet_train,fffeb7a6d2d37225aee38ba0943b14b052529f3c4113c651913731b8eb80d52e,84814c9c941f49acdea4a68b8db4e2a84d7ac908297a1459af05fe255e4af53b,512,384
train/paper/paper262.jpg,train,paper,0,AI/trashnet/data/dataset-resized/dataset-resized/paper/paper262.jpg,trashnet_train,9298d575be19f5359a2dededcd924bcc6dcf3dd5dbbf155b44a04d4e2b2e3fe4,8ef2132158502a4a7e0dbbf5413792fada7a36b9247f879c87c8e08591fe0fc0,512,384
train/paper/paper264.jpg,train,paper,0,AI/trashnet/data/dataset-resized/dataset-resized/paper/paper264.jpg,trashnet_train,bdf1589b0d7358a56f189bf52ed13e19aebccc40e0cd3b4917b6877cafbcf7e0,e3e13d748d71f6375236c14ec15e0ac1180542805f3736bde2441673e69cbc12,512,384
train/paper/paper265.jpg,train,paper,0,AI/trashnet/data/dataset-resized/dataset-resized/paper/paper265.jpg,trashnet_train,35facfc8651ad7df30cb2e5c8af7cff56612bc9e241d06790eb9eb68ea7e944f,b4695712b58c1c6def2444ac1aa381a510e3140351b422c6bb0ed27a57a9169b,512,384
train/paper/paper267.jpg,train,paper,0,AI/trashnet/data/dataset-resized/dataset-resized/paper/paper267.jpg,trashnet_train,c39b71366e6a436ee2e3f25356e699e81e811295cf2f081a0faa87646bcfabff,cc5548656ca8bc891788c5049e04bd9a4dbd4f6b150feade6d4e79765d9f89fc,512,384
train/paper/paper268.jpg,train,paper,0,AI/trashnet/data/dataset-resized/dataset-resized/paper/paper268.jpg,trashnet_train,2de03f5598ae7f6182e5a3ce33516d2508185bedb6fba0987624483558c9e1c3,fc0b1064c953b6d116fe138df0ad476eaad5aa4780c233077b9a502d789bc6a1,512,384
train/paper/paper27.jpg,train,paper,0,AI/trashnet/data/dataset-resized/dataset-resized/paper/paper27.jpg,trashnet_train,0877a4c8265392dbf72773bab97107db33249a7add9b12df7d3568f51d8eca4a,c7314dab3d792fa94e20ea975506ff2b2093d8e95bc074f98ae18b890c5a53ff,512,384
train/paper/paper270.jpg,train,paper,0,AI/trashnet/data/dataset-resized/dataset-resized/paper/paper270.jpg,trashnet_train,b3a509ba195dbcd85c4dc712ecca234a565b43e234b7690838f93db523016dea,49ba9644a0a9fcad55f8e8e34cb822fdffb5c980f73ab08c4b9d26bb39eb1801,512,384
train/paper/paper277.jpg,train,paper,0,AI/trashnet/data/dataset-resized/dataset-resized/paper/paper277.jpg,trashnet_train,dfaae0e9d165ae8ae4f0c3d033dddf8fecd070d377c21e590be8b1d33d7cf04d,5e49864c4c8b3e34edac8168a916c08b28de05618299138d315aeae19e20b854,512,384
train/paper/paper278.jpg,train,paper,0,AI/trashnet/data/dataset-resized/dataset-resized/paper/paper278.jpg,trashnet_train,fdc84b251b53941070fca55f2a1d9344f3b84687f08fdcaf8b6262d1210740f7,4f3bf970a6a2add0fda5865fef9a2cf15aa12646221d81601fc074e36bd6a11c,512,384
train/paper/paper28.jpg,train,paper,0,AI/trashnet/data/dataset-resized/dataset-resized/paper/paper28.jpg,trashnet_train,e0c2df1387e956c5432111e7422c8f1b672219619925b32f742e8604ed9ab033,23828fe8e5483e3acf5195a97141fb57ad050c214f742dc54cc9e3872adb2bc7,512,384
train/paper/paper280.jpg,train,paper,0,AI/trashnet/data/dataset-resized/dataset-resized/paper/paper280.jpg,trashnet_train,45f205eb9498434c6a82f8deb9a4ec3a8650783062f4370e5936d021e6987b89,4ccc287ef7003031f6e79d1a34a5504a491a523b2bb4a0879069f8443774d1c8,512,384
train/paper/paper281.jpg,train,paper,0,AI/trashnet/data/dataset-resized/dataset-resized/paper/paper281.jpg,trashnet_train,204aec08ea3e72d57d09f1f25b692c23ca2be48268914d5aa8dc5264ccd0c54d,3413d2d347f149e855e0cacac1364e4eaba2511268a1afe0e8d37332ffeab083,512,384
train/paper/paper283.jpg,train,paper,0,AI/trashnet/data/dataset-resized/dataset-resized/paper/paper283.jpg,trashnet_train,cc0b219c5a7c300b9802a9c81ee8180621d3c667540de93dbcf9e04d00787ec1,d931f831258410b705e7dbb9851047e6607a70e7968ed20ea1e989169016a949,512,384
train/paper/paper285.jpg,train,paper,0,AI/trashnet/data/dataset-resized/dataset-resized/paper/paper285.jpg,trashnet_train,0de99ccf58fd88570e851dcef50c2599a84b63890fe66c40506e429dcc73781f,7847b06b7218d45f4a82e0dc1cb3de2ab576dff7f1c1f89f9db25aed915494dd,512,384
train/paper/paper287.jpg,train,paper,0,AI/trashnet/data/dataset-resized/dataset-resized/paper/paper287.jpg,trashnet_train,6fc75011e3c5fac3ed013385945a324e4047880f0cca70ad2e47b01b17076a2d,de3856f65967de82feb2a4819f28e40c80d2718355f8bb5f41d585f75aaeaca7,512,384
train/paper/paper288.jpg,train,paper,0,AI/trashnet/data/dataset-resized/dataset-resized/paper/paper288.jpg,trashnet_train,a0428f646ccc0fc0a6d28482a116c670220944065a5972032e57174e6e8e0afd,a2fe06bf53b6c2eec11b521487c8520acd61115e201aceaff66b4aa59f084ce5,512,384
train/paper/paper29.jpg,train,paper,0,AI/trashnet/data/dataset-resized/dataset-resized/paper/paper29.jpg,trashnet_train,f9967fecfa2ac3d694a8a4af77cd10268dfbb43faddeb21a180336a636ab81a7,8948774aad9850c2fb36abb2d9e2f4854c76f5401d7778a2d9011e23ed5d849e,512,384
train/paper/paper291.jpg,train,paper,0,AI/trashnet/data/dataset-resized/dataset-resized/paper/paper291.jpg,trashnet_train,4047ea7e2f5dbfb3bef5606d105483ebc5e87ad824b83f61628d8a1d2c044829,0e0a038471261507a2eab896b5dc15528f59bdb96866b29cc6c571f26ea0fd0e,512,384
train/paper/paper292.jpg,train,paper,0,AI/trashnet/data/dataset-resized/dataset-resized/paper/paper292.jpg,trashnet_train,4e2290bd00767aa7b69fabb6f3f17806414dfa0ade8d9238315f8ad07ef95231,cb7b1dd6c99276e762501396d14440b91f8e3c1bc8cccbd5372fbac8e1197db3,512,384
train/paper/paper293.jpg,train,paper,0,AI/trashnet/data/dataset-resized/dataset-resized/paper/paper293.jpg,trashnet_train,f85fc8d39e89fa9dca2811da9d8cee582fb22c5692490598f0c244cd406c4ada,1f2d03329699f30358d12c00153da96d17257ff8a97c0ed795cc17fc269a746a,512,384
train/paper/paper295.jpg,train,paper,0,AI/trashnet/data/dataset-resized/dataset-resized/paper/paper295.jpg,trashnet_train,c9292ab46a60cc3f40149ac97f5182707fc541e494ab971667d844e6b7f54310,1dbe27e5bb91b415017e3a93244214b760ef3778b77eee4a0302f6c92b14044a,512,384
train/paper/paper296.jpg,train,paper,0,AI/trashnet/data/dataset-resized/dataset-resized/paper/paper296.jpg,trashnet_train,e48b4da337f9d86cfd8d93a19bf37fbdd5fa6f9152bd564b05d728f337dd8fce,d7f52de05bac5adc65a6d7a875b02355c0b6326cf8c33dd55f0ec939a1b1a8bd,512,384
train/paper/paper297.jpg,train,paper,0,AI/trashnet/data/dataset-resized/dataset-resized/paper/paper297.jpg,trashnet_train,c65383159582c82aa5a73ab4a0a6a3ea48cc2ca0235cc3478c5d321c2d4194d7,3974c3c38c0c0c708420effafa19673917526afbb03f0c968a9b8f444106f998,512,384
train/paper/paper298.jpg,train,paper,0,AI/trashnet/data/dataset-resized/dataset-resized/paper/paper298.jpg,trashnet_train,8105f3558247510a47d62661718f3fb447299f8bbe8a52eafeb79dbfe05d0526,5a20dd647120014d38da815c5d56f084103590c88302065280cfa1a185f17a38,512,384
train/paper/paper299.jpg,train,paper,0,AI/trashnet/data/dataset-resized/dataset-resized/paper/paper299.jpg,trashnet_train,805325e683b5b94a070bad3d6d1ce98c8038993a557b39f3ae0f10ecbaf0bdf1,f35ea42de5c65dda0d410a6b573fe9c74674ec94047c00c7830c703260e104e7,512,384
train/paper/paper30.jpg,train,paper,0,AI/trashnet/data/dataset-resized/dataset-resized/paper/paper30.jpg,trashnet_train,1b2e07a5f186e185e8961da0478ec0bc0c88ac6161d0cfaa3c53dcf45b57479e,e9a39cbd3b78809d91711ee3ee2c3e02e60df03bfd09b2997e255a1bbd1dcaac,512,384
train/paper/paper300.jpg,train,paper,0,AI/trashnet/data/dataset-resized/dataset-resized/paper/paper300.jpg,trashnet_train,ca927223253cf6eeb07d622add184e88cb158dca1e28b116e540c6e3d5f55902,0abfdee1c1d3877a230955ec3f01aa15612f2062d12261952cf55dafb7e131e6,512,384
train/paper/paper302.jpg,train,paper,0,AI/trashnet/data/dataset-resized/dataset-resized/paper/paper302.jpg,trashnet_train,1a379d0f692cb10da9c67fae20088f9ec24c5225286d3eac1bdc81826609120b,9918708de319fdde50b63b9fbdfc5e8b67f8591c5f8b2e4c399c8003772f60f4,512,384
train/paper/paper304.jpg,train,paper,0,AI/trashnet/data/dataset-resized/dataset-resized/paper/paper304.jpg,trashnet_train,953e192ee58b10e3a695e1177c54874412835745b9dcbd14e1bf985adf427803,54ac670cc52643a46854e658d90fd4a77f9f870aa9e1e5b160b76ad4406c2af8,512,384
train/paper/paper305.jpg,train,paper,0,AI/trashnet/data/dataset-resized/dataset-resized/paper/paper305.jpg,trashnet_train,1708ae1e698d0accfc0f698a3859a0ea4ff6bbc0efa27db32c919eab93017177,bca62095e68824e6701c8d273dc49e53da3c4a3acfdbfed4a4be3eea19e61035,512,384
train/paper/paper307.jpg,train,paper,0,AI/trashnet/data/dataset-resized/dataset-resized/paper/paper307.jpg,trashnet_train,b4748ebd7addc4a9f05df348572f3b1fc8a39d9cea94edf0250b883de9d53640,ef342dab2aba8ed8d6b66027727c1a710833dcb4b912983960fe7799c48a73e9,512,384
train/paper/paper308.jpg,train,paper,0,AI/trashnet/data/dataset-resized/dataset-resized/paper/paper308.jpg,trashnet_train,68029adb26f1b9c15345104db45ef4d0757f586d5d5e6a1632d2d912b4c0d709,76440cd05140b36a70522f13a2ebde71ce1c333dec0286215825e46811fb55a5,512,384
train/paper/paper309.jpg,train,paper,0,AI/trashnet/data/dataset-resized/dataset-resized/paper/paper309.jpg,trashnet_train,a0901ed3c87d98ff008cea7838bb9e3b04a8eee228ac3789a5dc460a78451668,d69153ca432882e4900ea9e85a89ac20789eda66feadbd91509186f191822b9c,512,384
train/paper/paper310.jpg,train,paper,0,AI/trashnet/data/dataset-resized/dataset-resized/paper/paper310.jpg,trashnet_train,59604b5d9853af847aa620101fe9ea5e89818e581e6fd454a04dab67bc39b4d7,3c08b3518bbf3c0af19f87a1ece002ccd6f159969aabf8b57d789bf6bf6e5636,512,384
train/paper/paper312.jpg,train,paper,0,AI/trashnet/data/dataset-resized/dataset-resized/paper/paper312.jpg,trashnet_train,0c31ace71078d7fd3f7b527b20e8785e8eee71089956ef01deda3849119cfe2f,d9dd0fca92ea6bd17eb65977b507f1da439ef2ab09f481107672ea63d57abc1d,512,384
train/paper/paper313.jpg,train,paper,0,AI/trashnet/data/dataset-resized/dataset-resized/paper/paper313.jpg,trashnet_train,6b55d190dacf6e904875b30c31a8a55d8dc01713b4de1a5d7d4972649e669e2c,96900e42bd2b5022c77143f3c330d6be82362eabe3de3862f520e570d0a8dc90,512,384
train/paper/paper314.jpg,train,paper,0,AI/trashnet/data/dataset-resized/dataset-resized/paper/paper314.jpg,trashnet_train,50159a96a425c7a70f3c81b1b1f8af5ed55ca967fab1774b487be5a28d1f12ef,9ea394825cd837f01fba3b1a081db9b8a4162eaf20020e3dd8268f2fbff32ece,512,384
train/paper/paper315.jpg,train,paper,0,AI/trashnet/data/dataset-resized/dataset-resized/paper/paper315.jpg,trashnet_train,46b051fc891308459fb97b93876386743eb143cde82fe90ae679e3dda550ff44,abf5b4e4b6bdf6109fea06d5e831f4a7cbaa03869e3eb5278431833d3a61e8d8,512,384
train/paper/paper316.jpg,train,paper,0,AI/trashnet/data/dataset-resized/dataset-resized/paper/paper316.jpg,trashnet_train,84394af3da0036e7514be37e2b90f78860e1835bfd4beef8ea2f797dabc7dec7,621b6c02e0aaba83d00b90ad5f236fdbea20b5398806846cfd18f3167e74be74,512,384
train/paper/paper317.jpg,train,paper,0,AI/trashnet/data/dataset-resized/dataset-resized/paper/paper317.jpg,trashnet_train,8ba7484ab655c91f2a6786c03ffdc7b9f0c1a10c343ec2355a92f355a42ad251,31c727c90973f43ab4f6e7c73c2175ad61e867ebe6ee639b15d53e4acd67f9eb,512,384
train/paper/paper318.jpg,train,paper,0,AI/trashnet/data/dataset-resized/dataset-resized/paper/paper318.jpg,trashnet_train,689bab0f6e722e0d6755f64773eb908cf42764d9dd7165a2081fce57064dc837,cd00ddb41ca6f960c5a7485c3418674bfa570831f177ec0d9d2d8a0f64364b01,512,384
train/paper/paper320.jpg,train,paper,0,AI/trashnet/data/dataset-resized/dataset-resized/paper/paper320.jpg,trashnet_train,e6242684b9a35e14e4730ab2406a3fe5f626e15325672ccc48b80b09054a4763,da1734be168f6eaaf851f5f7c6386b5017f4e1fb40ec4441315e3c56a5aa5e19,512,384
train/paper/paper321.jpg,train,paper,0,AI/trashnet/data/dataset-resized/dataset-resized/paper/paper321.jpg,trashnet_train,221d9e293369fb6b18da0ea0094988ccaebfbb198fdaf3bb71666b63fcd412b9,7103080772228e00b0ee396a5af84a102a63df48f7cce64dd652dba62cee7ea0,512,384
train/paper/paper323.jpg,train,paper,0,AI/trashnet/data/dataset-resized/dataset-resized/paper/paper323.jpg,trashnet_train,4e0641741fd4821074bc75a6d608bdc138712795eb80b585a359f61e8afaf5e8,d4ff59f0370cc77454e18322bf6da907fdedcf570b8792f4a8eb08e2c1ee6766,512,384
train/paper/paper324.jpg,train,paper,0,AI/trashnet/data/dataset-resized/dataset-resized/paper/paper324.jpg,trashnet_train,a1bfda9fb1a15786e5446dbbb59f669d996f96a881fb29ceaf811928b0cd724d,aa4a1b8b51df137ae68549b8179e05f5764793c87ab81c147c02eabf454881a5,512,384
train/paper/paper325.jpg,train,paper,0,AI/trashnet/data/dataset-resized/dataset-resized/paper/paper325.jpg,trashnet_train,29427083290aacb32621496450610f915e0eee1fa2b492557075e082fb963eeb,64462b29f037d684bb655a78ede403a2a3f7efab9fbee7b9f20ad133c33da17a,512,384
train/paper/paper326.jpg,train,paper,0,AI/trashnet/data/dataset-resized/dataset-resized/paper/paper326.jpg,trashnet_train,e3a83780cdb3df0140055114e6ecf7d88c0d2f426367640492cf202b344cc4da,2d09b434cb4432a06b9ad7c9504e7d0c885a2c68465bd1ed0d57954b12c5d6c7,512,384
train/paper/paper327.jpg,train,paper,0,AI/trashnet/data/dataset-resized/dataset-resized/paper/paper327.jpg,trashnet_train,ba28099671de6183eedb10b2d87cac9074bc79d58b6634280e8ed0881289a26b,2cb680998eb2d8e65b9788226635038a6066ab410cb00da17e6d6286cfb5341f,512,384
train/paper/paper328.jpg,train,paper,0,AI/trashnet/data/dataset-resized/dataset-resized/paper/paper328.jpg,trashnet_train,4c107a2d40d21bf4a3140045eb11b20ced98a7bdb49ce9cd0e0881988686ea17,415260e653bb2f8400f8f766e9a5368aa97c17203adb01aed771b6c3052762f8,512,384
train/paper/paper329.jpg,train,paper,0,AI/trashnet/data/dataset-resized/dataset-resized/paper/paper329.jpg,trashnet_train,df5f3af4ce3bd5053090ef8ee26f5ebc86750f80c6d9a7bb62dbb5aa7bc981ba,5752fe83f2faad4779a0307433da09d2cb2cde4adbd1791cf05edc8847052c17,512,384
train/paper/paper33.jpg,train,paper,0,AI/trashnet/data/dataset-resized/dataset-resized/paper/paper33.jpg,trashnet_train,75c318c61c1485cd0fdc118ad4d7d5acaba5e1fbde5f2424599e91984d1259da,2a2cbd20201a9cb67ddeedfe6dda35b380b05cbcff2fa6f2222ce50801618b0b,512,384
train/paper/paper330.jpg,train,paper,0,AI/trashnet/data/dataset-resized/dataset-resized/paper/paper330.jpg,trashnet_train,e588a3746fec659b2a5a3e4d9e4a4a7b9d052dcc302ec83fba701df1229a9271,8afd85d4149c847c07719ed21fdade372bc331ed27b3fc8bf3bcb0a517ef94a5,512,384
train/paper/paper332.jpg,train,paper,0,AI/trashnet/data/dataset-resized/dataset-resized/paper/paper332.jpg,trashnet_train,e7376bd5c514b30aaa1a20c30a90ad6869c68db9877a9627c40480fb61af0d50,f319adc4da9ffb8f8cb0fc878997943f5eb616ddc740d475340c6218ae23f89c,512,384
train/paper/paper333.jpg,train,paper,0,AI/trashnet/data/dataset-resized/dataset-resized/paper/paper333.jpg,trashnet_train,dfeb4fdcdd947b93d4fe0dde400f131c6d1e0b53d4fc95777f925c3d421d2499,eb177eff183ec95331dea49c3bae7939a6654e24f73ac34ba89298b8a8762627,512,384
train/paper/paper334.jpg,train,paper,0,AI/trashnet/data/dataset-resized/dataset-resized/paper/paper334.jpg,trashnet_train,76bda4323041b47efbf3d6586ee373ef7a68e45a0cff7964117988d92fd64797,a150697f030cddd5aa5e1b1ee95d2b643d78dd03be6daff5a7fe503305ee7cb7,512,384
train/paper/paper335.jpg,train,paper,0,AI/trashnet/data/dataset-resized/dataset-resized/paper/paper335.jpg,trashnet_train,2d4e555b298b81c20de1b743c09bcb76d8322fe6f9e4e258a0eb036ad020a805,5065f19d678f887b234c4e877e08b38d56accd3d7bfb04e33bad9c50c7828348,512,384
train/paper/paper336.jpg,train,paper,0,AI/trashnet/data/dataset-resized/dataset-resized/paper/paper336.jpg,trashnet_train,9b2570a97cfc9116771125b56e5412518d4611f03e18b4b035e51d4729198906,9a8c5c3f7ce88557bd5eeea3f10cd567db5dc17999cb27f1ebedd2a6432bb77a,512,384
train/paper/paper337.jpg,train,paper,0,AI/trashnet/data/dataset-resized/dataset-resized/paper/paper337.jpg,trashnet_train,9987b83d3f0ca6d8bf0ada4d64d1d648f05311d4506151d3adde4f86cee68dd9,deb2b0f5a11d247b62512218207b6f1aeeb9d3a1c35fe06cb92d040a5a324260,512,384
train/paper/paper338.jpg,train,paper,0,AI/trashnet/data/dataset-resized/dataset-resized/paper/paper338.jpg,trashnet_train,30e1b52627648dd1befa6133789e732a2fa77ca53ca802b112af4053972397fb,c35686e6a618aaa193a3d99c9f30d4af7431ee2beae9b9c5484f3bd58aa7f136,512,384
train/paper/paper339.jpg,train,paper,0,AI/trashnet/data/dataset-resized/dataset-resized/paper/paper339.jpg,trashnet_train,c86bef27dc80afbdf746326f72c74bc5c8b7d3d2590f372d2717f85d2d83b81a,d8529e3a52723506de23d68920d483961529bf7fb24b61f3f24855e960866d3b,512,384
train/paper/paper34.jpg,train,paper,0,AI/trashnet/data/dataset-resized/dataset-resized/paper/paper34.jpg,trashnet_train,615fe6981d40160c846e2a35f30cfe7d4f499e1a39c065a449ab92b8c1afa21d,f16df06bc0a5f4a400204eb07abfe762e80345d027fdac66f826961a3408fb9d,512,384
train/paper/paper340.jpg,train,paper,0,AI/trashnet/data/dataset-resized/dataset-resized/paper/paper340.jpg,trashnet_train,b884b537d0f75a85ba5115850a2170955e5ed08229a23430a1df2edc0793f172,867bd77ac7fe4b0665283d959f0f7098aa27a6b3354b97d8b82aef151d83eeb9,512,384
train/paper/paper341.jpg,train,paper,0,AI/trashnet/data/dataset-resized/dataset-resized/paper/paper341.jpg,trashnet_train,84cf838bb39699b0ddf461657b8e0bc469d2a82ca923882a22edaf9ffe058b3c,762049e9bf8bb707a16f58436b0851f84352bf3d09e57f76bdbdb388ec0f0a7f,512,384
train/paper/paper343.jpg,train,paper,0,AI/trashnet/data/dataset-resized/dataset-resized/paper/paper343.jpg,trashnet_train,6c716828b1c48d294ccdf484f4b8aaa197078efa5c918e60f05f760d4757b3af,c10173e98d32f38b44db4c7d2fe3db17bb9e53f2973cd47726c1148c0d9cf029,512,384
train/paper/paper344.jpg,train,paper,0,AI/trashnet/data/dataset-resized/dataset-resized/paper/paper344.jpg,trashnet_train,8ca08dad62783cf2514e949b92800e7dd56eb8955b833103eebbb342c2483633,1cbcb029f8210c9945e16728357723a13dfa9167182097075953a8c88691fc98,512,384
train/paper/paper345.jpg,train,paper,0,AI/trashnet/data/dataset-resized/dataset-resized/paper/paper345.jpg,trashnet_train,57074b8025a164f6a00b5d708abe4fb4309318872cd946ce0fd39ed1b4235caf,f2386d731470f5639bc0efa6ff09fe90b6b2d6c64403631b15ab16859f211155,512,384
train/paper/paper347.jpg,train,paper,0,AI/trashnet/data/dataset-resized/dataset-resized/paper/paper347.jpg,trashnet_train,106f0183419c48fb9812cffed986f8acdcbd46e30f1074479b11f36af44775e0,3ada91e55185838d430b4daf2b4efc8789d47b7f405847937b880f80a62156be,512,384
train/paper/paper349.jpg,train,paper,0,AI/trashnet/data/dataset-resized/dataset-resized/paper/paper349.jpg,trashnet_train,adca32db9071efb83f74dc67072f3177ffcf098ddc8785c6ccb37ae226ceb287,3d5e83dd325b9997ec754d4bc0709da21424231672ea3999cf7d2931915328a3,512,384
train/paper/paper35.jpg,train,paper,0,AI/trashnet/data/dataset-resized/dataset-resized/paper/paper35.jpg,trashnet_train,78992143e1a96f32070e8cce67d11216b57cdbfe9fcb9bef2599428726607fc0,925e7d8795c5eee4763f0099dd317226479e3de70b3c7489bd4317cc069e6644,512,384
train/paper/paper351.jpg,train,paper,0,AI/trashnet/data/dataset-resized/dataset-resized/paper/paper351.jpg,trashnet_train,99630d53913d646b55b1b1f227789b1ff166d337df1cf12aa87ec70cb0b12ffd,cac4b755a2d42262b0cfc7d1b334be875696bb30caf6eeb2161e2f1a4db60f43,512,384
train/paper/paper352.jpg,train,paper,0,AI/trashnet/data/dataset-resized/dataset-resized/paper/paper352.jpg,trashnet_train,645be3c6a79690af201e2d7a959038834d807fc7c69fd129aeee36093c799be3,ff3961914a20933ceeb12be2586a1d4e14cc55582bdad8e68a16540c463e3ffa,512,384
train/paper/paper353.jpg,train,paper,0,AI/trashnet/data/dataset-resized/dataset-resized/paper/paper353.jpg,trashnet_train,23db8d661b2814c349d03707bf918afe1a19f419397b0b10e6581984e9175bdc,7aaabcaaab64e7016ed750dfab8fb24a999acd6858a7164f7188a7d93f343472,512,384
train/paper/paper355.jpg,train,paper,0,AI/trashnet/data/dataset-resized/dataset-resized/paper/paper355.jpg,trashnet_train,16a3d7a5b78f08397ba1ba7e9c611b37412d103a43ab4b6804b0718c69b7b5cb,0817757d0bc0f970bf14a233d3d0bca47f37c4c5b8cde2cc76b82cbf77df427f,512,384
train/paper/paper358.jpg,train,paper,0,AI/trashnet/data/dataset-resized/dataset-resized/paper/paper358.jpg,trashnet_train,8da85fb451b03b9baceb31a430b1ded5309af208d50cd7e0aff57b6d49330896,9854218eaed30549e83775366e92e9996cc0871f7b0b449dcb0a069e5ba178b0,512,384
train/paper/paper359.jpg,train,paper,0,AI/trashnet/data/dataset-resized/dataset-resized/paper/paper359.jpg,trashnet_train,9c732e082cfbaaf64cbe6d7bce0e3c7925b77d4db841cb07c9c4f1575fb430db,343bc43bdfd7beee2ff38af91b4ea83e3e37d5a00073ab8d1ef3c72919f3f213,512,384
train/paper/paper36.jpg,train,paper,0,AI/trashnet/data/dataset-resized/dataset-resized/paper/paper36.jpg,trashnet_train,d20cc7e0a9cbbdc163183c88cc37d65d40156001f931568b5bd944f42ce433aa,f52112fa7f0f80ea2a1c56b425f66ec45e4ed5638e8f321206f4046843beaf6a,512,384
train/paper/paper360.jpg,train,paper,0,AI/trashnet/data/dataset-resized/dataset-resized/paper/paper360.jpg,trashnet_train,c3ccc0942a44b9bfc38f6b1e9c3bbe2610f09b48df1c3048ee674e30dc6686ab,26770d2eac5fd5bb01715d6befbaa69047ddb58b37d1d937ee464eccc99c2a99,512,384
train/paper/paper363.jpg,train,paper,0,AI/trashnet/data/dataset-resized/dataset-resized/paper/paper363.jpg,trashnet_train,aab642022b02980535cf7d9688324b1458f4f5e14e3f70cad1e2b276788fa186,3d3b141e5874918dd068dad1287e3cb7adf1c8ea741c2521eb2a39b02622d2c3,512,384
train/paper/paper364.jpg,train,paper,0,AI/trashnet/data/dataset-resized/dataset-resized/paper/paper364.jpg,trashnet_train,aac6c82882e77dd83779c02adb71dfac25c28b4e9a67e17c0914d0fa913bc12e,435e86c38765b03c30eaaca72c3ee61e7975c7612af0ac4f5c7c3bac7a77c6c4,512,384
train/paper/paper366.jpg,train,paper,0,AI/trashnet/data/dataset-resized/dataset-resized/paper/paper366.jpg,trashnet_train,ea850c4b381a54d360db35fb5ad3bb002e3dffa2db7fe516f03c65d2a77e7121,0065cb19b451710bfb233420e3429f3798d96e68cff8511183ab6a884439eb86,512,384
train/paper/paper369.jpg,train,paper,0,AI/trashnet/data/dataset-resized/dataset-resized/paper/paper369.jpg,trashnet_train,a6b659138d8904930078cbcf24bf0793e5778b58614238b823a764b05f199e0f,aa3379501f4309ce705234ad20cfe84a852cecfde9cc90ebbb5dc2a6afb09032,512,384
train/paper/paper37.jpg,train,paper,0,AI/trashnet/data/dataset-resized/dataset-resized/paper/paper37.jpg,trashnet_train,ad799541adfdb4d15a5975a2479d567e0f333c97f42bd3922a6e96c5b9230949,8896c70c0bbeb8bb457c1f586e644adad3f9d2bc25280dae1dbf5de361b3873e,512,384
train/paper/paper370.jpg,train,paper,0,AI/trashnet/data/dataset-resized/dataset-resized/paper/paper370.jpg,trashnet_train,df9d803e2cfc2f74eb2d5dc579f898562e31158744cf68e4e9f4f53c6b3ccf1d,16fe6e15afd9dc7267b74faf501be965d303396b26ab9863aabf9bd144d773dd,512,384
train/paper/paper371.jpg,train,paper,0,AI/trashnet/data/dataset-resized/dataset-resized/paper/paper371.jpg,trashnet_train,921ddd2bb02e7200f0e3260b8a3e639246335b997283dc3790c306a1715a1cb5,d5b995da0f2e218012dd6c88102c2531c1053d5b2e2f1a355265fa96551178bb,512,384
train/paper/paper372.jpg,train,paper,0,AI/trashnet/data/dataset-resized/dataset-resized/paper/paper372.jpg,trashnet_train,53556859388321d238be04d22ee85639060a8426aac9e5bca2721aedf5bf722a,feb684e9c21b8d0ee303b909d1991b538dfaab3ad30a15068016bc6e12843f04,512,384
train/paper/paper374.jpg,train,paper,0,AI/trashnet/data/dataset-resized/dataset-resized/paper/paper374.jpg,trashnet_train,45d7ecea2e79f7f7b57157775087ce63c4246815ea6e5b0b9f1678ae5191cc46,dce4338be77114469d5ec9ddff706136f1b29dbfcbe496dc93198944a77e3918,512,384
train/paper/paper375.jpg,train,paper,0,AI/trashnet/data/dataset-resized/dataset-resized/paper/paper375.jpg,trashnet_train,d5b57b5ebb185828d39e7fcbb374c6281861aceff9dadb592d6f6ec3d770382d,29ccf809c156ade1bf711a1c5d15723c1b00d4db14557a3f93b6efb84b4d9d5e,512,384
train/paper/paper376.jpg,train,paper,0,AI/trashnet/data/dataset-resized/dataset-resized/paper/paper376.jpg,trashnet_train,9b3712221fce93d0c76e53c277a93b49036a9e61566a1f023ba5148cc0cee970,5f37f88eb2b70bad8b1d742f0207f5719ee0880a9e38e3217aa0b05e8fa62680,512,384
train/paper/paper377.jpg,train,paper,0,AI/trashnet/data/dataset-resized/dataset-resized/paper/paper377.jpg,trashnet_train,de6f0356da1011cdb18c13fef21971b6903d2aa79bcc71421cf391a1027af347,4d53c23ffe53c78114cc2e4f3e994527b21bcfe86d0c0372138395844971d73d,512,384
train/paper/paper38.jpg,train,paper,0,AI/trashnet/data/dataset-resized/dataset-resized/paper/paper38.jpg,trashnet_train,56b0fcd0b4e95542eea46247694fd7ea32d4ad863dc0cc4d4c4e588ffe49db59,4864fd64690385935a596e22c317f706a33fccb1a45520a5000a815f9166c2ed,512,384
train/paper/paper382.jpg,train,paper,0,AI/trashnet/data/dataset-resized/dataset-resized/paper/paper382.jpg,trashnet_train,f9b64cd026a4656bb87b35e489fed19be5d852238537ca5b94661516153680f7,7e3958e44f138fcbbee11502400bf5b65a3441fa6c5089d33ab361a1dc3a5649,512,384
train/paper/paper383.jpg,train,paper,0,AI/trashnet/data/dataset-resized/dataset-resized/paper/paper383.jpg,trashnet_train,a1902e606b1818142c42c697547a9b3aa353ea0ee46ea01aa9e91ddf628e9d45,393bcd56a7ddfc1cfa56d7b992d1a295932a6d859a5a50a224f017524d4a817a,512,384
train/paper/paper386.jpg,train,paper,0,AI/trashnet/data/dataset-resized/dataset-resized/paper/paper386.jpg,trashnet_train,5a4eb22235a4eeed0170455067d4ce246adfac26a87679053bfc58f5f598e414,be882c21b844a67ae2b08ed761fbb2910bfa9b750486e98d0548a47d4cca8410,512,384
train/paper/paper388.jpg,train,paper,0,AI/trashnet/data/dataset-resized/dataset-resized/paper/paper388.jpg,trashnet_train,fdb9c001240014bb2b8ac5619e370bf0ff6334a7f7ea0305ad84c40c4ef406f4,0cf976c64f7409fc0cb8548409bd7b93a336671549aefda697b0b48ffcabc6d8,512,384
train/paper/paper389.jpg,train,paper,0,AI/trashnet/data/dataset-resized/dataset-resized/paper/paper389.jpg,trashnet_train,b09477db1fff5f30de4df1e23e2d951a850ebbfd6353bf14b6e20be2b96ee106,01410c9b7540e81ca576bd0c541cd4894802b7d20b1382e0d60ca0a316efc944,512,384
train/paper/paper39.jpg,train,paper,0,AI/trashnet/data/dataset-resized/dataset-resized/paper/paper39.jpg,trashnet_train,58cd504fc7f8c4ef04deafb22e29cb507e9a04d7eabb5e3091a3626a1f14600e,b8cd51bf5da95bb4fe152f274a542967c09e44f5641ed866fcb89f4c580b4fdb,512,384
train/paper/paper390.jpg,train,paper,0,AI/trashnet/data/dataset-resized/dataset-resized/paper/paper390.jpg,trashnet_train,dd00e15032cd6170cabab90835752a890c665c8be1b4595629adbba4c35ed38e,795b9b684033cf71288f580f0ea6bbbce32cb104fd9ae205c355c2664730c138,512,384
train/paper/paper391.jpg,train,paper,0,AI/trashnet/data/dataset-resized/dataset-resized/paper/paper391.jpg,trashnet_train,2109a41137370708c08412fa7c49492b52b57f90b1302f013b80e2a5d79c20c1,7d9ed9a0fcc0bf9fea1eaf91799578c5ee948609ad4127906e24e02ef2e945df,512,384
train/paper/paper394.jpg,train,paper,0,AI/trashnet/data/dataset-resized/dataset-resized/paper/paper394.jpg,trashnet_train,4393828d8f152f58a4e753b66a60a9207b1e0dc5cc151932625b58c3b76ad578,b8877214613c7fdd5adebc14b136449c23d0f0775fd69bac4d9fbecadafb6f23,512,384
train/paper/paper395.jpg,train,paper,0,AI/trashnet/data/dataset-resized/dataset-resized/paper/paper395.jpg,trashnet_train,cfa21de8e6076f3fe36fbb4adc3d70af54c4a6a25b4d9152881aae08e31c0bf3,e7c7f0116c1b8cd0a46813edce9146b1341b332744eb9203cf9574aa46b4d0b5,512,384
train/paper/paper397.jpg,train,paper,0,AI/trashnet/data/dataset-resized/dataset-resized/paper/paper397.jpg,trashnet_train,7fdb4554d77ec39d4585018167349eb455e9a5358b4000afd7b3817b356b7071,7845b3f21a0d70affd7c4cf212567b33cec506c1574b7c58b1e9894ec479d66d,512,384
train/paper/paper398.jpg,train,paper,0,AI/trashnet/data/dataset-resized/dataset-resized/paper/paper398.jpg,trashnet_train,a244d24c0985d2cdcfde901d92279433871c00a9c6748efad3548106b1c94d24,20863b7f03557c5a94f1ccc6fdaf144bf709f1368d2fc571c9a2f819a1df2cb6,512,384
train/paper/paper399.jpg,train,paper,0,AI/trashnet/data/dataset-resized/dataset-resized/paper/paper399.jpg,trashnet_train,6c15c94952ed7b3d68d37ac959b7eb79af921100649f312d6779f78c131b4600,82e7c3ee55d751052fb472dbb77c5c7a497449f1e7ee5447854a9598a1a71dfb,512,384
train/paper/paper4.jpg,train,paper,0,AI/trashnet/data/dataset-resized/dataset-resized/paper/paper4.jpg,trashnet_train,11b00c996d8dbb01f72f7463d4a9f3bc1b0f73398480cf9145d9faf6ed7dee25,e6266a3bc7181a08613aa90ce77be462660a5bffc98ed0924f7d979bede96534,512,384
train/paper/paper400.jpg,train,paper,0,AI/trashnet/data/dataset-resized/dataset-resized/paper/paper400.jpg,trashnet_train,9ea0f96f09095465b74d7da993c75241375ed5ec578acdbb05655dc4c1cb6337,7f948cff8d16c37b1d60edae78b23dd980997ed2f3b8159b431c51219faf1c37,512,384
train/paper/paper401.jpg,train,paper,0,AI/trashnet/data/dataset-resized/dataset-resized/paper/paper401.jpg,trashnet_train,87726b7e105dd96147e3ab39ef80d972effbfeee83b6f5c1b18e01faffd0338e,afe8bd1e73427dde5ff169ee8419ed1966894789d587a2acb122dd48609459cd,512,384
train/paper/paper402.jpg,train,paper,0,AI/trashnet/data/dataset-resized/dataset-resized/paper/paper402.jpg,trashnet_train,780778c2a59f32b3aa494988b04b726380a46461686e1e583f20691849ef3c9c,95967acdf06339c94a8c21472fb60298ba37701384d1d8f7b942c9b5ce15a23a,512,384
train/paper/paper403.jpg,train,paper,0,AI/trashnet/data/dataset-resized/dataset-resized/paper/paper403.jpg,trashnet_train,91e6532f252b8d858aa86a96f92783e599d94cae276a249794a045622803e11e,bdf8c067e3ae859504c5746332eaf154281e19f8b22b6e380454f3256c67ed02,512,384
train/paper/paper406.jpg,train,paper,0,AI/trashnet/data/dataset-resized/dataset-resized/paper/paper406.jpg,trashnet_train,7ce10404d28098b8eab607fbf26f05d71a602ed9691f67a112ab07e86f111b8c,e83b3a173b3efbad89f28c34e1b696a12e0d46e09491420d394b27a083ce3b02,512,384
train/paper/paper407.jpg,train,paper,0,AI/trashnet/data/dataset-resized/dataset-resized/paper/paper407.jpg,trashnet_train,e7d542190dfd9b21569193bd7ed1cb94597ceead9d926aec6798ccf98665b3f7,56cfd87d22ac927fd698d506178acea01f0c35a17179e141bb1b694b9da62ab3,512,384
train/paper/paper408.jpg,train,paper,0,AI/trashnet/data/dataset-resized/dataset-resized/paper/paper408.jpg,trashnet_train,92ab66cb5bd68b2bc3093c9f85c01cec2ee94384304179b81147c3ac396ffc7b,1e8f9df21bfe513fd26716f75faf871f580a51dee5f782f6192d8963f24af5c7,512,384
train/paper/paper409.jpg,train,paper,0,AI/trashnet/data/dataset-resized/dataset-resized/paper/paper409.jpg,trashnet_train,d1537715f2321342c5346657f36e404b78d82acd7eadf4e188d1cc2037249522,af33be6f0daf179a7d37de95accc937d415754f5d84e27816eaa4400723c25eb,512,384
train/paper/paper41.jpg,train,paper,0,AI/trashnet/data/dataset-resized/dataset-resized/paper/paper41.jpg,trashnet_train,e121109328264a87c9a4f22986ae4e5a177807618393382eced5211b812c3acd,472c1eaa0f48b1574ad3d8641052098ed69445160e333b8982f8e5cab243782b,512,384
train/paper/paper410.jpg,train,paper,0,AI/trashnet/data/dataset-resized/dataset-resized/paper/paper410.jpg,trashnet_train,ef7dcc0dff5fe504bb98a46c5f1bc2bcbdf7b98227d5d045501a4fcbdf6f30b8,62f436c5884cd0e5b6079da5e6cb86e2fb8ae90f041b491fa87f54c186237c0a,512,384
train/paper/paper412.jpg,train,paper,0,AI/trashnet/data/dataset-resized/dataset-resized/paper/paper412.jpg,trashnet_train,8303e24006a890886c240fdebafd2367bb155876400f431869ce3ed485978c92,e89bb1153c1c96e8eb74762217742cc4eb4ee571ec47df193f44b6f32f0a37cf,512,384
train/paper/paper413.jpg,train,paper,0,AI/trashnet/data/dataset-resized/dataset-resized/paper/paper413.jpg,trashnet_train,8dc98412e1d8da9bde248aeb5850a3acd758579063f3518b5f60fbf03dc85eb2,757cb6a60903fd48dc087546e84ede02d908d85b4f27f84398ffd0cb7b7e5d29,512,384
train/paper/paper414.jpg,train,paper,0,AI/trashnet/data/dataset-resized/dataset-resized/paper/paper414.jpg,trashnet_train,b138992a593c8edd743db9d00f837e6297afff3796314d1429069fbb51bafc87,9428108a4c269deee4d65bff713010b51c602bcbc0b15586c59dfdf20dc51ff6,512,384
train/paper/paper415.jpg,train,paper,0,AI/trashnet/data/dataset-resized/dataset-resized/paper/paper415.jpg,trashnet_train,48c32d52ab6f8552d56bc150d10972479efe616a6cd3eeacf4d157a2a6898b42,74141f0780d0b26067f5fe225e8dde2693717dc4849ceb1e00266ee3294ec15e,512,384
train/paper/paper418.jpg,train,paper,0,AI/trashnet/data/dataset-resized/dataset-resized/paper/paper418.jpg,trashnet_train,cb8c69c27362accb49e2caec57e62ebb29c2491f2532cf9015511fe049e3bc0e,8f241439287971bc86c77e2f12f520e1d0d8afbae1f3ad6bd04dc3062a1d680b,512,384
train/paper/paper419.jpg,train,paper,0,AI/trashnet/data/dataset-resized/dataset-resized/paper/paper419.jpg,trashnet_train,e02bcfd57fe1ae52f886e81139c0bbdf5c14261616683e36aa601a8a204cc9bb,b385bbbcba13a0509c0ec4f5e31dbe9f70161dba1d4abaf06fe3771f2447a891,512,384
train/paper/paper42.jpg,train,paper,0,AI/trashnet/data/dataset-resized/dataset-resized/paper/paper42.jpg,trashnet_train,5b3c87ccdd32300b55d07dc425a25708db82992cb5470a334d4d3c97fd0802c5,507a78e4645d2ebf85d56f5206e5fb344abf6a655b03c7b73fe6252b89119da9,512,384
train/paper/paper420.jpg,train,paper,0,AI/trashnet/data/dataset-resized/dataset-resized/paper/paper420.jpg,trashnet_train,e639d177fc6a0930ec7f2bd86175181707e8534140dbfe3a96468e29324f5f1e,ef17ebbd813001b6cea89462a93040b53f5d7567b24bc1b277deefeea2ba46bf,512,384
train/paper/paper423.jpg,train,paper,0,AI/trashnet/data/dataset-resized/dataset-resized/paper/paper423.jpg,trashnet_train,c25745d2b149af1dc2278847f7fbf54a70b970010b8689af88c292d679fef05f,9db156404f7e1e34e30a91e94a95dc87aaa4b86ec1692f5cbae1bcdb33b6b2fa,512,384
train/paper/paper425.jpg,train,paper,0,AI/trashnet/data/dataset-resized/dataset-resized/paper/paper425.jpg,trashnet_train,e38a2b321412fb4e3882f674368c4e48aa78e89d1a26b72fb2e9a8a46026588f,b6870fcc651ce382721ab80ebd635541285b19ebf2529c436d40275e69dc78a2,512,384
train/paper/paper426.jpg,train,paper,0,AI/trashnet/data/dataset-resized/dataset-resized/paper/paper426.jpg,trashnet_train,b73c2e779bf1fdd4073f14aba88003e035c3d84c0b4000c17f25505c9f2f4441,a007dd2e7b6d4df7d86f6334798d4d76fbac2354384a958c3cf22ea7f53b964f,512,384
train/paper/paper427.jpg,train,paper,0,AI/trashnet/data/dataset-resized/dataset-resized/paper/paper427.jpg,trashnet_train,3be8b3c06fd8ac3684fd3ef524d402f7fe00bd5ba88881de3574c9ec2209306a,fc080e04c06f45775d0e0fca2f45d71f5f7abcab78d2ee996655155f829afed1,512,384
train/paper/paper428.jpg,train,paper,0,AI/trashnet/data/dataset-resized/dataset-resized/paper/paper428.jpg,trashnet_train,09e48f6be6e26e151c8fe44499a14c46d23e80d92a2478d990b14ff8d1be5fad,36bdff192b15d0a152992b0243e78006ec7ffd32e4f4a69ff1ee62f3a8865b38,512,384
train/paper/paper429.jpg,train,paper,0,AI/trashnet/data/dataset-resized/dataset-resized/paper/paper429.jpg,trashnet_train,ab61a29f1b2d8316d13160a649f2d0682854f9b3be842f657536b6b52f134ed9,f289423c59949215ebb2ae88073bd98a33d1646a64f43fcade196610024a6ac9,512,384
train/paper/paper43.jpg,train,paper,0,AI/trashnet/data/dataset-resized/dataset-resized/paper/paper43.jpg,trashnet_train,dab73df4daa8ad0d4b5e8b8225c6c9e148746690a83c8e1ef36a3a3524297130,e6f0ef6c9a2a204291f1d0e74c3004ac6942d30df06d37f56186e657ecd1cf9b,512,384
train/paper/paper430.jpg,train,paper,0,AI/trashnet/data/dataset-resized/dataset-resized/paper/paper430.jpg,trashnet_train,79896519040b595512846383486889bd27125faa45c43debebb385170ebebc26,a10364c2906dcc85629b5c9c588d798d9ae1fe45aaeb2578a1488b8376cfd330,512,384
train/paper/paper431.jpg,train,paper,0,AI/trashnet/data/dataset-resized/dataset-resized/paper/paper431.jpg,trashnet_train,766054e0b1acb3deced926109425a7e60b5c158f0cd81f738d18e2f586f66b73,9de259028f27ee5ee61ea9b28409c721a8451d29ac1ca2f4754a689b30a0ee86,512,384
train/paper/paper432.jpg,train,paper,0,AI/trashnet/data/dataset-resized/dataset-resized/paper/paper432.jpg,trashnet_train,ef0a95b74fcab71d016e8d5f42e99c6eecf51ab8b0724b2a67db0e68cd108528,29de31b542a0781ea9b745053decffe976dfdab449b15d08f2773d86d323e939,512,384
train/paper/paper433.jpg,train,paper,0,AI/trashnet/data/dataset-resized/dataset-resized/paper/paper433.jpg,trashnet_train,ca9e1a9811589d9697a6ee9da588dbec665e765ac66aa25694f20795b3baaa8b,f5a41ac81fa33694bf58533cd38cfa1c3938b4b9eae3d02e7053179293e9385e,512,384
train/paper/paper435.jpg,train,paper,0,AI/trashnet/data/dataset-resized/dataset-resized/paper/paper435.jpg,trashnet_train,daa82d2d089366dbe95e8ccbbb1b33708346b1a0f697f5b63f65b173bd9a2419,06777e6e00ef9e827e481f429c05aca04cd2079c8d8bf25fd634f496a0bcfea6,512,384
train/paper/paper436.jpg,train,paper,0,AI/trashnet/data/dataset-resized/dataset-resized/paper/paper436.jpg,trashnet_train,e93492852a38ad865feda57bb001923ca1102fcc0321297d331a0e36a94f80cc,b6671790fa3f1824a352eedc9afde118d90b5b2adb9741461e305709367d597c,512,384
train/paper/paper437.jpg,train,paper,0,AI/trashnet/data/dataset-resized/dataset-resized/paper/paper437.jpg,trashnet_train,e931442ae08e67cbcd2b5be98747f1c8082c84f9c6d9d1f8a35fb11e39b1d516,7025342a8f857354f422b473a9bfbce8ae6687761983ccfc9daf4efc03192a20,512,384
train/paper/paper438.jpg,train,paper,0,AI/trashnet/data/dataset-resized/dataset-resized/paper/paper438.jpg,trashnet_train,242a6ec8181c6d33f83822c9ddcd4287c8a0f9e927ec8695794777182d0890d7,a946763b86893cf718145ef1e2b1be4da9acbcc148d4f179e55779ea56f9ef38,512,384
train/paper/paper439.jpg,train,paper,0,AI/trashnet/data/dataset-resized/dataset-resized/paper/paper439.jpg,trashnet_train,ef1da15838f4bd1a3fb454480bb6cba871ad5f56f8d869ca57f8d1c56e528607,36dfc202a828e7520afad1ed26467a8ec5fc952594b6773df687dd398cbd14bd,512,384
train/paper/paper440.jpg,train,paper,0,AI/trashnet/data/dataset-resized/dataset-resized/paper/paper440.jpg,trashnet_train,09c9a789456404445c500cd5e50903e020456e25ffdf9aa5caa638440347cc5d,be0ae397002ae3f912382c4e5cbedb242699f8abcfef1db937ecb1a2a0cbcad8,512,384
train/paper/paper441.jpg,train,paper,0,AI/trashnet/data/dataset-resized/dataset-resized/paper/paper441.jpg,trashnet_train,b58a23ed92849833655c0e6d7f67c786ccd95cb09ec2e4826d620cf0a9540e69,6b9c60bdaea94b67b80287b4c6cae7fce424a395cc59e445473c794cf7bf8239,512,384
train/paper/paper442.jpg,train,paper,0,AI/trashnet/data/dataset-resized/dataset-resized/paper/paper442.jpg,trashnet_train,28a89d70d811cdbc534b659a7692f948a40de7415f76b3028a593c9fb6e43c52,049992438e9ba0a61f502c5b8659c59da2f9b167aaefb1f4fbab1a49304c150f,512,384
train/paper/paper443.jpg,train,paper,0,AI/trashnet/data/dataset-resized/dataset-resized/paper/paper443.jpg,trashnet_train,9e16529ebf88a28bbfe4665efddb5c7dfd684d1b43c19a970f93515f0883a78a,c58318135b8cc90b195c7f1af3ce2931a2ebd5956cd141c4e7ffa83fd58fad39,512,384
train/paper/paper445.jpg,train,paper,0,AI/trashnet/data/dataset-resized/dataset-resized/paper/paper445.jpg,trashnet_train,d7bd28ad16f0c2f6cca6d0f884545ee188c4be28b214c70236c573dc9a7e3070,47022617a250b992e3edee830f70390e739484eb5295f19fcf3d13c7b3c488e2,512,384
train/paper/paper446.jpg,train,paper,0,AI/trashnet/data/dataset-resized/dataset-resized/paper/paper446.jpg,trashnet_train,3c450100d7911dfc43bf22a2c9d385b15e41db51db99f57fbe71c331b704e40b,226e792104c12a6714224c578f1ab7982fb64c1365cf0de32c2c74897a3476f5,512,384
train/paper/paper448.jpg,train,paper,0,AI/trashnet/data/dataset-resized/dataset-resized/paper/paper448.jpg,trashnet_train,b7fc8592f16fa6091b9e591d0486ce34bd6122a848fce132a14e4c3a6e5c595d,dadcaaac7a145cc8cdd892261231193d113cf62bcb9891eb3e2f192db15ebc33,512,384
train/paper/paper449.jpg,train,paper,0,AI/trashnet/data/dataset-resized/dataset-resized/paper/paper449.jpg,trashnet_train,6406255b7c7f7a0e1a1ccce70d66401913fb23c7648f258b8b5dec5eea493481,d9f2f04efdaa8e770c5e26108be328b3457ca8866c70f04c375e2fee9a497883,512,384
train/paper/paper45.jpg,train,paper,0,AI/trashnet/data/dataset-resized/dataset-resized/paper/paper45.jpg,trashnet_train,bcf1cacce0917d97dc1c9d9e722dd6f02ef134da850e304561f843ac7f20b510,b536d24d978265d8b59e1058a7d551038f85e10650b7620acc590cde25f438b7,512,384
train/paper/paper451.jpg,train,paper,0,AI/trashnet/data/dataset-resized/dataset-resized/paper/paper451.jpg,trashnet_train,42d237120099c86a3061407b3ff0e7b1b669c3890726337d79ff33b41e33e01e,a6c06e9e18b5874d6c4125631a213ca572330427ec25cde46f6e5a54ae9eaf1d,512,384
train/paper/paper452.jpg,train,paper,0,AI/trashnet/data/dataset-resized/dataset-resized/paper/paper452.jpg,trashnet_train,f218a1513bbd5ae0047427638d39cdd9b49bf847219c77dcaaa109f7bf17ab91,1f1b91f8e516ad4d43937527eae4511171f300c8cb85fb315690ba4fc3e8f0a5,512,384
train/paper/paper453.jpg,train,paper,0,AI/trashnet/data/dataset-resized/dataset-resized/paper/paper453.jpg,trashnet_train,1334821287382e98480ed9ac66becaa31cc8046b01806abaa9e37e3673ad2f40,30b19b355709f401ca144f76b035fbc502898b6c8ec849c10f9ecb9b91ee3ba4,512,384
train/paper/paper454.jpg,train,paper,0,AI/trashnet/data/dataset-resized/dataset-resized/paper/paper454.jpg,trashnet_train,ef87cd52f8afff4994e9a4f3caa333cca6c32ca5bb3cbdb441da87a062015baa,d64788c927bc5324022db8f5af129a8d5af0d3bbbd574bfcfbde7f7c5b01befc,512,384
train/paper/paper455.jpg,train,paper,0,AI/trashnet/data/dataset-resized/dataset-resized/paper/paper455.jpg,trashnet_train,ff8505d60892033473294569da6b0d6a215340c17fccb27bace9e3e3fbc26c13,a84282a531048d4cc36ddfa3b462d6a1e7cb7a12ab4b2901712f0513ebcab8ca,512,384
train/paper/paper456.jpg,train,paper,0,AI/trashnet/data/dataset-resized/dataset-resized/paper/paper456.jpg,trashnet_train,ad46e70091c6eb11b49e3f288de4ea4a8ef2e6d8fef7c5944b96a358486c1cf8,6a7f1aab47ea442fda5a705063f5c9c10cb5ec51c07b25bed8769d3b78257cbd,512,384
train/paper/paper458.jpg,train,paper,0,AI/trashnet/data/dataset-resized/dataset-resized/paper/paper458.jpg,trashnet_train,0bda48fe1972ebbcf982f8934f9f171df7c6109772be028f8605ad06ecd529c5,edb5433a6daed2bf06b55a0bf580dd864baaeb8385f9795273c0a7096da692d2,512,384
train/paper/paper459.jpg,train,paper,0,AI/trashnet/data/dataset-resized/dataset-resized/paper/paper459.jpg,trashnet_train,d27e94858036fc53947cb3d3747d7bf1f1dc8cddf6d03bffa1f4742b84b61d6f,820da3a9e54a0fe1e92c7fdb4d3120c514cbd174e43c4c1041e3c5071ad2ed72,512,384
train/paper/paper46.jpg,train,paper,0,AI/trashnet/data/dataset-resized/dataset-resized/paper/paper46.jpg,trashnet_train,794241228f86af7bda80b97900b7d99dafc89ddb0f32cd523684936f66db81f5,5ecc32f13ec7a2a0b4292341bc347e811f95206dcba49f30bc96661acdb5241f,512,384
train/paper/paper463.jpg,train,paper,0,AI/trashnet/data/dataset-resized/dataset-resized/paper/paper463.jpg,trashnet_train,53f3381ab8b4b0cea5cebfb9ef6766c5485bfd23c9f806bf70548ead38103d4d,a30e76bcd18720139a3097bc1a7c9ab9dd011f93a931e70faf0cf9f6c527d28f,512,384
train/paper/paper464.jpg,train,paper,0,AI/trashnet/data/dataset-resized/dataset-resized/paper/paper464.jpg,trashnet_train,309be609a5cd266a1dd34b7e2bc17770e274ce1ac156b7a59f2b2c36b0e5e072,9a042df7d592f3cf283482307406b8e9c9369150a9a61a560f08458fc863e3d7,512,384
train/paper/paper466.jpg,train,paper,0,AI/trashnet/data/dataset-resized/dataset-resized/paper/paper466.jpg,trashnet_train,c76f0fb0e0c2a4b00c462f434438309e32e12392f729658269997d3626bd7d50,06200b7358df130e7708e927570ed15705be26aed9fb95266b30fb606e1473e4,512,384
train/paper/paper467.jpg,train,paper,0,AI/trashnet/data/dataset-resized/dataset-resized/paper/paper467.jpg,trashnet_train,bb4b099d6634443ee8dc658701bd09714330148143aa5fe66bcbf24465177efd,383f68dbd14559a26995debc5cf04274291da1d1be6c3859468ad740f217a17c,512,384
train/paper/paper469.jpg,train,paper,0,AI/trashnet/data/dataset-resized/dataset-resized/paper/paper469.jpg,trashnet_train,8edeffd3d9dc0aefbb6d0669237476864f1abeb0b82aefa5c55d23a52fddc8e3,471d6dcb8da47a6610ec876313a19c05a54575488c3b9cadac274cae51da694b,512,384
train/paper/paper47.jpg,train,paper,0,AI/trashnet/data/dataset-resized/dataset-resized/paper/paper47.jpg,trashnet_train,f40ead1ac801a3fb2e9520c1f383952cc940a9e958f3a7dc3b33c402ffc061b7,0f285db8248610a405457e56c46a16244faaa3b233c092e94846dfeba4ac0c6e,512,384
train/paper/paper470.jpg,train,paper,0,AI/trashnet/data/dataset-resized/dataset-resized/paper/paper470.jpg,trashnet_train,89c34d6081d6253eec9ff5d4b81d5e406de7b5ddd6ec4563eb55cc986181fa5c,f93b6d58da80bcacd880a2a2c8f79d755c04f04c2c5bac547b0e1f667bab139d,512,384
train/paper/paper471.jpg,train,paper,0,AI/trashnet/data/dataset-resized/dataset-resized/paper/paper471.jpg,trashnet_train,72e04d21284b07735eb8bb520a5d5b1aee0293fa0a7adacfb215319a8b11cbc5,cb4ac659b8e940309bcf3ff964627c903512298e33632adfbae3570834fc3428,512,384
train/paper/paper472.jpg,train,paper,0,AI/trashnet/data/dataset-resized/dataset-resized/paper/paper472.jpg,trashnet_train,ca1c78d4d0e8c917b7398a4dba4338dcf823f0069adaf11865a2b300cfea69b1,40820b65e1299edf8df18a0334218e2d7daca84309085587795a7206a879ccd5,512,384
train/paper/paper475.jpg,train,paper,0,AI/trashnet/data/dataset-resized/dataset-resized/paper/paper475.jpg,trashnet_train,d2d123d51e11e981788c64765fa540b995752c173f828cc8d6d71f07bb637027,9558cc80a57072e7d4859b8f7845fe7079b41fcbea5953febbd3bbdcb6f2d8db,512,384
train/paper/paper476.jpg,train,paper,0,AI/trashnet/data/dataset-resized/dataset-resized/paper/paper476.jpg,trashnet_train,6c5125a61e4a90bfee7de1db0104b1897ae88fa86c33027f2fe23f0fe7c3ced5,e59672060a52952edb51b99a0f54d3d38067478fd2dc059d1eeb862bb38617e8,512,384
train/paper/paper478.jpg,train,paper,0,AI/trashnet/data/dataset-resized/dataset-resized/paper/paper478.jpg,trashnet_train,eadbe7b81899d3fd5e9a8fd309d30dce3d51a722c6b56a5560a1c6a3c58df07c,570297f00773a24fb82df2892b463c1e6812851994d00c75a5e74e2bd10b1602,512,384
train/paper/paper479.jpg,train,paper,0,AI/trashnet/data/dataset-resized/dataset-resized/paper/paper479.jpg,trashnet_train,3b82772d2649481097e9d843f019974ba6f375ecaaabcc8d4339b00fff38f9e0,2a858dd55d91aeed750818bb3e3b28a9bf4db4b7d8221ecc2b7d90aeb8c2c607,512,384
train/paper/paper480.jpg,train,paper,0,AI/trashnet/data/dataset-resized/dataset-resized/paper/paper480.jpg,trashnet_train,74ca7d71ec4c8b9dc003f5f27b615e2af40e9ff02f9f6e0d11dde9057f8647a8,448a8ac644708aff8922d3d424a8d4253a928d86ba3bc8c65ae6d699861562c3,512,384
train/paper/paper481.jpg,train,paper,0,AI/trashnet/data/dataset-resized/dataset-resized/paper/paper481.jpg,trashnet_train,9d81bbee8153eb7c1fde03195578c7ece4f1316a4836c77d45a479a58ed3a38d,059b10c52a4365f8c4b9be3f5d219e852af8b69b0996eb2d5cf1293f0a4d9853,512,384
train/paper/paper482.jpg,train,paper,0,AI/trashnet/data/dataset-resized/dataset-resized/paper/paper482.jpg,trashnet_train,905dcbbbc2870f060b986fb8784756d6c1f93c3f4c2414bfb2c1e64df9ee8249,b2985d8c1d5eb3d2f52a6521cd8a3cbfa4ebe0d726c2295db2574a157e95327e,512,384
train/paper/paper484.jpg,train,paper,0,AI/trashnet/data/dataset-resized/dataset-resized/paper/paper484.jpg,trashnet_train,aae61ce624c9648ed92d509eec4d36d0caf7825f064ca460533e0bbe8d3cbe3c,db18e698c22d06bdd0763d0f2d96ab41a263c534232592ac66575293cdb31036,512,384
train/paper/paper486.jpg,train,paper,0,AI/trashnet/data/dataset-resized/dataset-resized/paper/paper486.jpg,trashnet_train,3e2f85826777e8e31f054c8ef412589a0cf6904671fbd61e0eff6ca45570aeb7,c07c85698d285ab6f764caff7e6360dfef59d83914508b770008bb924279f0ed,512,384
train/paper/paper487.jpg,train,paper,0,AI/trashnet/data/dataset-resized/dataset-resized/paper/paper487.jpg,trashnet_train,435ec5f06f2c3b17bdddb0c8df8c8a23e7a6cec9709026a9981beade2bf4c8cc,2a21db57945a1118d7d448d23d68a612c82774faecabcb8bc6b11abdfcdd52dd,512,384
train/paper/paper488.jpg,train,paper,0,AI/trashnet/data/dataset-resized/dataset-resized/paper/paper488.jpg,trashnet_train,a7ecdf4d6267cf7b4893e57e62b6b7b802810d6e93f6228a88e2415beabaa6b5,db680de49d39a7d90796192a3c4adf71a012c9c17f66139ee84f48241a366bca,512,384
train/paper/paper489.jpg,train,paper,0,AI/trashnet/data/dataset-resized/dataset-resized/paper/paper489.jpg,trashnet_train,11a101697e8208d6e2aefcb95ce575b51cba2c109c054eee5638c52f6e3a66d8,7000ea5c5e8df5d5dba84ac8c1eff53c18ce23b3dce7ff176541070c14167743,512,384
train/paper/paper49.jpg,train,paper,0,AI/trashnet/data/dataset-resized/dataset-resized/paper/paper49.jpg,trashnet_train,7ec43fc936a809ca74cb55daabd0097236017cb4f205de16befb96dda33e779c,4a83a7e00ca4edf87eafd29ead146f8d99b27a3dcb93a85d76aa46bd094d781f,512,384
train/paper/paper490.jpg,train,paper,0,AI/trashnet/data/dataset-resized/dataset-resized/paper/paper490.jpg,trashnet_train,0a79fde1ce7784eaffff4d5902eb37de1a0f9b7500bb3ce3c1b7c5a97cb8f46d,164c2f108ee0aa33c2af777ae10191bec173f489edd9076e8f79353361078f9a,512,384
train/paper/paper491.jpg,train,paper,0,AI/trashnet/data/dataset-resized/dataset-resized/paper/paper491.jpg,trashnet_train,1f25675ede26acd44a7d1ea9a683c72e0bce39cf33860f5c6dac475d76ff0b4d,039780ea75ff87fa4f47dbf4c393c82961e4e1f48bf428a0404ff147ca4f145d,512,384
train/paper/paper494.jpg,train,paper,0,AI/trashnet/data/dataset-resized/dataset-resized/paper/paper494.jpg,trashnet_train,20a83da01cbf24694407ea3efaf2d842005ef4958151189c5da1364e65dae808,6bfb1dba6dddbef96f82318133bde6be685a0632fac573dd1e5aa632a690adee,512,384
train/paper/paper496.jpg,train,paper,0,AI/trashnet/data/dataset-resized/dataset-resized/paper/paper496.jpg,trashnet_train,ea0e35589e6c56a3ede6489df7eba026abc77745e75c92224e1f18e58891cbcd,dd9142f885337aea7e5fc5f7696e14ef1adf4eb949bb70441bc3d1b1a8b7cd0d,512,384
train/paper/paper497.jpg,train,paper,0,AI/trashnet/data/dataset-resized/dataset-resized/paper/paper497.jpg,trashnet_train,2a68e92046611c511dc12c44eeec7509cdf44e93a7ee64abfd4a77f37d0091ac,9d4dd13e43f2ceed459478a9ec4f25a8f698637451b4abc9c31d1070a0b06da0,512,384
train/paper/paper498.jpg,train,paper,0,AI/trashnet/data/dataset-resized/dataset-resized/paper/paper498.jpg,trashnet_train,5787607d53f73f8823a54e906c0205f7f871d3267d5689a5d903d9676e8d2a3b,a70b950e01abc5963aad649b0193e79ce8359ba74064168c833cb9d65ef16caf,512,384
train/paper/paper499.jpg,train,paper,0,AI/trashnet/data/dataset-resized/dataset-resized/paper/paper499.jpg,trashnet_train,2658cc2c0491706f7b2cef7383c367295ca39291c1c26989e035eede274e268d,344724561a3923ba7ea8cd6d7c463ab01adf4d3d47a659f38c312b26a6315b6d,512,384
train/paper/paper5.jpg,train,paper,0,AI/trashnet/data/dataset-resized/dataset-resized/paper/paper5.jpg,trashnet_train,d80bf1a350dcd8174b3adb8855b942f3c44f3dfdcd9d09bd68e010d6d9681716,f87cc92631a34241b30b04b7d78c31ff3fb6331239d71f4c1bc95162706e4025,512,384
train/paper/paper50.jpg,train,paper,0,AI/trashnet/data/dataset-resized/dataset-resized/paper/paper50.jpg,trashnet_train,a21129d3f691b233235260d9c0de2f0f55f87f29d8f12a8a7e68690787a42e9a,e66263c0d63a4179ca01d1e00d71fb9ce4a8777d7f7563ae40c73b388a7580f9,512,384
train/paper/paper501.jpg,train,paper,0,AI/trashnet/data/dataset-resized/dataset-resized/paper/paper501.jpg,trashnet_train,e3bb68ec0d8d6fb0628a6671c8740c3bcb01fff7d7632805923f126d0b9f70ed,ac0143168b02d0ab4f1fbff6c5e44cdd228e9ad948d73361c1b2f667f87146b3,512,384
train/paper/paper509.jpg,train,paper,0,AI/trashnet/data/dataset-resized/dataset-resized/paper/paper509.jpg,trashnet_train,97e55747804aaba3e7ab3326ff259e90515b80afd4dfe406e118fef50402d104,ef5768a403d5b1a0d65148e3470c12bf185392f22570e802552585ec36f61cfc,512,384
train/paper/paper51.jpg,train,paper,0,AI/trashnet/data/dataset-resized/dataset-resized/paper/paper51.jpg,trashnet_train,66d1fbbd073c0676b85450a5d1494337e93f581e81a9ec9be3bc2a7ff5759245,0d3cd98b15f74b8170040545c682a56e66c9bc98610955f1793049c22c9074bf,512,384
train/paper/paper510.jpg,train,paper,0,AI/trashnet/data/dataset-resized/dataset-resized/paper/paper510.jpg,trashnet_train,a5225d6c8997c630596ddd25720da37a47c61b991327a67707b99db4273b8651,204f0405bd8f3153a17fd6c7c3d30824acb4f965f26ebe595b1e51d248a3a58f,512,384
train/paper/paper511.jpg,train,paper,0,AI/trashnet/data/dataset-resized/dataset-resized/paper/paper511.jpg,trashnet_train,44c3a8746de764692183aaba206853754323cb98b1c0853bae98f33ce520dc24,49b7288a67c26d54d91e4478de19212da0142c8d50fa093ea2efd2d0d3b87402,512,384
train/paper/paper512.jpg,train,paper,0,AI/trashnet/data/dataset-resized/dataset-resized/paper/paper512.jpg,trashnet_train,8389eea3660c3bfcf6dac97bb4a4c0f39d2d1157a6c3d2769cf6f3bf3dd0e8f9,e0cd4e1db476cde9233c928431e5fa2eb4738bf1f0668b166025809d5f9e31a0,512,384
train/paper/paper513.jpg,train,paper,0,AI/trashnet/data/dataset-resized/dataset-resized/paper/paper513.jpg,trashnet_train,fb34d9969f59f79b519f12e7fd509576aeaf1736552a6c86b2e614225e8b98ef,4d39614dc2a79f47306a22ee4e3433b7ceba62c15f5a7c77ac33071333e01296,512,384
train/paper/paper516.jpg,train,paper,0,AI/trashnet/data/dataset-resized/dataset-resized/paper/paper516.jpg,trashnet_train,2192c4e4d3e7abbe057e4ea29633c1a1bc34ebe571191a94f856e16588ada713,72c7b1a8d16fb13254cce31bce4e7693a1f9b81360827a1c30ef9ae0979968af,512,384
train/paper/paper517.jpg,train,paper,0,AI/trashnet/data/dataset-resized/dataset-resized/paper/paper517.jpg,trashnet_train,944939b365cc992a557100c9b9010d40716ccd9f98dd1448b5c6135300c42c52,444ceb0219f5c25b49f5c9845ba3205f996fb9e4009a9d5b1263dee02f748f5e,512,384
train/paper/paper519.jpg,train,paper,0,AI/trashnet/data/dataset-resized/dataset-resized/paper/paper519.jpg,trashnet_train,c903c6a409b65c0c5630efdaba8f0b56aab5efa8d65800c55d10d6a4ffba16ca,678e9a17bcccc77a694fdddb75b8823c7fbefcd296667707932a64fd74406397,512,384
train/paper/paper52.jpg,train,paper,0,AI/trashnet/data/dataset-resized/dataset-resized/paper/paper52.jpg,trashnet_train,be7a5c7898c15c3ab2aa33e38c9dcaa5636589830f4d4ce8d334881aa7b1e073,cb3ef892e2c8b64fa6a467d0cd3f41c5359c0e0c5ad89d9ef46f5da890d1a3fb,512,384
train/paper/paper520.jpg,train,paper,0,AI/trashnet/data/dataset-resized/dataset-resized/paper/paper520.jpg,trashnet_train,5157000af5c64bb66548a4d63bfc8c14ff05f28550822676c0c4eb729dbf338e,e589931df7b55136e7903258487ac94c000ea874be8c0bb8ddbb97241f321c8e,512,384
train/paper/paper522.jpg,train,paper,0,AI/trashnet/data/dataset-resized/dataset-resized/paper/paper522.jpg,trashnet_train,e958ecbe96178e040c671a8b0bf8121fac4049312baad3f953654138af775e02,a60a5922f9bc107b8ad90ebdb4bc8de29babea7c5858a6fd5ce8d74394256763,512,384
train/paper/paper523.jpg,train,paper,0,AI/trashnet/data/dataset-resized/dataset-resized/paper/paper523.jpg,trashnet_train,09e7eccd73b0f56d3daa6656d3a1388e92b9b25aff046816caba9c7d05b244d4,66ff7ba49eb57ea86af6329f8c9454cedabfcd786424bec7a2416925c2e16097,512,384
train/paper/paper524.jpg,train,paper,0,AI/trashnet/data/dataset-resized/dataset-resized/paper/paper524.jpg,trashnet_train,3028470d0eee7c5c2030e78b086fa6c656467788ce7953867ae728262e197f50,d1a6c750dbac738b0e1043930e60b0174bfb6ee07d26a255c81eeceb2ac80aa7,512,384
train/paper/paper526.jpg,train,paper,0,AI/trashnet/data/dataset-resized/dataset-resized/paper/paper526.jpg,trashnet_train,0d8032903e348d8797d74caa956af7613e3adf78d98eb7d44f5de41324122187,cc7fa0bef0c51d9f92b66258d5e6e8ec0e70a77d17c6b4c398e26a43662bb461,512,384
train/paper/paper530.jpg,train,paper,0,AI/trashnet/data/dataset-resized/dataset-resized/paper/paper530.jpg,trashnet_train,69c9f05c80d97470e575c5927f8523b0f4ffded91c0a18b53518a58c1a7b1787,09ef6c951c4addd5cb4da7a13f36302730cb893e0be8cf8c7de9257ea3080d08,512,384
train/paper/paper531.jpg,train,paper,0,AI/trashnet/data/dataset-resized/dataset-resized/paper/paper531.jpg,trashnet_train,19de2c32e6481800bb60f418780fa2062e40501ef9b4ebc6e1ddfec513d4169b,20b32b5ad1738d9e1218afcee63a6a8409379e1a3cdde83dde4fe1f5bf594add,512,384
train/paper/paper533.jpg,train,paper,0,AI/trashnet/data/dataset-resized/dataset-resized/paper/paper533.jpg,trashnet_train,2bfd415e787ffaa602c1eb66d53b7ccf998a1cb29516cbeafcb1c507d51298bd,2e873a05c29a9c3344e7cb0d3d91de31f5d328ce761a323eda6ec13358c51b57,512,384
train/paper/paper535.jpg,train,paper,0,AI/trashnet/data/dataset-resized/dataset-resized/paper/paper535.jpg,trashnet_train,b1873815e7343f96ce71943ba13d0de9acdffcb3daaf61d6a5293ea91e580ca7,2fbea8fac35c91dd996fdad3248156102a5950d5fd24b9b1043e7fc493977a99,512,384
train/paper/paper538.jpg,train,paper,0,AI/trashnet/data/dataset-resized/dataset-resized/paper/paper538.jpg,trashnet_train,6ffb73b219c5762d0a80ab7a5e02c336a000f866096c1f9b384e19e5ae32fdcf,858760e28881c0cb2c58b7de50058541790bffd5bf88c1645d5c6a298f71d963,512,384
train/paper/paper539.jpg,train,paper,0,AI/trashnet/data/dataset-resized/dataset-resized/paper/paper539.jpg,trashnet_train,26029bd2af59b209283f8bff5b91cd6521f2e56e5b7c6bd771695e6a448ab6c8,24e19007c20ee81e96b0f1f87fd3a2111cfbf5eab3e0ad398d6da2a39777cced,512,384
train/paper/paper54.jpg,train,paper,0,AI/trashnet/data/dataset-resized/dataset-resized/paper/paper54.jpg,trashnet_train,b186bdf63509f0e177ad7b9412666a8422b0c968b00e0e7f28e46ef493e4c8b7,8d802faf3f7099d258053e7fdd989d4d53c22e4a1106ccaef961e1930e6e9b3f,512,384
train/paper/paper540.jpg,train,paper,0,AI/trashnet/data/dataset-resized/dataset-resized/paper/paper540.jpg,trashnet_train,c3a2a284f11776a37db8b0d354f6c2aea9d46b9439709f4a79aeecaf577cb8a8,690759bfe5ca4752eea4eb490750c181631e84fd7aaed18178db51cddf5977c4,512,384
train/paper/paper544.jpg,train,paper,0,AI/trashnet/data/dataset-resized/dataset-resized/paper/paper544.jpg,trashnet_train,fc2c6afef0dbdf818a4bd80028819e10bd16cf16831c762ef49a6bd64857edc4,bd9f2ecb01a34acfc43bfe7846a61bfe507b9af3298c8500ff64084dd98a6df8,512,384
train/paper/paper546.jpg,train,paper,0,AI/trashnet/data/dataset-resized/dataset-resized/paper/paper546.jpg,trashnet_train,eda36d177b6ad3bc255f1298186bfb8b529f179136e9746f1a7d0265c9404235,74076cb60ee174706e0d96cbbc41b11003a82c7948374c40e487f0fc572f511f,512,384
train/paper/paper550.jpg,train,paper,0,AI/trashnet/data/dataset-resized/dataset-resized/paper/paper550.jpg,trashnet_train,873e89cca019d57e876d5c3167ee27469bf12bc234bc8e438410e06d48613991,bcdc356fd0293c24e6bfa867dda1524221f530f2d25baf5960ce8af31d99780f,512,384
train/paper/paper551.jpg,train,paper,0,AI/trashnet/data/dataset-resized/dataset-resized/paper/paper551.jpg,trashnet_train,96e4321c9db53697e4e736774dc1ec8e38a356ae174254999496a75860213852,64c47630ace5470b1baacd358cfd90899025c63225dc1c1dcbb680e0972fd84f,512,384
train/paper/paper552.jpg,train,paper,0,AI/trashnet/data/dataset-resized/dataset-resized/paper/paper552.jpg,trashnet_train,7b5f712e8ea0c176a923ce52bea635ae2c61cb2061a3214599414c7b84b28557,993a2ea845ab073c9d2d74f6cc792a9c6835b4d3a0d6ab5c9cc9372320bf5e7f,512,384
train/paper/paper553.jpg,train,paper,0,AI/trashnet/data/dataset-resized/dataset-resized/paper/paper553.jpg,trashnet_train,ada930715b7283772c19ddea06bbb12e936db535682644e692a6c360af4d2ce4,9bcb8a5168ac962be56b1fae089b21ed29366d3366b0f2ef87066bd9dd96578d,512,384
train/paper/paper554.jpg,train,paper,0,AI/trashnet/data/dataset-resized/dataset-resized/paper/paper554.jpg,trashnet_train,dae4a870646cd9b6ab60cbbc6bbc97460418323240824a32efda2f42f605bd26,28f7ab6e574f84fae7c8557bcc81b2370ab4acf401116871350cc717daa51942,512,384
train/paper/paper555.jpg,train,paper,0,AI/trashnet/data/dataset-resized/dataset-resized/paper/paper555.jpg,trashnet_train,864d3e080dbbfd68bae03035dbf482a1cb2879f9236982a2b0103bb4f122a33b,540229ebbee91faf2dc6a4b84fc6fe6201bd63bde831f558d20f016436c55371,512,384
train/paper/paper556.jpg,train,paper,0,AI/trashnet/data/dataset-resized/dataset-resized/paper/paper556.jpg,trashnet_train,54783d495508ba31e4fcee64a4f08802402fb9af78a57cc2727985964d7ec338,5363ef2d7dcdbbccfc86e07f2712369c0d60b282343d923001b515a7ea8cd6f9,512,384
train/paper/paper559.jpg,train,paper,0,AI/trashnet/data/dataset-resized/dataset-resized/paper/paper559.jpg,trashnet_train,f2897fe901c4e34ad283c176d59f9270a7b6629fb3ef48332d41e238dc17e974,97fb7f7c75538df264aba351e63ea57069da7511c476338c29d1d6c63ec4d94f,512,384
train/paper/paper560.jpg,train,paper,0,AI/trashnet/data/dataset-resized/dataset-resized/paper/paper560.jpg,trashnet_train,cf4d6f56134e7a8a6d914165047ff9399a953cad758b57f4fbad45369e045d6c,527c65be76a55b0e53e36579379a20acb20412c450d836a8cc2a2bee7afc4151,512,384
train/paper/paper561.jpg,train,paper,0,AI/trashnet/data/dataset-resized/dataset-resized/paper/paper561.jpg,trashnet_train,afffd4d9451b375e6907fc1d9b6a4ea4cdb04f9d10694321249aa8c4e0e5fcb5,2ebe081ac2e2dbaf5f23684603e9ca32ed167e0499656bc5ab6e4bd53445d03a,512,384
train/paper/paper564.jpg,train,paper,0,AI/trashnet/data/dataset-resized/dataset-resized/paper/paper564.jpg,trashnet_train,c0cd76e305f4f20ad7148220466bbd44b5026053594c34c0ac096cf86edf0ee5,1a521cd6c08084b5b1369991ffea57c98892a98b9b7085c0a7a40c4661af7933,512,384
train/paper/paper565.jpg,train,paper,0,AI/trashnet/data/dataset-resized/dataset-resized/paper/paper565.jpg,trashnet_train,293810fb17f833f24d38525b7cfd33c049c95ac0e2b760652d39e4a19555203b,3c6a2df66c6533ba6486ba16192a3e2af9dcd4cd7dfaaea9e8e4349183f7483d,512,384
train/paper/paper566.jpg,train,paper,0,AI/trashnet/data/dataset-resized/dataset-resized/paper/paper566.jpg,trashnet_train,c83d77940c7a0d595299b3d465596527e59378723f60a737bd3eeebb1fd32829,3a3dde08a9b8218321a2211e7078838978a56f39eabb0316bb1df17999334b64,512,384
train/paper/paper571.jpg,train,paper,0,AI/trashnet/data/dataset-resized/dataset-resized/paper/paper571.jpg,trashnet_train,026ff2aaf51863144d94ac30c00a9ebad58cdb01335f58128474e1b3bc386ca7,76eeb719a60789f9c131620e093bf2ef976908067757b9eb1221cd811304c1fc,512,384
train/paper/paper572.jpg,train,paper,0,AI/trashnet/data/dataset-resized/dataset-resized/paper/paper572.jpg,trashnet_train,f68e3a0bf970b94f85658c50b07a0dc6076125d56a068f89bdeea5a7228b23c8,b67c66949f4b69631b34f4f5113090885892662377f110c379d94ae3bd7d748b,512,384
train/paper/paper573.jpg,train,paper,0,AI/trashnet/data/dataset-resized/dataset-resized/paper/paper573.jpg,trashnet_train,01de0e642d3da0ca996db66780a0de0494a68a4f9897fdd8747850bcbac51174,e9c618213459129040e63fb8925c6a410cd61c7068d34429348402e92e091455,512,384
train/paper/paper574.jpg,train,paper,0,AI/trashnet/data/dataset-resized/dataset-resized/paper/paper574.jpg,trashnet_train,673bd5ccbbd97db5dcbb761aa782d16c856dc89888d8ac58974459306ff421e4,3057d953bcfca24f6973d5c45b209a62ab83a3b4dc8fc277313e28dd15dc0e96,512,384
train/paper/paper575.jpg,train,paper,0,AI/trashnet/data/dataset-resized/dataset-resized/paper/paper575.jpg,trashnet_train,38119fcc2f80936b404ef9b72083cae5e9d8fc8d97ec28e771e3b7fd5c215680,2c7340f18af6ba1f88203b70d27bc1c6be8d09aa336b12158b95532c8ace959f,512,384
train/paper/paper577.jpg,train,paper,0,AI/trashnet/data/dataset-resized/dataset-resized/paper/paper577.jpg,trashnet_train,9ce06b4214115851c2a0b489cf5506521eaddc4827f4557e9ac7bc1a6a7213b3,0a1b3bf68d23e34c6254808c979b79b4785b947d86b3a6fea2edcb211a4bf94a,512,384
train/paper/paper578.jpg,train,paper,0,AI/trashnet/data/dataset-resized/dataset-resized/paper/paper578.jpg,trashnet_train,2b86b60d03f14160ad6c118006403224ca898823a3150f2d2eaefac171ee36da,3cc4cd793eef9caed04bb0df641d86ec910d0b7f224eec91f6358eda4b7ffb6b,512,384
train/paper/paper579.jpg,train,paper,0,AI/trashnet/data/dataset-resized/dataset-resized/paper/paper579.jpg,trashnet_train,19ef2e438b9aa7a2cb382288f9f3cfee6db7e61c6918752cac3992ef28bb9fd8,62dce0f361de2a4647c2b45e9d515d2c4c2e4bdb42952c4db47d9c946539164d,512,384
train/paper/paper580.jpg,train,paper,0,AI/trashnet/data/dataset-resized/dataset-resized/paper/paper580.jpg,trashnet_train,41b57d2c0c364edc6d89b34d2e318c64088db2d0eb6d54a3551f1fc892484359,f0a8fb6400f460783a1bfe0d5de5be7a63208da874b40f0682580176ba6e3231,512,384
train/paper/paper581.jpg,train,paper,0,AI/trashnet/data/dataset-resized/dataset-resized/paper/paper581.jpg,trashnet_train,9e39fe347feca5439bdc81b9d343a22daa7cc6cc607e278b29f0394ed5064452,088d2eaa19c99081ac9d2bf2e070885e6666ccae7a65a8e983becc502327e7f3,512,384
train/paper/paper582.jpg,train,paper,0,AI/trashnet/data/dataset-resized/dataset-resized/paper/paper582.jpg,trashnet_train,a46ab9bf4e4533eee5976f7504e05aaea1cf61fcbbbf385c8c304df2524b3f85,cbe1bd38da5f3c9306264d61e1c8f9540c3572b9cebebb72c10372cefb260949,512,384
train/paper/paper583.jpg,train,paper,0,AI/trashnet/data/dataset-resized/dataset-resized/paper/paper583.jpg,trashnet_train,0e1fe4cbdbe701ceabdc1edebd372231c473d32037e93f9f034c7d3f4f5f2c7d,c4f87d47dc16db194c0a1ae7e6afb8a3881f91b2142d15a73b2380a89051fb65,512,384
train/paper/paper584.jpg,train,paper,0,AI/trashnet/data/dataset-resized/dataset-resized/paper/paper584.jpg,trashnet_train,3aafd94b9ef477f76fa3d6d86224b44680363abd0ebbb7af3a99930876290c3c,2774c9624610d74d028652c6b56d816b223ab3bf53ce2ae411d7124028169c0f,512,384
train/paper/paper587.jpg,train,paper,0,AI/trashnet/data/dataset-resized/dataset-resized/paper/paper587.jpg,trashnet_train,1ebebe6611cdb391116d723ea4429446eccfb74a3df35e94fe071360443c9725,a5d0ccf784e153b9ddcdee5b7231390ed6d6322f0dbc0ad1811ef32b5b6c273b,512,384
train/paper/paper588.jpg,train,paper,0,AI/trashnet/data/dataset-resized/dataset-resized/paper/paper588.jpg,trashnet_train,18e0117f5f511fdeeb8a0561d5df892b1136c923ccc992a9c6e83f728d06a0e1,89a2474473d0c88a60b1af98c484cce2a78da75d8f64bd2fa76565a275d9a247,512,384
train/paper/paper589.jpg,train,paper,0,AI/trashnet/data/dataset-resized/dataset-resized/paper/paper589.jpg,trashnet_train,36e9d6b35ec278b7a3c049bca5498f48796d2afd4fea3cc27451d29e857e4a33,335cef28e16d9aaf8df1d0a2c00e144aad9fe87228b2e4c775545c45e49dcac6,512,384
train/paper/paper59.jpg,train,paper,0,AI/trashnet/data/dataset-resized/dataset-resized/paper/paper59.jpg,trashnet_train,868bba7189276887f4f84a656cdfcd0f0934cb0a0308e8eba7806f37e7317e66,1c18d33f1e2aa084d3dbd7f78d458f794885b34bd0cfe07b16b791ca9c5c017d,512,384
train/paper/paper590.jpg,train,paper,0,AI/trashnet/data/dataset-resized/dataset-resized/paper/paper590.jpg,trashnet_train,7aed1fd9b1cf2a04270b3d90e182dabcdb6c96d604000d0e24f5d8c78715f2fc,a7b1eb057b80984aecaca0c24640f33b58eaef0cfc3fc4b9248e5190940a1663,512,384
train/paper/paper594.jpg,train,paper,0,AI/trashnet/data/dataset-resized/dataset-resized/paper/paper594.jpg,trashnet_train,599fbe6a3100966f04191ef72d57667e931232749390a7ccde24215951989032,2119dcc80e8c15a4c05e619ad05e7826e228cb731c25452128ef0aeb3487ca2b,512,384
train/paper/paper60.jpg,train,paper,0,AI/trashnet/data/dataset-resized/dataset-resized/paper/paper60.jpg,trashnet_train,491eaf967ece7e09187a49d0cf2bf908c615750720905c8f2dd91171a1203ac0,c1d01caa30ef25fa0cf9878c50714f0d9ef8a9843e92729f8012e96c10aee2ed,512,384
train/paper/paper61.jpg,train,paper,0,AI/trashnet/data/dataset-resized/dataset-resized/paper/paper61.jpg,trashnet_train,9ae5e85e7a9cb655510f9f48d4a53a84faa3d51d045524e030a23a75ca1e577f,87a7b718923c5ccfa74249221873249cfd8ef298886f5e7e13de68725ea9c4ec,512,384
train/paper/paper62.jpg,train,paper,0,AI/trashnet/data/dataset-resized/dataset-resized/paper/paper62.jpg,trashnet_train,d1617cc3a51acea892e1cfb461502ff7b02be2e2da0ae766c5e8beab3f3c741e,9f76edacdacce124a8a4f9f780f9937732a11d4e92a92c6495ccba945123bc15,512,384
train/paper/paper63.jpg,train,paper,0,AI/trashnet/data/dataset-resized/dataset-resized/paper/paper63.jpg,trashnet_train,964885f139cdf990d72377660e59192edeeddb213f1fa07353adec3262bf2f62,65dd9fdc485ed44a960dc399244efa476fea65f16a7f24202f1802b3f1a38983,512,384
train/paper/paper64.jpg,train,paper,0,AI/trashnet/data/dataset-resized/dataset-resized/paper/paper64.jpg,trashnet_train,d2976d8bd28f32817e8449f4aa100d10dddd104fef8e08b2eabadc16e54dcd3a,8b46ff3144d9e26712c776b97eff71d22af3a1b091b4d6e7ffb0ecfd7234eaa0,512,384
train/paper/paper65.jpg,train,paper,0,AI/trashnet/data/dataset-resized/dataset-resized/paper/paper65.jpg,trashnet_train,aad615f569f964529ee967722731f5323ae02f10f7cd21ce1214b4e7fd87152f,ec04eedf76141027fa27dacf0029c37efdc31df6b190447abb70eddeb7ed342f,512,384
train/paper/paper66.jpg,train,paper,0,AI/trashnet/data/dataset-resized/dataset-resized/paper/paper66.jpg,trashnet_train,faf309df70053e5bbae3f245fda3ed630a9afb81f105ee278d238d43221fc7d0,77c35569994cf6c64d83fa02218cf137fc8afe8385e0c4596187a42e476b0cec,512,384
train/paper/paper67.jpg,train,paper,0,AI/trashnet/data/dataset-resized/dataset-resized/paper/paper67.jpg,trashnet_train,7431fee541682c57e6e708de717d8816560fa625b3cb0b1c0ba0b97651082efd,30e17762fcf755df66eb8eb1dc1cc3683ba37cabbf4f636fd3f2fdc1809e6dbc,512,384
train/paper/paper71.jpg,train,paper,0,AI/trashnet/data/dataset-resized/dataset-resized/paper/paper71.jpg,trashnet_train,bbee1c3572ce9aabba96dc406c0b5bb709dbaabf8c95005eb26e4d4b96c92353,90d8d45a1d2648abb2918ba82995089e43be052c16043020230e58c428976067,512,384
train/paper/paper72.jpg,train,paper,0,AI/trashnet/data/dataset-resized/dataset-resized/paper/paper72.jpg,trashnet_train,f704f08e98f9cdf162057dd283b2187d3b26e2b98d58f488d633596a3f46b4c5,a16d57013072b14d0610a9b04f0b587a6259dc1c7586b6102321f7525d765ca7,512,384
train/paper/paper73.jpg,train,paper,0,AI/trashnet/data/dataset-resized/dataset-resized/paper/paper73.jpg,trashnet_train,cfc16f691225374dedc84d4fdaa372b3350aa7ec2499250b6e9cd120f159eaaa,c89be169f1221c97291d1c69e0808ea096d575e346b22c1628afd074f9bad04f,512,384
train/paper/paper74.jpg,train,paper,0,AI/trashnet/data/dataset-resized/dataset-resized/paper/paper74.jpg,trashnet_train,c09f59b8068c9177a2b014d946b326f4d28855c6b93276078d4cb9d7593910ac,790049d09cc68cc942a1b427c23a56cc51ec02ce6bee5e336d7f4b8ed0436ee9,512,384
train/paper/paper78.jpg,train,paper,0,AI/trashnet/data/dataset-resized/dataset-resized/paper/paper78.jpg,trashnet_train,bf7bc79ea0ceb7a689287b4cb2bbe366967affa7b22ded12dca31ed638a64adc,9622298046ce446c938d43770da0d39da373e69fe37aa9d3ed028e90aff86c9d,512,384
train/paper/paper79.jpg,train,paper,0,AI/trashnet/data/dataset-resized/dataset-resized/paper/paper79.jpg,trashnet_train,9ef7e1b92b57b8fb474aed635751be556b237785efa353aa35e12c46f588dcce,57cce89e8c2f4efaa1336deb451d2078604c5f7fc968414d8caf7d9601c572e3,512,384
train/paper/paper8.jpg,train,paper,0,AI/trashnet/data/dataset-resized/dataset-resized/paper/paper8.jpg,trashnet_train,d048ba0a934e54c5d61b0bf6c1fa7c6a08955481a780e8aa40b28450a2c2b1db,25274f66d7d29395eec14c2663029cda324f546c375b4a5bae17202d3d22af42,512,384
train/paper/paper81.jpg,train,paper,0,AI/trashnet/data/dataset-resized/dataset-resized/paper/paper81.jpg,trashnet_train,5a74aefc5d97df2259473445d28214ab4ae8bf3cfcc5c38e1e8031663f16a8d2,9ab366c9f68ce7b02567de7905d0573aa34d5818c4ddb58a6d18c0ebcc1a9197,512,384
train/paper/paper82.jpg,train,paper,0,AI/trashnet/data/dataset-resized/dataset-resized/paper/paper82.jpg,trashnet_train,d6634f6f19033597aa8bf6409e7f63cc3bf7ee807dd5bcd4d1cd1201ede72683,a8e86aa948134d75d78dce9ee6330303ebe8e9365f5efc429b03459e4618fe29,512,384
train/paper/paper83.jpg,train,paper,0,AI/trashnet/data/dataset-resized/dataset-resized/paper/paper83.jpg,trashnet_train,b802c684c77ebc0def38d2769145e5f9baaf1e14a97b6b52af9e31f4615dfdaa,f7e395734c7de8183d5ae87ec78c9ed00faa947275810161587fa546eb157f2a,512,384
train/paper/paper84.jpg,train,paper,0,AI/trashnet/data/dataset-resized/dataset-resized/paper/paper84.jpg,trashnet_train,8a20c1abf8ba3aab3d9ee69629057437bbc9e86000e468acf74da37d5310fc2a,6c74a5c64bf0bdbbf5faeb1896fd01d08063f7254812ab2333dc52d318c7f13e,512,384
train/paper/paper85.jpg,train,paper,0,AI/trashnet/data/dataset-resized/dataset-resized/paper/paper85.jpg,trashnet_train,ba24b0495b1c7590228018857d2f11cd85c456e22b653d46732c9b3a310d258d,e7a44ed7709285b026ebce83259dd34a9a2bc53d67204923b9168ab512351721,512,384
train/paper/paper87.jpg,train,paper,0,AI/trashnet/data/dataset-resized/dataset-resized/paper/paper87.jpg,trashnet_train,424e4b99c87b9a0bcde31b5835fb39f6428223508d1b3ed971d4d688b2d6aceb,a24aaeaa04ef8e49fed35ffef778f11e154072a240d5f1a7bd49907945abe2be,512,384
train/paper/paper88.jpg,train,paper,0,AI/trashnet/data/dataset-resized/dataset-resized/paper/paper88.jpg,trashnet_train,0f50acbfb49029b1b650b57ea8a7d8564ec544d9c9f5d541892f9f04d217070e,9fab97b4d74925b2a760fb9c52eb3791d0de34f04da7915c47ccc7992b4a3cab,512,384
train/paper/paper89.jpg,train,paper,0,AI/trashnet/data/dataset-resized/dataset-resized/paper/paper89.jpg,trashnet_train,04ae1ef1fa24fe00ce75eb46612e3858b38992218613a17e1fdb42072ffd227d,6091e46e030a4be2ecf7ec74f6f7f1fee12b4eb4c0b37d52f47b4bd3feb3ba48,512,384
train/paper/paper90.jpg,train,paper,0,AI/trashnet/data/dataset-resized/dataset-resized/paper/paper90.jpg,trashnet_train,21d783b57bfbe3bbf0da89a38e4d7414955ab366e7d29222e450fe6754f6df82,e36950c0a52971081c064202942e4dd70f6e4f2c12644917a535d2f6a3c7fa4b,512,384
train/paper/paper91.jpg,train,paper,0,AI/trashnet/data/dataset-resized/dataset-resized/paper/paper91.jpg,trashnet_train,ca7957de64e9ed35415141e78514fd1d246c3a9b6451230619c36269ac513874,44c66d29f79b358084e4bacfcb1543b315877c8651e3aa31e20a02f323e59b31,512,384
train/paper/paper92.jpg,train,paper,0,AI/trashnet/data/dataset-resized/dataset-resized/paper/paper92.jpg,trashnet_train,ec6e1d5683e3ceb8bc68e7617814db08a5a01907b24f5d9cad32b7385271da78,2d348203d53b12827f984b1de3bf10e6377877c80e952026ba6b3880e4ba4020,512,384
train/paper/paper95.jpg,train,paper,0,AI/trashnet/data/dataset-resized/dataset-resized/paper/paper95.jpg,trashnet_train,561669d95f05f86d8fdf6193957889bb3a3fb5b19f2adb87c14ee4110c7550dd,58c8f7374a8d269c249990c6cbc9249faf72dbc0af9e4124bf7c7769e9e1af7e,512,384
train/paper/paper96.jpg,train,paper,0,AI/trashnet/data/dataset-resized/dataset-resized/paper/paper96.jpg,trashnet_train,f310fda98ea28062df72f8ff060e63f6ab4ae0496da18a32b01ee9110cb4d848,b8f6cd87b12a3b3ffee1fa65efbdc385fbdad538a7595957505ce7a5aff24172,512,384
train/paper/paper98.jpg,train,paper,0,AI/trashnet/data/dataset-resized/dataset-resized/paper/paper98.jpg,trashnet_train,1e8d901da0c91216f96152b1e168b8809760b403c707342c8d79b33c309ea7fd,1f931232b91cc9c37a6ab355867b08818be84c1f14dd2786aeee4ab352ee7d7e,512,384
train/plastic/plastic1.jpg,train,plastic,1,AI/trashnet/data/dataset-resized/dataset-resized/plastic/plastic1.jpg,trashnet_train,5a81a13c442580a6839e0d350f98d6a6712f6dff47afbc5b436945327ca9ad37,8e56bf4c28cb775b96fe87e63bbbb747de518044dcb18767cf8aedf4fee54b3e,512,384
train/plastic/plastic10.jpg,train,plastic,1,AI/trashnet/data/dataset-resized/dataset-resized/plastic/plastic10.jpg,trashnet_train,506370e2423c2b1f319eab858cabb55417b813900286171480c871d619dbd25b,cd9d5ed247c3799dbabb6c1cf4cab0665fe02173deaf1f73dd3720df692e26d1,512,384
train/plastic/plastic100.jpg,train,plastic,1,AI/trashnet/data/dataset-resized/dataset-resized/plastic/plastic100.jpg,trashnet_train,00e0bbcc0a75007fb79cb8e2e96a48c3d32941ee9ae8918590f846261d5aaac1,8791decb36b2b1e8366b469b1f3cb65c127082124561ec0c598b4a040b3db632,512,384
train/plastic/plastic102.jpg,train,plastic,1,AI/trashnet/data/dataset-resized/dataset-resized/plastic/plastic102.jpg,trashnet_train,f35be988683274741b7a26d147953d4fcf63b6dfebb6fe72601c6a56e3c9eda2,754f7515f8f2c423c4a2019cda6622a4aa47ccafe1b91f3760754d1ee798f27f,512,384
train/plastic/plastic104.jpg,train,plastic,1,AI/trashnet/data/dataset-resized/dataset-resized/plastic/plastic104.jpg,trashnet_train,ee2efd0c3de2816f3009e3220d6ceb0bf1ba3f9b02563814f85fc4fa9fd09972,0b74e6e6fb2cb05dcdc08ea36ee2cea943be0a11016959fea22ff04ab28b10b8,512,384
train/plastic/plastic105.jpg,train,plastic,1,AI/trashnet/data/dataset-resized/dataset-resized/plastic/plastic105.jpg,trashnet_train,4b3baf362454ca82fa25407200355a6646ee8d2fd89bad5f146a35fe1ce61ebd,df4a60735f07c860fd12a3cf9d619b5abc109e6e98787f3b3efbe32063554a31,512,384
train/plastic/plastic107.jpg,train,plastic,1,AI/trashnet/data/dataset-resized/dataset-resized/plastic/plastic107.jpg,trashnet_train,4f8d3355d35f5db081ef90641b4d31fbb283c4dd5003e764ac71eb977fddf502,d227f60c072d0dd5d43d8060a7ae5ffee8bda06a7fb70528785ca4680d6b8733,512,384
train/plastic/plastic108.jpg,train,plastic,1,AI/trashnet/data/dataset-resized/dataset-resized/plastic/plastic108.jpg,trashnet_train,d80c2be26802da61053a83ee095eac4460a9a505cc9b757fddcc3649aaa48265,88e96680d172b058f2514bd0a9874ae32374650a765ea20fdd09d86edd8d9fab,512,384
train/plastic/plastic109.jpg,train,plastic,1,AI/trashnet/data/dataset-resized/dataset-resized/plastic/plastic109.jpg,trashnet_train,bec428c22bb87fe0c47558ad00516742c36558c87d8da223803baa40e8bb450e,bc1dcbf145a1e7ccf56c8d845f1cefc80512cc5cc5dcb23cc279f09524e7a643,512,384
train/plastic/plastic11.jpg,train,plastic,1,AI/trashnet/data/dataset-resized/dataset-resized/plastic/plastic11.jpg,trashnet_train,b086f7eb43ec7d3b990c5e1a4250ac23472c4b79b093fb5d33b3bcac75ea072e,b71680df7a3b7518b792d92034ea83987b129c935804826444aa356fb62a3ead,512,384
train/plastic/plastic110.jpg,train,plastic,1,AI/trashnet/data/dataset-resized/dataset-resized/plastic/plastic110.jpg,trashnet_train,1078b4398ee115a73d3ab007959c970e3230ca232d840e2d00d4f6038949d6fe,90d655552ce5d32d2755c7256ff673514266fd370f4687a5055e27ba4fea65e9,512,384
train/plastic/plastic111.jpg,train,plastic,1,AI/trashnet/data/dataset-resized/dataset-resized/plastic/plastic111.jpg,trashnet_train,ce76f8922e3279d04f3b73d6f2bf485687643244d8620b7f9af9cbc97c3152ce,216faad533de876044c573d8237fb953fffaf77384c70610793791fedd26fe70,512,384
train/plastic/plastic112.jpg,train,plastic,1,AI/trashnet/data/dataset-resized/dataset-resized/plastic/plastic112.jpg,trashnet_train,cddcdc2acedaa90d51f298ac2f6ab32a219eb318332763003502476e3dc55fd0,4fc46c7c042678189ee5329d951ec240e53d06bdbfb0410dae52b848f8114008,512,384
train/plastic/plastic113.jpg,train,plastic,1,AI/trashnet/data/dataset-resized/dataset-resized/plastic/plastic113.jpg,trashnet_train,44d8c7b8b344ab3ba030ea0492d186b786fdc4a8c2010aa2e8a0dc98cb4e1ede,1aabb71bf6fbfaa2359db20f14279b17668fbb3428be395bd9b4ce170eb7e4f4,512,384
train/plastic/plastic12.jpg,train,plastic,1,AI/trashnet/data/dataset-resized/dataset-resized/plastic/plastic12.jpg,trashnet_train,9276e09c44fbf0dd5bf7f405de6efd7edfe61099f7de9019879d2eaba07f47a6,1a0d1b4653026efa1d7d142ce826ce2c40bd099112275437919288ccdb42a34b,512,384
train/plastic/plastic120.jpg,train,plastic,1,AI/trashnet/data/dataset-resized/dataset-resized/plastic/plastic120.jpg,trashnet_train,9b14d5eac0254df0500b1800cc7b48d26232d4a79c4eb8f51461e3da9e5fb1f6,614b68d9de5108a15d794db816fc461e3ec3f57ef76e3d9f15b0c230c72b6403,512,384
train/plastic/plastic121.jpg,train,plastic,1,AI/trashnet/data/dataset-resized/dataset-resized/plastic/plastic121.jpg,trashnet_train,475d2f7b09bac0c800b26af40dcfc9de1e7c85aec2c84d5390f3cbdee85bd7fe,9476f75e25e41f76a0f2061c826358075b048e60413c56aef65fc7b00b3ed158,512,384
train/plastic/plastic123.jpg,train,plastic,1,AI/trashnet/data/dataset-resized/dataset-resized/plastic/plastic123.jpg,trashnet_train,e2ed78bab86b4353434bb3b05e496ed7770ef709daf1ca13cfd0e7740a000b99,cd6800c4453fdcc7ed42ce7dc6cfa2623c2cecd2c0e35288fd5e785128f0f47d,512,384
train/plastic/plastic127.jpg,train,plastic,1,AI/trashnet/data/dataset-resized/dataset-resized/plastic/plastic127.jpg,trashnet_train,bcce89202c141ce13a6f4bc83bac9fdbe3d703b93cf55b96e5e9b76523d3bcd7,7c5e899e95f4c5f8e94cc9f398228ddb64396db7c00f70f3e4d28a6aa66b85e9,512,384
train/plastic/plastic128.jpg,train,plastic,1,AI/trashnet/data/dataset-resized/dataset-resized/plastic/plastic128.jpg,trashnet_train,a26e462649edc9bef4fea36cda86c8e8433219c03ac428a97243467c7dfddb82,3fa2cfb38c3bb428614bce145d219a7b00df8b5cfad436a288031b03024b36ec,512,384
train/plastic/plastic13.jpg,train,plastic,1,AI/trashnet/data/dataset-resized/dataset-resized/plastic/plastic13.jpg,trashnet_train,27c2ea40bb631374f93d50e184e9cd31cfc4f211a471f7dc6e8b2a209856798c,023cfaa70174e0b8431b04a0b17e59ea1c6b314f883538b99c32c7ff3c8582b2,512,384
train/plastic/plastic130.jpg,train,plastic,1,AI/trashnet/data/dataset-resized/dataset-resized/plastic/plastic130.jpg,trashnet_train,05da256767172a2eb0619d0014d6763bb4cbb92b75e3fd328c5db86f6f80f6bc,0d5b1ee7fed57c9035f4cf9ad32e7225dc55f3381288eaf788fdad57c3a694f6,512,384
train/plastic/plastic131.jpg,train,plastic,1,AI/trashnet/data/dataset-resized/dataset-resized/plastic/plastic131.jpg,trashnet_train,9e65c52e21e2ab0d53c5d02032a6b8c7d2bc1176a92727850e56ac55ad8048e6,a18ea9d4c28e05f248a88234ae2000c2791508782f6728867effb54e0910d0a3,512,384
train/plastic/plastic133.jpg,train,plastic,1,AI/trashnet/data/dataset-resized/dataset-resized/plastic/plastic133.jpg,trashnet_train,1fa0f0b2c0ff6e61c85ad20f23460bdbbd9cb96a27cec75c76763747716c9324,6d0f6f1f4e926798f6b5c5211aa6bf216d8053b6897d40c723b4712ad5585af1,512,384
train/plastic/plastic134.jpg,train,plastic,1,AI/trashnet/data/dataset-resized/dataset-resized/plastic/plastic134.jpg,trashnet_train,f20f144f44908e67f1008cf6344d9fc12a72a6f9883a063722b4dbfe10bff064,aeb9dc600f18f014f15d4934db474a37523e0894807ad3087b36eae683376da8,512,384
train/plastic/plastic135.jpg,train,plastic,1,AI/trashnet/data/dataset-resized/dataset-resized/plastic/plastic135.jpg,trashnet_train,39fa46dfa5ddaace2af4e36919d320f5abad7718b7d00d227dd0decca92c92a3,54537b6d1ec7ede2a9522b34cf0e84c0ffc6b02d28aac3b04c7853934cd917e0,512,384
train/plastic/plastic136.jpg,train,plastic,1,AI/trashnet/data/dataset-resized/dataset-resized/plastic/plastic136.jpg,trashnet_train,2b8b7b53c225e04948f7c1c875ebc4be4382268dd5ec4b0184bcaddae505273e,91ce60f714ccf3ce24ddd031dce4abef7d8b6d203ea94ff6afe0f6c6f9a83fbf,512,384
train/plastic/plastic137.jpg,train,plastic,1,AI/trashnet/data/dataset-resized/dataset-resized/plastic/plastic137.jpg,trashnet_train,de59966908bd7f79f6a902350212ff69e473b34f3c60ad4c4c97dbdc90fd2e9a,9604575aaee70819462741cf4d64bd49a19f13ba33488b250a80ab9d0bdbe1e5,512,384
train/plastic/plastic140.jpg,train,plastic,1,AI/trashnet/data/dataset-resized/dataset-resized/plastic/plastic140.jpg,trashnet_train,a6b5c0650a6b5b6f2117fa074bc95b7766eebdf6fe27f177dcd9554458e58516,26010d727e68f9f6b50f410bd94f4d3f38d85bc6687efd98bae231ebff1eb551,512,384
train/plastic/plastic141.jpg,train,plastic,1,AI/trashnet/data/dataset-resized/dataset-resized/plastic/plastic141.jpg,trashnet_train,a4f6e17f8c565e8a319d01d67287cef90f4ff74b2c476f4492f52343e21d8137,93ba2b660dad271039a2c3ddf804f352c0320adb28134c36072d7da79ce2088e,512,384
train/plastic/plastic142.jpg,train,plastic,1,AI/trashnet/data/dataset-resized/dataset-resized/plastic/plastic142.jpg,trashnet_train,630e0de1fe0eea7e7142e238032ec10b6fff345411bc79ebfc77bfe441ee71cd,e599ab88bcf0ed7f1e182fe6e48a047ed246467ee7a6cfe3766da80da5542db1,512,384
train/plastic/plastic147.jpg,train,plastic,1,AI/trashnet/data/dataset-resized/dataset-resized/plastic/plastic147.jpg,trashnet_train,8e8e7e44749452543840bffd4d52cea0a9cb0bfde68fac8188055f5bf884db62,276719d9d9922ef17e24036cad091f316ec51e4a0a4b050a3ace10a14fea56dd,512,384
train/plastic/plastic148.jpg,train,plastic,1,AI/trashnet/data/dataset-resized/dataset-resized/plastic/plastic148.jpg,trashnet_train,daeebc24a8ebcbfdc7b1c383c6d745a188ead378d37db005f532a0fdd8c8d38a,6f8145eb1b8c042a3755db4bebc5cce221aad4787fdf4afc1208885ada61a581,512,384
train/plastic/plastic149.jpg,train,plastic,1,AI/trashnet/data/dataset-resized/dataset-resized/plastic/plastic149.jpg,trashnet_train,443a178c7fe0793564fd8213aea0dc218c863f50fa6dd43f88e47b837f807e9a,4fe610d40364e093cbecd9b576fa8c15ddd78207de74728b0f6a34d532c670f9,512,384
train/plastic/plastic15.jpg,train,plastic,1,AI/trashnet/data/dataset-resized/dataset-resized/plastic/plastic15.jpg,trashnet_train,5dac04cf4d4fcc77d7469a3985b587f325f785523b31e6c8d504f4d7c7f4ed75,33b0306ea1a436005d480590b1d5f5d1ffae19619b767b15d27de2c33678f5e8,512,384
train/plastic/plastic150.jpg,train,plastic,1,AI/trashnet/data/dataset-resized/dataset-resized/plastic/plastic150.jpg,trashnet_train,199d47eb6ffe222c8aec598467b1c9a4f5d4928f5911eb6ed0205e9378a11d92,1b3df4ae1aec49a0e79b7158c7d9efe6c49925a4a2674d26b8a9f9818cbde5ef,512,384
train/plastic/plastic151.jpg,train,plastic,1,AI/trashnet/data/dataset-resized/dataset-resized/plastic/plastic151.jpg,trashnet_train,65669691c0dfb00aeca597fd6d2ab22473e5734feb3c2fee9160920255234def,2537fa60b29ad2fb9c09880420f43e34810e02e5fd2a1b957cd23e348e72e51d,512,384
train/plastic/plastic154.jpg,train,plastic,1,AI/trashnet/data/dataset-resized/dataset-resized/plastic/plastic154.jpg,trashnet_train,30d4a12de850e642437cd40013f09f68b32193d7d935ec2ef3a3200c0a80b4b3,fe86978558e3214e4fe48a065ea21870fdf5fc900d966dfd83ad7517fddd4083,512,384
train/plastic/plastic157.jpg,train,plastic,1,AI/trashnet/data/dataset-resized/dataset-resized/plastic/plastic157.jpg,trashnet_train,8da02dffba1358a9ef9130ee86d4f02f8db163976d022abac541b82b60524ea3,b27d300e9878cfaa9ef8f0bf186081977c4e788b98109d5e5492932cd4dd0c2e,512,384
train/plastic/plastic158.jpg,train,plastic,1,AI/trashnet/data/dataset-resized/dataset-resized/plastic/plastic158.jpg,trashnet_train,ddaf814b724a50341a48db8f05d3632939afe0fc0ee44cdebae43cefde327d80,499d24712e95fa112dd4dadb7399f4df3ad85c4edcdf1ad70425f6927968dce5,512,384
train/plastic/plastic16.jpg,train,plastic,1,AI/trashnet/data/dataset-resized/dataset-resized/plastic/plastic16.jpg,trashnet_train,33c554d03819abd4f0f326cf8b07b00611ea4d2c92dbaa53e51718989e9a2166,20c717fae35134c9f90a41919ce576a3f29e91dea3cb81634b2a1403c2a68988,512,384
train/plastic/plastic162.jpg,train,plastic,1,AI/trashnet/data/dataset-resized/dataset-resized/plastic/plastic162.jpg,trashnet_train,09a6d4927b5d8d3c819db94ab60cc96a484abd731c2c08f323033a80430e3467,1df90e68a06f31586495516f50cd4cf76c23a87cf784d582ab644b22ca385f11,512,384
train/plastic/plastic163.jpg,train,plastic,1,AI/trashnet/data/dataset-resized/dataset-resized/plastic/plastic163.jpg,trashnet_train,89639ec1d3248a9846e4bc2b943826fdc0e26200bda8196bd0b5d81fbb9cac0d,e768f0632d65fb7bdbc53db7cf497e995493d81fbb8e3fd3ecc0c2d59cbf3d40,512,384
train/plastic/plastic164.jpg,train,plastic,1,AI/trashnet/data/dataset-resized/dataset-resized/plastic/plastic164.jpg,trashnet_train,043b7646fdac3e6af282ae292b74a8cca39e8d5edc36b004046cf348689644da,e3ef94f088de4aa8d1161c5be73f9cec2499f52e0360377bc7853769bc22f938,512,384
train/plastic/plastic165.jpg,train,plastic,1,AI/trashnet/data/dataset-resized/dataset-resized/plastic/plastic165.jpg,trashnet_train,5f3f970fb7fa2143711f163afe4a0d92cb86b338f1615271e77345884f148704,80b04003e05050c1601b4c8dee6b553187198b26dc38210d0ac31da408d96370,512,384
train/plastic/plastic167.jpg,train,plastic,1,AI/trashnet/data/dataset-resized/dataset-resized/plastic/plastic167.jpg,trashnet_train,d4143c9315967ea98cad769421cfe61b87036ce99a1faf670277eee1801d9c73,4a0b5006f244343c6e9782f6a9b0e25a5589c5766566c9650a998b1a929aabf2,512,384
train/plastic/plastic168.jpg,train,plastic,1,AI/trashnet/data/dataset-resized/dataset-resized/plastic/plastic168.jpg,trashnet_train,48f49b87a652760a34af2b71b85a03aa1f4f71b522d6abec5c9f917caeb60c22,930cff934fa1c25c0242c360e229607d2fd2191c2fc7a9febc33f8f7fd25877a,512,384
train/plastic/plastic169.jpg,train,plastic,1,AI/trashnet/data/dataset-resized/dataset-resized/plastic/plastic169.jpg,trashnet_train,ea63e0f3a543c45c158a408a2fb730cff3d32d146f501d04fff4bec4ff0ad87f,532701a18ab15f271206ce2916e3163cb64d047f882ebd6c8187e3616b5db318,512,384
train/plastic/plastic17.jpg,train,plastic,1,AI/trashnet/data/dataset-resized/dataset-resized/plastic/plastic17.jpg,trashnet_train,fd9a37742993b172a194cd520203a6e684db8872facad1f8780da5f763b3ece3,54e9e2291b5bc8c444cada502ca66d4ad9506159eeeb9664c81f3e30966685c0,512,384
train/plastic/plastic171.jpg,train,plastic,1,AI/trashnet/data/dataset-resized/dataset-resized/plastic/plastic171.jpg,trashnet_train,1db8f6f300a11f18fc6a82833ae08ba187230fc922c4abf5a92d4fc8d67b39a9,92c37bc80566af4607b069ca11704baced4fbf69dbd352ded1677bb52df7f5d4,512,384
train/plastic/plastic173.jpg,train,plastic,1,AI/trashnet/data/dataset-resized/dataset-resized/plastic/plastic173.jpg,trashnet_train,0e5498eeb7c54c88280aacb7e375089fba40be8473c73127fc592fc6e763db5e,19741cdd203a2f4cedaeb66f6de23b2b94f19c822f124647b3066240107222d2,512,384
train/plastic/plastic174.jpg,train,plastic,1,AI/trashnet/data/dataset-resized/dataset-resized/plastic/plastic174.jpg,trashnet_train,306c7ebe95c1736d28d1cc93d3ec4cde04003cf1279fcfed8bc246af10ac6d36,246ca35d4041d5e2f7d8d0c3a7aced36b238f5f4080b96602ad4adf3e9ce11bd,512,384
train/plastic/plastic175.jpg,train,plastic,1,AI/trashnet/data/dataset-resized/dataset-resized/plastic/plastic175.jpg,trashnet_train,9bec7462014a741d2e75faf29ca2b43e55f9781cf7432dc0d03b1103db9e4f0e,5c1eed133dae1e4656a21c2bf76c3ce1ca7f76720f4a868e0487dbe6a50250fc,512,384
train/plastic/plastic176.jpg,train,plastic,1,AI/trashnet/data/dataset-resized/dataset-resized/plastic/plastic176.jpg,trashnet_train,72abdcf185dc7df2d4679d0449f54656b550e7e80088ec8bbe94598f51638fd9,75fa7cdc211e1397b16f403806b7fe48c3f026ba5c764b7cae7ada0799ca9704,512,384
train/plastic/plastic178.jpg,train,plastic,1,AI/trashnet/data/dataset-resized/dataset-resized/plastic/plastic178.jpg,trashnet_train,9d42a746c0d30e6cc21cd40c35189cdffa651035f95ec552dadfba5cfef83fc4,f65e2f9dd5d3bb3ab59ffd735884a25313c215b48e47605752d66719a765fe47,512,384
train/plastic/plastic179.jpg,train,plastic,1,AI/trashnet/data/dataset-resized/dataset-resized/plastic/plastic179.jpg,trashnet_train,ad299921a80a27a58d01757bd887dd9c255ecf55ff18ef6fc4d97e03aceee118,e2264e5db072aa5a4f977365bb859379de3bb599bdb525115db3fcd695040f8f,512,384
train/plastic/plastic18.jpg,train,plastic,1,AI/trashnet/data/dataset-resized/dataset-resized/plastic/plastic18.jpg,trashnet_train,75f4d51c55138ec671dda4488d50c6742730fb5124a7acdb4bbe1655bb54f802,1558c0d5ad2ee4e8eb82d684054285d0fe4db0e10abe7421207dd99a9cf82140,512,384
train/plastic/plastic180.jpg,train,plastic,1,AI/trashnet/data/dataset-resized/dataset-resized/plastic/plastic180.jpg,trashnet_train,2d1992d1550347f99e6aeba304ca7794d2021aad257d048e1a3d2303a524f304,2fdfbcbcba2f7fc276aba7da2ec9fbf32cfd3d4aa33bd631afc499cbb008c748,512,384
train/plastic/plastic181.jpg,train,plastic,1,AI/trashnet/data/dataset-resized/dataset-resized/plastic/plastic181.jpg,trashnet_train,856aa849534ac1859b5a85bf76b7ca02a18e608d2258841cf2215dabff8c4629,b25187dc2ac1defc40e7bc19233ccf1832f47f7f6f5c2c9f29327249a7e434a4,512,384
train/plastic/plastic182.jpg,train,plastic,1,AI/trashnet/data/dataset-resized/dataset-resized/plastic/plastic182.jpg,trashnet_train,0eaf0d06661b144a9c06dfd259403eabd5b2f10e1fd31d51dc658b69e93a6068,0801d075a1420fc62253d1d7834d8fbcadf7df933a52a09dd2a34b6a3596a66f,512,384
train/plastic/plastic183.jpg,train,plastic,1,AI/trashnet/data/dataset-resized/dataset-resized/plastic/plastic183.jpg,trashnet_train,1bb07d23d88c135a03b8ccb4ab47497dc3bf231cf194a0cf936310d9766195c2,afe610f72383cfde6fac2e7df712db4d75c6422a904059dbff23c3d1f46d0bdf,512,384
train/plastic/plastic184.jpg,train,plastic,1,AI/trashnet/data/dataset-resized/dataset-resized/plastic/plastic184.jpg,trashnet_train,8fbf45b1666f41f5d19903edd5822de96bd449309f12fe668891c2538f08d961,1e2be8f2f32582f4aab5b4ca9c5cbf0c79a769216aad6452b433634d10db9de6,512,384
train/plastic/plastic186.jpg,train,plastic,1,AI/trashnet/data/dataset-resized/dataset-resized/plastic/plastic186.jpg,trashnet_train,7ef599e5edf2b0c5ba84992507aa5a90250faf7c1fa9cbc93c0c42601a0e0c24,1e3ee5a7b0791ff502fda5601814a9b05fedf459f24b0e268a872732d6c98aeb,512,384
train/plastic/plastic188.jpg,train,plastic,1,AI/trashnet/data/dataset-resized/dataset-resized/plastic/plastic188.jpg,trashnet_train,95ee1f7a19e5987f0be3e7dd0781f374ecbd7a10666deda14a6fba1c63850c51,dfbac34096da5a24c0643b36dcc63a1d3527a384a6ab6564f5b8758f124cb91d,512,384
train/plastic/plastic189.jpg,train,plastic,1,AI/trashnet/data/dataset-resized/dataset-resized/plastic/plastic189.jpg,trashnet_train,281f3d7df5b3343a51832a2c06ab6c95d9999ff8e30c40c55684d670dbfaf6eb,9255df7b5ca50ff95e2f5890cfe931ff4553c37cdc2b00f4e38f239e6bb5c610,512,384
train/plastic/plastic19.jpg,train,plastic,1,AI/trashnet/data/dataset-resized/dataset-resized/plastic/plastic19.jpg,trashnet_train,aff2c03bafe7c1efcb645ad0b57114df478f5f04aaeae15d16354e414f2445eb,4ed3a9da97f699e255cad8375673b99a3f96ce635cbe525315a3b1f5406db89f,512,384
train/plastic/plastic190.jpg,train,plastic,1,AI/trashnet/data/dataset-resized/dataset-resized/plastic/plastic190.jpg,trashnet_train,a958771cab8ecb665a768a1b9e1605f289f4beab74938d1255ac3e04fe77cf14,213ae35ca3b1340ea982e0c8b2a3a0731e1439e7ec11c8ae58cfef587a3a87e4,512,384
train/plastic/plastic191.jpg,train,plastic,1,AI/trashnet/data/dataset-resized/dataset-resized/plastic/plastic191.jpg,trashnet_train,ec065cf4559fb3b6aca7e07624d2bed44edd2495850087dde7decbf2af6a8070,e8e95affe8b951c64872852ed989d152b6583f31f71d0cd2b2fb5f83d96a3828,512,384
train/plastic/plastic192.jpg,train,plastic,1,AI/trashnet/data/dataset-resized/dataset-resized/plastic/plastic192.jpg,trashnet_train,24470846efab9351855d86998eaa42f45963d6189bd138754a49a6bbc869bf71,048f69b7519c31f0dba039e08393d0856e3219a644ba8d004d0f4f51e3860de6,512,384
train/plastic/plastic193.jpg,train,plastic,1,AI/trashnet/data/dataset-resized/dataset-resized/plastic/plastic193.jpg,trashnet_train,776539e44e0e0a70b9691a97fc5803048d4e6435f2ac37c6f94054c89f65f177,9c7d4fa7e60783fb21f8aa06d620013ef88814a5ada7561471ca5cc1f41d65a4,512,384
train/plastic/plastic194.jpg,train,plastic,1,AI/trashnet/data/dataset-resized/dataset-resized/plastic/plastic194.jpg,trashnet_train,e065d6d28ef07271accb840f14449ac7a73128c09fa04e35819a1083960934cf,4053780165bee82788792532ebcceb2b3f8e5777b1b021470fbb86085959c265,512,384
train/plastic/plastic195.jpg,train,plastic,1,AI/trashnet/data/dataset-resized/dataset-resized/plastic/plastic195.jpg,trashnet_train,c1ee09df23c4e7df0882b4be96914e7d41c9f6f6c5e85a475ea6ea709c5812b7,2898c98f479aa7d525b670e6d0b8b2a40dacc26e97da0ae852b8131e5fc56150,512,384
train/plastic/plastic196.jpg,train,plastic,1,AI/trashnet/data/dataset-resized/dataset-resized/plastic/plastic196.jpg,trashnet_train,9b1ff3737dd984d1b81ecae4ef290f894cee197eac3b1e586200ec186a20ead4,220b4fb705635c1be7e41b63c0e8ff2211ec142898f196f5e947b2dc27b3eef0,512,384
train/plastic/plastic197.jpg,train,plastic,1,AI/trashnet/data/dataset-resized/dataset-resized/plastic/plastic197.jpg,trashnet_train,2b8514ca220fb7845a3d00a99c9264aeb973ec292e43ee04adacda7d86436b45,b861c9837ce333f72fb219cf26a5708724ab3ede9980611287282eb0877e375a,512,384
train/plastic/plastic198.jpg,train,plastic,1,AI/trashnet/data/dataset-resized/dataset-resized/plastic/plastic198.jpg,trashnet_train,fcf9e895001a17b7c76f70b6e9aa3e96628405f8aaa1c51fc7f318d305393aef,a0417b4c8b7c1852aff0c328fa028a57bade1982f5424d4b0a71237d43dce7c6,512,384
train/plastic/plastic199.jpg,train,plastic,1,AI/trashnet/data/dataset-resized/dataset-resized/plastic/plastic199.jpg,trashnet_train,73ffbaac6d2f854aee7874a1b7bed2c11aaf7441464ec54f22ff01e84c07f2c1,2d940858032e2e10f7ab285246fcf9d1499a2baa798ce3bce5cc24e456fcff8f,512,384
train/plastic/plastic20.jpg,train,plastic,1,AI/trashnet/data/dataset-resized/dataset-resized/plastic/plastic20.jpg,trashnet_train,7be5d6ed8c3910e9d59de6f6ef91d18c4f1c2a731409e368ff639debc32ac857,a4bdefb80641496c44b473d0b99b92b9caa4cdc3b8bb4afeb3aca952c63a27b7,512,384
train/plastic/plastic200.jpg,train,plastic,1,AI/trashnet/data/dataset-resized/dataset-resized/plastic/plastic200.jpg,trashnet_train,a093b5e32fcc49641c4990cea1505286e2f9a2fc54526bf100ab2eb6a6728dfa,d4f139b8074a8467d15d6104d27f820c76f8407ef2b7ba984bd7a82ab1d970c6,512,384
train/plastic/plastic203.jpg,train,plastic,1,AI/trashnet/data/dataset-resized/dataset-resized/plastic/plastic203.jpg,trashnet_train,777d4e22a9174ad4988c425841699edac66165eb0f1027cadb26328f677ed61f,4a03a2c0dfe89eafea0735045dae0d9354e121a912bff07424b5ef2830a1c125,512,384
train/plastic/plastic208.jpg,train,plastic,1,AI/trashnet/data/dataset-resized/dataset-resized/plastic/plastic208.jpg,trashnet_train,7066e4ba418dc5633759f9648810860845dc918332edcd49d0a505e434a6855d,f0acd2bd30a49cbef50703adc1c20a42b835afef6e7ef0fa7da5cdf384f725ef,512,384
train/plastic/plastic209.jpg,train,plastic,1,AI/trashnet/data/dataset-resized/dataset-resized/plastic/plastic209.jpg,trashnet_train,9d2cdabd68f4df9e76b989ff882f2fd0895a1b1d3633f01e479c52dc94db1161,921fafac498ee8a8a5faff65a87bfb6ad2a3266adfe2bde026dcf3721f9f4b64,512,384
train/plastic/plastic210.jpg,train,plastic,1,AI/trashnet/data/dataset-resized/dataset-resized/plastic/plastic210.jpg,trashnet_train,566cd36e559ec9463bc6baf55745354735df28e16b31bf95fe57ece0f0110977,5fa378aa22da0ce9368daa959b32cbd7f9c20353fbd70f05466baa12aded7243,512,384
train/plastic/plastic211.jpg,train,plastic,1,AI/trashnet/data/dataset-resized/dataset-resized/plastic/plastic211.jpg,trashnet_train,1f3bbd7da2c877ba9a65f9083d7ec14b211994001f10f8f01d2a081c8d604301,d10e27a7b9a34c5b353ca5aac7670668d41c2ec7b5ecf96a3097328747317178,512,384
train/plastic/plastic212.jpg,train,plastic,1,AI/trashnet/data/dataset-resized/dataset-resized/plastic/plastic212.jpg,trashnet_train,f1b4123293e14703463b22dd12f2ff8840ae59b2edccac42f02d8635cb5922fd,32d423dedf8c2234a9763f2eb289cc951ca6ac412ff74fcb8fe54be466685a3e,512,384
train/plastic/plastic213.jpg,train,plastic,1,AI/trashnet/data/dataset-resized/dataset-resized/plastic/plastic213.jpg,trashnet_train,734c7013e660553d0be8bdd872b13ab814919dec7794011be9139f5fdf124f29,28ee12cc9a0e407138a8f4615304e6593374d1635be2912dc08a1683a14b294b,512,384
train/plastic/plastic215.jpg,train,plastic,1,AI/trashnet/data/dataset-resized/dataset-resized/plastic/plastic215.jpg,trashnet_train,a3858f8eeb36befa8c708c87e52bdb7bc9bdd20b73a4375fe6a856ca23ce6262,f5dc6751ce12fc797a92d1084c79ed5248859a7e0fa152ded33d806d659abf4a,512,384
train/plastic/plastic216.jpg,train,plastic,1,AI/trashnet/data/dataset-resized/dataset-resized/plastic/plastic216.jpg,trashnet_train,353979eb66dcf41890687639974f69993de17321c0d38082341eb4af831df4fd,5ac036136989723b8a459e6db2b7a21ab074ec27479bfddafa8d00c3afe730cf,512,384
train/plastic/plastic219.jpg,train,plastic,1,AI/trashnet/data/dataset-resized/dataset-resized/plastic/plastic219.jpg,trashnet_train,45ccd79331785e8cc08dc6f31a02f471c4bbf44300d562a553e8fb21b18c3857,d3876235bc5474035178807dd2dc7a1f5b59ae5200dec812471a70b63a496a46,512,384
train/plastic/plastic22.jpg,train,plastic,1,AI/trashnet/data/dataset-resized/dataset-resized/plastic/plastic22.jpg,trashnet_train,1cd2a95dc91965a8d4ac5829aadf0b9db5d2457ff685a3d315b35b9b2ede8dce,db051fd68cc1fd94fad3eb1a4f2e3379e6d97c0da65c223bb3e8d7d069c23464,512,384
train/plastic/plastic220.jpg,train,plastic,1,AI/trashnet/data/dataset-resized/dataset-resized/plastic/plastic220.jpg,trashnet_train,65847ba689e296c21f23c69287e9f219e7cb2e5bccf7c999c489b7fdcbb148d6,f18f23c98665bf48a4458ce55371a8bb476b5462d8c2da815be7f341d4f7f0e5,512,384
train/plastic/plastic221.jpg,train,plastic,1,AI/trashnet/data/dataset-resized/dataset-resized/plastic/plastic221.jpg,trashnet_train,9c49ed51f926d46ed4328411d99cbee9440a16f34314fd834dbd41439573852b,0e81c2e75fbed14bc421cd90f3a2be53acc191a46141c220918674c85b131382,512,384
train/plastic/plastic222.jpg,train,plastic,1,AI/trashnet/data/dataset-resized/dataset-resized/plastic/plastic222.jpg,trashnet_train,aae0d683f6e9b3272b7945a1f4f095e65919df7056d7d6756d174a407a68fc19,b8dd6ac214e214b94dd3b4a557e0b11847141bf1f0cd4eb4393d79b2a9e37db1,512,384
train/plastic/plastic223.jpg,train,plastic,1,AI/trashnet/data/dataset-resized/dataset-resized/plastic/plastic223.jpg,trashnet_train,c9d48e78bc73cb71deb8abde8b5f52c69a65e19c00ba30f622d7e255224f4a86,9086de93ec55eb4bf581335b8259e842fefab6bf900cb3027a2d8c89cd3af329,512,384
train/plastic/plastic224.jpg,train,plastic,1,AI/trashnet/data/dataset-resized/dataset-resized/plastic/plastic224.jpg,trashnet_train,1bd51773840a0c85ba787d7a486edc9ccef32e782b31760c3d5324ac39042de8,867bddde755313c9447082758e30f05f5c8ecd6e67050a98b1a6fd78ba4965be,512,384
train/plastic/plastic225.jpg,train,plastic,1,AI/trashnet/data/dataset-resized/dataset-resized/plastic/plastic225.jpg,trashnet_train,41b6b1ba77e63f97ad6f3d74272bbf00addd0d15b2120e3a7187860de3d1dcaa,38eeae0b640830d45ce557534f65c239cda58be876d6cd2bb6761ad90086097d,512,384
train/plastic/plastic229.jpg,train,plastic,1,AI/trashnet/data/dataset-resized/dataset-resized/plastic/plastic229.jpg,trashnet_train,ffb16cf4378081e2786a7bde7969da45ebc7d14c98bea4ba2fea6af4974cf123,9b4a0f77eaa3344db45e9a125a7c36932749609b4818475dcc6c3ee4b3c5644c,512,384
train/plastic/plastic23.jpg,train,plastic,1,AI/trashnet/data/dataset-resized/dataset-resized/plastic/plastic23.jpg,trashnet_train,6fcc879e28f160e32e2b5f8b4ee0e8ab3e57dec802cdfffd1afedf2ff98ef3fe,fde605718caf9dd654c486262c5e3729b3a44601229720fbd40da32952bdd6ca,512,384
train/plastic/plastic230.jpg,train,plastic,1,AI/trashnet/data/dataset-resized/dataset-resized/plastic/plastic230.jpg,trashnet_train,16c0e9985f713cc81522592dc1d0a6fcc18019f222792b6045cbdb5c3d9ceb46,0a1956d030555c57031c2a58296189987e7808d3f940e7d0b1302f12e5c07ea2,512,384
train/plastic/plastic231.jpg,train,plastic,1,AI/trashnet/data/dataset-resized/dataset-resized/plastic/plastic231.jpg,trashnet_train,7dffa9f9fd24ed3cbb6a5b3df597867bc92c15021a88d892abe845e291129d88,6d8c5daf4a837a6f23ba6d0f917c73d687f3cd653bed8bfd8951fbd36f670ca6,512,384
train/plastic/plastic232.jpg,train,plastic,1,AI/trashnet/data/dataset-resized/dataset-resized/plastic/plastic232.jpg,trashnet_train,a091e7139deabb255c353df965a0711759ddfd479cd2d691d67a30e14779742c,9364e6ca7d83cf84bf1676ddc27f724133d94723a70564d1aff5f7a447520731,512,384
train/plastic/plastic234.jpg,train,plastic,1,AI/trashnet/data/dataset-resized/dataset-resized/plastic/plastic234.jpg,trashnet_train,962e67cb1d4a3c65cbf713af1ae58897c60f8d0117c7ee36ac04a567da6cf8f3,023c908f2819ac34006528aa09ea4681ad650b5f269927e90cc2d4082cbf21ec,512,384
train/plastic/plastic235.jpg,train,plastic,1,AI/trashnet/data/dataset-resized/dataset-resized/plastic/plastic235.jpg,trashnet_train,b4eab673b773e0025ec0cc31b13705325713a712050c17b2eae710519f92aff8,20320d1b931cadda685c721f0969a48eb3c2524b875aa375a9a06e610a6928ff,512,384
train/plastic/plastic236.jpg,train,plastic,1,AI/trashnet/data/dataset-resized/dataset-resized/plastic/plastic236.jpg,trashnet_train,4396b640336b9df28c71d007065045e2d56dd83bb6cd6bbaccb1f43f22df3cfc,1406994707d9f9569bc872622314e98edb0267e5505589ab7c1433dc2f0b18f5,512,384
train/plastic/plastic237.jpg,train,plastic,1,AI/trashnet/data/dataset-resized/dataset-resized/plastic/plastic237.jpg,trashnet_train,46790a275ac54d841ca2f6a981f192a2c212473a9408f9b2fd5c42e021019c4b,cf1633f399bb7d1c72692576352f8ad25fb6e33c50ff0de620f7df10795f4852,512,384
train/plastic/plastic239.jpg,train,plastic,1,AI/trashnet/data/dataset-resized/dataset-resized/plastic/plastic239.jpg,trashnet_train,f43fb84c64704b4ccd3117a763f018c3d1698e4dc4a50e6b362476fe14e93049,8eb8af7dce72878c7f8059047e9c62a9978c6c6784e0c3c2fe695059d9e046d3,512,384
train/plastic/plastic24.jpg,train,plastic,1,AI/trashnet/data/dataset-resized/dataset-resized/plastic/plastic24.jpg,trashnet_train,0bf1327c0f1a2d08994b88c56e332f4f36c3b8dac07c59c8965e85c7e9741a30,58498a0602483f240b68a588a8b5c607e1d875cf426c1bb42c96b6a21d08576d,512,384
train/plastic/plastic240.jpg,train,plastic,1,AI/trashnet/data/dataset-resized/dataset-resized/plastic/plastic240.jpg,trashnet_train,f427aeaf6fa2267aecca4f945dccddf0cb85d3a798b66aa1562870a897a705ff,76248b73849c83543add5febac9bfffe4c791a1b3a6f5b18b8a895fd7cd14837,512,384
train/plastic/plastic241.jpg,train,plastic,1,AI/trashnet/data/dataset-resized/dataset-resized/plastic/plastic241.jpg,trashnet_train,6b69cad1ae109b030b4a1f2dd376de3fb4d9780d78b372c462abcc0db1e37e7e,f497c763b199fad9d14fb7d80a75bf45efd732ac51b936813eedd225e233b6cf,512,384
train/plastic/plastic243.jpg,train,plastic,1,AI/trashnet/data/dataset-resized/dataset-resized/plastic/plastic243.jpg,trashnet_train,e8b8d86102144eb56fa1eea49ba072debdf7284e1144e236f2cd6e31940f0057,ee4b4aeebb4bdb615847687000afb882c360c8de8156f1cd801101a90e7ce975,512,384
train/plastic/plastic244.jpg,train,plastic,1,AI/trashnet/data/dataset-resized/dataset-resized/plastic/plastic244.jpg,trashnet_train,6455853ec978543d38b1e012685b9fc5f9fa4b3405d3c309bd9c0ccd804726f9,0806c3252f756951cf960644bf283d29f7cddeaa7174da30775580c1e8c76edf,512,384
train/plastic/plastic245.jpg,train,plastic,1,AI/trashnet/data/dataset-resized/dataset-resized/plastic/plastic245.jpg,trashnet_train,d389cfc7a268ded1252e78efc1e7aa498dc63474907c935fcfd1767f273ea7a9,6def1e583c5895f9e12fbf9b95bbbeb3658f05e6819c8596ed32df22dd5d9a7b,512,384
train/plastic/plastic247.jpg,train,plastic,1,AI/trashnet/data/dataset-resized/dataset-resized/plastic/plastic247.jpg,trashnet_train,4a52c4965541deef9a3c77cc7f21ba33917eea02e9c6b153f40960e17417e81f,8fce029ad7f1fae4b470da9202a42c2429aaca1039124390bfec0fa9b42b53fb,512,384
train/plastic/plastic248.jpg,train,plastic,1,AI/trashnet/data/dataset-resized/dataset-resized/plastic/plastic248.jpg,trashnet_train,5b801d74ea215a2da8893ad5359dff20ce6397f41c1b00726a357e935bb77d2a,8a6e29eedf38c16646e05bd8da0059aa0c1b8a263024d6291a8d9da3556ce221,512,384
train/plastic/plastic249.jpg,train,plastic,1,AI/trashnet/data/dataset-resized/dataset-resized/plastic/plastic249.jpg,trashnet_train,c21f1f0f400d606fd6b75c6b19b1333f1b889a65576afe38cf34c0f1ad40d4fd,85f800dd0a6fd921ebc6636b03230a81e4158e9cd2a498fe45b2ca3dd68c8370,512,384
train/plastic/plastic25.jpg,train,plastic,1,AI/trashnet/data/dataset-resized/dataset-resized/plastic/plastic25.jpg,trashnet_train,85f8f176fd9b9abd4fc5291679deaecb6e09d45192b4a9832f8188c28a2f635b,188ede099a9adabdea403e2ef73d539b41c45dea8dcfd04223357ee9d22cd8e3,512,384
train/plastic/plastic250.jpg,train,plastic,1,AI/trashnet/data/dataset-resized/dataset-resized/plastic/plastic250.jpg,trashnet_train,786b48370cb3db55afd5a8b31ccda8f4593869106f1475e990444d426fc6e10c,531bca421cc5faaefd09a0afeacb2f67e57708b662f0edfc473b04b39c59fe92,512,384
train/plastic/plastic254.jpg,train,plastic,1,AI/trashnet/data/dataset-resized/dataset-resized/plastic/plastic254.jpg,trashnet_train,a42de206a88426c033ab5c2482a5ac7ec3e81ce1695fb8b7e4f08739f1f9f313,e0fc2035b7cb3c7b5c6dca7d3a7488528c5cdc06f04c384df0fd1a566e12a677,512,384
train/plastic/plastic255.jpg,train,plastic,1,AI/trashnet/data/dataset-resized/dataset-resized/plastic/plastic255.jpg,trashnet_train,ebe79afa3dd50c78e83c327ab3a3ae88e386cf2c65b149408bf63bd8e297d943,7c35a46a3ecf1c607e6b29202d14c52082f211427e0224f0ab886a370c1a2e15,512,384
train/plastic/plastic256.jpg,train,plastic,1,AI/trashnet/data/dataset-resized/dataset-resized/plastic/plastic256.jpg,trashnet_train,1bdb6cb2949721018b1a4cb80cfee4c0eea5965df935a5ff2a28603b946ed3ee,3e46f5a019e4cbdd94a09e70d236ee6ff2ddbf6ac3732c978e0c1b09139318f0,512,384
train/plastic/plastic257.jpg,train,plastic,1,AI/trashnet/data/dataset-resized/dataset-resized/plastic/plastic257.jpg,trashnet_train,d7aadb2e515592b20886b8412cc70d0e6070e8c793623ea0da87cbe8451d565c,ad257933af6d0ab365cce13eea51c499ec34e9cfa9790a16033eb53e9fc8e54b,512,384
train/plastic/plastic258.jpg,train,plastic,1,AI/trashnet/data/dataset-resized/dataset-resized/plastic/plastic258.jpg,trashnet_train,450d4d2935c87906b62afaea9d3cb7fac59bf764c6872b134761419c32240c75,61b08ec7e2379cdf9d2f00d8cfff62123df00915c9cc7d4b1394c04096ee27c4,512,384
train/plastic/plastic26.jpg,train,plastic,1,AI/trashnet/data/dataset-resized/dataset-resized/plastic/plastic26.jpg,trashnet_train,a3c1692d2a4591cccb1257cdb4a5ce72095d22328d65cc8e0b1fae27c81cece5,e81e1bc0284120ce31a1934c2dd77080d97e3750ea177444a35eb8ea5100c7f2,512,384
train/plastic/plastic262.jpg,train,plastic,1,AI/trashnet/data/dataset-resized/dataset-resized/plastic/plastic262.jpg,trashnet_train,b6dda9ed628e3c7845e1b2c90ab54b06c43ac48a6d5fd19e3987e55f603c5eb6,bd3beb1586acbc4d72936b55b128e860bbb1db1680cf9770b9bc0521361ccaf7,512,384
train/plastic/plastic263.jpg,train,plastic,1,AI/trashnet/data/dataset-resized/dataset-resized/plastic/plastic263.jpg,trashnet_train,a2fad759fa0b1f15b8854474212ea194fa30325e2083aa58048b2fd06717f8a9,c19a552ca026b4d58c2fd90b38f6b80742d68d30715440b149c39e8eb768c37f,512,384
train/plastic/plastic266.jpg,train,plastic,1,AI/trashnet/data/dataset-resized/dataset-resized/plastic/plastic266.jpg,trashnet_train,c8def67db4e56d42dd7216fa2fa842fc2d5f23f424305d6c09bb69d6c777591c,7804d8b15238d5702e19ea7ff2cc0cac77fd071d3df45e77e4fd7338f6561abe,512,384
train/plastic/plastic267.jpg,train,plastic,1,AI/trashnet/data/dataset-resized/dataset-resized/plastic/plastic267.jpg,trashnet_train,b1480abb8251b9e4f1227ad91b41d089ba58e3ed312be800958a27f57789751a,3ed3c69b381408c689f9513585fad490f591fc265d5d7658cfd0a4f24483fae2,512,384
train/plastic/plastic269.jpg,train,plastic,1,AI/trashnet/data/dataset-resized/dataset-resized/plastic/plastic269.jpg,trashnet_train,cdb990f12cecb4b31a21ff16f7fb7db098bf62825606de5769571b1b1d988ff9,70085742fc515f45bbc414f7b266a3a33dc6d4cbfa06db5bd56b66eb55d20abb,512,384
train/plastic/plastic271.jpg,train,plastic,1,AI/trashnet/data/dataset-resized/dataset-resized/plastic/plastic271.jpg,trashnet_train,b21a383cdc95334871f941e2fab170ad41e57e62caa29d1bbd022b669ef424c7,f83e03bb2e915240f4dfed4392a30d5622eefdf04b9f0d5513510e01be6e56e4,512,384
train/plastic/plastic272.jpg,train,plastic,1,AI/trashnet/data/dataset-resized/dataset-resized/plastic/plastic272.jpg,trashnet_train,6c0952547164bd6bc5bab5a971f84456c1bac30a983758cc51d5e141447f8bb6,7b17fad10c258d91ae6da5fabf9321c53f8093923be680f397d4a8167d3b0620,512,384
train/plastic/plastic273.jpg,train,plastic,1,AI/trashnet/data/dataset-resized/dataset-resized/plastic/plastic273.jpg,trashnet_train,42b050a661efcd6435a8a4175dda15a46fa92c70230aea91514e75eefb375dbf,784a26b960aa50b48d623bca7eccf767e4d97467482391b4c70f466ba9493901,512,384
train/plastic/plastic274.jpg,train,plastic,1,AI/trashnet/data/dataset-resized/dataset-resized/plastic/plastic274.jpg,trashnet_train,861ba3d17ff24a8bd51210f991d34b019b73cbaeb0fa059655c4ef1da2c7c6d8,815f5ecce82ef5b5f1e39f49402c23d3ece1961f0b5b4e94a432386001bb4791,512,384
train/plastic/plastic275.jpg,train,plastic,1,AI/trashnet/data/dataset-resized/dataset-resized/plastic/plastic275.jpg,trashnet_train,c72733b6d16458678e0d6883eb3f694eb6eff960c51c2a4757d14c1188afa9c4,962861eb27242f8a7623b22364a8681a08cb79fdf04986dad8be0d34541fc5e3,512,384
train/plastic/plastic276.jpg,train,plastic,1,AI/trashnet/data/dataset-resized/dataset-resized/plastic/plastic276.jpg,trashnet_train,bfdfbc629a84967c1dbfdc3e90275279a2a2760f9053750c64a3307db605f4d8,b205c4c0bd874b5f1c7c77ac3e2eee8e7e050320054685fe8196c415ff16ca9f,512,384
train/plastic/plastic277.jpg,train,plastic,1,AI/trashnet/data/dataset-resized/dataset-resized/plastic/plastic277.jpg,trashnet_train,b70669928144a5f5b6f2c5c6740c134a87b8e11079fd90289f22833280439271,73f0dbee44c9594036a3de36b6d0d24cba952db706d98557845fb657e2ef5ee7,512,384
train/plastic/plastic278.jpg,train,plastic,1,AI/trashnet/data/dataset-resized/dataset-resized/plastic/plastic278.jpg,trashnet_train,f1b3e3bdc6089b2ed10b06a22187bd5ccff3b552f8489c5d401e1853965ffa9f,3a2e13f48bf8643e5bb11e6274e3d1df164d2db875695ed02b0fa09d558a000c,512,384
train/plastic/plastic28.jpg,train,plastic,1,AI/trashnet/data/dataset-resized/dataset-resized/plastic/plastic28.jpg,trashnet_train,fe828481c8ff4561ba61690fb4dd6d9b9448a95814fc7099b3d50293a1933440,a931ff8919be6ac0f3faa45e6981112abf48f091a4308dcbdae65dee505d4662,512,384
train/plastic/plastic281.jpg,train,plastic,1,AI/trashnet/data/dataset-resized/dataset-resized/plastic/plastic281.jpg,trashnet_train,02ac4f6ea8c3bb88022ae62c041f10aba417a89b9bff40882d5b906267b2132d,e4146cac35e6fddf7edf41c4e11ed19692a325f011780a7ebe0d7d49b54c9448,512,384
train/plastic/plastic282.jpg,train,plastic,1,AI/trashnet/data/dataset-resized/dataset-resized/plastic/plastic282.jpg,trashnet_train,0fd8314480e6b635f86ca6d27360b5bf5eb7a1a211b7216bfc5271164baf1801,0a17130c1f8beee34903a9c7033c1e68f9fb171ebdf09c799971c40aec54b67c,512,384
train/plastic/plastic284.jpg,train,plastic,1,AI/trashnet/data/dataset-resized/dataset-resized/plastic/plastic284.jpg,trashnet_train,26712c0ba852ba181bd2c50e93cbee2e380c13dbcdd03e69b2f8dfd7eb77501e,cfba47909bc9adb60969b1f09ea4992fd1fe67f32824c32069353cc52095d681,512,384
train/plastic/plastic286.jpg,train,plastic,1,AI/trashnet/data/dataset-resized/dataset-resized/plastic/plastic286.jpg,trashnet_train,e78e85656429571b165f2034aab58e3be7219e70641da073fa582a6b11f8b547,a7347b6905bfa102d0702b883833dca8da3731c64271ef6b5538707907bd859d,512,384
train/plastic/plastic287.jpg,train,plastic,1,AI/trashnet/data/dataset-resized/dataset-resized/plastic/plastic287.jpg,trashnet_train,894adaed8f5888ccec198d9084553d1b1218e0f05bed3a5e8aa6918f0faece36,d23effa5d2f7e99663f07526fc7a3244276e9ff841716f50ca8b246af6ee77e8,512,384
train/plastic/plastic288.jpg,train,plastic,1,AI/trashnet/data/dataset-resized/dataset-resized/plastic/plastic288.jpg,trashnet_train,f720a1bbf957bf13d09e6fe343196d5dd9caea9c935e4352fd1efafc89a9eef0,1432fee487201e04d84ef1068093ea059ba83e967a2a095dbd65335800c97c1f,512,384
train/plastic/plastic29.jpg,train,plastic,1,AI/trashnet/data/dataset-resized/dataset-resized/plastic/plastic29.jpg,trashnet_train,6fc1a126cf07a445ff88c78e3f457f479d7c04d26536b71f0262756623c67176,9c0be1f7b93d532fd7825d069305cf2c75925aa4b1fa6d6c1f045235ba28469f,512,384
train/plastic/plastic290.jpg,train,plastic,1,AI/trashnet/data/dataset-resized/dataset-resized/plastic/plastic290.jpg,trashnet_train,819a168f2adf861ecff0176d9474882af0f4018f1e20541fe652665427eb3cc3,f66e0e8daadd73931a0434242a883b8aae8bd0c2429313d70c128ef03843fb4c,512,384
train/plastic/plastic291.jpg,train,plastic,1,AI/trashnet/data/dataset-resized/dataset-resized/plastic/plastic291.jpg,trashnet_train,a5bcb37d1c6739e03fb16ef5f2b73c732cd3a5ce8d15ccd96891f0870a90f917,48b9042c64c6c78c53e4f1430c49b3cabb17a7b2f5600024fc619c36e77a0c9d,512,384
train/plastic/plastic292.jpg,train,plastic,1,AI/trashnet/data/dataset-resized/dataset-resized/plastic/plastic292.jpg,trashnet_train,1fe34344d11d325abae025ab4ac0cf6d7322b4cd54ce846b3d725eeea6f4c965,54eb6a42773bf7d498fb9d58db3f85facbb439bc99ff7fd1ac2f24ec01edd99e,512,384
train/plastic/plastic293.jpg,train,plastic,1,AI/trashnet/data/dataset-resized/dataset-resized/plastic/plastic293.jpg,trashnet_train,d38eed6abb53bab0066797a23de7260e23ba0f6c2f2912d968633edfe5a49510,f138564a9e0525dd6102cb08a8ef7f960df9605454e944530a01aaf4d33e75cf,512,384
train/plastic/plastic294.jpg,train,plastic,1,AI/trashnet/data/dataset-resized/dataset-resized/plastic/plastic294.jpg,trashnet_train,e50e59f0123bc75469b29d7140dc6c3023e3f8251e33496b8db6acde58d9f1fe,ad64b9be2810415b8b87264f40221caa74702f8f7b5d35c830b9cf16e20ad2f2,512,384
train/plastic/plastic295.jpg,train,plastic,1,AI/trashnet/data/dataset-resized/dataset-resized/plastic/plastic295.jpg,trashnet_train,68e30089fa4660a406b72126b3749cc851a26c666e611f823c857466006963fe,30bc718fedf8ff6f8ad1f0f1c43c769450a7d73c8599e59bb17ece95ce03b147,512,384
train/plastic/plastic296.jpg,train,plastic,1,AI/trashnet/data/dataset-resized/dataset-resized/plastic/plastic296.jpg,trashnet_train,b351129a596213f3b020cb63230fa6e0698e9fe20f9b8bb9d023f4ecf3aa436c,3e475ac4f9a3fbb19bf827c5fcfbbb7dd25bc626c6dbeec83f5ad5588fcab211,512,384
train/plastic/plastic297.jpg,train,plastic,1,AI/trashnet/data/dataset-resized/dataset-resized/plastic/plastic297.jpg,trashnet_train,9e523b6842bd07836250aa9c95f467936b1e7eadbe9d10b3e59a92c2dc0040af,0e7e765c35623d596a646d635ec0a8e53888a05c1171278c24d39fc2fa2c68c4,512,384
train/plastic/plastic298.jpg,train,plastic,1,AI/trashnet/data/dataset-resized/dataset-resized/plastic/plastic298.jpg,trashnet_train,f205e53419a78f56b78ae54b0053f3a437cdba809cc480f79d50e2703f11c2f5,6866c0a64d8ab108a1e338ffce3769866328eb8388c438f6720bf5dfa5102332,512,384
train/plastic/plastic299.jpg,train,plastic,1,AI/trashnet/data/dataset-resized/dataset-resized/plastic/plastic299.jpg,trashnet_train,c19d113838eb9f913ce810a9a0afc125f9fb5220175896b4cc3cc0423df1cf50,d788fd4bafc31e58f562954fc5879168eff9884d789ab09b49a997308c893153,512,384
train/plastic/plastic3.jpg,train,plastic,1,AI/trashnet/data/dataset-resized/dataset-resized/plastic/plastic3.jpg,trashnet_train,7f4eb255c95899e33a37895fff70b99314c037995de0a6c2a4d53c4e14226889,597eaac69de58150186f5b7def1500c009a65b6e4f1c77eb29f1a3c622b020f1,512,384
train/plastic/plastic30.jpg,train,plastic,1,AI/trashnet/data/dataset-resized/dataset-resized/plastic/plastic30.jpg,trashnet_train,7e6eefeb3e84ec480aa1a40b923e48105fc5208e04423e47652b4a41b584dcf5,4ebf1b39e9a3a74d4ddba59cffcd53db055ff551d9312cf8dbf8bfe9cf91ca16,512,384
train/plastic/plastic300.jpg,train,plastic,1,AI/trashnet/data/dataset-resized/dataset-resized/plastic/plastic300.jpg,trashnet_train,b3b078bd4f10cc51f22f60357c7210be7c4dd6e151ac8202a1db9c6a3a52f990,125c587549d2424a281e576820fd77289f1c84ebe79bb1b7f5f4ca95c0c4d3a2,512,384
train/plastic/plastic301.jpg,train,plastic,1,AI/trashnet/data/dataset-resized/dataset-resized/plastic/plastic301.jpg,trashnet_train,163c1534d5cb13b304af123c5961f60ac3dd1773148675e96fdb7e468c155c9a,65b13c917b7c073abcfba27d744cc96d88b4031254842f449802b95105e6b665,512,384
train/plastic/plastic302.jpg,train,plastic,1,AI/trashnet/data/dataset-resized/dataset-resized/plastic/plastic302.jpg,trashnet_train,fd01973669f1e821c8d5fb4403e11fbc50fed749a390e494638ddcea2d5a2eaa,226a7b2e2d7c3268aa3b69b48a9f15dab3a083fa114b1ac2c32bd7d91edf10a3,512,384
train/plastic/plastic303.jpg,train,plastic,1,AI/trashnet/data/dataset-resized/dataset-resized/plastic/plastic303.jpg,trashnet_train,6976efbcb5d0632db03aa712d98a08180bfa2991f7648ec200eea0d9d683aa44,9934a5ffb4e55444e616787a51763853b6e20070fadb929c46794748fa46a06d,512,384
train/plastic/plastic304.jpg,train,plastic,1,AI/trashnet/data/dataset-resized/dataset-resized/plastic/plastic304.jpg,trashnet_train,7f728b9e10baef5d4ff0661f2c51939ec71f8b03a792ecc092720dbc30e4d4c8,2837099f994278856b296523c4233b983ac0aad3c813b9d82f12e2e52e108beb,512,384
train/plastic/plastic307.jpg,train,plastic,1,AI/trashnet/data/dataset-resized/dataset-resized/plastic/plastic307.jpg,trashnet_train,57d8f0b982f0f166f76c2c8231aa18a1146049d52863f921ae8a0c323cb96cb9,803ace1fdc4cbbf8b0d20f2a56258c81322ff15773c649f622eb7981ba6e42e8,512,384
train/plastic/plastic309.jpg,train,plastic,1,AI/trashnet/data/dataset-resized/dataset-resized/plastic/plastic309.jpg,trashnet_train,0a443cac418bc3985c61276257e424f64b630492a54dcdb79658199339143c7c,632d6f987020a87260c36fdf2c0733350a0b9360247ac827c697976a8b42ae3f,512,384
train/plastic/plastic31.jpg,train,plastic,1,AI/trashnet/data/dataset-resized/dataset-resized/plastic/plastic31.jpg,trashnet_train,8cc18cc0c6709b6a34594dd1b6b44118ee52d5a5ac38fd2eb8a14b4235bcf5f2,14c2b1508582db5495616f0a90d838052513def899abe70ed9a0d61eeb1e4e5c,512,384
train/plastic/plastic310.jpg,train,plastic,1,AI/trashnet/data/dataset-resized/dataset-resized/plastic/plastic310.jpg,trashnet_train,178bcccdc927df8f61789569ea50814d110b0443355ecbb4227e4ae6452293d9,9622cb3d80217476921e997999a9cc014e30a0e27543ddaab56c7872f0b6baf9,512,384
train/plastic/plastic311.jpg,train,plastic,1,AI/trashnet/data/dataset-resized/dataset-resized/plastic/plastic311.jpg,trashnet_train,209d2d10773d74e2c829d4bac3b4e3d592c486baf852f332b8435fb9fd6f7987,224801b1f2a579370372f7178201ac37fe6ca7777778a5d44829555fa0124529,512,384
train/plastic/plastic313.jpg,train,plastic,1,AI/trashnet/data/dataset-resized/dataset-resized/plastic/plastic313.jpg,trashnet_train,4a3ee8bb2e7a98d662172e9039daf4e4c7b231746aa619e7c150ad40dd24fe97,2ffef25f2c635f5dfaa4c9a1572472577c23f5404e3d54bc0f48eb869f7ab391,512,384
train/plastic/plastic316.jpg,train,plastic,1,AI/trashnet/data/dataset-resized/dataset-resized/plastic/plastic316.jpg,trashnet_train,49318dd9db948da708c19047298d85870d0e764ca7d98be8e957d308b5781240,a3a85d1bbd062c6f5691fd07b80cbbd2c9fb9c560b02f868fe01cddab6285532,512,384
train/plastic/plastic318.jpg,train,plastic,1,AI/trashnet/data/dataset-resized/dataset-resized/plastic/plastic318.jpg,trashnet_train,67d1ac306a493d7d032f66089a2f544ae6908a2a1c6343dcf798927059cd55b8,ae30eb718942543e5274a4f5831c24c8c525c88e4f35dfecef3cc86a0b8f7020,512,384
train/plastic/plastic319.jpg,train,plastic,1,AI/trashnet/data/dataset-resized/dataset-resized/plastic/plastic319.jpg,trashnet_train,bf75d7442a831a48b49342223e304c1507ee3108262b23ad8acff182ca040d28,21f62796fddf08f6701c5b2192b9d3e5fb26d1f56da42b74be662e2995a481be,512,384
train/plastic/plastic320.jpg,train,plastic,1,AI/trashnet/data/dataset-resized/dataset-resized/plastic/plastic320.jpg,trashnet_train,d0c8c6c75bcdd5dd0b50d012c0c4cd15ccb78dcb1efcea8f5fa7409948743956,d1e07f0bdad21a700cd77424149e234fd0389fbbcf46f967fc93233c20c92167,512,384
train/plastic/plastic321.jpg,train,plastic,1,AI/trashnet/data/dataset-resized/dataset-resized/plastic/plastic321.jpg,trashnet_train,a9542ee2eebdc4ce1cdc23b1e7561766a2000e352804f7c38e98067e23e4137b,67c97d62c23dd4ba37c605d282842618843642558ef2143be62d52fa3342b804,512,384
train/plastic/plastic322.jpg,train,plastic,1,AI/trashnet/data/dataset-resized/dataset-resized/plastic/plastic322.jpg,trashnet_train,c34288ab439c8463b83bb62453f90816779131fb2bae79d38e40b58bc306a8de,3cfdb95ec595b3b81fa01f30ec79296afa1992ac4371e9d6191cfa957aef3bff,512,384
train/plastic/plastic323.jpg,train,plastic,1,AI/trashnet/data/dataset-resized/dataset-resized/plastic/plastic323.jpg,trashnet_train,e72709b0eeda0472fde0e10a685a95f678cc7d77df2290bab25a0a85e50f4c5c,a47f8a85460de511b3bb284a0b4a0c2c049ac4e3d98aa56c5c721bb7aa44f45f,512,384
train/plastic/plastic325.jpg,train,plastic,1,AI/trashnet/data/dataset-resized/dataset-resized/plastic/plastic325.jpg,trashnet_train,74a0b1c162d1f631f57a2470976f21de0b5ca218a709a40baa9f6f49c18308a5,8e75b21be2035da71377d9acb50fe3ba31885bec2e681dc6039b40300cd5c00e,512,384
train/plastic/plastic326.jpg,train,plastic,1,AI/trashnet/data/dataset-resized/dataset-resized/plastic/plastic326.jpg,trashnet_train,8674e04ee46792c5cc1c5148b070495a749f189d0495f18d9f8b29df428decdc,c3295dcb84321fdf1b3867dfbd4988476901d63ea37ce94f8704f947ec53128d,512,384
train/plastic/plastic327.jpg,train,plastic,1,AI/trashnet/data/dataset-resized/dataset-resized/plastic/plastic327.jpg,trashnet_train,0e9dc24bca2711e36948b1f1192007c7331f3502544d561d7e8123c05034e8b6,383175e8d2d491f59018ad0369e64f7ad34129e53ba7c0e369eb6045786de277,512,384
train/plastic/plastic329.jpg,train,plastic,1,AI/trashnet/data/dataset-resized/dataset-resized/plastic/plastic329.jpg,trashnet_train,c78e40757bf8d6728c124ec34644563102b677ded29be69b36a19ff44dcbd195,2d733f6968f8c0cb1e067d2b346614d308004bc938bae222c39e9192b8a55fe1,512,384
train/plastic/plastic33.jpg,train,plastic,1,AI/trashnet/data/dataset-resized/dataset-resized/plastic/plastic33.jpg,trashnet_train,b9029bdb19393882842447353ec70da302db5091c9435f3d38beade842c7c081,00706da28a2dff8ba6eaef378b9d225577ab18771ec758b92a481d988f7c4f81,512,384
train/plastic/plastic330.jpg,train,plastic,1,AI/trashnet/data/dataset-resized/dataset-resized/plastic/plastic330.jpg,trashnet_train,b86fbccff6107a77b1af8a3291da8b3b31a90d45e800103a1b528114c32b62fe,c779f44a950badc73f13a9130fd49536108d844ca845548ab77f50b12f209ea8,512,384
train/plastic/plastic331.jpg,train,plastic,1,AI/trashnet/data/dataset-resized/dataset-resized/plastic/plastic331.jpg,trashnet_train,b9b6354dafaf94c8e9aeb8e472ef7712193b3f11ae8ea72dfda7df52d35e91c5,881e493f48cf573c526f701d8ff15e30b7d632e8875fedb68aa2b7bf029d394f,512,384
train/plastic/plastic333.jpg,train,plastic,1,AI/trashnet/data/dataset-resized/dataset-resized/plastic/plastic333.jpg,trashnet_train,98b134058e7bb87f09fdfdee20471a8c528ce0c41c0aa32f0f71f38c327112ae,8d9ea6a188f2d6cd331acbb337f83e7a21e9ba0898390a520112cf7f2d96401f,512,384
train/plastic/plastic334.jpg,train,plastic,1,AI/trashnet/data/dataset-resized/dataset-resized/plastic/plastic334.jpg,trashnet_train,892ed231f4d541b31c3f49bc5765a8c93647ddf5a317034742f83d46cb940ad7,af899d1f6072483a6199735a88b3e2b94f156758abc4fcee6fd3a0978e9f304a,512,384
train/plastic/plastic335.jpg,train,plastic,1,AI/trashnet/data/dataset-resized/dataset-resized/plastic/plastic335.jpg,trashnet_train,3a8fdcb0c7b95bc9474fa8302f77da9eeb113aeb3bc3a1dbcd6f84d07161e748,71391e0c105ba9b06509561dd4fff82d7b5776e246ce0603d1c1d28bd204e8a0,512,384
train/plastic/plastic336.jpg,train,plastic,1,AI/trashnet/data/dataset-resized/dataset-resized/plastic/plastic336.jpg,trashnet_train,6b36be228178879d1eb090433f768589c109eeb7772b785fbf5d3c7952019211,b5e14c74151ba1eba3217858b126990f0891f7618d2cce65e0c35af497873f62,512,384
train/plastic/plastic337.jpg,train,plastic,1,AI/trashnet/data/dataset-resized/dataset-resized/plastic/plastic337.jpg,trashnet_train,e183b64119a1e635954791638d293a362a9116328aaf78ad071b26b616acbd33,1799237d15dc567338ff60775ae6c5f165cf187bd61a7b1bcfb49e1ac9c75841,512,384
train/plastic/plastic338.jpg,train,plastic,1,AI/trashnet/data/dataset-resized/dataset-resized/plastic/plastic338.jpg,trashnet_train,7dc8ec4eef571b4482371569df63a0f8f7ed8f22e38b99eb4a2043ab55d93615,8d224c6126ef6f76ec8e632f32a30f3800c4acf21038ceec39bde68b6734a4ef,512,384
train/plastic/plastic339.jpg,train,plastic,1,AI/trashnet/data/dataset-resized/dataset-resized/plastic/plastic339.jpg,trashnet_train,ec749275dce4a43f8003fba4e02e9db319af5c39ca10f674e6e4398077a228c8,a239fe2912fd438ab1bd08d20346eaaa4a80e13da7df0d220828c6c4b978df40,512,384
train/plastic/plastic340.jpg,train,plastic,1,AI/trashnet/data/dataset-resized/dataset-resized/plastic/plastic340.jpg,trashnet_train,4737f744e32e648dc1711e84cb56d9f453afe9d9ee271f82fdfeaf4b752d48d7,ba8fead118bc4e2f6ac124b25c3ac8f56c409088c9cfdc2044156253787f8885,512,384
train/plastic/plastic341.jpg,train,plastic,1,AI/trashnet/data/dataset-resized/dataset-resized/plastic/plastic341.jpg,trashnet_train,ac16c747706a759a7010c88466769ecd70a9d0348f6e80e68d58b567e4fdf1c6,8c90c406178a1c884fb0ec6990dbe6a748da04b1761b1a5baf1aac82c179e196,512,384
train/plastic/plastic342.jpg,train,plastic,1,AI/trashnet/data/dataset-resized/dataset-resized/plastic/plastic342.jpg,trashnet_train,97b9567d28f5583726ae3a988323c96d44206fbe76fa778ea09faaf8790246fd,94bf0be1f590948416ca8f5f8626fc33e345279075d65cc2cc8d406dae4c8e77,512,384
train/plastic/plastic343.jpg,train,plastic,1,AI/trashnet/data/dataset-resized/dataset-resized/plastic/plastic343.jpg,trashnet_train,b210e88fda29ae9f02d7497eb3f7dd9d7dbc22e0acbc93226a020f17930b34a9,30cbfc0cb25452cba5981821e062260ef22746eea763d90b3a3f28f6ec36c7ca,512,384
train/plastic/plastic344.jpg,train,plastic,1,AI/trashnet/data/dataset-resized/dataset-resized/plastic/plastic344.jpg,trashnet_train,c2091ae7792ef6d98469bda46f513839d0f45da5b9681e78bf74cd2808e46a2d,58cf7b33b7cb1fa73696a1755ac70ef957613931a366940994561c5a9df1cc78,512,384
train/plastic/plastic345.jpg,train,plastic,1,AI/trashnet/data/dataset-resized/dataset-resized/plastic/plastic345.jpg,trashnet_train,0b529f3d5ce73e58b4168a271e5e29bb66ade9eb0ddd9616b55ed7e3068a9104,bdec70924777d15f49da3d066c677a3fb9523fef541c2f7dcf87a4d7035465ff,512,384
train/plastic/plastic346.jpg,train,plastic,1,AI/trashnet/data/dataset-resized/dataset-resized/plastic/plastic346.jpg,trashnet_train,008d570e2620f929bad28e8b1a5dfe5eb4abb861c02598f9f98349aae2289692,783036bf494b59ac8068df298c5f9c86713dbab29c54a358f235f852f36d23ec,512,384
train/plastic/plastic347.jpg,train,plastic,1,AI/trashnet/data/dataset-resized/dataset-resized/plastic/plastic347.jpg,trashnet_train,78c3fc7dc09f3f083ffe752df9e02bd4a0fb6540dd56bf02d4c3718df6ed4165,61b03f81390c6bd1ce2e1e4e8f462fa4bed2e167bcd0fe7f5f01c9836e9a6e75,512,384
train/plastic/plastic35.jpg,train,plastic,1,AI/trashnet/data/dataset-resized/dataset-resized/plastic/plastic35.jpg,trashnet_train,3d697a4663ef8312ec806f1d35cb40331bad3dbf9bc190958983906808039a1d,638df66fec7a3f3a2a669090466f1f8b3418dc2618404309b864ad8c85f2e7ac,512,384
train/plastic/plastic350.jpg,train,plastic,1,AI/trashnet/data/dataset-resized/dataset-resized/plastic/plastic350.jpg,trashnet_train,a6aacb0d7b62bb26619618f2a15c88260dee68801abf72987c22e21f7cb87a85,7dbcf2d7ed63a50d1d25e953221e7b1490b961daf4961ed9f4b6c28f9223f49f,512,384
train/plastic/plastic351.jpg,train,plastic,1,AI/trashnet/data/dataset-resized/dataset-resized/plastic/plastic351.jpg,trashnet_train,fef4ba5b6207bb0c31a53b9906e7fea2f4906a59c9bce90953f0d8ea1555a77b,ad59b867781ab3e0ae92d488c04f50c40d6196b4cf7be26881a2ae62ada74cb0,512,384
train/plastic/plastic352.jpg,train,plastic,1,AI/trashnet/data/dataset-resized/dataset-resized/plastic/plastic352.jpg,trashnet_train,19908813035b3c9616d2c5e2a0770b0609c643964158f976106483bea9db6153,8489e4ea6088561e83a126ece4fa709b3cf89a429b54065361909cf9a0ada6fb,512,384
train/plastic/plastic353.jpg,train,plastic,1,AI/trashnet/data/dataset-resized/dataset-resized/plastic/plastic353.jpg,trashnet_train,22552b8e2196dccb5bb80c34b899f2a6bc7880270818e6586c1a4e9f45b0af90,05d7005e0080b0188e7005f09bb3cd8affb94878c7383bcf6ab1cb7ceeb63949,512,384
train/plastic/plastic354.jpg,train,plastic,1,AI/trashnet/data/dataset-resized/dataset-resized/plastic/plastic354.jpg,trashnet_train,82c007f3b58bb183d0cf048b00308c7e9dc0a0be49213ee7db178e541223beea,e181e89b010474faa26fe4b0bb5c11df82fa9aa6a28d8c6d700c2cddc9b4ff9c,512,384
train/plastic/plastic355.jpg,train,plastic,1,AI/trashnet/data/dataset-resized/dataset-resized/plastic/plastic355.jpg,trashnet_train,862a45ce202043c3f295f63bba732b6ca4515fe0601010ad73d971333c9dc69e,f1dce43d084ee723b8a273e28274f2936ca9875a3021253f21d0d80c2222fcc8,512,384
train/plastic/plastic356.jpg,train,plastic,1,AI/trashnet/data/dataset-resized/dataset-resized/plastic/plastic356.jpg,trashnet_train,8b3af4c5f1c1533d5534ac5fcb1577ba1eb84fef699a3a82028606b4043caab7,872e58f57835b0bbfb76c7923690a23f4f5157ef5b9d8fb6727fb41befd9e945,512,384
train/plastic/plastic357.jpg,train,plastic,1,AI/trashnet/data/dataset-resized/dataset-resized/plastic/plastic357.jpg,trashnet_train,33e291289b32fe975a1576aa28fdebcb24f94b5b28657ab1ac268adae14328bc,646865cf01c809765c1546d34b0ed81d353ccb334622358aba27c3a4bfabaceb,512,384
train/plastic/plastic358.jpg,train,plastic,1,AI/trashnet/data/dataset-resized/dataset-resized/plastic/plastic358.jpg,trashnet_train,8a7feb499061a9fb97f270c5fd7958813561d76d75e286ba21035091c76573de,23375e416d0a6094a06b62c1734a20a92a7d4ffca055e571d0048626068864a7,512,384
train/plastic/plastic359.jpg,train,plastic,1,AI/trashnet/data/dataset-resized/dataset-resized/plastic/plastic359.jpg,trashnet_train,b81cf3e51be8f35c3f25e99a0a68dcd7176910be32d8306b812fa90e560d733c,e22253f4189e797e2b31af895168263996834b2d4cf88b29d34db057a06cb431,512,384
train/plastic/plastic36.jpg,train,plastic,1,AI/trashnet/data/dataset-resized/dataset-resized/plastic/plastic36.jpg,trashnet_train,45b4e36df6c6750a9d602c296afec5c54d044d0b045352030e2c72a2198890ca,57eb6e81551553f94c57ae5a404ced574d7dabfb8dc44a172098093a4438681b,512,384
train/plastic/plastic360.jpg,train,plastic,1,AI/trashnet/data/dataset-resized/dataset-resized/plastic/plastic360.jpg,trashnet_train,94e4eba94173cce4e19c4356549d317d6d4f9d79c144436c7f26ade6b490270d,177779e3711440c7f3a68a5537eee1635a9bf2b9668c50f874edfac6ecd19408,512,384
train/plastic/plastic361.jpg,train,plastic,1,AI/trashnet/data/dataset-resized/dataset-resized/plastic/plastic361.jpg,trashnet_train,92fcf5269f1c4952f567dd3d34279842fdc7d85c4f9e117b76c40cfb3e6d470b,c75d227d03d23a55c80a119a8136dde2bc9561b64f66da18a726cf1dade59b59,512,384
train/plastic/plastic362.jpg,train,plastic,1,AI/trashnet/data/dataset-resized/dataset-resized/plastic/plastic362.jpg,trashnet_train,1765bc4ce8ac204b9831d5f5f3ca23354ceaf6d5c438362745775448424515bd,d1deeea62e22b5748ec0915f925980a2fa59d5402d40dde9bc1a7a2dec85b63d,512,384
train/plastic/plastic363.jpg,train,plastic,1,AI/trashnet/data/dataset-resized/dataset-resized/plastic/plastic363.jpg,trashnet_train,406d94f0202c91a7396337fffc1ab626151fccb951aa4ccc3b221ef87a1ea6ae,99f9cb232b8392d49fab3815738154c13fe3642123229b741b3cf4f643e9c79d,512,384
train/plastic/plastic364.jpg,train,plastic,1,AI/trashnet/data/dataset-resized/dataset-resized/plastic/plastic364.jpg,trashnet_train,c2bc088c8e2082ed3d0cd72ec1eb7d1d329b961509741da37525ab303aaa3d74,97f7181fe6e6ecb29eaf798f90a729268cdac2b196e411a521858db25bb63b9f,512,384
train/plastic/plastic365.jpg,train,plastic,1,AI/trashnet/data/dataset-resized/dataset-resized/plastic/plastic365.jpg,trashnet_train,3062dd65794d177b88ba6dabe3948a1256a890eccdbdab7dac29e47d97748ba5,7060c79f0e4a47d32d2428c3bb8f8d40a9d4da999841419295eca4c020208271,512,384
train/plastic/plastic366.jpg,train,plastic,1,AI/trashnet/data/dataset-resized/dataset-resized/plastic/plastic366.jpg,trashnet_train,1ceda9efb08fa9866fef408b343eb382b613bc08106c2dbfb774ac27b72f045f,ff6cef87f94072cef70eedcedcc23f1b86b546af70609455cbb59e549ca3da26,512,384
train/plastic/plastic367.jpg,train,plastic,1,AI/trashnet/data/dataset-resized/dataset-resized/plastic/plastic367.jpg,trashnet_train,50d02a73cce4116b4c1853a25ac9b1dc913d41c37e219ead22b58d25e32b7157,5ec5ef31832b81c467692896e79ba0063cd79a16e776b604ca7c6ff71b33893e,512,384
train/plastic/plastic368.jpg,train,plastic,1,AI/trashnet/data/dataset-resized/dataset-resized/plastic/plastic368.jpg,trashnet_train,a548ff8e8a9b11e8751947c4507560c1722bddc86731b8e3bd05ddeb12fe4ad3,f5b6d9b56e8e53e3882082504909068cf94d12ed1ddc8bb4d213f10799caeb9f,512,384
train/plastic/plastic369.jpg,train,plastic,1,AI/trashnet/data/dataset-resized/dataset-resized/plastic/plastic369.jpg,trashnet_train,8ff7330e4e431765516fe7dfb63f4d8a3ca7415f60409b0fad832502a8aa1de7,cc7329ddcada96ff44437964facd9256fdda80179ad99549ae1ed83403ec07b3,512,384
train/plastic/plastic37.jpg,train,plastic,1,AI/trashnet/data/dataset-resized/dataset-resized/plastic/plastic37.jpg,trashnet_train,0a31fee31053146410b99eb9734305556d5cc7b83c0c3c88931353d3753ba4ff,b629c8ae7b1e8fd4d02bdfcf1cd4072449c05a6868ac8bce08da39c162e1c4f8,512,384
train/plastic/plastic370.jpg,train,plastic,1,AI/trashnet/data/dataset-resized/dataset-resized/plastic/plastic370.jpg,trashnet_train,f12898504b448ad7c3134742b61d69297dde32f9b4b037d5a60dbe1c429ddafc,4bf24ad742a54c966df93a9815f8c47e07928e4c653d4948f0f60b9ea8fe1f06,512,384
train/plastic/plastic371.jpg,train,plastic,1,AI/trashnet/data/dataset-resized/dataset-resized/plastic/plastic371.jpg,trashnet_train,655525f72b7162d1497b9b94662372c457757b55b64519d965402d8fc5008d40,a13a9f0b0a49881a0e36b09747248c6394787dab62f9a5c7d92aa6ce7dd70aa2,512,384
train/plastic/plastic375.jpg,train,plastic,1,AI/trashnet/data/dataset-resized/dataset-resized/plastic/plastic375.jpg,trashnet_train,4d5b1e98e440dbe08718f2ace68ea989d9a8214c96948047dacb6ea17d55e200,e9efeedb87ea2ac8715462ec2fee24f86c2b5571c46656aa2de0511c2f5fcac6,512,384
train/plastic/plastic377.jpg,train,plastic,1,AI/trashnet/data/dataset-resized/dataset-resized/plastic/plastic377.jpg,trashnet_train,3cdfa94c9893bf571a8e46fdb728f1f6ea7da1a222c6f6573eb59981631d3d1d,946369d4f2af1385d3dfb54d30e9ae221201b7de8eff751c0c15578f816113bf,512,384
train/plastic/plastic378.jpg,train,plastic,1,AI/trashnet/data/dataset-resized/dataset-resized/plastic/plastic378.jpg,trashnet_train,324ebee870f39532e3e6b6e6dac3ae826d0f02e85b37acefec52ea8121bdf521,4e4a4a18bbb3a3b92578f851c93a119271fcf2b8587eb174ca1436fe26b1ecb8,512,384
train/plastic/plastic38.jpg,train,plastic,1,AI/trashnet/data/dataset-resized/dataset-resized/plastic/plastic38.jpg,trashnet_train,529699e12215ceff38270314eb2de1c8f1c52fb7513cae7c5576f70da13a5f50,7c961c31a8c18f7805bcd39052ab7c2586e9075a629e1359a7354e54cb673599,512,384
train/plastic/plastic380.jpg,train,plastic,1,AI/trashnet/data/dataset-resized/dataset-resized/plastic/plastic380.jpg,trashnet_train,f96ebe860f17249cdb53bcc1c236f681a7536b484c7a11c6bfdce9788e0076a7,96de4c8e0c085b467906ad29cacf8b48ba564e56531bd316c553021374104f3a,512,384
train/plastic/plastic381.jpg,train,plastic,1,AI/trashnet/data/dataset-resized/dataset-resized/plastic/plastic381.jpg,trashnet_train,f1f9cd73bbc752919386f1940734c2cbc64335e34ec93e507ec716d7144f9bdf,461775ced5c205b2a0fd57fd83b663ed9f8d78e2860d09d74f5afec31e1f6c01,512,384
train/plastic/plastic382.jpg,train,plastic,1,AI/trashnet/data/dataset-resized/dataset-resized/plastic/plastic382.jpg,trashnet_train,5024ba701a30817bb3f296f857b4b0fa31ef0ed76637553c03b3c0c5ba242516,4d9f3d39ebb131e6af43c433a290cfb32cae389c033b86f10d153ebb6aa44165,512,384
train/plastic/plastic384.jpg,train,plastic,1,AI/trashnet/data/dataset-resized/dataset-resized/plastic/plastic384.jpg,trashnet_train,debbf86c08871d40d9c094bc8e8392d7698db6f0ad31170785f722ba140c5a4f,143d6ec097b5ee30c352ebfa51a7b9479c1437a71d6a74dfdfc2ecf8198b07df,512,384
train/plastic/plastic385.jpg,train,plastic,1,AI/trashnet/data/dataset-resized/dataset-resized/plastic/plastic385.jpg,trashnet_train,73f8991def6deadb06c5f31a9b69dd33dcc9d041ef6fec48aa8a2ee06134b31b,9732174529a20e9e6663617c3db15a3233ee4fbf2a70a30e962e66997deb516e,512,384
train/plastic/plastic386.jpg,train,plastic,1,AI/trashnet/data/dataset-resized/dataset-resized/plastic/plastic386.jpg,trashnet_train,054a9303cef789e03f84b8ec018cece84beb906a64c6aaba75c15e1c4d4d1027,0620705953dcb0ebd6aff0a6fcc0c1adccd8ad7d4b5c890fc14bcedda5d5a1f0,512,384
train/plastic/plastic387.jpg,train,plastic,1,AI/trashnet/data/dataset-resized/dataset-resized/plastic/plastic387.jpg,trashnet_train,18a2627a793528eae5fe2eae4c4b6aaf17764d75899c30c4a9e2f9d4c8f36c76,f3acef92f74590af4d7163baa0b06c47cfe3fc6cb4f45c98842a1dd6e7c90211,512,384
train/plastic/plastic392.jpg,train,plastic,1,AI/trashnet/data/dataset-resized/dataset-resized/plastic/plastic392.jpg,trashnet_train,2d80cd1f9c21c9b56e5a20fa3b011128fb34b36782c3503404bfb0bec57432f7,4a19c81c828b52b573b2d7f7f25e19ab3198020649dca661aeb889065a2eeb9d,512,384
train/plastic/plastic393.jpg,train,plastic,1,AI/trashnet/data/dataset-resized/dataset-resized/plastic/plastic393.jpg,trashnet_train,808a490dc41a1f9d3ddde4e354c894d76e346402f6da7809fb4ba02622ffe823,e0beb258000e637d52db9b32f7be02f19ea69df36a0c502fef41ba30d8793be0,512,384
train/plastic/plastic394.jpg,train,plastic,1,AI/trashnet/data/dataset-resized/dataset-resized/plastic/plastic394.jpg,trashnet_train,86404f9ce0592b4dbc0c53ea0354c85114bf9e0fc640719b31400273ed929db8,2c26dcd2061bacc5ebee2d602f7a29f8790eeca242507324342a3613f0383060,512,384
train/plastic/plastic395.jpg,train,plastic,1,AI/trashnet/data/dataset-resized/dataset-resized/plastic/plastic395.jpg,trashnet_train,9dc18c5008b827fe714659b0240a6ce2984d9a55d8eb5b5c7073b438347a649f,ec9cc61285abaccdabcd3ef652c685fb37c2c9da0c21a90896e051d280b98e57,512,384
train/plastic/plastic397.jpg,train,plastic,1,AI/trashnet/data/dataset-resized/dataset-resized/plastic/plastic397.jpg,trashnet_train,9e666abeff19f37ba945ce8c6cd5496a2043747257d8d0d2cc245205f57aae0d,97cb734d7540838f7b194a8160a364204f36f155cd10e3c95b012b2639a7cc4e,512,384
train/plastic/plastic4.jpg,train,plastic,1,AI/trashnet/data/dataset-resized/dataset-resized/plastic/plastic4.jpg,trashnet_train,bfa51700e80cb967c6a904becce781399b1cb990dfd444a9ceb217bd44eb8399,60e92b3cbfb003a74738b9672a7adcb57842e32ed77152f8d2fa48c4aff113d1,512,384
train/plastic/plastic40.jpg,train,plastic,1,AI/trashnet/data/dataset-resized/dataset-resized/plastic/plastic40.jpg,trashnet_train,d39aaa99980604a54b7b6fc5173a36dd8138b8dde3f3e4bae486a1ed78e78437,69046a959652aa249be433984aa91a09bfd862eb727f99639d0d26128ab024cb,512,384
train/plastic/plastic400.jpg,train,plastic,1,AI/trashnet/data/dataset-resized/dataset-resized/plastic/plastic400.jpg,trashnet_train,f7f52c4cc48d6c1bd6fff276931160f61ec7ea82cfea05e6a3c44851259d227f,006e4e9eba56bbf436dd4facfb7563534bdd73dd2c3f45a1a1e262bcfdf75e15,512,384
train/plastic/plastic402.jpg,train,plastic,1,AI/trashnet/data/dataset-resized/dataset-resized/plastic/plastic402.jpg,trashnet_train,49f9e8353c3d0018012c84d9611c662d906e7f452f5a97b8b754b750a88b9b8b,a5ae0b7e0a985f285048446482ac1ebbf9b6c859c4a067efb64a966858282b2d,512,384
train/plastic/plastic403.jpg,train,plastic,1,AI/trashnet/data/dataset-resized/dataset-resized/plastic/plastic403.jpg,trashnet_train,049e0cca6b8514626cb43768ed556f745589a26b0ab91b9e69d648aa00324495,2b0e68bc0bac062a037dcea208825444d09bb0c7dafb36d3e5630613c79599ce,512,384
train/plastic/plastic404.jpg,train,plastic,1,AI/trashnet/data/dataset-resized/dataset-resized/plastic/plastic404.jpg,trashnet_train,3805dc91d17d98623af7b5c2d018b85944d42796b4fa9395323177d86119225b,d87a845197e102d6c0dc9905c5d3c92952535111bf1b06253199b1690e4d08d3,512,384
train/plastic/plastic406.jpg,train,plastic,1,AI/trashnet/data/dataset-resized/dataset-resized/plastic/plastic406.jpg,trashnet_train,a757686547b448c242c69d29e0d275202d88c38f90da022f0b9be25e86b87542,e9048f7c9acec56624df4b8c920a47969b56e9c3373034a699fde00709c55f4c,512,384
train/plastic/plastic407.jpg,train,plastic,1,AI/trashnet/data/dataset-resized/dataset-resized/plastic/plastic407.jpg,trashnet_train,b6a9fda657482c6f5856763f01b936ca55012f0be1c9289c0c8b4a9dbc75a831,5c9e3d86ebf6a1549e11f6e2a1d1de2759196f579cc49deef4a9dec7013b0dbf,512,384
train/plastic/plastic408.jpg,train,plastic,1,AI/trashnet/data/dataset-resized/dataset-resized/plastic/plastic408.jpg,trashnet_train,d6e431fd641f389899dba14f30f9d6191908264c7cef4a80567b67c97a9b21f7,1a1f18de4cdf41b4945e9f014a92c1cd8e3c3be1ebd7c93444003c92a666c523,512,384
train/plastic/plastic409.jpg,train,plastic,1,AI/trashnet/data/dataset-resized/dataset-resized/plastic/plastic409.jpg,trashnet_train,9905ac528c1d56a26daad93005656a8cf6a3da6194e690b92cf4c926930b584b,3c8dd82dcad6ded10560966875714b09ae32a6b22ec35e7f6adde90029e74ee3,512,384
train/plastic/plastic41.jpg,train,plastic,1,AI/trashnet/data/dataset-resized/dataset-resized/plastic/plastic41.jpg,trashnet_train,b199b2ad9a3bc7a28ba3c55662a0e4c4695984c5c6aa795826733c9ecb093479,df310e23e7b2c338c5725a5e57a3a4d48e0059d233bd3e5e9e11ef113166e318,512,384
train/plastic/plastic410.jpg,train,plastic,1,AI/trashnet/data/dataset-resized/dataset-resized/plastic/plastic410.jpg,trashnet_train,8fc12b3278e610b3cfe16f95fc65e9cbe1eed14012a6483df6f94ca2fd4fe47b,6bd1c4d36c987400c67ab804c51854438748c96d661d6ab816e445ffc3f4f5ac,512,384
train/plastic/plastic412.jpg,train,plastic,1,AI/trashnet/data/dataset-resized/dataset-resized/plastic/plastic412.jpg,trashnet_train,90dee1473fe6eef923e1311438bff2a867777f7641ee6c524dd26fa8bad0b9c2,fed38ee808b8e339b97c56215c14c42cba52d8b3473b35e633bd3db44f50fa57,512,384
train/plastic/plastic413.jpg,train,plastic,1,AI/trashnet/data/dataset-resized/dataset-resized/plastic/plastic413.jpg,trashnet_train,5ecdce1f0c64e1e0c6dd90d2097eb24685e743369a48e02a787d0d8f4d7dee65,829bb9d027832f497b6f7c0a1d4f56847e813d43ed22c80a2a9a6bcd893140b5,512,384
train/plastic/plastic414.jpg,train,plastic,1,AI/trashnet/data/dataset-resized/dataset-resized/plastic/plastic414.jpg,trashnet_train,4647225f2142d3d40c46ab71c47b062b2db1037d8a2c6041a4a4bc1f9ed29e97,032b666d99b623f602c3e3386542f3aa9a9e0d04009c205ad3710f4271cf9d6e,512,384
train/plastic/plastic415.jpg,train,plastic,1,AI/trashnet/data/dataset-resized/dataset-resized/plastic/plastic415.jpg,trashnet_train,9d23bfff7520b2fb001c5db9591cd851cf52bfa68147c3fa3bc004da3e58ff05,44376d72eb88b1ec8b71b448085dc8fce6bffc378e13b109b0525e31206e8ff5,512,384
train/plastic/plastic416.jpg,train,plastic,1,AI/trashnet/data/dataset-resized/dataset-resized/plastic/plastic416.jpg,trashnet_train,7c52ee325e51d0ba1753f86433a256f86cd6efed044ef6777a1bde1ef40cf13b,be4e68658376e42b1835840883d0534a95aae38da104a2a582c13c0e9ddf0d97,512,384
train/plastic/plastic417.jpg,train,plastic,1,AI/trashnet/data/dataset-resized/dataset-resized/plastic/plastic417.jpg,trashnet_train,a9000094b5f3fd0ad35c9126cad270a62011c3135f6e55bcc68f19e9356946fc,56a77bc479b06ee7a5f2d08848405296e0187280d69ad8a78760d52b2448d49e,512,384
train/plastic/plastic418.jpg,train,plastic,1,AI/trashnet/data/dataset-resized/dataset-resized/plastic/plastic418.jpg,trashnet_train,abf29f030ad600d7ad368fb31dc35a060dca16c1f19f6b610e7908a48d905e29,ecba606606f6b122390216d72bb8e473045f9b5ce7bc1909d34f3bc890de1e7e,512,384
train/plastic/plastic419.jpg,train,plastic,1,AI/trashnet/data/dataset-resized/dataset-resized/plastic/plastic419.jpg,trashnet_train,46589779c40299c82795d1ed0eb6d9f045e969eac0470a0e448e950a32db54da,86dc0a296b5433436d6d600ffd54485c393e051fa3eec0d1dfc2edad5ea9026e,512,384
train/plastic/plastic422.jpg,train,plastic,1,AI/trashnet/data/dataset-resized/dataset-resized/plastic/plastic422.jpg,trashnet_train,023c1c633cd1d69cac64abb54d1d300f51fe2c208770db4732584e35382591c5,20b66f7250d7d57130274a6a00d5d5fa407e0b35387618af6203e99c56d45b4d,512,384
train/plastic/plastic424.jpg,train,plastic,1,AI/trashnet/data/dataset-resized/dataset-resized/plastic/plastic424.jpg,trashnet_train,3f3832c7c25c9b7f8fddaf2ade395408e7881c9624ede81e0ac7c02899a6e7e4,38aae51051f81e9d811d308ec613ece9757b0e1193faab0db861a1a77ae16a2e,512,384
train/plastic/plastic425.jpg,train,plastic,1,AI/trashnet/data/dataset-resized/dataset-resized/plastic/plastic425.jpg,trashnet_train,b8d900537f30dd1b82bcf6978a4c3a96a6c9e527d8b50844c2c13dccac6f0252,33f0d9429e6595ad25085d9942c9f6e9b6d871287c17009f6f98b5b6f471f72a,512,384
train/plastic/plastic427.jpg,train,plastic,1,AI/trashnet/data/dataset-resized/dataset-resized/plastic/plastic427.jpg,trashnet_train,6d578a80836ec004a1ac149895e8689f33edeb9b8e8ee48ed5cedf000c7b7cac,91148dec5980f57af85658bc2ce1184610d77ae473c24fd408cb8e129bdede48,512,384
train/plastic/plastic428.jpg,train,plastic,1,AI/trashnet/data/dataset-resized/dataset-resized/plastic/plastic428.jpg,trashnet_train,a44cdb0309c5b2fd8ba2e7a1168b08b05cb4b8cbebda4a4e7a25e749afe93a99,a35385bc54e29d1e9c804baec13c89b3ec1fca4f6d18c2face1d2655299dacd7,512,384
train/plastic/plastic429.jpg,train,plastic,1,AI/trashnet/data/dataset-resized/dataset-resized/plastic/plastic429.jpg,trashnet_train,de94c032e81df55a168ba4c0f6fdb6d6d91704cc799e34839fbe9c6500745a99,ccc98f0c9536b3d8f91a2cdb47e4650169af0eed6e4cdf5584a7553ac169c7a9,512,384
train/plastic/plastic43.jpg,train,plastic,1,AI/trashnet/data/dataset-resized/dataset-resized/plastic/plastic43.jpg,trashnet_train,aebc35a0a781aaac200e8407a93a7ba9a532ed6a9f2198d47241471cc69f5e8c,62514249c9b61d9389e33107eb60e80698f115eddc658a43d6f56f017ab485f6,512,384
train/plastic/plastic430.jpg,train,plastic,1,AI/trashnet/data/dataset-resized/dataset-resized/plastic/plastic430.jpg,trashnet_train,1c639ba85cffc1704c6661df756984b81d362366b6190e42966b39018e2d4f61,fb432bb14e803aa65ba7e1ac60b49b2a0312ac4a13f63693db35242a93b08943,512,384
train/plastic/plastic431.jpg,train,plastic,1,AI/trashnet/data/dataset-resized/dataset-resized/plastic/plastic431.jpg,trashnet_train,69b2cf41bcf89812d49459a7c849277c1678fbde22cb63fd6981ee7819739f4a,64cc64326f1a9a735d449ab1cbe074e36b1075aebd7c54ec532f96c72541b195,512,384
train/plastic/plastic432.jpg,train,plastic,1,AI/trashnet/data/dataset-resized/dataset-resized/plastic/plastic432.jpg,trashnet_train,ba6a9b30bd8d3701ac084706995bb3f68a3e56dffacfc0b4d667ef2690512624,47b6f0ccb04607f3f484ea275256885e87d9beb0869aa28e25b0de0ecbf79d00,512,384
train/plastic/plastic433.jpg,train,plastic,1,AI/trashnet/data/dataset-resized/dataset-resized/plastic/plastic433.jpg,trashnet_train,c4585c2d3a7b2bb30f028d7c6f3dee30565b9d3b2c44e1ab9c0fce4d0db5f928,99be3b28713747cd0fecc7edda6c306c296e5601263f7c3559ff1f5ec20d5ce1,512,384
train/plastic/plastic435.jpg,train,plastic,1,AI/trashnet/data/dataset-resized/dataset-resized/plastic/plastic435.jpg,trashnet_train,edbe3956999482b4ab2ebe1a75e0fff214cf86c7d96c205c95286fd3551c30f7,540825b5d1af8e4779b4f6c5c8ce6906f42fb01e95fa9f1cdd2cc7cb3f59664c,512,384
train/plastic/plastic436.jpg,train,plastic,1,AI/trashnet/data/dataset-resized/dataset-resized/plastic/plastic436.jpg,trashnet_train,68fbcf0479ca09e2660ac723cbca1abb608c67e1f6906d97c1e9d767b05f6e83,0ff26570f6d08656b7f2b9284da0c0cf54e0a4cd1be964f86c7dd12daa1c6f48,512,384
train/plastic/plastic437.jpg,train,plastic,1,AI/trashnet/data/dataset-resized/dataset-resized/plastic/plastic437.jpg,trashnet_train,dc77cc81de1f518e90b34190ca84aba0c5b91bf020316c34b95fcae257d9c13c,c2c36d2144e65a4d498caba53f25f7aefda2a8518464f333a357e69a2b9a9b75,512,384
train/plastic/plastic439.jpg,train,plastic,1,AI/trashnet/data/dataset-resized/dataset-resized/plastic/plastic439.jpg,trashnet_train,c48d62e02bfa1a932b0aa50ac1723bbe3be1c8d54bffb54f66fa52c0eeb59c57,45dab75a4ba922b26bd4f39fd54eb0d9b247dd369c264a61075e63dab00ccc79,512,384
train/plastic/plastic44.jpg,train,plastic,1,AI/trashnet/data/dataset-resized/dataset-resized/plastic/plastic44.jpg,trashnet_train,1a04ee128c41326e7c3a9dc1e10503a50bcfc852f7e40cf91a7079c0aac1c8d3,4e5273fb9e6d52520a0254badcbb235172ed9a1cbb0630ee5971ff7132b9503a,512,384
train/plastic/plastic440.jpg,train,plastic,1,AI/trashnet/data/dataset-resized/dataset-resized/plastic/plastic440.jpg,trashnet_train,286de05a374690c68be861de898597c49905225c0962731c24cac142caaa9141,1ae3973a9bfcf955bf324812b5e06188234a4132b6747e3da48794d9f098b0c2,512,384
train/plastic/plastic441.jpg,train,plastic,1,AI/trashnet/data/dataset-resized/dataset-resized/plastic/plastic441.jpg,trashnet_train,5e622980e96ce47efffcf38ee8bffde7c22704c7d57e29daeb4b3c46b9367800,fcd1666b885beb4dd111ebeba4047291cbbfb7b7f6008073a597786ce46d9c1a,512,384
train/plastic/plastic442.jpg,train,plastic,1,AI/trashnet/data/dataset-resized/dataset-resized/plastic/plastic442.jpg,trashnet_train,8c314191a4963a276888030e5aec28d77cf8c0f4a0e964deef0ade385cec3838,66ce7b9df249bd1a15c58de9c4a0967c8ec4cbe25fbb2060a677ad398b597eff,512,384
train/plastic/plastic443.jpg,train,plastic,1,AI/trashnet/data/dataset-resized/dataset-resized/plastic/plastic443.jpg,trashnet_train,5d8785fed5c72e1f73cea76868af04579ca37cf07fcc8a0751af6a765dc59981,3fe2d8e519fd27c1f0d8a58b6ecb9eb6ee60e0e6f41e804ae72a387e5e9a20b8,512,384
train/plastic/plastic444.jpg,train,plastic,1,AI/trashnet/data/dataset-resized/dataset-resized/plastic/plastic444.jpg,trashnet_train,eb26ee5deabe9abda304cb63b1f25fbe02e80216df1101eba6745cd1a68b5898,271a71c78bad0dc6d6c69af5899694861080650cf58e36a1c3a13c290317822b,512,384
train/plastic/plastic445.jpg,train,plastic,1,AI/trashnet/data/dataset-resized/dataset-resized/plastic/plastic445.jpg,trashnet_train,06f511f3f263c68b88df3da413392322c6615510bcc0844abf7e47fb822e94a5,a9f1aaf083c304e82fe4b2dc455cb91c50fc9e6c0d2e7ba9b91e74389bcc6d59,512,384
train/plastic/plastic446.jpg,train,plastic,1,AI/trashnet/data/dataset-resized/dataset-resized/plastic/plastic446.jpg,trashnet_train,c09b1e4917f0c62337dcdb3172cd2ccecd640800c85aaf8ae859033bcba3a31d,bb664391c4df060e40201c9cc7bcb3f4a93b6332cb4b002513e886e197a44a85,512,384
train/plastic/plastic447.jpg,train,plastic,1,AI/trashnet/data/dataset-resized/dataset-resized/plastic/plastic447.jpg,trashnet_train,035d22330d0d075cc9f336a640224688346994d7f0f9e7512216aca90d1fc505,324953ff41a23010df952471bf7e5d4524b683b8e386b3aedbab92998de768d0,512,384
train/plastic/plastic448.jpg,train,plastic,1,AI/trashnet/data/dataset-resized/dataset-resized/plastic/plastic448.jpg,trashnet_train,a867799ac13e0eae93513015aa973f5f998e9bcc1a03eedd5958e171a5e56070,f337d2fc0495393cd8c8c9d12a85a492dc78e7f9873a35eaf1fa3905b64ff951,512,384
train/plastic/plastic45.jpg,train,plastic,1,AI/trashnet/data/dataset-resized/dataset-resized/plastic/plastic45.jpg,trashnet_train,67141e8f523c921cb5bca25ddd2e9aa3c27d7ab976c00855b22695aeafe942ca,1aabe574ba8172bd6ae3576e2e3f44f561871a0c3b307381bf17cb4f4f85ca0e,512,384
train/plastic/plastic450.jpg,train,plastic,1,AI/trashnet/data/dataset-resized/dataset-resized/plastic/plastic450.jpg,trashnet_train,dd4019a8f22ba1f519fe5a75936edb16ed8f9098f0274a67826face7129b59e5,bc989f06b45b8b3ae2fe94266a4a81c212a6bedfa32133a3d645c712c3f8464e,512,384
train/plastic/plastic451.jpg,train,plastic,1,AI/trashnet/data/dataset-resized/dataset-resized/plastic/plastic451.jpg,trashnet_train,526cd74ce053bee9cb9735f8484efb3c39c45892e9a0dad736deed3f755f093f,23e8738672e10e359ac5a9fce018f3b171fbf745a3253b3c493dc784cb51b7b7,512,384
train/plastic/plastic453.jpg,train,plastic,1,AI/trashnet/data/dataset-resized/dataset-resized/plastic/plastic453.jpg,trashnet_train,f010ceac35917da54f016e4749e93a6b10a9154e2a32e508ce73773804cea627,6c26aa69d353e33292a254fa9fbff091b4c1f47fab1d7528ae55b8f30e251d84,512,384
train/plastic/plastic454.jpg,train,plastic,1,AI/trashnet/data/dataset-resized/dataset-resized/plastic/plastic454.jpg,trashnet_train,eccd69b3909c969780ede2ca1603b3fb72bbbbdb91e54a78eee2c400f3acc495,4ce8a5d8f0d874aae9fbf5ea36012e47e9020468f05b77adc629d8004bc5a71c,512,384
train/plastic/plastic455.jpg,train,plastic,1,AI/trashnet/data/dataset-resized/dataset-resized/plastic/plastic455.jpg,trashnet_train,b21d41aaed31fa3ba75330f2181288de824cc71bbda01b29b3a35e0c5875ca24,b850d97f4da035b73337dbdf4c214baccc02f9f1d2b9a7a3bf0b2e32c1de78c0,512,384
train/plastic/plastic456.jpg,train,plastic,1,AI/trashnet/data/dataset-resized/dataset-resized/plastic/plastic456.jpg,trashnet_train,7d382483030ffd24d7cf9aa827d196604b4309f72d375ceb6eb0672c9869580a,f504120a8d40943ecddd3ad855af105afca0f220d1d8aa52d728f40c93ba7580,512,384
train/plastic/plastic458.jpg,train,plastic,1,AI/trashnet/data/dataset-resized/dataset-resized/plastic/plastic458.jpg,trashnet_train,1bac9d75550551aa591d5c7cb136283cea796c2052cd42a65f664822698d0933,3a03892ccc69be7d92831d84d00533e61e1b4831384e4fa2ccc70c44fd4443fe,512,384
train/plastic/plastic459.jpg,train,plastic,1,AI/trashnet/data/dataset-resized/dataset-resized/plastic/plastic459.jpg,trashnet_train,9dd81632241ccdb51b0c6cbf90a20577af604173ebc3a5454510aca49540ffc4,248ff80a35c9ccd59090fb80ef365d6fe3116e4bf8553a3de6f464356d329484,512,384
train/plastic/plastic46.jpg,train,plastic,1,AI/trashnet/data/dataset-resized/dataset-resized/plastic/plastic46.jpg,trashnet_train,f518118c026f30902fb073db820d2fc4a1c30a15624a0ef2d859b3ad670b942a,d18779f97059ecb3fd8d8455f5fe980dfae6ed59c176a03be4c8cfbbf084234d,512,384
train/plastic/plastic460.jpg,train,plastic,1,AI/trashnet/data/dataset-resized/dataset-resized/plastic/plastic460.jpg,trashnet_train,fd45ce02659295390cc072ce7d354051883665f75f8cd239849eb75e95c77582,a1e74d5ee7aef9ab1ad57ac97980f4d97b653d8ea01a5c9442f7283084667674,512,384
train/plastic/plastic461.jpg,train,plastic,1,AI/trashnet/data/dataset-resized/dataset-resized/plastic/plastic461.jpg,trashnet_train,cdc4a296c308d3a3eb9ab42c1362599ae73ddd9d28712813c3445a1107b3ccc5,7389558cf944697e850ddcf521c2a62e0b7abea51c9a74f493cc582be1710336,512,384
train/plastic/plastic462.jpg,train,plastic,1,AI/trashnet/data/dataset-resized/dataset-resized/plastic/plastic462.jpg,trashnet_train,d6f6a0c3089a770f97cfc4349c17a2d689daef2547084c66525d81eb342e4cac,3a807439df4c76e9214f8ab8fb06be047f96e6259b00661092c2728c2f8dfc1c,512,384
train/plastic/plastic463.jpg,train,plastic,1,AI/trashnet/data/dataset-resized/dataset-resized/plastic/plastic463.jpg,trashnet_train,0bac49f6aa2001bde9dce18c6fdbed4eb5762f89202a5745ad2223c638ebd30a,382175cfc5f2251b36684bddf00d3276bd5d39423925eae2dbfe5c181b8dd3c5,512,384
train/plastic/plastic464.jpg,train,plastic,1,AI/trashnet/data/dataset-resized/dataset-resized/plastic/plastic464.jpg,trashnet_train,04765f074dd08bdae1387eac7aad0ea5b047071a2a4ee4ca494b4f868471029e,e883216af588fe0f8e24a0c7cca58e9036f2f1b16c04c6de777fdfd5a85a2c54,512,384
train/plastic/plastic466.jpg,train,plastic,1,AI/trashnet/data/dataset-resized/dataset-resized/plastic/plastic466.jpg,trashnet_train,cdf31d4be271b09a4afdc70a58ea49bec20df0ac1b1d3b2b6d7336500ecbc503,53345e8ce9ef5235e50ad72452f7f567fa35bd2af9d5bbd7bdf142ece5ddc3e9,512,384
train/plastic/plastic467.jpg,train,plastic,1,AI/trashnet/data/dataset-resized/dataset-resized/plastic/plastic467.jpg,trashnet_train,0a2a53f134050e58c85c7d6899103ec006d8caa7a33d3d2dc3aef44e955b179d,00d7e0870bbcc314ceb6a6f34c55b94b2f04e5ddcdf6e24c9bc3d6d1639e7d13,512,384
train/plastic/plastic469.jpg,train,plastic,1,AI/trashnet/data/dataset-resized/dataset-resized/plastic/plastic469.jpg,trashnet_train,76fc3fd75a739f4549b06baa1a6ca5785eada05568768d051d5683a1e73c3cfb,9a42e9d5e6b08ba98a1eafb4a6a0fe77725d7c004ace304c78e87a9f73aba795,512,384
train/plastic/plastic470.jpg,train,plastic,1,AI/trashnet/data/dataset-resized/dataset-resized/plastic/plastic470.jpg,trashnet_train,9fc537c06129c55815ffad37149a24f8c7c5e914f270ef40a44838f65d7f7da9,6e300081ddad3112e8aec3d7110bd314eb4ef6dfa9bfeb63a82429282e5f0777,512,384
train/plastic/plastic471.jpg,train,plastic,1,AI/trashnet/data/dataset-resized/dataset-resized/plastic/plastic471.jpg,trashnet_train,1fa506d340c028a17fa2b600b7d3d0d3285e47ebc57aa5788ce9b55d648939bb,b422eb52891e17d33e93b9f29c36ee645ae8a7a0a09af7504eac9306e8d7e020,512,384
train/plastic/plastic474.jpg,train,plastic,1,AI/trashnet/data/dataset-resized/dataset-resized/plastic/plastic474.jpg,trashnet_train,4dd995989aa9414b21b21cdb5effa88bd361d3a549d93e8fd460a4ff652897f0,409106c9d96cefc0435d8f8a051d73faa452ccd3065fced085e96e3f88af17e8,512,384
train/plastic/plastic475.jpg,train,plastic,1,AI/trashnet/data/dataset-resized/dataset-resized/plastic/plastic475.jpg,trashnet_train,00827843e2717008273bcc743c442864e5c9dcd150ac6158efd4952125ac1fb6,c57c20acd7420b433fa1aa26f88aa2d06dc1f47b1b8801d0eeb58a810952f627,512,384
train/plastic/plastic476.jpg,train,plastic,1,AI/trashnet/data/dataset-resized/dataset-resized/plastic/plastic476.jpg,trashnet_train,ef8121e224597da0607432cfbbfaab33b38a69a02d555aef5710737f7857b660,2bef1e6c47c2023b1a57a8d1b5b54090c1234dca0a683768fc316bad519b637a,512,384
train/plastic/plastic477.jpg,train,plastic,1,AI/trashnet/data/dataset-resized/dataset-resized/plastic/plastic477.jpg,trashnet_train,b3c8c568c58070c6a3f7a5d14bf153086c2982c1f35528cb90d7f64ddd33a852,dc0e394befea3d067c119ef5f5f3477c66cb30a24c4495a32bb243d043bceaff,512,384
train/plastic/plastic479.jpg,train,plastic,1,AI/trashnet/data/dataset-resized/dataset-resized/plastic/plastic479.jpg,trashnet_train,33e4e2e3eb43881488a6c6390e0d02a38d35c1a1851a5a04471fa8b08c21727b,da88ba1ba960b1e946974f0cc27730b046f45d84ee827d5b1618009df65a36b9,512,384
train/plastic/plastic48.jpg,train,plastic,1,AI/trashnet/data/dataset-resized/dataset-resized/plastic/plastic48.jpg,trashnet_train,de7518266453b4e7bd276aa21052733fd68b468729f80879233db0665cbacd26,ccc22457e451a30acacd1a8333ebda4844006c2905333a9e6527a4c42077feed,512,384
train/plastic/plastic480.jpg,train,plastic,1,AI/trashnet/data/dataset-resized/dataset-resized/plastic/plastic480.jpg,trashnet_train,817235dd5f4c5ee053684622951ea0f221763095e458f28a5b2727801389a278,c6c27205eeb382aa65ad760b4ffa2e909f75844917d3d546b42a9ef03f9467ad,512,384
train/plastic/plastic481.jpg,train,plastic,1,AI/trashnet/data/dataset-resized/dataset-resized/plastic/plastic481.jpg,trashnet_train,abbccf8c17594905bb7d3234f7e83b0df4783cfb97595da6c3cddbf0021ea646,8caea7b74efbde52660fc9c13c317de59937eaccbe97da038c5c768b10b8d68d,512,384
train/plastic/plastic482.jpg,train,plastic,1,AI/trashnet/data/dataset-resized/dataset-resized/plastic/plastic482.jpg,trashnet_train,d7c14e5747561134b2a4a1ffcb404f87eba78be9d0866c183962bd6fa48f0373,9d20fe74f39418aec0ef466027007060c13eb9c8c50792c58d51074a64984ca1,512,384
train/plastic/plastic50.jpg,train,plastic,1,AI/trashnet/data/dataset-resized/dataset-resized/plastic/plastic50.jpg,trashnet_train,09e75e68f5b4514645b59e090f13b430d448b9ba03ea05a648a0ed83be35d4ec,cd67e450e87ad37f91890883d52f8b53d346a476a52045f2e89f7e8631e22ac0,512,384
train/plastic/plastic51.jpg,train,plastic,1,AI/trashnet/data/dataset-resized/dataset-resized/plastic/plastic51.jpg,trashnet_train,b683387e221e5b23286f1fb59da08a6d356676c52644cf42d75ddcf1cd346a62,8f424b4e0ce6c6a90b02aa1c9484915169f5cc0bb4485a2d7c29ecae67fb2484,512,384
train/plastic/plastic52.jpg,train,plastic,1,AI/trashnet/data/dataset-resized/dataset-resized/plastic/plastic52.jpg,trashnet_train,bb53a10a93857884e8b6edcdd9d1e74976779ef35d9ac74c0b9983c7121af9dc,cecb1a6623250de787e13a43c85e2a622906d76465c59e047e3a6afc34a61973,512,384
train/plastic/plastic55.jpg,train,plastic,1,AI/trashnet/data/dataset-resized/dataset-resized/plastic/plastic55.jpg,trashnet_train,cd61bf3fc38601b928a272eb2f6890bb53323f6c86f2c2c0d7de648f1d3fc464,3f41376b092879ffb495d2606c3cedd79a1f987d4aef8972af2c5b6a3f763e97,512,384
train/plastic/plastic56.jpg,train,plastic,1,AI/trashnet/data/dataset-resized/dataset-resized/plastic/plastic56.jpg,trashnet_train,5f196349256f720044b8222e8e7027b95ab12afbd042c8c08c86e1ebf7637db8,98e30aab09d2719be36b85276aa51fb0d994202570866860fce9aac25a2eed39,512,384
train/plastic/plastic57.jpg,train,plastic,1,AI/trashnet/data/dataset-resized/dataset-resized/plastic/plastic57.jpg,trashnet_train,4674e3d6eee6f7ed7b4e67e6b00d0ad920daca0b38b3b1031c36e5a17067da94,d1fe0c92911d6a7346ec6294fc17ce1714ea24a457db0677f6cd2c19ddbd8e6a,512,384
train/plastic/plastic58.jpg,train,plastic,1,AI/trashnet/data/dataset-resized/dataset-resized/plastic/plastic58.jpg,trashnet_train,b1799161a0dd174a06a9db28aa24d4f16deab2323fefdab2ced227ebe0349024,752f71e8a8da98efa1cd6ef9c1536036cbded2f85cebcb3d6cdf1525f8b84159,512,384
train/plastic/plastic59.jpg,train,plastic,1,AI/trashnet/data/dataset-resized/dataset-resized/plastic/plastic59.jpg,trashnet_train,ed2c9543b506a7119be6552ea9c24865d52180d43cd86169e7d895464d846563,78dd56504cd1a6418849021f2df48cbfba3ba3f706516e01e7c75e856f360c0c,512,384
train/plastic/plastic6.jpg,train,plastic,1,AI/trashnet/data/dataset-resized/dataset-resized/plastic/plastic6.jpg,trashnet_train,7e619fbd55c4a04a748d52ab82f2464967e0cc2b424f4e36d5f54c6e9bcd5be7,16b8981fb351622a59c0ab5ee5a70ba75f1737eeeee7e3afb63839846b87e5cd,512,384
train/plastic/plastic61.jpg,train,plastic,1,AI/trashnet/data/dataset-resized/dataset-resized/plastic/plastic61.jpg,trashnet_train,6c3efdb40a993a64e1d2c3eab03dd634101cf8ba124d65b092537ff0116626ab,92b173833f4435e9f1c37e04b2966b9ad99021fec564962edb11a22c2f782b9b,512,384
train/plastic/plastic62.jpg,train,plastic,1,AI/trashnet/data/dataset-resized/dataset-resized/plastic/plastic62.jpg,trashnet_train,89727a52b4a17ae1508d41186ed38d03df84d0cf3b4ba2813cea9507d55e36e5,eed74820b1733d3468d6e33a9f30b84b20ed0eecad96cf4675917c8de28c5a5e,512,384
train/plastic/plastic63.jpg,train,plastic,1,AI/trashnet/data/dataset-resized/dataset-resized/plastic/plastic63.jpg,trashnet_train,16518e0987964ac97caa28fe32fe0f0908e7c33db070418126d5cc9c05f0e22d,31e356b1d96b95978b7c6da52f04f4f00d1d92869dbc61cf7b64d05013c58928,512,384
train/plastic/plastic65.jpg,train,plastic,1,AI/trashnet/data/dataset-resized/dataset-resized/plastic/plastic65.jpg,trashnet_train,00fda87186fdaf0484e7e3e3c5a56a22556c6c12c1d042c65d19821cfa460bc2,139fb7ef9de58f072efa44fb80ec9344646e0cbcd3d87516a8e6f5100a97a189,512,384
train/plastic/plastic68.jpg,train,plastic,1,AI/trashnet/data/dataset-resized/dataset-resized/plastic/plastic68.jpg,trashnet_train,0a5f58a0cf30bc2e81f6b5b9305db468ff5ab6feb7537a6877bc5a5e9d4f28a2,550e41dd75dad276193e8699167d6d280e6d8146cbf3f2b03735508525834811,512,384
train/plastic/plastic7.jpg,train,plastic,1,AI/trashnet/data/dataset-resized/dataset-resized/plastic/plastic7.jpg,trashnet_train,da60dcee4982606118f20c988e3740daa3e23feb4335a37a5fc3aa9e16d10f66,8d90dd1dbdeed50c3156f08eebdbf8a6ab4101e86161b975da359d7bda8ecda7,512,384
train/plastic/plastic71.jpg,train,plastic,1,AI/trashnet/data/dataset-resized/dataset-resized/plastic/plastic71.jpg,trashnet_train,06210ee684574356308ab6a75b5c7cdedc9959a0b1033b968d98d1dee7fb5b90,6a860f6a76941810bbe847f60c4d3be4ef9154360db2a6d9c577c3d99ef0726d,512,384
train/plastic/plastic72.jpg,train,plastic,1,AI/trashnet/data/dataset-resized/dataset-resized/plastic/plastic72.jpg,trashnet_train,fc6ba4d98792b4f60d37402d561d882b57a95d6c6a3ecde3cb469043240e0fd8,12966c23343c4dc9468cdf6fc5990751713f76b7136fe0e7d7d98b1fdb1d7345,512,384
train/plastic/plastic73.jpg,train,plastic,1,AI/trashnet/data/dataset-resized/dataset-resized/plastic/plastic73.jpg,trashnet_train,8adfd45c91e59217eb86fbf17b7cc91ea7e3c5e72c9ff5c32d59d97b43766991,c80df13c5783617f4b170cb6ed378bcc3e6268b9f04aa5459ed2a56650435946,512,384
train/plastic/plastic74.jpg,train,plastic,1,AI/trashnet/data/dataset-resized/dataset-resized/plastic/plastic74.jpg,trashnet_train,39f4528b48c35e138c9dc35a57987bb7c63084c759498487440c0ae1a7868549,2e4bf7b1da6dfc689ad989a457b023f9eea85bf5269fc690e43da4bd027bff52,512,384
train/plastic/plastic75.jpg,train,plastic,1,AI/trashnet/data/dataset-resized/dataset-resized/plastic/plastic75.jpg,trashnet_train,f3369337f73e10460c7ee4c117a44f64939e894a4cb820524971dd5c288f8e77,425e8c094c278685eddca0ab6ff22c0d0f5cb99d90c167f0ab4be79fb7c6e285,512,384
train/plastic/plastic77.jpg,train,plastic,1,AI/trashnet/data/dataset-resized/dataset-resized/plastic/plastic77.jpg,trashnet_train,2ad4c7f1ff68e4c36e00222a1ff14d2c3b10084b13a040c69b6b8af0e10dc802,bbd4edf824ec4330ebeea95065e98199e1c1acd06abcb6ebd742420aea00f5c1,512,384
train/plastic/plastic78.jpg,train,plastic,1,AI/trashnet/data/dataset-resized/dataset-resized/plastic/plastic78.jpg,trashnet_train,067d32a5afde16199cbe295b57d04bde2495c5f5f54c1053982d9ee706733af1,1f407238c64f4cd6161b9cd1860ed6393c6438272f735980f4b860d24306a88e,512,384
train/plastic/plastic8.jpg,train,plastic,1,AI/trashnet/data/dataset-resized/dataset-resized/plastic/plastic8.jpg,trashnet_train,9f5b2e26171e2568ea3c809705cfa00732550ae24e0d06c58680e401bef3474e,5abfde92c2f1f1d7f19a93ac1ac4cb0152d78be9606fc1bc886d24b6affb6a28,512,384
train/plastic/plastic81.jpg,train,plastic,1,AI/trashnet/data/dataset-resized/dataset-resized/plastic/plastic81.jpg,trashnet_train,5619c5112ef5558ae84005997b8aedef11dc851a91276a474ea9c28dcc57acb9,faad0c4fa87385210b2eb5519a2b83b2bd8e183750a7ecee6a98e487370bf509,512,384
train/plastic/plastic83.jpg,train,plastic,1,AI/trashnet/data/dataset-resized/dataset-resized/plastic/plastic83.jpg,trashnet_train,87635df246f224b72acac9ec299736d164f175a0e9bbe569a0991ddf7a638e6c,9eb2841e17d6f62f4bb9feccc1e7bf1d0d3df92ce23ab79b61418b291ea2b829,512,384
train/plastic/plastic85.jpg,train,plastic,1,AI/trashnet/data/dataset-resized/dataset-resized/plastic/plastic85.jpg,trashnet_train,01f8d026e7a6f1fc6bc47cf9ddb98e7c23d0cfb538a2f1822bf5287beceb6872,d4d9990ca23ab310af33824b4dc3503b046a1f4af35d53fbb9f41338986ff22e,512,384
train/plastic/plastic86.jpg,train,plastic,1,AI/trashnet/data/dataset-resized/dataset-resized/plastic/plastic86.jpg,trashnet_train,1c12d12b9af2e54c77d4e48d40ee831c67f699f251e391ff8864b881a6203c87,ea6ba7ab0f7aef4ccafe2c11ec4d2bd81df26ee9085178fd324a19a86aa8541d,512,384
train/plastic/plastic87.jpg,train,plastic,1,AI/trashnet/data/dataset-resized/dataset-resized/plastic/plastic87.jpg,trashnet_train,a472388faa1bd0fbcdf90086317b0ca67ca6516aebeb2289d816003b36de9a8f,f4922d8d7c41d8e7b429cad56c12e2370a5e8e9295d531442009683315231102,512,384
train/plastic/plastic89.jpg,train,plastic,1,AI/trashnet/data/dataset-resized/dataset-resized/plastic/plastic89.jpg,trashnet_train,3bea414efe7ec324c143e02c7e84c5966cdcf702cd0e75e38b29783881d78d17,6f35a3566f96a26751c973e1cc848c10565bfabf7d97699240df19b17aaf9d0d,512,384
train/plastic/plastic9.jpg,train,plastic,1,AI/trashnet/data/dataset-resized/dataset-resized/plastic/plastic9.jpg,trashnet_train,e92cf86071f6f8437e628f74dce1fd2617d960274e54bda1f8ee6eb9da87e32e,51f2b5628236ec17bb5cc215592838944c3e203111626f67d50bbfe12395f5f8,512,384
train/plastic/plastic90.jpg,train,plastic,1,AI/trashnet/data/dataset-resized/dataset-resized/plastic/plastic90.jpg,trashnet_train,e8eceda00dd5ab13f689f1597b08b7bbe04ff63bc9cb4278822423a28d8e0bf5,9cc90d0cc46552c4c2b09a1103451de5411c8f28589f5e9304b25f7eaed8dc4b,512,384
train/plastic/plastic91.jpg,train,plastic,1,AI/trashnet/data/dataset-resized/dataset-resized/plastic/plastic91.jpg,trashnet_train,4c4b7514cd5e25ed6d878c1f657f520ff6b1d0337ad417ed1ea6b4e98a48bc75,da57b15a408940e659737a3ec38345c0145bf4a6b80cc6f58df524590f8a83ea,512,384
train/plastic/plastic92.jpg,train,plastic,1,AI/trashnet/data/dataset-resized/dataset-resized/plastic/plastic92.jpg,trashnet_train,a4f4316eec3ad18387d1142d3f1c71a92824c2f1f385d777ba4fca1a2a1de2e9,9484d6ea7b630fdde472ac87d006fcd11017930eba6769a2dfbb2e74a837d60a,512,384
train/plastic/plastic94.jpg,train,plastic,1,AI/trashnet/data/dataset-resized/dataset-resized/plastic/plastic94.jpg,trashnet_train,79d94d7d79b70d35391826f17d4f46f49e47bd576edf06e05d14cd847f32c58a,929e7b43e816765b4102c04e9d843238e330117f3c83e7a65a16943ab73b3523,512,384
train/plastic/plastic95.jpg,train,plastic,1,AI/trashnet/data/dataset-resized/dataset-resized/plastic/plastic95.jpg,trashnet_train,d4607fbc266410204ecacbc03e5e084c8a7153d53a6155f32b6a26f1c7eb48db,84ad3b76b4d10cb9697f050a5db17809e999dc560c328b3759b0580b473224a5,512,384
train/plastic/plastic96.jpg,train,plastic,1,AI/trashnet/data/dataset-resized/dataset-resized/plastic/plastic96.jpg,trashnet_train,d22ed88164908ca988680a02df3f580e439258df4b378901f25d83c1cd77bec1,bda16b7d16aebd93f095b9b12f0d36faff10136a4ca0eefbe9a8196621bc698f,512,384
train/plastic/plastic97.jpg,train,plastic,1,AI/trashnet/data/dataset-resized/dataset-resized/plastic/plastic97.jpg,trashnet_train,221592ad0b4ca84ab9b2d75dd82d279e9c2635056caa6e1e478544bd9ebae2d7,781fea4814b2caa5a99a06104e21cbabe55aeda799b3bafd131375ecbebb96c5,512,384
train/organic/organic_0001.jpg,train,organic,2,AI/archive/DATASET/TRAIN/O/O_9888.jpg,official_train,7d37777cca1ba84de073b4783a4a95621eae9bcb6e19cd6f49b9d0c270850adc,5c5c1bf940ce784238ff63dde2ce3e4964c3aa3b05a0f6873ce431e6ef653ef4,194,259
train/organic/organic_0002.jpg,train,organic,2,AI/archive/DATASET/TRAIN/O/O_2229.jpg,official_train,5e4f550e23a46e682e09c05fe8e345a96ee24b15b265be82fd4f56127f5d980d,bd0c419333842c4429295e38642ae7d6f77626631f68b1b418d72cd8fb0db10f,318,159
train/organic/organic_0003.jpg,train,organic,2,AI/archive/DATASET/TRAIN/O/O_10545.jpg,official_train,51748bb377ef18ee532fd4a7eb47e8a3efad5b19582c9531bbb0311da4282841,2531229fb54ca4de8326f9dd950eaf862711d4ddd4a60a318a3c1861510a013f,250,202
train/organic/organic_0004.jpg,train,organic,2,AI/archive/DATASET/TRAIN/O/O_423.jpg,official_train,e805b32d8e197f877a9e6b0606e2a74365a7e74c761ca65840c897e85b6231ea,125929db221e5ea328c7cb72a1eaf074645092d50e1751fc07c3d732c7ea282c,263,191
train/organic/organic_0005.jpg,train,organic,2,AI/archive/DATASET/TRAIN/O/O_2799.jpg,official_train,84fa4a9195679a1c1973f056598fd4e6c43441061534118bbb8bd1968b1f00cf,4f30938fd08f3fcda70eb5950e2995416779e9b7224cbdd9b72598856c58a2a9,301,167
train/organic/organic_0006.jpg,train,organic,2,AI/archive/DATASET/TRAIN/O/O_2037.jpg,official_train,d4f202d3236d3a655364b47f3856de50f64854ff9e722a51c7be053d74112d23,9ce38e8e662e432cf67695ae2e7bc3b9665cb09e7385a6019e63276af706df9b,249,202
train/organic/organic_0007.jpg,train,organic,2,AI/archive/DATASET/TRAIN/O/O_7816.jpg,official_train,a882ce3cd9e8c3f1ccbfb97ab1d451bd55201a04fb5421fd0cb8f22590d7434a,a02b490a832ba8ec2e968a2ebb0ee810ac9a43b95333ffa38c24743aee0789ac,282,179
train/organic/organic_0008.jpg,train,organic,2,AI/archive/DATASET/TRAIN/O/O_6019.jpg,official_train,e11226cf3d84b5c27aa39ff1310cdcdf1a0265f311e0e9311233308da4a3cabe,80957588ec8bc14c6492520caf32d71eea1f4ceb8315579115b071b40efcba2e,275,183
train/organic/organic_0009.jpg,train,organic,2,AI/archive/DATASET/TRAIN/O/O_6840.jpg,official_train,63755a293b834448c49576f06f771e2e3fc528f4134a9d9b3f7effb122a243e1,7bc9e08c0146e08ef945257f15688654fb36cc256a42dbe2768a83c4e6fa5c5e,275,183
train/organic/organic_0010.jpg,train,organic,2,AI/archive/DATASET/TRAIN/O/O_11976.jpg,official_train,0eec153281553b5494d28a4c3329264336b29d0e25f7175badfd6de20e70d754,dd0e53f6e01498d6af9e29a8f13213a009074340f9be2bbd55ef707d0291851f,300,168
train/organic/organic_0011.jpg,train,organic,2,AI/archive/DATASET/TRAIN/O/O_9587.jpg,official_train,7dfe2983a2fde47703a4f375bb08463443993b1347093b62510df176c6bddc06,7ad5b5dd9db480406581ee47dad53029693d9b1ea76d6761a05b83eaac907964,261,193
train/organic/organic_0012.jpg,train,organic,2,AI/archive/DATASET/TRAIN/O/O_9641.jpg,official_train,b7c16a7063d10c0750ef72197a7f7ec9f21cecc4705451fa04ab103da6d228ca,5f5019f4dfe6d2557d33f17f8b3507a8b7f3ff7ac309d3d5c6de510ca4572774,253,199
train/organic/organic_0013.jpg,train,organic,2,AI/archive/DATASET/TRAIN/O/O_10380.jpg,official_train,9eba05f11e6798e8d1fe2883a552518e2cf0381669a5bef20257d6f12e78b32b,2d60c97268925edeaee5448a0c5a91771287f664979408f81ee2d062fd8e1fe4,370,136
train/organic/organic_0014.jpg,train,organic,2,AI/archive/DATASET/TRAIN/O/O_10625.jpg,official_train,c7bc2a52efe779d07055ce14fb04c4310e92390ed82fe44da8e08fdd03ad87ab,9af56f16e47efee7fde9e6d53140dff5b2119a6b1702fb0f24823ed2597412db,225,225
train/organic/organic_0015.jpg,train,organic,2,AI/archive/DATASET/TRAIN/O/O_9828.jpg,official_train,333e5c49e6392fd4b153cecbcc7757b5f6d62dba49bc5292582b14df464079c6,ead69ac485d1ade5234c975147cb4d97b2c1e7b50d9e99282600c9e95f55b633,261,193
train/organic/organic_0016.jpg,train,organic,2,AI/archive/DATASET/TRAIN/O/O_2259.jpg,official_train,78efa937dc817a94e3af45f84f5eaf08beca08991f3ef4306cbb43524028f6f7,9ba37df2b5b913ece91489420657ee3e2784bde75a66b713c2ea3770859c90d1,225,225
train/organic/organic_0017.jpg,train,organic,2,AI/archive/DATASET/TRAIN/O/O_7242.jpg,official_train,7a173daf3a29c8d2e2401b79257387965106a337ad26b5a8877ebf9a2ee7b58f,7002e8d089bc33e2a4d26dd4ae77a0aa0720def3f7a183e863e148c08c76e160,225,225
train/organic/organic_0018.jpg,train,organic,2,AI/archive/DATASET/TRAIN/O/O_11601.jpg,official_train,20bcdfbb74abcaedecf49d73f9449cc93592425085aec0fc1f702fca8cfc5bcb,dcaa99336d050cf8637b910330906a0b938de5d5bd3dfb288ec84d16490ea37f,251,201
train/organic/organic_0019.jpg,train,organic,2,AI/archive/DATASET/TRAIN/O/O_11631.jpg,official_train,92b30e5e69cc9d9fc4940ad8a1d45d91d6bbd76fa62c84984dd0d4e767efe833,01a9a2a90360f4ab35715a70f56fc378bf623d50bdb36e95bdb1412316196db5,225,225
train/organic/organic_0020.jpg,train,organic,2,AI/archive/DATASET/TRAIN/O/O_331.jpg,official_train,5de0e27f74c1497ece385e4da4c7542739d6792b3eaf42c16437a9486c9aff15,47efd6b681f6ed632567388d59ea37bb6f897b8e9299f0f67b7970d34489aa72,225,225
train/organic/organic_0021.jpg,train,organic,2,AI/archive/DATASET/TRAIN/O/O_2186.jpg,official_train,71f1b2f2b0a0bf6eed0ac80e8450b524ae6166a0702e5efbe6ddd3d2abf41ee0,b53cfd806d1a0357d38e74e8e57529f402af83a29fa6734a0f2191ffb5088e6a,311,162
train/organic/organic_0022.jpg,train,organic,2,AI/archive/DATASET/TRAIN/O/O_603.jpg,official_train,a75355746a0d6668eee419e7d613d87b945720075e5dfe7a6cee5ec8777bdfba,3fabcd9ee03f2e0947ab04b1dd025fe295d9b61cd43c5536714b77e98539740a,225,225
train/organic/organic_0023.jpg,train,organic,2,AI/archive/DATASET/TRAIN/O/O_7735.jpg,official_train,61885cf4eef2488fd1dd7f6d7b732c82bae4ff612d2e531cd0b7900d1ce6f6fc,79c5175e073342a2c80e2258b193d0084c60d4e84682700ce6779a2b2ed17709,266,190
train/organic/organic_0024.jpg,train,organic,2,AI/archive/DATASET/TRAIN/O/O_7026.jpg,official_train,68eeaa763caf4ded94e0d88ee24a4078d995299a3f2799d528a49a55de91beb3,034698727959d0554e9f50b9f333c723d98524548a44b7b4dae9ab4423b8a838,192,262
train/organic/organic_0025.jpg,train,organic,2,AI/archive/DATASET/TRAIN/O/O_2927.jpg,official_train,783d35df0e770cc9651c0e4bd91bb1f560777b0c83915ce9532904049b6f8bbb,b980dee0d9bf24c439315f907110495bf1831019ce935fd39a298f0cf62a0797,185,272
train/organic/organic_0026.jpg,train,organic,2,AI/archive/DATASET/TRAIN/O/O_1385.jpg,official_train,47d43550f4895a67241429e7a68674ae8c67d83a20af2df8235c281f9604e071,ad6a0f621fff41c879ab8eab6a9c997ac68ba4f8e6d6fd7eac77feff239f7ada,329,153
train/organic/organic_0027.jpg,train,organic,2,AI/archive/DATASET/TRAIN/O/O_11328.jpg,official_train,0aff2566121b5a8ecca20a5bf28f4075d4caee5383b1813ad33f090b0dd17926,d30d51aa5257e3425d78a22914e912dc196978efca67c172bbd8e198c078ed8a,259,194
train/organic/organic_0028.jpg,train,organic,2,AI/archive/DATASET/TRAIN/O/O_1589.jpg,official_train,b576268682101cf35b065195cc8b949d3fbb97fa93048636f3a380ea970650ff,31f4e88b02a03cd28151df09389170a6fa78a717afb43dd95caeabda239366e5,192,262
train/organic/organic_0029.jpg,train,organic,2,AI/archive/DATASET/TRAIN/O/O_2358.jpg,official_train,f8b13a9b6d3bd07b66752a6ecb25917b4575adb6c88160a900033f6de90a38ac,7b1c0746b3d123b9e4455e37e1bd7b9534e236a7d44b35de3e7ca78f14d8d917,301,167
train/organic/organic_0030.jpg,train,organic,2,AI/archive/DATASET/TRAIN/O/O_2854.jpg,official_train,7a88b599a5d547c47a0074be7696c22f6a9af7085f9ac5133090d9c306e8af88,714e4098ac9cb32b7757dbc05b3a655f80212e3dd77408ff7a1ae719a430528c,225,225
train/organic/organic_0031.jpg,train,organic,2,AI/archive/DATASET/TRAIN/O/O_4714.jpg,official_train,bae49bc43771f104180a66335f204a6ddc6f80d533a3467d60f9c33d2f052138,1e93572485896ba9d36f98e90602c72c2590cbac46c2e0c21ed5db2e413e2bd1,328,154
train/organic/organic_0032.jpg,train,organic,2,AI/archive/DATASET/TRAIN/O/O_930.jpg,official_train,dc7b43231d9200ee50f89e8a0046101d8475b5625cee130925611fec4ba348e1,b7d9a5d37aa54b11fd29165a9d7a35b76faff42a1d21c2f96710c739bb748e21,225,225
train/organic/organic_0033.jpg,train,organic,2,AI/archive/DATASET/TRAIN/O/O_1287.jpg,official_train,fd8164f59ca9d3daca465100123dfd0d85faafe8317b707b2b104575a1d6bf36,6bb7dce0111abaa967eaf124550564f40be0d1ac744eec4c510e938e47f5932f,225,225
train/organic/organic_0034.jpg,train,organic,2,AI/archive/DATASET/TRAIN/O/O_10418.jpg,official_train,d7f6ac531de3f0bc9a20de106025f3f3d339d9142d36a0a0ae2ad9e851409e80,48d8953248c8f85eb107d2ddee9e4e10472d962bc66dc36de2249e0320c881b4,259,195
train/organic/organic_0035.jpg,train,organic,2,AI/archive/DATASET/TRAIN/O/O_3403.jpg,official_train,23a5b9e4a59b06be224408db09f86f6b153abc36cd28715252ab33494ccb3383,b76062ff76f6845211ac0e0878947ad64c3b9a75255b26cf9f5865f4f54a35b4,300,168
train/organic/organic_0036.jpg,train,organic,2,AI/archive/DATASET/TRAIN/O/O_459.jpg,official_train,3f53eed9a6ea3e68615cff5762c278c2dc694bd56ff75a74b9cdbbf6f615f13f,63d9622609b40cf7cb0212dac6d8604837bf51614f684417148c964a3576c945,219,231
train/organic/organic_0037.jpg,train,organic,2,AI/archive/DATASET/TRAIN/O/O_2642.jpg,official_train,433d45890bb361d969d6a397aac05cc11ffd7397f233890d9ee005900dd03dbc,8252e1c6d7f278e98e4fb7829d166a23952e31b572484d604da7268708a235c8,186,271
train/organic/organic_0038.jpg,train,organic,2,AI/archive/DATASET/TRAIN/O/O_6478.jpg,official_train,82f8e068ff22aeab461587779b5c330e84c273b20aaab818bdb5b2aa2121da8e,8df8cc0a3d59ec9ff971129fe6c33e29a45ea8eb85faf8fe99aaf8b5eb3023f0,275,183
train/organic/organic_0039.jpg,train,organic,2,AI/archive/DATASET/TRAIN/O/O_55.jpg,official_train,8dce34d6b77f1b7cc07ad8a6fe0ef7c7b9b6fdf2c76b1bbd82803e8652b09787,7baf34500c6dcf5cac36cfd7f5f405c181259cc4b7105c262bb9dcf36dcffde8,225,225
train/organic/organic_0040.jpg,train,organic,2,AI/archive/DATASET/TRAIN/O/O_8782.jpg,official_train,5e65d396efd30737735980d250ba0a36c876b7d5089812609cad00d7a028da9e,28fe57c8a5193082699d8d2bae0932b800f5588f0034551453371ac311413d8c,275,183
train/organic/organic_0041.jpg,train,organic,2,AI/archive/DATASET/TRAIN/O/O_10931.jpg,official_train,8e8a3566742c62a610004eadef4cbad3f974e844f93ecab93da4fd3f202f06ac,b3d95d56a5294c9279d23a07822375985dea488f0c8bcbc0418dc667ebbe0a31,183,275
train/organic/organic_0042.jpg,train,organic,2,AI/archive/DATASET/TRAIN/O/O_10268.jpg,official_train,5265879b1e98a90f39367519140b3684ca52b7dce7ae0c5003bd4727fe211c69,b7a717fd4c464bfc7b269f2244fe5082809faacb1aa2a122db0169f57c973774,168,300
train/organic/organic_0043.jpg,train,organic,2,AI/archive/DATASET/TRAIN/O/O_954.jpg,official_train,1c45a10ab4055cffe2f176c041de85eadb3a3b74b9560cbb46d92005b551058b,b52a936104bbdfe9bafac0c8ba13a17183b9f8876ab688f2c2d353928fa5b5b1,300,168
train/organic/organic_0044.jpg,train,organic,2,AI/archive/DATASET/TRAIN/O/O_8218.jpg,official_train,dd36677e96c4ae9af95437a08b495209da603e060b0634814d72907cfad74ffd,6d3ad7d1d542bb6fc5fb82ab37610e08b45a6e2068ae2e88245c4b968a3c5ae9,300,168
train/organic/organic_0045.jpg,train,organic,2,AI/archive/DATASET/TRAIN/O/O_4176.jpg,official_train,faa5ed5cd56606fc9b17b02eb258694495cd6bae540475837931dd699d376675,312ee527c47fab7cf295603c46ee945159bd87d9a1e052b679e7ef496bd708ce,259,194
train/organic/organic_0046.jpg,train,organic,2,AI/archive/DATASET/TRAIN/O/O_6309.jpg,official_train,fdb657e9f3871956ff286f933bbc450bd828f95d9042c82c0b2d8f1e561043a3,f708945a29872a7baa96946350781af806f6c7f7ee20ef1a1b0b101b7ea50ccb,268,188
train/organic/organic_0047.jpg,train,organic,2,AI/archive/DATASET/TRAIN/O/O_6374.jpg,official_train,bacf5b44f918947adc8c7cbda09abc10769e76fdbfe1eefa9101c0760fac8a47,02dcfca377ab4b9bfe8d0b90a67a892513019cb2fc1f7b91153fd88e0f2ba20d,225,225
train/organic/organic_0048.jpg,train,organic,2,AI/archive/DATASET/TRAIN/O/O_2055.jpg,official_train,205ff05d36a0b30ba1dd7baea71cdbb20e0df00441d75e4fb99cba62887bae70,3747af4c53dac714b16028493e24a9f6fbbbfc4bc7e7ea767d6ee34bf34a6744,259,194
train/organic/organic_0049.jpg,train,organic,2,AI/archive/DATASET/TRAIN/O/O_10871.jpg,official_train,28d862d90731310165f8c6bd7d93950520a0c4dfcc8bf33b280a938f5256c5e1,e7b179d8c1ebe1db9bf9ecc50fdc21cc2c72d2d4155b6657ac6738625dc88767,275,183
train/organic/organic_0050.jpg,train,organic,2,AI/archive/DATASET/TRAIN/O/O_1906.jpg,official_train,7d670819e20714fe55a1597847f6dab4ac3947cd6aeb57ca3856cb86199b3925,3ba7eaf1162723f737716af6e47cac6c0353639b0c8b7fed286dd35d9574f1d9,228,221
train/organic/organic_0051.jpg,train,organic,2,AI/archive/DATASET/TRAIN/O/O_9384.jpg,official_train,7022d4d56c2c199a6dade035dac19e8c8df4327b452dacb061ee8148b7ea75b3,079e54171f4c6ef5f9ddaa9bb912cdbc77ed13c66b878b85b9b83079eca3b462,275,183
train/organic/organic_0052.jpg,train,organic,2,AI/archive/DATASET/TRAIN/O/O_2723.jpg,official_train,5a72eca7ce01fbbcbb88d0c3da9e48417ec0bf97ed78ed3324595f0a28a32b99,e944e43f0cfc2c4ce99fe481e15f9d3f13574e1517b0695528794cb76191c2d7,225,224
train/organic/organic_0053.jpg,train,organic,2,AI/archive/DATASET/TRAIN/O/O_6674.jpg,official_train,ed1840c07fd938245dc83c72965d3e1568b0c28429bafd6bc8a460098409341d,2cdbb5faed85855da5f9c285bcefed88dafafdc6c1a2f94c9e81e677d29f6e3a,262,192
train/organic/organic_0054.jpg,train,organic,2,AI/archive/DATASET/TRAIN/O/O_4591.jpg,official_train,0920a389094263125d132153cba4f197c3cdcf7a6b2c4aaeefe1551a23458be8,3f4f50f9275229228a502fcf48d9985f0abfbb93cfe7544e892c6878688aa16b,255,198
train/organic/organic_0055.jpg,train,organic,2,AI/archive/DATASET/TRAIN/O/O_4719.jpg,official_train,e2e63be59b328350ee93fd436c6139c2da1268ed6ddd64f32369fd35cea8b480,3b59a47c84ac439f6c9311df43c0febfcf3af84abf1d6d1616a2ea1d18842b3b,275,183
train/organic/organic_0056.jpg,train,organic,2,AI/archive/DATASET/TRAIN/O/O_9518.jpg,official_train,c7c62fe55c7e05d3a1b4fb318f1e4fa7de9a495176e88053dabf0c9b5368c134,9d24b6b5763ecd6418271e931bd2cff5f9348576fbdbb68e3be4900286819b4d,225,225
train/organic/organic_0057.jpg,train,organic,2,AI/archive/DATASET/TRAIN/O/O_11949.jpg,official_train,c748d334400060356a6137fea5eb585670bf48e2b75e4bd05da4b6078b55c51c,5e5257ab0ba8ac2aad33653bdc72e11ba7bb93c8d186c8bb95213e798f5268ef,274,184
train/organic/organic_0058.jpg,train,organic,2,AI/archive/DATASET/TRAIN/O/O_5658.jpg,official_train,05a7d2dbefb41846d9467d71436e5b10e1bdb76a965520ac49e09d67dddb0b85,66e4f753bf09a030e6e97f002000ce66727d5461288a3ca00428eafc363e5534,383,131
train/organic/organic_0059.jpg,train,organic,2,AI/archive/DATASET/TRAIN/O/O_3584.jpg,official_train,66d0f0c8f895007a3ee1c6c917c7f9a93a9443f17e007e8337725b8dd2fbc1d1,578bfb2464e210a4914d4bf19c1668c3ce9d87ada56e84a5696e038d6dde010c,275,183
train/organic/organic_0060.jpg,train,organic,2,AI/archive/DATASET/TRAIN/O/O_6657.jpg,official_train,5050ff6eb67a009853a0eabc228614af45a01f4d0a8cbf4751ba43bb2c8fca4a,b0bb76684b51995ec432d7ed374045904bb3b5e082caa1c1222b916dbd902ec7,262,192
train/organic/organic_0061.jpg,train,organic,2,AI/archive/DATASET/TRAIN/O/O_4882.jpg,official_train,6967c792089cefe55c90aa76baef43ddd278aecfb438ef38c9d0ffffe3baaf34,edc908e4906e008017dc8bb2579f9ffa28f08dcfb83ec4b2cc765f5ac5b5c829,275,183
train/organic/organic_0062.jpg,train,organic,2,AI/archive/DATASET/TRAIN/O/O_5513.jpg,official_train,d9710b2306efbaad131a78d42737903a82b990c38db8a9c26077458fb82eef82,f1aac8384125f020c60cf6489516f8bf8272fbe8899d918d86c13d33888f02a2,275,183
train/organic/organic_0063.jpg,train,organic,2,AI/archive/DATASET/TRAIN/O/O_7989.jpg,official_train,ca8dba84cb6c8abc35398e39d7daeefaa57e0a96cbf62274845fdf54d0570d5f,c9dc857aea3b049dcbf5923fc027fff870b7825c7066558b0c6cda33c5dd2299,225,225
train/organic/organic_0064.jpg,train,organic,2,AI/archive/DATASET/TRAIN/O/O_7574.jpg,official_train,4af704acdb26701d223ebc8e13d1cf881db6c17c3f8aa6b00e22cd2d5949ecbc,d0f147757242b0a95bb00557934578abc1390c9e038b6194f7bc87cbae062ed0,275,183
train/organic/organic_0065.jpg,train,organic,2,AI/archive/DATASET/TRAIN/O/O_10615.jpg,official_train,0247b4de3e2c911752742ff95b494b92035e226721b7b90b5e2627077327ee97,875b85eb9711a074681caa680e529d69196f322a5a885d0b90a219d679580628,184,273
train/organic/organic_0066.jpg,train,organic,2,AI/archive/DATASET/TRAIN/O/O_292.jpg,official_train,3c53530076dd711496132982659366e932efbd774130c5c096db81d0dab7c9a8,ee60429fcb805bbdef68c2de1f7d70f5deb531f19641bae2a52188af92bf7de8,203,249
train/organic/organic_0067.jpg,train,organic,2,AI/archive/DATASET/TRAIN/O/O_4096.jpg,official_train,9126add4e9a32e36716c7e539d3182d945938b3053523e32a277bb1ca34ab627,9dc45eb15a06c83160c6300124093e9166bf71076b9abda907fbe6c6c252c5e6,194,259
train/organic/organic_0068.jpg,train,organic,2,AI/archive/DATASET/TRAIN/O/O_298.jpg,official_train,df8896dc7195d8a2f92167b780bb99187489027c6926c0cd552e85ed3c3b6708,6ff0d7f6993bbd4aba4a55a670dc7c7aefc5b50c940efe4f1624906dc796eccf,218,231
train/organic/organic_0069.jpg,train,organic,2,AI/archive/DATASET/TRAIN/O/O_5723.jpg,official_train,ea3f16041435c754ce3035e0742a971ec253a8d6837c22ede136fcff22faf2d0,fef1365dc65a3284fd32232b421c288597948343db195873317cbcc4d87eb72c,367,137
train/organic/organic_0070.jpg,train,organic,2,AI/archive/DATASET/TRAIN/O/O_8550.jpg,official_train,94956d7f84744ad82d024c1488a364bb06cbb18a8eff9f309eb19fccdc362c5d,a65c38bc951736ad310cfbeec941a14fd754d0e3f55dbdbc7e01794e095a52b9,259,194
train/organic/organic_0071.jpg,train,organic,2,AI/archive/DATASET/TRAIN/O/O_1659.jpg,official_train,1324bdafa412ebd1fa9baf51b31f4add45a2fcadcaa8aee0c5c0feb0cb3b6b2f,f156ee8d65f66c5aeaecc7590e424e0748c33f1b07d700db82beb53ad52fa659,310,163
train/organic/organic_0072.jpg,train,organic,2,AI/archive/DATASET/TRAIN/O/O_190.jpg,official_train,d9d90f85f149479cc655b541c8378565ee702c4e062f721da4d57b7dcd4e820c,2d55c2ec25394f3ece3b7e57e632bc16b3601fe3928793025e89e7bab9937890,276,183
train/organic/organic_0073.jpg,train,organic,2,AI/archive/DATASET/TRAIN/O/O_10868.jpg,official_train,2429c63c50b92aedf3fbcbf8886f5ab968451d855ba7f5372afa3b3e77097893,696be6a50fba0dcf07c90e9c678377fc19c80746418731b18305aeee75254efa,185,272
train/organic/organic_0074.jpg,train,organic,2,AI/archive/DATASET/TRAIN/O/O_10808.jpg,official_train,3084b0ede910194fc2b214d1aea1195cd77f369625956ef9100fc33a28473f55,0ae982d366ad308931e939106b48d188bd442e0bc057e36513c1b74cc5363d82,192,262
train/organic/organic_0075.jpg,train,organic,2,AI/archive/DATASET/TRAIN/O/O_520.jpg,official_train,18d3eeacc28fca72e0a30b77ce948a2dae4326672d596a5dfb52f391075a01e6,d58d4122e1274dc73c83998962eb42aa03d660490cbc87c6f915aad7ef3a5623,260,194
train/organic/organic_0076.jpg,train,organic,2,AI/archive/DATASET/TRAIN/O/O_4799.jpg,official_train,0c5dcbf68a121a163c004896252a4841dcc574c7c4209d6a9858d18b79e1e5b0,1711ad0efb8af1556b7c408e8f71334f3bdf4369f8e9ebb1514ef6dec7dcde04,275,183
train/organic/organic_0077.jpg,train,organic,2,AI/archive/DATASET/TRAIN/O/O_10941.jpg,official_train,21d4de02b773cd6bbf3c4203b4bb2cfca3ea6137119f8d8ac67e511b00ef4172,126c5695da953584b58facf40a0b4120b6bcdb81ad07071747947f5b13865612,406,124
train/organic/organic_0078.jpg,train,organic,2,AI/archive/DATASET/TRAIN/O/O_3510.jpg,official_train,6ca1f009d97e2c66e73e63606c626e5b57694501660d15c31acfeee12b085db3,9a5164b2538fe8f5346bfb2eded6c692256385d179220e1cfce58bd2236ba61d,225,225
train/organic/organic_0079.jpg,train,organic,2,AI/archive/DATASET/TRAIN/O/O_9080.jpg,official_train,253bb148f2256fa6910a02ae0bb72c024a3c2de5b8b9f4ef305004bc13d1f11f,285640b604a0e1857aea3b137587a2e8f9c120524d62d71b73d74f71777d6a32,225,225
train/organic/organic_0080.jpg,train,organic,2,AI/archive/DATASET/TRAIN/O/O_8814.jpg,official_train,b881e591991278c66233c40cb92ed4f8ad7902644a6701869dc11fcb0dcde9d4,c3d9a8373946ecdf048ff1f74d61d3efe44d4bae4235592bf24d37189b640ba4,214,235
train/organic/organic_0081.jpg,train,organic,2,AI/archive/DATASET/TRAIN/O/O_3294.jpg,official_train,9b8ced5dfec2a8b717a8ac5402dd79521b25968bda2eb515c330dea5abe15815,be06159431ff84933a9f87f66634accf9d7172365628700abb2a05ada6112a11,300,168
train/organic/organic_0082.jpg,train,organic,2,AI/archive/DATASET/TRAIN/O/O_392.jpg,official_train,ccf8067d0a377407849ea9e367af4963007a6476439291b826d6a344091c907b,16776d78f7be3b8a2755d784e41f4588f62d9d78596eed25a66f6a6811f6049d,300,168
train/organic/organic_0083.jpg,train,organic,2,AI/archive/DATASET/TRAIN/O/O_3547.jpg,official_train,3aa789fbe02e393a27f80d26c85f4bb44b259fd1f0384ce7a63c3a5bd2e5ab31,c79ceb9fcd56cc20b12e15909b4f14db850c468fb5da85ad196f14b03db5110d,299,168
train/organic/organic_0084.jpg,train,organic,2,AI/archive/DATASET/TRAIN/O/O_1144.jpg,official_train,39fa1267ea0fe52565f3f65226384209a715a67876e4719035e983a9d12800a2,dcb934aa569ba727ad157bd2e4582ee63c9e3efe44da61b370439bdb595ed6ce,389,129
train/organic/organic_0085.jpg,train,organic,2,AI/archive/DATASET/TRAIN/O/O_4162.jpg,official_train,24ebdb435a10bb099d80e6818e1e89f537d3a75125cd11a4ddd88c04d8bd35bf,f10251c31116a31c29fb23992951d5ab787386412a54aed306ed0a6de80952d7,201,251
train/organic/organic_0086.jpg,train,organic,2,AI/archive/DATASET/TRAIN/O/O_11865.jpg,official_train,32249aae0fad1a6e32049e477c42ec365bdec1a21c9d0010573979728c43e8fd,737e52bfed07da7f32fa4b7928490bb8ddf998f727773a0006da94fbdeeb3360,225,225
train/organic/organic_0087.jpg,train,organic,2,AI/archive/DATASET/TRAIN/O/O_5964.jpg,official_train,fb368c4b94bdcfe55768a72bee9efcd510141ae83a72f1dece9d0e10b7073f90,0edfc8c899831fd1d475ff11ca1ebcd04138b5b7b2d8628478188ef5e52ab574,259,194
train/organic/organic_0088.jpg,train,organic,2,AI/archive/DATASET/TRAIN/O/O_6147.jpg,official_train,f5a910b3802f505ea961dee4597b0b8d1ec907c7cb12180d66958858590afad6,7ddd0b85ff7891fa827717667894be054a0856ca479717570fbbd41c740eab8b,225,225
train/organic/organic_0089.jpg,train,organic,2,AI/archive/DATASET/TRAIN/O/O_7218.jpg,official_train,eeceb4f3408c495504523a27e480c2f3f52e714984e7602bb42947fe3afb95c3,2bed53cc8dcc6922f12fc1a131598dd322598d912a6da166c86dc9f774af4985,193,261
train/organic/organic_0090.jpg,train,organic,2,AI/archive/DATASET/TRAIN/O/O_10800.jpg,official_train,d60f6ab44f6fbdba7ffb7daf81a55af6559dac5bc307d0212c969ecb051371fe,bae6dc1236e246febcc95f4fc97a5afd2c5d16a7f9eb0fa321119aed70750e85,225,225
train/organic/organic_0091.jpg,train,organic,2,AI/archive/DATASET/TRAIN/O/O_6931.jpg,official_train,028bd3c584de0b877ded4e16e448197a58abe3c071390f9a88e28542ff6c22f8,7c80aab541762bab3a89572d024136efb2965a7eb5e3513ec1ca2c54e3829a83,275,183
train/organic/organic_0092.jpg,train,organic,2,AI/archive/DATASET/TRAIN/O/O_9225.jpg,official_train,11c85286d4b42c0d4d18ee4e4fd253fa67343da07958819dd36ebb04a1b7d180,95b54a6d75177c9f67428dcae5ccc2ca73a100a005281f9e414d13e3ee07a93e,239,211
train/organic/organic_0093.jpg,train,organic,2,AI/archive/DATASET/TRAIN/O/O_10281.jpg,official_train,492ad923b8586fb13da035497d3af937f558d9e138a47d01362bdfc277de8d42,b4ef1c92e534979ad8914a0ed8773c0e5f16350ff4ce2f849e1e087ab1a62cb7,322,156
train/organic/organic_0094.jpg,train,organic,2,AI/archive/DATASET/TRAIN/O/O_7860.jpg,official_train,897a973b968a926fe4fd9a76a7ce478ae3658207ded08dc51c4e0353febb7fea,d2fe0333991b7c5120092f0fba20d541d6ec55b10dcd547006cced990590e1a5,275,183
train/organic/organic_0095.jpg,train,organic,2,AI/archive/DATASET/TRAIN/O/O_8949.jpg,official_train,d5859e51be9dcd13d0c2062a59b4949f4fc645fddd62ba98041a3a482aeab02e,3fcfb8c1de79c1d8f4dfec35fb56f3c24577e40d1a546de4d467045633473320,275,183
train/organic/organic_0096.jpg,train,organic,2,AI/archive/DATASET/TRAIN/O/O_8544.jpg,official_train,dc67ac93402bcb1ad14a8b77e4ad42f86d2dec2930444ccb883d0e46a52b9ce6,0e4baf1135465ca7dca0608ad0577b7c6fa7caa9c938c821e5f5e365f9bfe0b5,266,190
train/organic/organic_0097.jpg,train,organic,2,AI/archive/DATASET/TRAIN/O/O_4178.jpg,official_train,2b9811532bf41a3590fc7f25782230f171a0c2b436ed23ad4f0029fb60033354,6a981a00bb1304a63044b1b1afe87242d0ff8621f0a0d09e1e302eac67263254,284,177
train/organic/organic_0098.jpg,train,organic,2,AI/archive/DATASET/TRAIN/O/O_11125.jpg,official_train,2452dff6c04e5050f5288f860763f0ebdb6135bdf929575a1c2894772b49e739,86010a735c23106185086164cc32cd6bb8c689cb2f050bd6ba83f16b3cc46409,217,232
train/organic/organic_0099.jpg,train,organic,2,AI/archive/DATASET/TRAIN/O/O_2271.jpg,official_train,444691655998a935f20de7a0fcaa43b652de09003aeeb9d6a23b4a3f57e2f632,f6d921fedf196797c501f6036604cc2e404342caee664b57d9da7a49a419ff32,190,266
train/organic/organic_0100.jpg,train,organic,2,AI/archive/DATASET/TRAIN/O/O_1510.jpg,official_train,df88015f15243ca1ac01a593d2092b06cb3e0bb05f906bfc32561745a66413da,e301943735ee508b0f94e4fe68a96737d7159920ab946720a03a91703fb516eb,226,223
train/organic/organic_0101.jpg,train,organic,2,AI/archive/DATASET/TRAIN/O/O_6795.jpg,official_train,ba919ca74b58d3a7c9321f58411f9e2a8f5778a6cabb88f6d14eef340f981996,b0c2cf7a97e0e6656c6d2b5105acf2e0f455d85daef9342e225c9e0c6bd186d3,300,168
train/organic/organic_0102.jpg,train,organic,2,AI/archive/DATASET/TRAIN/O/O_1066.jpg,official_train,8ccb3838e3c3613d5ee53bd12e83719590a14f436aa5622c398e72752084b22c,fcd086e43f0b265f4a36bb114416adea04d3cc849c25db0e68a9b062751adef8,301,167
train/organic/organic_0103.jpg,train,organic,2,AI/archive/DATASET/TRAIN/O/O_2325.jpg,official_train,aab32566e34738d06b2d54b1fe5cb14840fdd0ef55892164de060225aebd8262,a721b5258af4fd2b100b1fb9b0f9a4f428a58c8c17d33c8b61066bf1c070990b,299,168
train/organic/organic_0104.jpg,train,organic,2,AI/archive/DATASET/TRAIN/O/O_9388.jpg,official_train,5f22a907bc1e53d36d57ec4ac5e6f1495f93b151d22a34944b8dbe1fddbb1318,8202da154e4cbfdac7f56394778d4f4b9c264e535b8015dc6b1ef7e398aac42c,260,194
train/organic/organic_0105.jpg,train,organic,2,AI/archive/DATASET/TRAIN/O/O_4530.jpg,official_train,eedc18509b1823a349c4bbba08b6da427a17a4e9ded9882671e9e8bc3e478957,6b6873f4bc828046db25ecb88a85eaea1e770d29a9a1231c86d3485402a76b5b,259,194
train/organic/organic_0106.jpg,train,organic,2,AI/archive/DATASET/TRAIN/O/O_10197.jpg,official_train,dfd25a5580a66d4bf49d1419e9b576671126b3a0c6da11afbdd1f2f01ad0ffe8,004179cc4cf96dfb1316d93c80bccff8dd6c96d969390cab981ed69e1795cbf0,263,192
train/organic/organic_0107.jpg,train,organic,2,AI/archive/DATASET/TRAIN/O/O_9059.jpg,official_train,0554ba9f9190ff226de2e8b2bd6e506904d1e218aeea49619944822125b06dac,1fb713dfad2b47b85a40cf405b06226f7a637e87227f1b121cd68e70af81cd50,224,225
train/organic/organic_0108.jpg,train,organic,2,AI/archive/DATASET/TRAIN/O/O_8629.jpg,official_train,7de741ea8e2f0aba63563d49b986c70d50b239ab79875e89f4cccea2a0e057f2,a5e6ab7ecd546674507479b600b682f21ae66e84f7caf99edf467a5972c13688,275,183
train/organic/organic_0109.jpg,train,organic,2,AI/archive/DATASET/TRAIN/O/O_76.jpg,official_train,e1e219ee84db69647b08d8b32172256f30b9716ea36cb523aedd226cd3be8acd,dad4480ffbf30ce8fcd082c523d499307f0506d4a6466a93fb34c3e7aad0969a,325,155
train/organic/organic_0110.jpg,train,organic,2,AI/archive/DATASET/TRAIN/O/O_8714.jpg,official_train,f7b4698b40de3729063ebaa06a83a495439e6a49a99cdc58388d8b92a5f85e8b,2a18f48d973ec30cf940c684ade5b126fcb36cd19dfd11acc68593b97b2fad9a,259,194
train/organic/organic_0111.jpg,train,organic,2,AI/archive/DATASET/TRAIN/O/O_1146.jpg,official_train,f86587edd4575d82585218a7015e28645c1bdabff9ed9ef8892ed92220f8f8cc,94e8e755797600796fe3dfb97aab6512b6775de3c4816af278bd3a77a53c24eb,275,183
train/organic/organic_0112.jpg,train,organic,2,AI/archive/DATASET/TRAIN/O/O_3784.jpg,official_train,ce983fcf5fb670eeb449ba3cdba60d66fe618a4f7677a3cd00811d28a401746f,f7291bdb14d4870cbe47b4a57591c34619fe629645329ed3120ec32458088c8b,283,178
train/organic/organic_0113.jpg,train,organic,2,AI/archive/DATASET/TRAIN/O/O_8215.jpg,official_train,215feb4c51e54a912d62c8accecab892f981abd9d06c1ee2a1bed316a9d113b6,899db4d0210ca45454fefc68c4e68f104aea3747f197edb3bc684fc971ea3930,275,183
train/organic/organic_0114.jpg,train,organic,2,AI/archive/DATASET/TRAIN/O/O_5489.jpg,official_train,cfc1405296d2820dffdd6752e1dfd7722bcf1c583857d5bf07408d434de4ef96,1517e25200e7493248e2380d0141b11a50c1ad40ce82b09eed761a97e0a83076,225,224
train/organic/organic_0115.jpg,train,organic,2,AI/archive/DATASET/TRAIN/O/O_2024.jpg,official_train,80f163680868e5a2ebf7ad5a529799501ee724a93022961f4d6a96fd416e7eed,247862a70f0b9ba0f2d4ce63212e358d49d5d2968998a1346385ba2ce8f6cbb2,275,183
train/organic/organic_0116.jpg,train,organic,2,AI/archive/DATASET/TRAIN/O/O_5705.jpg,official_train,517b8d00d479ab73ef3a152e2d3d772202e5d5b514906219a6994cb871d9b697,62809870533b6ad848f89d58df9e6d29fd6c07858bac3a296f9ca56be98caac8,284,177
train/organic/organic_0117.jpg,train,organic,2,AI/archive/DATASET/TRAIN/O/O_5188.jpg,official_train,8ebd0c7f3a428dcefff30081af97d2268072104e85a6a932cdef91c9803760db,926ff92f492827abfa9774df3718e76acfaa762f09e0b8e336a2db0e2bea6453,197,256
train/organic/organic_0118.jpg,train,organic,2,AI/archive/DATASET/TRAIN/O/O_387.jpg,official_train,6e2b9a6ea520ad7393e9eb5cb78ccbc96df4217c617565c169e0fc48a220234f,8c7bdad084f0e1bccfb4684f8bdddd5392f63d7b37103f03832110fe508c43c0,256,170
train/organic/organic_0119.jpg,train,organic,2,AI/archive/DATASET/TRAIN/O/O_7132.jpg,official_train,67f709029ea2a42cb51ab88eb22e2eb975b6efdcf0c065df9d7848321744a80c,1921bc5095a886016a2dc92e31319a53b6cb3e34e794906ab79f10987bde2f56,243,207
train/organic/organic_0120.jpg,train,organic,2,AI/archive/DATASET/TRAIN/O/O_6484.jpg,official_train,78692ce3791ff018c5bb56ca71fafd6df5669322149fb9357efe346ad50cc9f2,b95b83b57c629a60bd3b78adcbfb0c6800ae4f121cc62aabb9faf6409ccdd071,217,232
train/organic/organic_0121.jpg,train,organic,2,AI/archive/DATASET/TRAIN/O/O_3042.jpg,official_train,6eb8cd55dffa42369332c402a9ef298c55326311ac38949428538c39e6782fbd,a7a52f1d1722f1573768894bb56f798b3253b3ed53fb487ebf7877d9f5f8bd45,275,183
train/organic/organic_0122.jpg,train,organic,2,AI/archive/DATASET/TRAIN/O/O_11862.jpg,official_train,b03f7f061aa71c8a068cebce33140668bcd312ab70d8e05dddd6c0b603a9e72a,bf10f8d4ec5841087ec63d74321aa092dc3214f0d94d900447db8e3d37c23427,277,182
train/organic/organic_0123.jpg,train,organic,2,AI/archive/DATASET/TRAIN/O/O_4061.jpg,official_train,b79d2f62aa4e230eb98fd2644f1c551d64031eb6b7cd7b36425bbe53889d86f4,ef50ef35b1c43b38ba869349800256ceea13e6fd86a03983b4764325b7fe87d7,275,183
train/organic/organic_0124.jpg,train,organic,2,AI/archive/DATASET/TRAIN/O/O_10972.jpg,official_train,270d2b6ea7d61bfc633e27f077c722d7633daa8afa2d52dc000d053a877acbf6,dbc9ebe7fa0751a66c12b72adbd528355e68378459517186c3792ceea0a2f964,239,211
train/organic/organic_0125.jpg,train,organic,2,AI/archive/DATASET/TRAIN/O/O_356.jpg,official_train,1375958277e3d9dff41ef033171ced849cc59a585a380b7d0f3644d63d852265,b1fa55eee393f1f29c1fe35be977d5587ad23e76fda316a8bce2e577cb86e77e,210,240
train/organic/organic_0126.jpg,train,organic,2,AI/archive/DATASET/TRAIN/O/O_3578.jpg,official_train,9dfdae0869a67000113d63f1e93247ec3198be954aea665319d18058a130b6e4,2fddd4cd42ec163857c7d8d0d5e62959fbf7a834a90da81ec17b604d9311f061,275,183
train/organic/organic_0127.jpg,train,organic,2,AI/archive/DATASET/TRAIN/O/O_8372.jpg,official_train,8d62c66195fbf0622a7897ae47a27b14efff3664fbe06788c570d935e80c4e34,e075b14ba729d81b5dfc300f7b9e904c77fbdbe6615775ee01a62ac816eaa4e7,224,224
train/organic/organic_0128.jpg,train,organic,2,AI/archive/DATASET/TRAIN/O/O_635.jpg,official_train,0231354b0e6cf995c4fc1e997ccf5dbdc81e82d29e424fac158b0427ee1c5470,509bc62c87c368dd38a1b6a616136c654ad61ada9533b301af60545bc1669a79,225,225
train/organic/organic_0129.jpg,train,organic,2,AI/archive/DATASET/TRAIN/O/O_10550.jpg,official_train,36c2e9cc2b92b6e6f7d0a6f6d55e8fd587eb19595fcb247964c42f7a26f86c4a,b266e7f8897b355dcda6267a340fefe2e6e1fdcf70b57d818bc4e119dbe3aa56,259,194
train/organic/organic_0130.jpg,train,organic,2,AI/archive/DATASET/TRAIN/O/O_347.jpg,official_train,ac315fadfe3e00354e9a4ef404e7094af657122826f05446239cdc3aa87336d1,5a3e2a1c1911f86cf8df7d2333949999b64569e1d0615971dc2ab92d6d922c47,299,168
train/organic/organic_0131.jpg,train,organic,2,AI/archive/DATASET/TRAIN/O/O_1958.jpg,official_train,aa4de2152b63564a20774ab7e0608a1e88bd91816c7b752890fadd9a02fb39bd,c9e8eaaf98808b6027de72a8af048f080bd521a64ef89d13ca713fe575bb8d44,248,204
train/organic/organic_0132.jpg,train,organic,2,AI/archive/DATASET/TRAIN/O/O_4937.jpg,official_train,e845463e185b80dd6a811ccd2dd7239b7efb54246d928f69a645e130e9c129ae,7747d633afa8cfbab008bc8a05899d4220fe22006145bd2783258380edb5abb6,225,225
train/organic/organic_0133.jpg,train,organic,2,AI/archive/DATASET/TRAIN/O/O_4333.jpg,official_train,18598eb2d3313de24f41a120a48abbd14f272bf66f5ec44f82bac24a7c5dfe07,1c09ecd860b8d494f17854e98dfbba346db6b475b867be12db9e345abb8f3b81,310,163
train/organic/organic_0134.jpg,train,organic,2,AI/archive/DATASET/TRAIN/O/O_3867.jpg,official_train,091d74ac1a7180d8509dbcb0abfdc8a13063854ebc8926cb8960dd6a9a3670ea,8c2bcb0f0ed518225bc53eea234effbb44403aba8ce50654f718246b9453986a,275,183
train/organic/organic_0135.jpg,train,organic,2,AI/archive/DATASET/TRAIN/O/O_5059.jpg,official_train,9c77c00b6d6ee846aa5732d39e8156e35a1544e16206ceaa723953d167abcd0d,e51fd19472a372f9dd43c036c8b4a45b915bb1ceaa3c318080f748063c06e759,298,169
train/organic/organic_0136.jpg,train,organic,2,AI/archive/DATASET/TRAIN/O/O_11104.jpg,official_train,9ea58711237c6b6e8bed0e4b73863806d20d0192a00527896b83adfe96a48da8,65ad0f9d2b3fa43ffa19e1862f26ec5511b5d0d3d8adf052605ce28cd9479766,220,229
train/organic/organic_0137.jpg,train,organic,2,AI/archive/DATASET/TRAIN/O/O_12526.jpg,official_train,feb9e1ec43fb44a2b82026a2502c8b39f0d993e1c4b7af22d37f4441cc2b446d,6e3fc92857a135f131b09655535fb772f6f59b313034ea41fe2fd2fb318e8b3a,259,194
train/organic/organic_0138.jpg,train,organic,2,AI/archive/DATASET/TRAIN/O/O_86.jpg,official_train,7b938c53367332c59af4efa7c78641e0d70df3d7d6b81694ef88b6ead48fd7dc,dcb5a909bb62e9bc7c2a4c891a140aba152fb51b9cd20d49381496f4a8f6fd7f,256,197
train/organic/organic_0139.jpg,train,organic,2,AI/archive/DATASET/TRAIN/O/O_247.jpg,official_train,c2e41354850d4937b92c690a83c4dfb73ff7f4008e11297bb1e9a9840d47a9e1,bc2c5748ee3beef7ac9c88b5c1029bcebeb10626745efbdc557766ecdc674db3,221,229
train/organic/organic_0140.jpg,train,organic,2,AI/archive/DATASET/TRAIN/O/O_9169.jpg,official_train,dd6744808e23217dcc0d9c0e763ead030796364f49481f3a152c5ea11b1d6bcb,8f7d2b42e2c75f081029112ed1d780b570a3dd08326fbba61c61bf21486f77c6,231,194
train/organic/organic_0141.jpg,train,organic,2,AI/archive/DATASET/TRAIN/O/O_1557.jpg,official_train,951e1f373db0035d7ae0c255449a0e16ddace06d2b01d4d5ce358351a966bdb4,98ff8ba534b26a34b87b58e5eb579aefa7a408e7ef64a2aad60975b2ad863ff3,230,219
train/organic/organic_0142.jpg,train,organic,2,AI/archive/DATASET/TRAIN/O/O_8982.jpg,official_train,f22e004f319901934dcf661b05f080cbcbfc816c9d43a4dd58df6a937192c32d,fbe8cbf4f9dcd3af9e4335d6e6850f235a517cb1891a3da51d3ff6c527f312a6,265,190
train/organic/organic_0143.jpg,train,organic,2,AI/archive/DATASET/TRAIN/O/O_10654.jpg,official_train,863a3b4a11b12e0bba3edf180409bb23eb4f8c3046e6833149e5650d8ddc25cd,a563adba5ce8209413b338488c4043dfdbb43d9b2256fed29a5ecfc49045e1f4,196,257
train/organic/organic_0144.jpg,train,organic,2,AI/archive/DATASET/TRAIN/O/O_8302.jpg,official_train,290e09a40e03f8e45526f87e947a3bde5ba98e2e50f6095a77fe4617cddfe60d,a3e99ea958144151777d000b380d024a7941d0295f517dac145cf847190bf54a,300,168
train/organic/organic_0145.jpg,train,organic,2,AI/archive/DATASET/TRAIN/O/O_7149.jpg,official_train,9bc72426a83ffc2b622e407b11639143f10b30668f5b12b7b8ce3c8aeb9efbfe,5317ebeabab9f41c4f10272c9f09100b58f2e23543ddfcdf400285a225d71911,307,164
train/organic/organic_0146.jpg,train,organic,2,AI/archive/DATASET/TRAIN/O/O_9881.jpg,official_train,6d30867273a1de3b0e369ab4db1bede9044a322404d69bea6752697b838a2b90,8ac206fdab84ab6c8ab87d87dfacbc876fd882a9e2087dab0577604694c0552b,259,195
train/organic/organic_0147.jpg,train,organic,2,AI/archive/DATASET/TRAIN/O/O_10027.jpg,official_train,734b77f725e94ba687ce6177225c9798d6a46fca08c0f4bf7e03051c5269eb60,d57f9996df4c4feb2d64e1e0d5e73abdb5483ada8e234b5a94a20616e84d4250,150,150
train/organic/organic_0148.jpg,train,organic,2,AI/archive/DATASET/TRAIN/O/O_1987.jpg,official_train,63aabc1aeb6d991cd9ec6783bfd117fd16007936df3faa26fb225abe6bfc3d51,d5fa1c87b073a54246603c234eeb335eeb20fca0bb477542f834d65b9c8f337d,253,199
train/organic/organic_0149.jpg,train,organic,2,AI/archive/DATASET/TRAIN/O/O_623.jpg,official_train,cb8ff42315a06efb7fc25479b33845b4451a728981c37b9d9124ec2b5f016f76,ef45e831e04837256008a99375e8c460e5d14818de7b8592529884b454fee810,275,183
train/organic/organic_0150.jpg,train,organic,2,AI/archive/DATASET/TRAIN/O/O_8551.jpg,official_train,d4b0940edaa740de6be454b074e5cecd79739ad175c50904823d50990d626350,4f1abe5d212f8a2c12c8e8e0510cc9c082a5dcf6fbac3d8d62f71ba691115b57,299,168
train/organic/organic_0151.jpg,train,organic,2,AI/archive/DATASET/TRAIN/O/O_1778.jpg,official_train,dfd152b34c315aae94579d1301b0e7f2058fd0f2982efc97f92b7d739c4a052b,aa964d023a3dccbbe095bb3d724a265c841b9ab35bd32c98882e29a150b3c697,299,168
train/organic/organic_0152.jpg,train,organic,2,AI/archive/DATASET/TRAIN/O/O_3478.jpg,official_train,e2489dee93dafb7af311919de91b81babbaa6591f339eabae1c2551a19a914d6,371a49d84e9e449fec0ce4259045c25890fe9a53c1048e3ba40dfb6a14bda66f,225,225
train/organic/organic_0153.jpg,train,organic,2,AI/archive/DATASET/TRAIN/O/O_6989.jpg,official_train,5a1363a6a7298e0081c963583ba6bbdad19761acac30be1d2c3c315994567a4c,4dca3f9830122f0299cec99165d25595d9f4e04690620f2c98cc2ffdc43770c6,225,225
train/organic/organic_0154.jpg,train,organic,2,AI/archive/DATASET/TRAIN/O/O_8335.jpg,official_train,45f3a43f722f746ad7a5cfd17877a81f86b32708ceeddea99b2236281a60d9c4,c8e7162c61a1a48373924b68a92f09158e6347fb1319e0b6334705dd376f1c2a,259,194
train/organic/organic_0155.jpg,train,organic,2,AI/archive/DATASET/TRAIN/O/O_11580.jpg,official_train,677893e4e3d277151e8002ed65cfe6cfc9786c7d1041bf5139c776e6ef3e4d34,d8eb9101bed91b768e078622c31613a77f857964d94a3c1425a5253c83498b04,259,194
train/organic/organic_0156.jpg,train,organic,2,AI/archive/DATASET/TRAIN/O/O_8637.jpg,official_train,79a92dd1898588f4434c23cda216db73aee779a25abfa81d7d7ccbfd555f834c,d6ffbf3197db94e3b07d1b753861c47ac3a29fb906f045055c56fc84b1baaaa8,259,194
train/organic/organic_0157.jpg,train,organic,2,AI/archive/DATASET/TRAIN/O/O_7651.jpg,official_train,1d0d95a6d1c6d71485a68c439e0e6af55da78c84305d70e06b4c4edad43d6eb6,6c637d4e8f5262f4aee84a9e994443c32eef66b170e406b6abe3d7dac2b8842f,174,174
train/organic/organic_0158.jpg,train,organic,2,AI/archive/DATASET/TRAIN/O/O_7426.jpg,official_train,885e745443d96cc0e6d677ca2a3326b52cba4833f12ce5f057ea811086fbbe23,0d86104e787be5628f4cefef4cef661c9e1ca99f33800a45d63273526de144ce,300,168
train/organic/organic_0159.jpg,train,organic,2,AI/archive/DATASET/TRAIN/O/O_5131.jpg,official_train,36debdd2bc729fb61a9f16bf5a920f947a6b40d6d03a52bbf055ac78e2d2b0c6,875433de336e3d2da0db6416b65ab57b71708a039271c551989b1b9207ba1bd3,258,195
train/organic/organic_0160.jpg,train,organic,2,AI/archive/DATASET/TRAIN/O/O_5603.jpg,official_train,16d1ca3167372d3f76da3cb37568cce46272bb6bbf89b51bcc2e7d95e9cca6bd,e358a56ae3a265a5ddd598c7797584d7c3874e168eb39dd82ff24b6e36bd102d,197,256
train/organic/organic_0161.jpg,train,organic,2,AI/archive/DATASET/TRAIN/O/O_2988.jpg,official_train,e7743665b6f9710a28febba51d90280068be55c82f99d27b7d4ac7a9fd87357c,bb1038c032f7af1299298d5ba6c42203f4fe59428967cce18349ae12f6d87c26,404,125
train/organic/organic_0162.jpg,train,organic,2,AI/archive/DATASET/TRAIN/O/O_9173.jpg,official_train,cc312520ac97858afb770faa0eb20dd03585cde26b511e4cd9b5222d369ec8a4,d43824875e57e54416883a0840d6011f343a3e09140f289fc8c971de2271b505,252,200
train/organic/organic_0163.jpg,train,organic,2,AI/archive/DATASET/TRAIN/O/O_5769.jpg,official_train,e416ed1d22134a84f8371cd520c56e4711e8573e1ee5c4739b71002745a165bc,1937d52a4e456825e6b1fedc181675fc9098c024eab70496e72f8b89903f0960,225,225
train/organic/organic_0164.jpg,train,organic,2,AI/archive/DATASET/TRAIN/O/O_5315.jpg,official_train,be0646bdc8afdfb13e71ddc7915674fb2c1e9ef2a57d6d6a7746072262c8b8c2,f34072a0cf3c3982e60739a532abf978219e83bf2703fdaeeafb715fbe164c25,300,168
train/organic/organic_0165.jpg,train,organic,2,AI/archive/DATASET/TRAIN/O/O_11679.jpg,official_train,51d9b689be3554ffe36ea59d0d3c1ff11c6019b4cab0db0eb744ce8f40fa76e7,7982f5eb408527db5da31ff1f394f6e75b669a524fc16c2c962b540587b55135,300,168
train/organic/organic_0166.jpg,train,organic,2,AI/archive/DATASET/TRAIN/O/O_11109.jpg,official_train,6402fee72506efeeaaebeca317d063af34b5c1175d3a7026694db9db6fa29c22,141fabb32c7f241d3ba79c4b6497d8ce0f93c35900d9f79683e9e718315d8c8c,220,147
train/organic/organic_0167.jpg,train,organic,2,AI/archive/DATASET/TRAIN/O/O_6322.jpg,official_train,e5d21cc475e7c768978579af33863c2664103d37e18ba4ae8dc4d885e4f2c3f8,120636e39fe0dd4e41a488b5d9f76997d3675e598f34f0fcf7004c35a87deec5,231,218
train/organic/organic_0168.jpg,train,organic,2,AI/archive/DATASET/TRAIN/O/O_10036.jpg,official_train,b2baba3c80408067eae27f172acc13f2e323295a00ab9a0d785ebf509b5bb7c5,342d1857595112901051a7cda734a67b19cdec791566ef5f4a94d94bad89089c,289,174
train/organic/organic_0169.jpg,train,organic,2,AI/archive/DATASET/TRAIN/O/O_8742.jpg,official_train,ff692756b3243bdaf5e7477c0fee0d16345e0a56f4bc9c98139aaafe591df718,2ac82b143085b47c7620ffe37b9b63ec8e34c9bfdfd859f46897e5db868d520c,259,195
train/organic/organic_0170.jpg,train,organic,2,AI/archive/DATASET/TRAIN/O/O_3215.jpg,official_train,e0696d0a5d4849c37e114cd30504b412998f713e3353d2620af4175ccda25cdd,7d576d3d32123e8d7fa47e7fe85a937957c7b7b6ddd590f2787f7e70b4f42b35,225,225
train/organic/organic_0171.jpg,train,organic,2,AI/archive/DATASET/TRAIN/O/O_4353.jpg,official_train,042d6f6b2011b654af0714e5223894b62e2b797976686cac8881f7f15be8bbe0,c0715a60a6e3dda64d3a7f662f03851eaac25985a38d016e56ada85cf40e4b2d,259,194
train/organic/organic_0172.jpg,train,organic,2,AI/archive/DATASET/TRAIN/O/O_7059.jpg,official_train,52094e59e3aacc784f40c6f0235b27fb7b004cb7ea3221d80c06e0177cf1b9c9,5ebbd9efa5f7063b8f3dc069a51a972788a90f91baa8034126cd4c469641ca9d,225,225
train/organic/organic_0173.jpg,train,organic,2,AI/archive/DATASET/TRAIN/O/O_2126.jpg,official_train,11ccb63ff309aa8c1ed3950eddbebbf9c028e9cc3231dd3e2ea3314b11cb79b7,692469ab2436ff3b18c7bd55ce81331804f8f5a91a072ab160dfcf7a7c3c6506,225,225
train/organic/organic_0174.jpg,train,organic,2,AI/archive/DATASET/TRAIN/O/O_11515.jpg,official_train,6c4b44b33ed07ebb9e4d61c94ce7cee5a3ca41b8993c5b24e600aa4e64f47956,cc4530167153c80bd894ff1758029a6be22d34222a0a79f571cebec674afe5c2,197,256
train/organic/organic_0175.jpg,train,organic,2,AI/archive/DATASET/TRAIN/O/O_11974.jpg,official_train,91d019a4ca3f0eafbdd34dc3904c00ca09059ce35e67d94c07447a3a22083daf,5b5cdc2d573dd70cda766b096c8925722a2ecb41c734883644456440827c1897,183,275
train/organic/organic_0176.jpg,train,organic,2,AI/archive/DATASET/TRAIN/O/O_6633.jpg,official_train,d2bca12d09e0d96bc76acd35a607ca1d65115ba4bf41f9620b19bf1adc1bd5d6,b79cb0d44d73957fcc92d71cfa00363b1e672ecc7f67647fb3d9d7e69198f251,275,183
train/organic/organic_0177.jpg,train,organic,2,AI/archive/DATASET/TRAIN/O/O_2160.jpg,official_train,5f985c4ae137745880a98e3de39ccc9f630f287c74fbec811819701c633bfc1a,f87c612dcfe476fc1bc8ceed45585a2130b8da225e6a352db6e109135f52eefc,259,194
train/organic/organic_0178.jpg,train,organic,2,AI/archive/DATASET/TRAIN/O/O_10991.jpg,official_train,fc091f49d70ce985c7b604e457fa89d472ff5dc9e56beef4a525775f814da5b3,e91fa4f5f0bb944f1bf39c4a6891e9c77e917cf7f830cd80884b84b963a601df,225,225
train/organic/organic_0179.jpg,train,organic,2,AI/archive/DATASET/TRAIN/O/O_1907.jpg,official_train,04f14fda311cb1336e257ca3bd5405b01f477c4de19ed2efa470f7a655424404,f333b5893ce417c16da04eead8c4a9ebfa41f40a5c841a405a16147d20eb2b4a,180,280
train/organic/organic_0180.jpg,train,organic,2,AI/archive/DATASET/TRAIN/O/O_9139.jpg,official_train,775680ea8a7a191ca0ef285b85cccfab862556997c5937426735b4dba016f556,7e05669c893e0ff21a5da2d03ae9de3213ec595a202c98263243f6c300f7299a,275,183
train/organic/organic_0181.jpg,train,organic,2,AI/archive/DATASET/TRAIN/O/O_2716.jpg,official_train,2c0036ababe97577a54d63058ce8f811a43f930f7ca96cd034a1e9dbe88dc374,b87223a42e2c48036b5052261b92570d59a4d000d23225cb167dc258e10305af,225,225
train/organic/organic_0182.jpg,train,organic,2,AI/archive/DATASET/TRAIN/O/O_8868.jpg,official_train,7b1bbacce6d67ec2361873487ab374d06cc6e9457defb7c1cb3cd90a1877c511,4886f207f14acd2d5711038e9b59ca41fdbd15a2846edf0b56b3f1c042e64260,173,291
train/organic/organic_0183.jpg,train,organic,2,AI/archive/DATASET/TRAIN/O/O_670.jpg,official_train,68d8aa3928d659f29e82287be89ca8c3771795fba4123371ebae1411ecf532b7,16995c85d00956e4de9f180962c1c28645403cf808112dd89c0b0273f39b13bc,225,225
train/organic/organic_0184.jpg,train,organic,2,AI/archive/DATASET/TRAIN/O/O_1423.jpg,official_train,0c8af0fce7ebf700e7307ff5419eb3e652579b338cfcd547a866cc6e9cc50531,cae2470f7b4fd092a6f008258dc6188bfc62f47e314b37735a68346ce748a95f,259,194
train/organic/organic_0185.jpg,train,organic,2,AI/archive/DATASET/TRAIN/O/O_11772.jpg,official_train,c64c02b6918a25c5379df4e8cbf38c49e7d8363bb277bce83ec9d9737d2c45a4,a22cae49ede1741ed397bf222aa047085379da622c1b4051e1f1e26ae87706d7,275,183
train/organic/organic_0186.jpg,train,organic,2,AI/archive/DATASET/TRAIN/O/O_5408.jpg,official_train,0ae1ab4065e142ea74d1f162443262b3a8f8e9d3be92cef6900bcd443326fe48,aa4f55fecbae18f99d05e4830b62cf1d396d018c6538d734604cfa41ab65907d,259,194
train/organic/organic_0187.jpg,train,organic,2,AI/archive/DATASET/TRAIN/O/O_5221.jpg,official_train,14b8cc731388f593186815edc31cba98ce7eb5a5b29db6d0f44ad7af611d6127,d74056079e94179f7600dd8f7c215628751bbd3f6c845bc82ec05d060abaa800,312,162
train/organic/organic_0188.jpg,train,organic,2,AI/archive/DATASET/TRAIN/O/O_11381.jpg,official_train,fb4c1004b8fb839a50239c6c3a5e77f322b1e3f4d00d828fe4a7f1c8bf39e36f,3471fc01e1988bf4871f0f68322c9c757e9813252622fb9dbaa3a113f4b1a1d1,300,168
train/organic/organic_0189.jpg,train,organic,2,AI/archive/DATASET/TRAIN/O/O_11423.jpg,official_train,5e8f1d8a192d9180346f797cc91afda1e513bd8ac3068d43f0087c68f5d8f0aa,88cac5916936cb7cbab3a1756c2a3ebb3c0d732b12a7854aada236dda33b0c8c,225,225
train/organic/organic_0190.jpg,train,organic,2,AI/archive/DATASET/TRAIN/O/O_3086.jpg,official_train,2da8d62c37e84ff6bbc3bbd3e8bc24d7319e22b7845b52e4eebbf4d8be7811bb,c08a28ec6bf77727826fac96f76402abf6808ecd23bf48ca3e5b60b4ca2bf2bb,259,194
train/organic/organic_0191.jpg,train,organic,2,AI/archive/DATASET/TRAIN/O/O_4595.jpg,official_train,774b421deb79b5de47dd6137cf6cf645a116ee89abe8939bec4a7e54c585d72d,b61707c3778b374791f19a0338f4937f86b35f6f8d136a6d47efcd4a487dc3ca,259,194
train/organic/organic_0192.jpg,train,organic,2,AI/archive/DATASET/TRAIN/O/O_9364.jpg,official_train,1a5564a170a1b62c72bed2b9d08691096478ea69cf27832aa9cd370adaf5d669,2dbc279069985174c9b19c8904444f21e4cb25c6c516f60ac0585357bc5a7c87,300,168
train/organic/organic_0193.jpg,train,organic,2,AI/archive/DATASET/TRAIN/O/O_5194.jpg,official_train,aa6b9afc078b572ea339e0052569ab149c347043bf0811ea41f5373513c1552a,dd4603a01d87f8aae4318c885117ce77522d2144000579a01eb8073fa60b5c5c,275,183
train/organic/organic_0194.jpg,train,organic,2,AI/archive/DATASET/TRAIN/O/O_1596.jpg,official_train,5ec760090e79c098d26612ad3a4735379ccbe68dafedac2e11e22fc0f24f1e9b,bfa7d400cf2e4f4e8917284d4b7dcfdadaf8b1cc458a0863f2634ba168ef3be8,247,204
train/organic/organic_0195.jpg,train,organic,2,AI/archive/DATASET/TRAIN/O/O_11878.jpg,official_train,0340949aea0202d9433212bc982b0883df2fd62d02cf2816302cefc47b330117,f9e74fb5b241eace3da035c0c537b371e4673371cfa6407b4dd855f89e4aacc0,239,211
train/organic/organic_0196.jpg,train,organic,2,AI/archive/DATASET/TRAIN/O/O_10367.jpg,official_train,e699ebd91c0a82a31619241c90971bd91d53e149f83ca194fafd784f195ced17,e10e9d9fa805a2a7d15d4b628689f8356c73505e031e517fdb9b30ea2f3dc6b3,260,194
train/organic/organic_0197.jpg,train,organic,2,AI/archive/DATASET/TRAIN/O/O_5246.jpg,official_train,6d5edc315917be6450f2475b22c564e37f81ba069f4e76d8bfa7eecdeae62f6e,43071cf21fe7fc4337b76fc8f5d49b7a4c0ef37d275c7be68dc9c991051e904f,200,252
train/organic/organic_0198.jpg,train,organic,2,AI/archive/DATASET/TRAIN/O/O_1525.jpg,official_train,ac45ff19e0ea19d4f5de44771583c46bfe1102e7234679831b240579d3b89475,d453fdcc22065bcfbb01c59707c08911bbf5eea31d6c6503796dad8a39c46ba0,225,225
train/organic/organic_0199.jpg,train,organic,2,AI/archive/DATASET/TRAIN/O/O_10874.jpg,official_train,0d2f9e572943a8a0e695fef2cf93d7b7084fff2d1d95164ce3bb8980fe827a80,9a5af48222ce453a2177673cede65de64d4733294b958273f8b8e8977d5bb57f,225,225
train/organic/organic_0200.jpg,train,organic,2,AI/archive/DATASET/TRAIN/O/O_2130.jpg,official_train,a3e72157aba54f6589fc2ebe89373143453431d83fc5e7d2b43ae807af981d5f,4b4f45f4812b62e779fc20bab888f42e790e44dc22029c51315973b885d73c8f,225,225
train/organic/organic_0201.jpg,train,organic,2,AI/archive/DATASET/TRAIN/O/O_1709.jpg,official_train,c0f7e946628bda742acb4b2a4921aa73666a33762f48193f5a87234adc6bb8cc,592358ac5cd979f1229cfe29796ff89f1806ada4738537011f9892febcc0900b,297,170
train/organic/organic_0202.jpg,train,organic,2,AI/archive/DATASET/TRAIN/O/O_2254.jpg,official_train,dd601125d0c4b91b93751a26af5cd427bba48bf3f339053212026642e780b649,2e0dc54455bbee6f6d9c06697fe772e8e72453330417c99328b5dcd492a2ebda,300,168
train/organic/organic_0203.jpg,train,organic,2,AI/archive/DATASET/TRAIN/O/O_10560.jpg,official_train,39daa2b628845090b717647f80321b88da8b79e716171dc2a31f8496d9ea9eee,59a09bf490430c567c3440f69515e94a82794eb81e806cf8b3ff3223fee2739e,251,201
train/organic/organic_0204.jpg,train,organic,2,AI/archive/DATASET/TRAIN/O/O_6334.jpg,official_train,7b063ccf928105a9bf67e737d60244a3812470156be5ad373f597df652a5c4ad,183d759981c3176a48017c56ce9cf2662bafa1245a467fce2ee36d067390ca8b,259,194
train/organic/organic_0205.jpg,train,organic,2,AI/archive/DATASET/TRAIN/O/O_9814.jpg,official_train,946d8bb66d7099608bb5306284250465261932a202ff188321dc8b0eaa7e1717,254dac2d6d78e7aaa020b639b8862f6c1b00d206dad6630f4bfb9c93529a630b,275,183
train/organic/organic_0206.jpg,train,organic,2,AI/archive/DATASET/TRAIN/O/O_11404.jpg,official_train,1beb67bfff2c386cc35be457bfe8c059c4305a5f5e5547b620fe7ca0f7fa5b43,09955fdfbb3a06dc84bb8ebc00afb0785864acb1e8bfb79903c39a8dc11d0b7e,188,268
train/organic/organic_0207.jpg,train,organic,2,AI/archive/DATASET/TRAIN/O/O_9194.jpg,official_train,e2156815b260e3e3f9ea0a26201fb354d9adfe381cef80817d1fad5d154f5cc3,97a9d15a107aef4722a205254d1fc4e61751e7dc39cd0d62c3678ad2b5b10900,266,190
train/organic/organic_0208.jpg,train,organic,2,AI/archive/DATASET/TRAIN/O/O_3475.jpg,official_train,045c7d877567b8a4a46f932a55f951f1216e0ab49dca7da61df0d0bcb6b291bd,0d3dad2d748cb6eed2379fc5abe48b43d3bf27eac97aaa1be8b0a1875507cdb6,220,150
train/organic/organic_0209.jpg,train,organic,2,AI/archive/DATASET/TRAIN/O/O_3683.jpg,official_train,0eb8468d310b566f81a27b68622fb9ae6554bd329d9af2385293b490d940e32b,a0520e80ea08a0b2165eb0d48e1a31dc651decd065e7fdccb673932b99df3922,362,139
train/organic/organic_0210.jpg,train,organic,2,AI/archive/DATASET/TRAIN/O/O_9988.jpg,official_train,791165c0cb02dc70f0e0a8afce622f847fac6d2233aaf191ba417eb9ce63f299,5ce986d99c517ce4909d00a1a030390d773fdea28599c34c113bd70269e7d8f5,277,182
train/organic/organic_0211.jpg,train,organic,2,AI/archive/DATASET/TRAIN/O/O_10955.jpg,official_train,7ca1c785f19c91d6349ac3390b94ec8aea4cff2fada0aa1e8d7cb0394a3182c6,11fedfdb10c78baae28cf23a1f308b9d642b5693d3fd1cca385c20300ca05350,300,168
train/organic/organic_0212.jpg,train,organic,2,AI/archive/DATASET/TRAIN/O/O_10336.jpg,official_train,a7909777a2f56ac74f7186c558d4f07a4bd419aceff331690769ea8fff76c18b,8b5bcb87c0d0aed968bbc15aa46e1a3933f9943563e92661fea7fe30411f5841,223,226
train/organic/organic_0213.jpg,train,organic,2,AI/archive/DATASET/TRAIN/O/O_5987.jpg,official_train,133d088d3afd81be8b0ca53da224c4c9383dbad0a8caa3c69626a6f1542d2ffa,679457099426b81b3105bc15a1561a4441ca708fa28a93acb3be606bb5b26346,275,183
train/organic/organic_0214.jpg,train,organic,2,AI/archive/DATASET/TRAIN/O/O_2243.jpg,official_train,dc7eaf3ab5a139e5c81520e5cc2f90b630458fd62a5596381db4e219fd9cc146,7b0021ee0bb394cb9109be453387c32949a39663426bacccae2e12a6aebbb01d,219,230
train/organic/organic_0215.jpg,train,organic,2,AI/archive/DATASET/TRAIN/O/O_540.jpg,official_train,afb599a3a9e33f7e0f8c6e19288a6a838a2dfc94cd9aa172ac2cb245a1753d32,c9da93feaf8e490c21d81f4036ebabeadf1d506b04b3663c1c013d6dea455ed6,259,194
train/organic/organic_0216.jpg,train,organic,2,AI/archive/DATASET/TRAIN/O/O_12433.jpg,official_train,3b9c0fcfe180568bf226ec95199aaa221d3c68d7ce2da402333285e7fa3cbebc,2ef56aeaf8c50aab32b97e1ed0537eeed4ecabe4b857115eb6f0db2351df4593,300,168
train/organic/organic_0217.jpg,train,organic,2,AI/archive/DATASET/TRAIN/O/O_8968.jpg,official_train,f4f8145379f568362ab31ab06827ba80c9d34b800b479e06e36c22e7da9fbc9f,e897ae1eed77dfa8d64069734354bc7b488ced86651d16582a3e9fab6f6256be,225,225
train/organic/organic_0218.jpg,train,organic,2,AI/archive/DATASET/TRAIN/O/O_7557.jpg,official_train,416ea1fbc97a94909f0e42498ef066d74628d694324cca1d93c1114bbb8b637c,69cc6115bffa6dc04210e7007ac1827454d5fe2bd9a1c60e8ca4210059551b0a,282,179
train/organic/organic_0219.jpg,train,organic,2,AI/archive/DATASET/TRAIN/O/O_7207.jpg,official_train,dc845c77d9ac1ef127acd41b962b962849d6b9b9d0936d70c6ffc05a9214829a,29c61485b21ea3ca742d2795115f8f1e5791f1bee6a00dba42f61b506d8c34d0,225,225
train/organic/organic_0220.jpg,train,organic,2,AI/archive/DATASET/TRAIN/O/O_11014.jpg,official_train,36e2bb2a80eebd77beb2444b52c0abc64029f67c0f56e15e961f028891680fad,1dec90a5243891ee4abeaf02821f2a4d46239d13025ae7b1a79b6908761490b7,223,226
train/organic/organic_0221.jpg,train,organic,2,AI/archive/DATASET/TRAIN/O/O_217.jpg,official_train,d8a4a9ed283a30ab59141d13564078e7e374675d0886aae62fb8a4da2cb5fcbb,68ac10958bf09602bc83a943cd7563a1826cbe1d6c6afab0855c64a0314a52c1,225,225
train/organic/organic_0222.jpg,train,organic,2,AI/archive/DATASET/TRAIN/O/O_7225.jpg,official_train,0220161b75577bbe55d82f35b20e788d0f9d46041d80d9c0d397616098709926,75e0632bb90dc320cb7218d2d6dfe186380d0d0af6e53889fe3299cb106739f3,225,225
train/organic/organic_0223.jpg,train,organic,2,AI/archive/DATASET/TRAIN/O/O_2290.jpg,official_train,7ad56ae70603fe65ea6980ca75fd9875ca08dcac4d9a584a6b07798ea512f203,3c65a43febc55630891e6289ea2a3a8ddc66687f5971aa2850e040953dbb28f8,318,159
train/organic/organic_0224.jpg,train,organic,2,AI/archive/DATASET/TRAIN/O/O_1544.jpg,official_train,0418ab119b048ef17f0bf6a91a621f4a2521d7e9352f9b796174a4a27d647ca6,6adbcb6558ce05d80badd2d0e46e71932cf57031a8f06991808f47541fa1b53a,180,195
train/organic/organic_0225.jpg,train,organic,2,AI/archive/DATASET/TRAIN/O/O_5124.jpg,official_train,afed9f96cd6dc863c53053cfc00010aa2b085d44f5e21b90a6c81a6a873cb0e1,2621243401d3f419625517bec78bff06463b38a57859bbf1d4db75e8d5492c37,310,162
train/organic/organic_0226.jpg,train,organic,2,AI/archive/DATASET/TRAIN/O/O_3654.jpg,official_train,b13052b1a4e60f6459791460eea659cc5d3a1056390b9b2d8a05ca59a8465303,9cbbe374f4b64a8d4608ab52ba2d6548067e00bbe7a7ff48c7fad9ee91eb43bd,275,183
train/organic/organic_0227.jpg,train,organic,2,AI/archive/DATASET/TRAIN/O/O_1367.jpg,official_train,79b3d456374a2eac1e3d8bc2eb2a7174dc1fa89d9d0a0cc47b92a961f8bfc156,e98ae10ce4a1656cf1c4fc3eccd843d4c81fce9a918bcb0fb207995d1438ffca,317,159
train/organic/organic_0228.jpg,train,organic,2,AI/archive/DATASET/TRAIN/O/O_9636.jpg,official_train,7e181d92fc9df2d01b024816ae9f3c81d62ca876d32738b39eea5cbe4eda3209,20c4ce732183eb1603dbc06d115694fe1d64039a44275edec5a3dfc0fb64c92b,259,194
train/organic/organic_0229.jpg,train,organic,2,AI/archive/DATASET/TRAIN/O/O_2915.jpg,official_train,a7bf7886fecd5bf24c70bc7d21a8eba17467b2a403773db1cc310c3bda5c218d,09ea0dc012f28dc91e32015278df91f0de16487e51aa1803e1f4ae03d7dc5f31,259,194
train/organic/organic_0230.jpg,train,organic,2,AI/archive/DATASET/TRAIN/O/O_10295.jpg,official_train,ba2a18a1aeea31520df8337fe456292c8d22aec5336d999289312e3a53595617,fb2f8f97a64ebf0025655b9dae3b82102a60237231898b88a1c628a9105abadf,259,194
train/organic/organic_0231.jpg,train,organic,2,AI/archive/DATASET/TRAIN/O/O_4368.jpg,official_train,334b933b5e2458ae33f40b0fbfcb8965f1b9cbf573b43bd68fa404d87aefae3f,fd1b286bdafd0aed9baf5c29f0324d8fb193f8c6cd05aa539257782f1b40edaf,283,178
train/organic/organic_0232.jpg,train,organic,2,AI/archive/DATASET/TRAIN/O/O_4742.jpg,official_train,67349dc26762985a8bcbae2b99598132eaf26c14bc7437a3f24f0387ab24e406,40be33b2c26d5045a9e56ff11c9ea426fded42ed4c891e979858cdde467d011c,279,180
train/organic/organic_0233.jpg,train,organic,2,AI/archive/DATASET/TRAIN/O/O_8347.jpg,official_train,67a064a49045a840cae5657c5eef23b66f639c0011e6bc364514bf8bfa490843,fef80ab9eadfaf1c988d73e5704782698538a3e8ae9798d2f2c6121b829c4d12,340,148
train/organic/organic_0234.jpg,train,organic,2,AI/archive/DATASET/TRAIN/O/O_2121.jpg,official_train,07e26d393dc64f51e2c42403876cb36b3e97e0ec57232690b1f54282a4cc06c1,515878d7cc3318fa7f105ae962e7df796f11eeaf2ca9f9849fd1331d2a9568eb,225,225
train/organic/organic_0235.jpg,train,organic,2,AI/archive/DATASET/TRAIN/O/O_9551.jpg,official_train,35af0d19b0fd8f5fd54777d57578279a0ef5beaf879d4c21143772629669f79b,1e6f0f5c203503475612fc2742bbc475e233e846463819a2a8de7ab7806a1bbf,258,195
train/organic/organic_0236.jpg,train,organic,2,AI/archive/DATASET/TRAIN/O/O_7682.jpg,official_train,9c9581d74dad3f142241da21c74575bc3317fd44848ba7a59a01b05f08cfe7e2,e6865389790b2d13898310e71d93d3aec1692205428031d5bdae16ef94753038,259,194
train/organic/organic_0237.jpg,train,organic,2,AI/archive/DATASET/TRAIN/O/O_12373.jpg,official_train,7fafdd11e43e9796e0a137b21c08c8885b01af3516a0482a46eeb5044df3434d,5280042835e43bdb37a064c0b58846112c8930be2643266b4e61cc2df915b0ad,236,214
train/organic/organic_0238.jpg,train,organic,2,AI/archive/DATASET/TRAIN/O/O_719.jpg,official_train,9e19cc530b70c779c3786a2f7604d1b6cd3f57cb5158a87e94708234763a0706,c50cbe20fbce7563eed64264b3698bc75285a7aa1a370ac61f531c08abe45c7f,225,225
train/organic/organic_0239.jpg,train,organic,2,AI/archive/DATASET/TRAIN/O/O_6403.jpg,official_train,2ce5745df895c1acc7c2536070031cddc22b35edfa1dea7e9d190fc0db5d617f,81cb4cb34f7f2eba730cb03b5d8af5ebc0d7c2652caab575a031270bd796900f,276,183
train/organic/organic_0240.jpg,train,organic,2,AI/archive/DATASET/TRAIN/O/O_12536.jpg,official_train,99440f10488d0365118832cbff1a1e7665ff2b95164298106f11399c514edf24,6363852b1f0f62a2c68c7f833058857b0f18e812188cffc47f60995a80ef4a2f,225,225
train/organic/organic_0241.jpg,train,organic,2,AI/archive/DATASET/TRAIN/O/O_5472.jpg,official_train,d0b7b28efd22057b401a69784fcc6eac4e10e0c0ca4b61c159d70fd23b225462,76f57406951ca94d14236498883930c25795d673e398b6f2700845a26297f805,236,214
train/organic/organic_0242.jpg,train,organic,2,AI/archive/DATASET/TRAIN/O/O_1110.jpg,official_train,a3e4ac0c8ee6855809a3d36daada4bae234565add0be99b8705892d83825b175,03f7fd399841a072aa75d94ae6992d8bcf30e973fa05026421f79b98b5d0b192,275,183
train/organic/organic_0243.jpg,train,organic,2,AI/archive/DATASET/TRAIN/O/O_5358.jpg,official_train,0b38c14dc9beef693e909ee5a88b2065fa4fab9411e871488e6783bedf77154b,e0dd2e116b5032bd09468e81a945dae054ab88f71a4daeb1c4914ada88a61117,300,168
train/organic/organic_0244.jpg,train,organic,2,AI/archive/DATASET/TRAIN/O/O_46.jpg,official_train,6d24e743242cbfe18e49cea195bb9e5ab4d66245166bcb3def54820bfacde791,82590c58428b658481ebcfe6988b24b400a7d9a7a773f8696c580744301e69a3,256,197
train/organic/organic_0245.jpg,train,organic,2,AI/archive/DATASET/TRAIN/O/O_10444.jpg,official_train,2431163c7eee329a06a66141c48d83e14fb123b572e3fad050b1ced62484c967,32ce40747ec94993abdd2fc62a7584e19c5740a9d7899bd13260f8ec69c5b326,299,168
train/organic/organic_0246.jpg,train,organic,2,AI/archive/DATASET/TRAIN/O/O_875.jpg,official_train,2dbb0a78ab89ec219fcafd8f029e27e7af6e5851bd975a3c6263b2bdc167cd94,1fddee39937a88e60e8e0b6a3eef8406ade6ddca2ad4aee4baf7c1ea26f426b9,390,129
train/organic/organic_0247.jpg,train,organic,2,AI/archive/DATASET/TRAIN/O/O_3995.jpg,official_train,43abeb7693391f6c936924f066969279043011a1f337fa84408a2a47cff770f3,8f02788457b3e28e576a2680995ea456c74016717b8d1ce60903684af864fe90,269,187
train/organic/organic_0248.jpg,train,organic,2,AI/archive/DATASET/TRAIN/O/O_8488.jpg,official_train,3729ce2b921fbe6a5666dd2bc72f28d88f11b32c68cfd4a7340ef1032bb5b0b4,059d6c1144cad36d9a003cb27fae4f95a134cf76837da897116aba11b7afff23,339,148
train/organic/organic_0249.jpg,train,organic,2,AI/archive/DATASET/TRAIN/O/O_11699.jpg,official_train,e95f3ae2a6b7d458ec225440b18b318639e6d71176f56e050b6adef5c6d798f4,acace9fef583bf1df27da1a741c1931b63b70926180dfc22c02c19a06e7aac8e,240,210
train/organic/organic_0250.jpg,train,organic,2,AI/archive/DATASET/TRAIN/O/O_12381.jpg,official_train,99ff8e2d711fce5658ab59d64f01d8f8d0298a1ad13d573a20b399bbd1cfdbf5,31c45eef4b9b551146b7b5256241889906105136731ed04d89684996b88be192,275,183
train/organic/organic_0251.jpg,train,organic,2,AI/archive/DATASET/TRAIN/O/O_11640.jpg,official_train,944784ce9dde49f87642dd3b2286d60341ddd579202c0629f9053228e4081aee,4e5012c912b44f0985c4ecf509deadcd930612d82a4650cec0240ab4930acbd4,183,275
train/organic/organic_0252.jpg,train,organic,2,AI/archive/DATASET/TRAIN/O/O_7398.jpg,official_train,c461d5f99cef45e60ed9b1a7074fde07eaf1c27b56a489aff0a055e230fa9ddc,51f7b1da73c440da319b953a9622bd73422f9a094b73e51c65e0f52e010ef170,259,194
train/organic/organic_0253.jpg,train,organic,2,AI/archive/DATASET/TRAIN/O/O_8467.jpg,official_train,e0a1484d63381478c4d6c4cf42180a8953a74359816e71f0bb77ea76287a2076,63106a3d20761095d69e52679c124bf24d449c891b19e6a602b29185cc31981c,367,137
train/organic/organic_0254.jpg,train,organic,2,AI/archive/DATASET/TRAIN/O/O_6357.jpg,official_train,b1c0f8285d2d71ce59f96f4eba8705e12cbca9091d90f0af4fd08117617ff933,cbaf90ddec0a590fad894a1b50b7b185f2a06b3b8a1e92492a03175f312edbca,259,194
train/organic/organic_0255.jpg,train,organic,2,AI/archive/DATASET/TRAIN/O/O_2201.jpg,official_train,60b86be437ed4757c7a71af8308d77f4dcb8614d304b99bb8ded5467c106f586,2cc8999f29dac433a77bc92806610b09ef9421d3aed18c7fc0a2fffa692151df,194,259
train/organic/organic_0256.jpg,train,organic,2,AI/archive/DATASET/TRAIN/O/O_943.jpg,official_train,219cd897135ab8e113ed2c76dd383d23a9d0de25b9c58d38bb0f0446bbbad0b5,214af39c548d3363987fbdd577b203be65065f19d226a9be7cff1c258f576087,259,194
train/organic/organic_0257.jpg,train,organic,2,AI/archive/DATASET/TRAIN/O/O_11218.jpg,official_train,5f27cba6c9fef05c2743c87ff207f82be12438d4b98018e83a13dd2ba354d5e8,567c290265aacf0fa314f1ccc9ad8d1a8386bf64f6b6156305aea1a5a4a13342,225,225
train/organic/organic_0258.jpg,train,organic,2,AI/archive/DATASET/TRAIN/O/O_11248.jpg,official_train,5527f3c05f47aa3772529e07c80f64b5f3384f59362e1fd84a7a7213629d29d9,59c1af5124b85d5fbe05950de66243a9edebc266a7f554952c29da0a5683b9d0,259,194
train/organic/organic_0259.jpg,train,organic,2,AI/archive/DATASET/TRAIN/O/O_9427.jpg,official_train,e342c99c6ddb116c9127cab3ec80fc514a65a3ae2fbb218202665c3a374bfe97,0742cb9ffe65eb9a560b7a4835dbc7a7284b54a6d5eee036024bf6be04d73a5f,280,180
train/organic/organic_0260.jpg,train,organic,2,AI/archive/DATASET/TRAIN/O/O_3098.jpg,official_train,38ae48ad0ce4abd54cc37fb0e8f468e01a70e3b3b9a2874ff5ebf3589e14c47b,e47ad1785d0e3975fbaa895855ff722c22accfcc54e5b5a8eadd56fde3dc8d57,275,183
train/organic/organic_0261.jpg,train,organic,2,AI/archive/DATASET/TRAIN/O/O_8617.jpg,official_train,2c1d003858711664e51fedf1110f5bdc7b8daf7cc728553d0d003cc12a20fb45,00bca204f3143dfb845d56eaf3953020e9eadb2ded802f52b4ccb910eb209034,275,183
train/organic/organic_0262.jpg,train,organic,2,AI/archive/DATASET/TRAIN/O/O_12565.jpg,official_train,262e69e45c95a0e87b68acf616286dc28d669d4512fce7ca105d7dd3136e8988,6388538e061814c2bfc04be2cbb0f8848a3733ce0e96551d8558965ade0471d1,261,193
train/organic/organic_0263.jpg,train,organic,2,AI/archive/DATASET/TRAIN/O/O_10836.jpg,official_train,08088527e330d65fa0fbf0ef6e25b1335619201fb8f7b11520f7205e3a545b22,977a4a60e5f6fe54a3913fd879345566f4cce98c2f33d9bdb0e4fe938a3a86b1,195,258
train/organic/organic_0264.jpg,train,organic,2,AI/archive/DATASET/TRAIN/O/O_1089.jpg,official_train,7c2fc5405d2b7d286be0f9e719584159539b33ab219e4b5fd8f8fea394cbf19b,a84c3749e8a8a19f27f50c9b1817a92fe682ffdc9f439d861a29f6429b345bb1,225,225
train/organic/organic_0265.jpg,train,organic,2,AI/archive/DATASET/TRAIN/O/O_1541.jpg,official_train,ca420c4d54e29c8be51c41cdfee7ebf76cf68f7841f41cc7046a2896c4cbb95e,1eaa1ff4ccb4d62186cb47f91d839cc370dc08aa84b03cd0072961ff8ad33525,259,194
train/organic/organic_0266.jpg,train,organic,2,AI/archive/DATASET/TRAIN/O/O_4517.jpg,official_train,6c98499e918ba523db9ebb0f7dd983c71cb3b5b1defa263033f4aa4ac03e2f39,75681ca17a8d9f8040946d2c8edd37fe9a26fadd0a0f95ca92dafbfb05e5cd93,276,183
train/organic/organic_0267.jpg,train,organic,2,AI/archive/DATASET/TRAIN/O/O_2392.jpg,official_train,e1def2ec93aa6a02409cbf84f06cefc9790b6abfb6fc0162484c7a6c3979384b,b4b63609ec9e85df0d5b91829e525c36a1ad1c3e349b134bcb1746315099a7de,225,225
train/organic/organic_0268.jpg,train,organic,2,AI/archive/DATASET/TRAIN/O/O_2257.jpg,official_train,45253a9f93e8439529342167f04199a1c1ceae95b2373d056fad65d66252285c,659d7a2994ca4be1fa8ced55477e4071b8c2ea833666aceabe3ae770cdf505b1,183,275
train/organic/organic_0269.jpg,train,organic,2,AI/archive/DATASET/TRAIN/O/O_12233.jpg,official_train,7ba6a1638ce70588fb55c51a1f9a0e9eb9f735010a0a0b7c3388f2886f60d7d7,b2986626f9533afb81469ab60142f014cc8c8b329cd11d84b975a03d977a425f,280,180
train/organic/organic_0270.jpg,train,organic,2,AI/archive/DATASET/TRAIN/O/O_41.jpg,official_train,6b7d9473fd6775f3242b43a49a5e7a90cd54f33b03e886b47681220e3de8ac07,cc8c8a398084cf828fdfe32179790aa86269744850d8f7166461c4c40919dc49,227,222
train/organic/organic_0271.jpg,train,organic,2,AI/archive/DATASET/TRAIN/O/O_9078.jpg,official_train,7559b8a0575b480dbccfb5835cdd77d33465e6354b5d7ec2237bc2b6ab1433b8,5dc5c90311ff64e75bb179b982edb404000c87c868e189014a366d401bce47ec,275,183
train/organic/organic_0272.jpg,train,organic,2,AI/archive/DATASET/TRAIN/O/O_12485.jpg,official_train,637300b52fe413a09ee9daef713faccf4a17ccec82dcbf538544635098ba51d9,493671585091445adaf45da70bc3293c76acfa4c6488ca8ab6c5e90a56d5e640,266,190
train/organic/organic_0273.jpg,train,organic,2,AI/archive/DATASET/TRAIN/O/O_2267.jpg,official_train,390f94d3937b51f480242da0eda0518e6fcb68317b23c27d8d80c8192d44cea7,248b62dcfead83cb12f8bbf7bd0de1ee4a2d7be27764b78a659cb77704d49250,184,273
train/organic/organic_0274.jpg,train,organic,2,AI/archive/DATASET/TRAIN/O/O_10125.jpg,official_train,f634c02a5823f4e5f355164b4059e494c7e7514ba56c43dcf23c570a8662a726,60e511a2d2c227479d0515089aa597f97833d5c357bb52776e86da67d73211ba,300,168
train/organic/organic_0275.jpg,train,organic,2,AI/archive/DATASET/TRAIN/O/O_2231.jpg,official_train,9d72adf677a3bc6d8a452a50a822627f158bf38bf5b78f231066b74be40c1db9,108ab034c89c0e5a4f3efddf41a31b5b505b0d78e240c9e3ada95ec1b94d85e2,224,224
train/organic/organic_0276.jpg,train,organic,2,AI/archive/DATASET/TRAIN/O/O_5995.jpg,official_train,4f943fdb8b40abfb8d7e618a1a8407f8b4aa12b003de1895674a0f3229c2a1c9,b4d1ce3fb4fd53c966043b94d8cf2e34b7093ebe57e93992ac7ec69f2c73f2d0,347,145
train/organic/organic_0277.jpg,train,organic,2,AI/archive/DATASET/TRAIN/O/O_7214.jpg,official_train,ebc1855fcd4969f3c016d6e043c910996eea794fb22ed897fc322432620b8a8d,d9e0f5c81bfc6e29794f45b000ccebc517f147ce8144c6ff61eabedb336aa4fe,183,275
train/organic/organic_0278.jpg,train,organic,2,AI/archive/DATASET/TRAIN/O/O_5108.jpg,official_train,0a3fbb8dd7400734c7e0641536e9e7742e3419465e25e5ff08798fb4869f6fc2,ed297bb80cf737ee07588df91d2289269e05e3acd5ef34134afc5cbb65f3100f,239,210
train/organic/organic_0279.jpg,train,organic,2,AI/archive/DATASET/TRAIN/O/O_11032.jpg,official_train,be3c263939164e086c3a94dca9686e97d83efef2c36bd13ba46610940d75bc68,267a05550fa642640df59e6f0e1bff8c9d751724b407ba020bc85532dfba5cdc,225,225
train/organic/organic_0280.jpg,train,organic,2,AI/archive/DATASET/TRAIN/O/O_10482.jpg,official_train,7c63b42564d4b877d3b070d282862c3c2eae9bbb92fc4c30450b60c24f1f6bcc,1073ee98f64d14c5d0eea06cddd66f4d42abd6b18eeb5cd248f69d7e4a4a6ce8,275,183
train/organic/organic_0281.jpg,train,organic,2,AI/archive/DATASET/TRAIN/O/O_6962.jpg,official_train,fabdd7012864d380f07d4c609d82d520a9a8e0d3363a95b1cb79bfd0005a4173,6ec821324f6bf1c4b11b729cbdf9f7f8e907bacfdf460b816b88bf187485d239,295,171
train/organic/organic_0282.jpg,train,organic,2,AI/archive/DATASET/TRAIN/O/O_9426.jpg,official_train,e786351b53fa0be5b0aa3d4ed75cecb507312cae68e10a973eec9faf4c425a17,fa3f4867746f7de967992f692af9a822058d8befcd657f100f719b8f5aee3d86,297,169
train/organic/organic_0283.jpg,train,organic,2,AI/archive/DATASET/TRAIN/O/O_7760.jpg,official_train,421fcbe4febc19aa3aa76f9c0b38f4b9045347010af5924d6c45a800207932e1,a9203e6ba1fa733261e300bda6fe63c7af7f7643533681dfec497504f1b4aac8,258,196
train/organic/organic_0284.jpg,train,organic,2,AI/archive/DATASET/TRAIN/O/O_732.jpg,official_train,ee38626cc2008d78fe576709d46bc5c0874b562a9dc3d8894f619b22af48876f,ba6dd4cbdd88fa2805a12ca62a1e0c300b871d5d6a32cd764da49237926376c1,300,168
train/organic/organic_0285.jpg,train,organic,2,AI/archive/DATASET/TRAIN/O/O_7459.jpg,official_train,de8b1c8d3efddb8a3491c5652bed8196faeb6cade532f69ad8b578169859d7db,ef2cdbd8e95bdd795ca8f1b7b5df571649acbafc52e659bca0957190c03aac8c,260,194
train/organic/organic_0286.jpg,train,organic,2,AI/archive/DATASET/TRAIN/O/O_291.jpg,official_train,1a277c374c86cd6cbf06658aea39f3c497b96bed1dfbcc5d9531bf6f383b88b8,e48ed933c32c275cf0648c2f72a8e23e0783debde1c71a0f3aeb2ec24d173df1,275,183
train/organic/organic_0287.jpg,train,organic,2,AI/archive/DATASET/TRAIN/O/O_4580.jpg,official_train,588d60074eea161bee3de7c723b89498b2bb0e01efa466cc408f86cdb0be56b2,895589b799081240c66e9cd09fef6f32d36681985a009343ee0492fb7eb5225d,201,251
train/organic/organic_0288.jpg,train,organic,2,AI/archive/DATASET/TRAIN/O/O_8155.jpg,official_train,209f305d074cb45deb0c47cc484bc150a504ebc6acd58bb13e6222b78141b415,c4a713ef418bfa94771d84a91d931ef4219fa89e3b9dd5dfa0df8ab71c3d792a,217,232
train/organic/organic_0289.jpg,train,organic,2,AI/archive/DATASET/TRAIN/O/O_7350.jpg,official_train,9a01cfa02e7dc8338bc411882252a64eb06b0bec16d96a9f342a5aa35a77bbf5,cdece7e0a7de44b0b52cd73cdcf6ba28e7790573bb792b202d076935d4ca4a0f,275,183
train/organic/organic_0290.jpg,train,organic,2,AI/archive/DATASET/TRAIN/O/O_10208.jpg,official_train,465bf37a44648f5ddd359bea52da534da40564386b459db8d4090b43fc2a390f,3fac8a43c6a137333417c5d547f58b21ec2ed3bcbcef33103554458c4738d5aa,211,239
train/organic/organic_0291.jpg,train,organic,2,AI/archive/DATASET/TRAIN/O/O_4050.jpg,official_train,9d936e80cac8eb007a4319554660642fc869c31a9ccbe4acc02b2cbd93e4abbf,5d15f0a0f827bbbf9dbf81d0bc96ec09b39e0256beed2ffae688e41127715391,259,194
train/organic/organic_0292.jpg,train,organic,2,AI/archive/DATASET/TRAIN/O/O_10441.jpg,official_train,4e0cbf041d5d7090283ff7a575a5bc10fbbb096772373267be2e4a750775fc90,540b27def93be13fa08850cf4dfd380a4e2e1a2b3408de30ea34181c27adcb11,212,238
train/organic/organic_0293.jpg,train,organic,2,AI/archive/DATASET/TRAIN/O/O_3795.jpg,official_train,779031df7c973610ac7d136b846e3bcc9efa1f70cd8e7b5a69a097eb5eb590ef,b57e4dea46e9c853919c79b008722ff66257efd1b9161393057a11c19e31aed4,275,183
train/organic/organic_0294.jpg,train,organic,2,AI/archive/DATASET/TRAIN/O/O_9188.jpg,official_train,0ec422c7382615b63f7441a4b254f5465f433276b4af2f9000fa1779a3557031,d7c35a175a91d2206d609fb826fb4e2c778ac9b38ae84f260bab52e0f6430d6f,225,225
train/organic/organic_0295.jpg,train,organic,2,AI/archive/DATASET/TRAIN/O/O_4644.jpg,official_train,0915cf9b81db34d76446c7dfbd1644da22ec82484e8fb34e6ded5810c062abdf,30a1482efd2395ab57c64bc6fdd075d88eff1795fe03831a81ddd210c4ff9e03,188,268
train/organic/organic_0296.jpg,train,organic,2,AI/archive/DATASET/TRAIN/O/O_12053.jpg,official_train,ba52be265d4326daa2ce9dfad1afbfa9be1bb5182830a5add328bac6deb039b4,03175f1f9aa535ff2b99945f84d6049582bed4e0767b90cf12927b243338a3f5,260,194
train/organic/organic_0297.jpg,train,organic,2,AI/archive/DATASET/TRAIN/O/O_4321.jpg,official_train,658dbd57f4fc623a7642b867ef8c49e06d1354ddab1dcdcd11299474447df50d,d674bf8fa2eb5bf8ba19af58c88d0fc8bec3893ce3b4e1ecb53d9ccfbe5fc205,276,183
train/organic/organic_0298.jpg,train,organic,2,AI/archive/DATASET/TRAIN/O/O_9873.jpg,official_train,54663dbd8371d77d9339f389a8fccce4fccc62f225c450d67062f5a818352a85,0e455dbc38118e8c696b3609f9bfd286f09ee7e6e0744f7213c905885079f40b,318,159
train/organic/organic_0299.jpg,train,organic,2,AI/archive/DATASET/TRAIN/O/O_6782.jpg,official_train,20b1713e70f5f5bcb947c17ca9742be3491aefe9ee537e3687a4d43ee5703678,af8e61948b178eda22789b8831af9c4a51023d4f0a7f5012c259e9c39c89801f,275,183
train/organic/organic_0300.jpg,train,organic,2,AI/archive/DATASET/TRAIN/O/O_1199.jpg,official_train,c8de7fc5f290b2ea4897563d6ef240bc66880eeaa23fed977006c28ce6d84e70,98deeaf3466eedd34576f2121fd4711eb4415ab0d54346774851765ff5d79ea0,276,182
train/organic/organic_0301.jpg,train,organic,2,AI/archive/DATASET/TRAIN/O/O_2164.jpg,official_train,b38111f71ca370217346322df8c0b98fa284a82d42ce82ace52559068738e094,510edcc1cb5902f2c58228c24f0652b9aec6a74d76c7597b55f551712012783e,245,206
train/organic/organic_0302.jpg,train,organic,2,AI/archive/DATASET/TRAIN/O/O_9132.jpg,official_train,85ec087dfbc8fad3d00b344cd39fa26453d3e7bbfdb8e56552e7861958d5fceb,8ae94f9c467cc144be8b6cd903dba4897d66817e4b65c57b59040b7f79aef362,259,194
train/organic/organic_0303.jpg,train,organic,2,AI/archive/DATASET/TRAIN/O/O_11979.jpg,official_train,998dc71f100d1bbb88362155251c301b167813866ea4059d9d3149d94ecb3e87,eb5c082f37d521227ee99d7436ce8589b3cec6a7ede788d0a1cb516e762010c8,275,183
train/organic/organic_0304.jpg,train,organic,2,AI/archive/DATASET/TRAIN/O/O_6691.jpg,official_train,173cec8f5e601d37e7e8a9176d1de09e99c053f1fcf54555aeff6606f3f308a8,57ab53b8a9c547571c6db17cf73f1658c50dae07e61239abb90df0aeeefef00e,226,223
train/organic/organic_0305.jpg,train,organic,2,AI/archive/DATASET/TRAIN/O/O_4859.jpg,official_train,142fcf786ab34b6d3ef03acdba77686fbd2851715a0670546b5816b3e90e180b,516de373b6a964e48edabd1ce3286a99c014813e17035b51bfb017abe7edbfd0,276,183
train/organic/organic_0306.jpg,train,organic,2,AI/archive/DATASET/TRAIN/O/O_12132.jpg,official_train,2a5fa30a39664f2d9f82ba7e83e3fc4d679653e46dd4ded9fcc2b5d1972b88bf,096dce753a7cc88c0e821b34dff289f81601f64ec2e871a9575c842cc0d1dbbe,225,225
train/organic/organic_0307.jpg,train,organic,2,AI/archive/DATASET/TRAIN/O/O_8666.jpg,official_train,45228587c06838bb48a88388e932c89dc52f1da0dc0f9a20a97443417dd92c14,3b00b26a68fab270dacc7784163ba63f037e68d29cd39c5fe7d83cf4c0055886,259,194
train/organic/organic_0308.jpg,train,organic,2,AI/archive/DATASET/TRAIN/O/O_10988.jpg,official_train,bc3a653fc64deb8821e3f6d0fc3d080cf98be7bc059c81aaf03dab6ee65e6772,9f5a38ab08333574ebc926be00a62824ceac415263ae6969471fe0560a1ae087,275,183
train/organic/organic_0309.jpg,train,organic,2,AI/archive/DATASET/TRAIN/O/O_8898.jpg,official_train,d1b1ee5a47eaddaa36a28f9d1a3f937d5df6cdf2a7c17074b53d80fce45c15d2,306a2f8ce7c157ba834c17abe2dd41bf8578d8f0f62142f8731c73d942d398d9,251,201
train/organic/organic_0310.jpg,train,organic,2,AI/archive/DATASET/TRAIN/O/O_100.jpg,official_train,211d0893a8e5935a8d27727d4ea5db1240609913ec02839d2ebaa0dad0c7aed7,096e460567ea804ff9412a8ef0926d54ab0273dfc3e158d54245ff593c48820c,275,183
train/organic/organic_0311.jpg,train,organic,2,AI/archive/DATASET/TRAIN/O/O_10527.jpg,official_train,c04b61ef1ea452364d604bb3ac0ff3f9dc37dc8ff6c3f4a53126127d29d15337,99c9cc1ac3ef923e70b36f350c8aff044f693242289eec3f6b487ad838cdb13c,279,181
train/organic/organic_0312.jpg,train,organic,2,AI/archive/DATASET/TRAIN/O/O_5046.jpg,official_train,d1cfa73ea98bf083cbd9d0fd48d4ceeab15cdee5fb77881ffaaa3be05b3c82bc,3f3eb8b79d5a6baab4a7a5f650600a4d366546865d463ec28780211430e99cd2,194,260
train/organic/organic_0313.jpg,train,organic,2,AI/archive/DATASET/TRAIN/O/O_6422.jpg,official_train,e4d34fe5d0fc238e69164bdc558a230a62ea3201959cef4ddbb60c06b076f5ef,1b36bbec74231d82e1045b6afa6c0ad2fb4a1262aa27ce0b9101a7508c02e891,256,197
train/organic/organic_0314.jpg,train,organic,2,AI/archive/DATASET/TRAIN/O/O_12445.jpg,official_train,7ecf3e764b8bd81b074da2b2588b011d951e3989582f0feca00e8558d673822d,24e9b7472bdad4cc1d2fe4d8b45a1d9ce0d57d4706cf3063641ddd347adde141,300,168
train/organic/organic_0315.jpg,train,organic,2,AI/archive/DATASET/TRAIN/O/O_12329.jpg,official_train,a52cd5197f4b201353b3c902f350fd29ac648514c58b34fe626e4afdfbda893f,2c221f80a82bf551280cc482c7e74f4b91d387fe7a08f84a702df5cf93d30138,191,263
train/organic/organic_0316.jpg,train,organic,2,AI/archive/DATASET/TRAIN/O/O_2077.jpg,official_train,1c762d76f22729f03aadc3557a64d0c6dd3d8887a9311c77f8aad1f288e8c87b,f1152b8fe6ce979fef4cffb7ad6be69a49c59c969a58459a27b2ab9310a12b6b,210,240
train/organic/organic_0317.jpg,train,organic,2,AI/archive/DATASET/TRAIN/O/O_1232.jpg,official_train,1fac082c04423c1e7e77e283d456632834f3c0de0df2f735325dc4ca6043a0bc,82b791963c2e8bd6d07cfd468a1cb9bc663739f1615a0d44ecaaba3246de055f,402,125
train/organic/organic_0318.jpg,train,organic,2,AI/archive/DATASET/TRAIN/O/O_9196.jpg,official_train,7e8507dfaf905881cc10f61b49d9524e923ab6f70027c476b26006ca491b69b8,398aecf8d1dd06ff8ebce2f1c689db327051e51766987d4b51dcb9052f0d3168,269,188
train/organic/organic_0319.jpg,train,organic,2,AI/archive/DATASET/TRAIN/O/O_11535.jpg,official_train,94cbffb955bcdeda7d2fb9b4a341ae568717db59fcb35c9381fe6275bdb3c9a1,546b3f502a9da7278b14ede20660c3bcc23d19bd49adddf8752972c5331fcbcd,275,183
train/organic/organic_0320.jpg,train,organic,2,AI/archive/DATASET/TRAIN/O/O_178.jpg,official_train,9340e601c8024853c185a8dfaabc37717112c836c4d88e6645ed371c7b601ec6,3165351faae0e8d90ddcec781da991d3aadbf68032245731e98493b67daed366,248,204
train/organic/organic_0321.jpg,train,organic,2,AI/archive/DATASET/TRAIN/O/O_7940.jpg,official_train,86c40df77a07600745c158e2f90d6f89ac59a2005d08960a547753c24c32b9ae,f2252b5d7e4835e1c1c222682d67d602e12345a4ed069af91cf0707ed1e6b79c,250,166
train/organic/organic_0322.jpg,train,organic,2,AI/archive/DATASET/TRAIN/O/O_11502.jpg,official_train,b68fcd8aa86f3e35c97548fbe248064b061ec947154b01b5454a327756fb963b,d3fc0f2b9ac88c5d5f386e1a6285c6e01a25f30b3cceffab169fb835b0522e9b,259,194
train/organic/organic_0323.jpg,train,organic,2,AI/archive/DATASET/TRAIN/O/O_10090.jpg,official_train,3a18e15b5ae8c55d0ff23680540260fc9d1f7d9b0087abdf0d7b140cb8ab7198,7ca006a47438c9618b31d139d49a76be8e72f36e7a6140fd531676286cf51388,259,194
train/organic/organic_0324.jpg,train,organic,2,AI/archive/DATASET/TRAIN/O/O_11958.jpg,official_train,0cd33192dfee80dd558b8fd774fc5002ea3d7b73b486c8030b67a75e02d1b96c,dd787c9dc7d839683de317df8a0cab84b560c40c68cb65415643e831cb366bd3,299,169
train/organic/organic_0325.jpg,train,organic,2,AI/archive/DATASET/TRAIN/O/O_5743.jpg,official_train,e8fb35bca3989f3a019d15405b20c4de0aab023b64b4b3f7fe3d635de5901167,708826a9e0482089a596304d310f887d2344dcb9972b54ba727d094a609b058f,262,192
train/organic/organic_0326.jpg,train,organic,2,AI/archive/DATASET/TRAIN/O/O_7597.jpg,official_train,61fa447c3ea4182359f0c7c9770c107601098ae70dee86c5ff973c7f60249215,7bf37a2f572c51756e6ba59da197a57b6cd6b59f33261c31336915fe5d57bffb,199,253
train/organic/organic_0327.jpg,train,organic,2,AI/archive/DATASET/TRAIN/O/O_10647.jpg,official_train,31e4c5c3e039414b22fad322c6331a0cb6c836054cab8ec423b62f2de6da678a,7816fe9f2c4295d180e5696ec4e22f424326d88ef0adb74553e6d3869a9db921,186,271
train/organic/organic_0328.jpg,train,organic,2,AI/archive/DATASET/TRAIN/O/O_1992.jpg,official_train,efb572d08a0cc79c7d66b253cff175dddddbed7bb00dd203c484fa9605d5f5cc,f76e9398ff669f19fb547d68895655d85c7b6e32c36950509dedb682f0c4bb26,199,254
train/organic/organic_0329.jpg,train,organic,2,AI/archive/DATASET/TRAIN/O/O_9230.jpg,official_train,7643d434e9524202da2141085258bfbcd53851891b07344df2d7f3e9233cb983,48a00b433b9b8e7c009029bc69d882ff9f18353e53ba509afca68bfaf964b568,170,297
train/organic/organic_0330.jpg,train,organic,2,AI/archive/DATASET/TRAIN/O/O_4480.jpg,official_train,16b8cc9e20bc1f386887e1d67ef5a1513d25cd880c546b6c45d271819a55778e,97b7befcbd314a689b692c2b9beda0136e83c2700c14e4af1dbf6c78dfd80eb2,259,194
train/organic/organic_0331.jpg,train,organic,2,AI/archive/DATASET/TRAIN/O/O_10708.jpg,official_train,c135cd2432909a3ba0c615665d6b304b66765e52ae70199fe6d257ea96026c69,d7009865e5d5fc59936f1cf54094d90e93876ade687aa64731955fff4e818a93,252,200
train/organic/organic_0332.jpg,train,organic,2,AI/archive/DATASET/TRAIN/O/O_10302.jpg,official_train,8e098d824d89bf08ead41fed2f6d54abbdf3e87b5707ad98127ec748d61f6c34,22f9730850c5e3eb2fd5de8d0a374f7f064b006d5bb3f50c18718d8cfaa32efe,276,183
train/organic/organic_0333.jpg,train,organic,2,AI/archive/DATASET/TRAIN/O/O_12310.jpg,official_train,f3067afdf298cc6901acac2ac593fc61e5fe1d6265782349ae28c1fcc4de7d98,910c5b70147b95ed1985b350c55549e4f15a3e710ed32908b7c8c5008c159102,183,275
train/organic/organic_0334.jpg,train,organic,2,AI/archive/DATASET/TRAIN/O/O_9769.jpg,official_train,b3802b9d575d2222cb70c69ca09702e47db68a88f9107ff8c2de252bcebef5ec,5eef62570c70efc0ba447977a3d9372c2fd8961813d81b129af171dd23fd16b0,258,195
train/organic/organic_0335.jpg,train,organic,2,AI/archive/DATASET/TRAIN/O/O_266.jpg,official_train,9a798ad87d16343be8bd067f1ad69261a793a88c6ce8661a508dfb3b8a09ab2c,6d4362ea09446ad53ce7a43669ccb2dc0a4a5a14ad3600d1d9f8c0c830576eae,242,208
train/organic/organic_0336.jpg,train,organic,2,AI/archive/DATASET/TRAIN/O/O_4227.jpg,official_train,26258b759ed0b7a7c5677fa5e1d6b2a6c70ed298ee0459678357bce06eedefed,c1329693b5abb27b7447d0877e62d12999ee8c6ce3f2cfa4e67c5e8565de4678,294,171
train/organic/organic_0337.jpg,train,organic,2,AI/archive/DATASET/TRAIN/O/O_1107.jpg,official_train,97ddae27f59247fb3038372009cdcf100aff5e051469edb3ede4b290a34461b9,bd89571f272976d111077f73dfc0452d6cdc30b55c24b4cbcb86bb92058fc708,225,225
train/organic/organic_0338.jpg,train,organic,2,AI/archive/DATASET/TRAIN/O/O_11689.jpg,official_train,b0e7584df837936e0a32b867849b740b0174c4209fc7ee882b49e37572f9834b,ee6e80af3c8021066f985642a55d0e68fdb6ad4cf698fb82377fa8ea9983c3a5,183,275
train/organic/organic_0339.jpg,train,organic,2,AI/archive/DATASET/TRAIN/O/O_3314.jpg,official_train,b023f3016a329489b33a6e700f8ee48400fb81174d264c86486de6683a25e352,1bc4cf0b4f5d3069ada6955ffc3e7acc6a5cd221176a950fc914da91476f4df8,275,183
train/organic/organic_0340.jpg,train,organic,2,AI/archive/DATASET/TRAIN/O/O_624.jpg,official_train,81805f6ed5d1846bca346e76105c1596eb29c74a331ebcd2712bef082f560d73,a150334878ef7b5f5db8afdd0431649c556029907f6468bd7d3f6ff2655d5dfe,220,229
train/organic/organic_0341.jpg,train,organic,2,AI/archive/DATASET/TRAIN/O/O_9451.jpg,official_train,63589287c2313d3e6e9162979bfe4804d11a58fd2cd6e3bd25df41a1f12903df,61e5095849a8474814de17058b84c0629886de96abf1a9faaaec3f60e2ab69b6,299,168
train/organic/organic_0342.jpg,train,organic,2,AI/archive/DATASET/TRAIN/O/O_3759.jpg,official_train,2c528c244c466b8d62134ac8748c914195547da07500ed6a5e45cbe251cfb812,c41561f4663b55940efa2eb9d0bdf98df3107ddbb8b5ef23faef730ae4191e1c,261,193
train/organic/organic_0343.jpg,train,organic,2,AI/archive/DATASET/TRAIN/O/O_8640.jpg,official_train,3b3aca150e41eaf0a2a8dcc1887137fdcf6cf3204cc481509538c5beb087a22a,0b5f2ebada1f2cfed2c886aac18a4b886ad51009546806b2eb4895a8387c1cbf,224,225
train/organic/organic_0344.jpg,train,organic,2,AI/archive/DATASET/TRAIN/O/O_2208.jpg,official_train,c62c692d2de982a4d0ab28ac8b253c6e94f9e64b2f317a5b10ef27ad7da0502b,0626855760037c6ef6a8dab56da9288aad09ef04635017126223187b20f44bdd,190,266
train/organic/organic_0345.jpg,train,organic,2,AI/archive/DATASET/TRAIN/O/O_177.jpg,official_train,d6d922fdcfad1b5371a7b7d5b7d1ccf0906c9dadaadab07c09afa26f7698f4d0,ab96fe1dfa2e1e6a9889049b133686086cb4c446b8595d0ff6054953c89d57a9,275,183
train/organic/organic_0346.jpg,train,organic,2,AI/archive/DATASET/TRAIN/O/O_1850.jpg,official_train,c003845a74a00849d651c09363ed053b41cb51e68e5949c88f5f6448b949e89e,560513d9a345b56b8831765cd6013ab05e970c286528b2888003cce8d397be38,183,275
train/organic/organic_0347.jpg,train,organic,2,AI/archive/DATASET/TRAIN/O/O_7570.jpg,official_train,a532f94716c6c50c309e8c60dd3b5e187f394c9d8d7bc47e483320414d87187c,8fdade98b584d639df2d176e5403fb541cd15da0a1dbed202966c0c6aa5eb0b5,259,194
validation/paper/paper100.jpg,validation,paper,0,AI/trashnet/data/dataset-resized/dataset-resized/paper/paper100.jpg,trashnet_validation,99b2e9cf63612ab39d5664972d6f51457c32eff0e049e9279446031f78fd1bcd,dfc38ab7f477db5e59c48508640fa2ca182690a319e5e24fc0d38f05d7aadf13,512,384
validation/paper/paper109.jpg,validation,paper,0,AI/trashnet/data/dataset-resized/dataset-resized/paper/paper109.jpg,trashnet_validation,6bab8421617ae409f0563e664f176374989f124cd8459b291d2815d825eac48d,e671f5768bcf56a6b615b3e93ad3ee79c4a1bc0afdd4d34b604e86b0ffb0440b,512,384
validation/paper/paper110.jpg,validation,paper,0,AI/trashnet/data/dataset-resized/dataset-resized/paper/paper110.jpg,trashnet_validation,85aaff6366c591fd1293f0b1a6a78bdbe010c2f78418bb3269fde864a968153a,fdacdcb1107da7fbb7604868e7ad3d42e3c3817bcd1e86b7671e6a5d9ba1e637,512,384
validation/paper/paper118.jpg,validation,paper,0,AI/trashnet/data/dataset-resized/dataset-resized/paper/paper118.jpg,trashnet_validation,5b87770c7eaa97ead3a7d15e11ce333082f234da99b463f595eec5d84c399527,6b7ed12bb11986393bb61afe17d258b0b2869a55418ec11f579f428f1a55277c,512,384
validation/paper/paper126.jpg,validation,paper,0,AI/trashnet/data/dataset-resized/dataset-resized/paper/paper126.jpg,trashnet_validation,513a357ed2d5431b1ab04809a48346f1bb86bc144fa22dcb3458e429abeb5e8b,5adb0484e329740a88ea824b0b66972b038e514211e9da8740a77f76681dd16b,512,384
validation/paper/paper128.jpg,validation,paper,0,AI/trashnet/data/dataset-resized/dataset-resized/paper/paper128.jpg,trashnet_validation,85afe3c81506544f2e5961185dcdbd6adae491710db4eca3ab9280669a2cb0a8,6c61f2896c79ee7e7de10324e0284873d2b3af77915dfebf2e3907b862799f1c,512,384
validation/paper/paper134.jpg,validation,paper,0,AI/trashnet/data/dataset-resized/dataset-resized/paper/paper134.jpg,trashnet_validation,ed495f4f9c3439058d41999cf1eee407c0efdca55b6ee26dba92285712d7bd4b,500cc773ade9b301fcccb1628afc63785468653d7ea20dd85f08e0d8c8aa092a,512,384
validation/paper/paper147.jpg,validation,paper,0,AI/trashnet/data/dataset-resized/dataset-resized/paper/paper147.jpg,trashnet_validation,9a36ff9b1300515f7b8bb0073553bbc4a2f57cef9fa723bfb152a311b05282c0,bf802402fe14153435e6d13263551d34db0b5c6547707e71963d39a4a8791f9e,512,384
validation/paper/paper155.jpg,validation,paper,0,AI/trashnet/data/dataset-resized/dataset-resized/paper/paper155.jpg,trashnet_validation,b4a45bcd452c3d524cda9ee2dd2ea89b065d61fe3eabeede4729eeeb746a97c1,79e3b4da52a8a062332e43c9b8baaf1e709a7d35d4882ce765afb486c57fa2d4,512,384
validation/paper/paper164.jpg,validation,paper,0,AI/trashnet/data/dataset-resized/dataset-resized/paper/paper164.jpg,trashnet_validation,3a2f5b1baa2445cdc1d776bb8c928c088f453e1f6576ac9c1486299fab84d2ad,ab346bb3b84e47d83e55656826150a2e9a7b8caea6d29b3c60045b2f3f451558,512,384
validation/paper/paper173.jpg,validation,paper,0,AI/trashnet/data/dataset-resized/dataset-resized/paper/paper173.jpg,trashnet_validation,0ffc10afaa6661b7ce9373bcdf1a1ec0de0f5415f6da4e441ff4f15dbd9e9429,3459b9c3de893cf3f5f00461f4c67034261c920abf59582c9823d8efbd65a067,512,384
validation/paper/paper175.jpg,validation,paper,0,AI/trashnet/data/dataset-resized/dataset-resized/paper/paper175.jpg,trashnet_validation,f051d89e030cf2787b459a1586cc04d6ca226512899e41645916ff77ab6a68a6,702e992901ebf8511ae4e8136fe3708034af4416c905af1095f4d1948f43ca4f,512,384
validation/paper/paper180.jpg,validation,paper,0,AI/trashnet/data/dataset-resized/dataset-resized/paper/paper180.jpg,trashnet_validation,b4de69dc4cf31f6874d209614426fc8c1601cbf497f9809500cebc607271cfff,350311f656b67a5576f34ddd535e05f567b6c50cefb1e6c9421d63f9e65e4deb,512,384
validation/paper/paper181.jpg,validation,paper,0,AI/trashnet/data/dataset-resized/dataset-resized/paper/paper181.jpg,trashnet_validation,784ca4c5c80d8601109aba6929e84ea7bc0a8a84d210702ca73e0a9144db634d,9cf50e75f2b53dff459c52a6b71dfb9fd749440478476dd5663574d71c0b39f8,512,384
validation/paper/paper185.jpg,validation,paper,0,AI/trashnet/data/dataset-resized/dataset-resized/paper/paper185.jpg,trashnet_validation,ec171f0df010d4a74f2e0caa59f24cabc06f9aa307d8d9d2ca27d64ad48b1c7b,9f0c68d1bf62c2aea5e382c185e732b5eb2a57b34f5e719f58d8f10672a647ef,512,384
validation/paper/paper19.jpg,validation,paper,0,AI/trashnet/data/dataset-resized/dataset-resized/paper/paper19.jpg,trashnet_validation,f08a2a02219f73479c7fd0f2ac59b68a5ea57ab75e1a999ddff5fc00c6cad706,961109661bb37a86c2e562397399369f9601efcf843faf38fc46ff3b22792a41,512,384
validation/paper/paper196.jpg,validation,paper,0,AI/trashnet/data/dataset-resized/dataset-resized/paper/paper196.jpg,trashnet_validation,cd4a5cf9743d622d24635dd4409d906ee50d52679c2aa4c3615d5b93ecd07df3,4cb590fa2a07693efde5c26caee43f2339caa8646a9a731b931223f4fe712fc3,512,384
validation/paper/paper198.jpg,validation,paper,0,AI/trashnet/data/dataset-resized/dataset-resized/paper/paper198.jpg,trashnet_validation,ac28c3d7ef747cb7f08388de9a74ca711f53b2cf7d2ba9348e7775a16734bdb3,8119fbe4c59607f921d8bfc53fad7a0cced8fd9684b2dc50c71f0fbe79d70371,512,384
validation/paper/paper204.jpg,validation,paper,0,AI/trashnet/data/dataset-resized/dataset-resized/paper/paper204.jpg,trashnet_validation,7d19f0d696ecbfb6e53877c9d0fe4e84405fb22a05bdf72bbf2db286533d4282,8ff7f6474ce171b3923eb9fe5610175cd7967f6292be92f9d4dc715f569d5cde,512,384
validation/paper/paper211.jpg,validation,paper,0,AI/trashnet/data/dataset-resized/dataset-resized/paper/paper211.jpg,trashnet_validation,a594f043637e0224639690b483b8201d2c4e62b664d69a441690fa90c1588642,e821d7f8ced051660aa3ed754f454275dca3dfde30b4d2a4c3286851d2100c55,512,384
validation/paper/paper227.jpg,validation,paper,0,AI/trashnet/data/dataset-resized/dataset-resized/paper/paper227.jpg,trashnet_validation,b1ec5fa3d15a58a0da6346ce8c2854eaac0cc764ceefc8d1d19e14c0c538236b,9993a52d5bcc3c8e933380f29c6a44e31cbe851f458404d1c292410c4b8d9b3c,512,384
validation/paper/paper232.jpg,validation,paper,0,AI/trashnet/data/dataset-resized/dataset-resized/paper/paper232.jpg,trashnet_validation,c678f16f9c4b2e1bb91129b79d9818b46f82cd812cc83e91636798736d1e7ab7,bb7129ae597e5c643e7ce0897a3f485994d3aa0a0e777eeb4431e9d005a607e6,512,384
validation/paper/paper233.jpg,validation,paper,0,AI/trashnet/data/dataset-resized/dataset-resized/paper/paper233.jpg,trashnet_validation,7f345d8a55b4621fbbc8b3ccb541e98de637d28454282dfb512d1dea0fde3f17,82fcba191af1ccb218b943a84ffd04437b35a5db6a191a54803f4efe302ed642,512,384
validation/paper/paper236.jpg,validation,paper,0,AI/trashnet/data/dataset-resized/dataset-resized/paper/paper236.jpg,trashnet_validation,90f778e6251c1b6a876a0fd17a958ca8e8d95b68cfb42102864e352594be9025,e3be4766a07f0997ae25b3fb391fb66d918ab0aae2c93dab912388473841aa54,512,384
validation/paper/paper242.jpg,validation,paper,0,AI/trashnet/data/dataset-resized/dataset-resized/paper/paper242.jpg,trashnet_validation,39744979d229b80403d359a89c10506d9fbed857b370a5705c4688694d156a0c,78c9fd4829cd9479dd05023736dc13d60ce2071d4d76c509b06134b86c2be3c2,512,384
validation/paper/paper26.jpg,validation,paper,0,AI/trashnet/data/dataset-resized/dataset-resized/paper/paper26.jpg,trashnet_validation,e66bc5e7650e12d64bebabd46ec5e1c814e312c677f72d3556c06e2aa66febc8,6831776c628d33702629ae0a6c72eec8238b3f92408115f39d72527a74250bf5,512,384
validation/paper/paper263.jpg,validation,paper,0,AI/trashnet/data/dataset-resized/dataset-resized/paper/paper263.jpg,trashnet_validation,ef1e5141669ec2375bd76b286d15596cb2e9076cf318ac3067309e08f307438d,378558b338fa457315ef938887f3e338449cbe54de308e3dcbd0b008e852a303,512,384
validation/paper/paper272.jpg,validation,paper,0,AI/trashnet/data/dataset-resized/dataset-resized/paper/paper272.jpg,trashnet_validation,21d49892bad71dd6d10216d8afdeb8ec8fb18f969ba5eca49673dab08ba2759e,e7a7e9e6e3a4ea552bf5e3b9bd1605771e6a7da32eacc7078090c59a97b3c7bb,512,384
validation/paper/paper274.jpg,validation,paper,0,AI/trashnet/data/dataset-resized/dataset-resized/paper/paper274.jpg,trashnet_validation,31c828e47426bc14e44ea6c75457d880e32ec9f59d85c79565ef1f7fba7bd184,afefde8b5be4396906a96173364ef64843b082e323b954ab549310383effd9fd,512,384
validation/paper/paper275.jpg,validation,paper,0,AI/trashnet/data/dataset-resized/dataset-resized/paper/paper275.jpg,trashnet_validation,3f7ed65f05f1715380f8587b6866e130240666e7cd130a1fe47ce1b59428faa4,35c0a98c71f6154db56f647b8e6c1b90516740333e99ec9d068fbf54aca303bd,512,384
validation/paper/paper284.jpg,validation,paper,0,AI/trashnet/data/dataset-resized/dataset-resized/paper/paper284.jpg,trashnet_validation,08d8d85108c138824c66df05dce02dde50342d846881f4de81f4a64c8acd3391,a2eb78f582e4dc13a665bc4640f842af126dc1ba7b92744054a8433f73bcee1f,512,384
validation/paper/paper290.jpg,validation,paper,0,AI/trashnet/data/dataset-resized/dataset-resized/paper/paper290.jpg,trashnet_validation,7f90584427c4c9a2fe2fd7ef285d99c2836de4a04736a77de05b8d51c3c63aed,5b13d1f9e0aa849fcd8687fe7c4d6978f849e9ef2784e58dc878edae820de26a,512,384
validation/paper/paper306.jpg,validation,paper,0,AI/trashnet/data/dataset-resized/dataset-resized/paper/paper306.jpg,trashnet_validation,73363a36ae033a534e62c2150c2ae4285453d880a16f2fac628aa7059589d613,6ab88eb3328d31320fea7f9b7cc3f7e124973f7089499f91c2a11f6a4aa9072b,512,384
validation/paper/paper31.jpg,validation,paper,0,AI/trashnet/data/dataset-resized/dataset-resized/paper/paper31.jpg,trashnet_validation,9cb0f0a8b09d20626752b88d2f1d30e13ff4012b2052639b07350d04f28d023c,9078f3e0871d5fe3bbdc1e6035ad8bd93e7d9f412afc17b28f0f1e4387d7f7cf,512,384
validation/paper/paper322.jpg,validation,paper,0,AI/trashnet/data/dataset-resized/dataset-resized/paper/paper322.jpg,trashnet_validation,2957de05a0ebc4770b9dd721f852e600073330914fa756728629a308d15b9f2c,b3ff373bb8bd6566f336a7acd486c190e3fa232a6fc56bd4b588ace8c4b0eb9a,512,384
validation/paper/paper331.jpg,validation,paper,0,AI/trashnet/data/dataset-resized/dataset-resized/paper/paper331.jpg,trashnet_validation,b3941029581e0d870c0611ac7cb7d59582d6e7f8c0405730ce392f953a173b66,782ab622046573c3d3c29a48ba79d453163a2fc0d69f81b6fc6c07359682d9ff,512,384
validation/paper/paper342.jpg,validation,paper,0,AI/trashnet/data/dataset-resized/dataset-resized/paper/paper342.jpg,trashnet_validation,ef74b72870a2c6e5dcfef77bb842eebdddfddc73480d8993fa6bf5ed002a8843,e3ad5661d2894b7734a9ca40806bd165a3f3150386ad81418c1c7267b0dc8349,512,384
validation/paper/paper365.jpg,validation,paper,0,AI/trashnet/data/dataset-resized/dataset-resized/paper/paper365.jpg,trashnet_validation,207579ec41fc712009583d28ed48674accdf919b6ec0c3ed89874fc066656118,a9687054fd2fabc6dc5240d339f231bd1b679e141bdd91abc72cfc1a303d0297,512,384
validation/paper/paper367.jpg,validation,paper,0,AI/trashnet/data/dataset-resized/dataset-resized/paper/paper367.jpg,trashnet_validation,bda46f84cccf7394f321f2838152afca18d6c60b5cef25a03bd20dd3168263e5,6b1b23edb628f8275ff2b89c32a2548b608d70f49c77083e0f5e52d30f5c947a,512,384
validation/paper/paper378.jpg,validation,paper,0,AI/trashnet/data/dataset-resized/dataset-resized/paper/paper378.jpg,trashnet_validation,b72cfadd1bfa0cde78043dd73d0f17ff84cb48962dd5545542fb3b0c6b052264,8099f303fcb676ee19db5344c3b3cd92b3704baff6d8b13842321d662648b7ad,512,384
validation/paper/paper379.jpg,validation,paper,0,AI/trashnet/data/dataset-resized/dataset-resized/paper/paper379.jpg,trashnet_validation,225710ad5bb0476af876d7f2007335da8fa5457649cca500341cfceb65fe0b75,a306a4e0f72c1d7ba8ad42a27b73fcd94d092f9767483ee9a2c42464c318ab7a,512,384
validation/paper/paper384.jpg,validation,paper,0,AI/trashnet/data/dataset-resized/dataset-resized/paper/paper384.jpg,trashnet_validation,d419be16b9299f863b9cb62b392221ba0b7f7ee9723b93ee2aa39d6efab64ef9,d1e2e6222d17f284065d2c6781a06dc12461ed922bd7fd1a49566f1b6bd56171,512,384
validation/paper/paper387.jpg,validation,paper,0,AI/trashnet/data/dataset-resized/dataset-resized/paper/paper387.jpg,trashnet_validation,ffa7acc8e93dc44ef4965ece108bbe8639bad46dfc4089ec905e931582f9b93f,2702bea12f00c607dddccb56cca7e1a79583ce4ea0aef6445631ae4202162102,512,384
validation/paper/paper393.jpg,validation,paper,0,AI/trashnet/data/dataset-resized/dataset-resized/paper/paper393.jpg,trashnet_validation,c832ffd8b7d0591966abe5147ad53cb2ceb0b47ffd5cdaa4ae4a78df670ac0ce,0f30b9f4a6befd1f3e86ae103fd2b0893b531f8f7b3429fa9176bc2d2c2fca25,512,384
validation/paper/paper40.jpg,validation,paper,0,AI/trashnet/data/dataset-resized/dataset-resized/paper/paper40.jpg,trashnet_validation,4370dd35ca450cbd3185bc1aaa255fd339c44005e04956c1ffab801e5b5edea6,1cd15b939e5d923503be274747ab4245ea721f1731b53c53777bc5b617fa7583,512,384
validation/paper/paper411.jpg,validation,paper,0,AI/trashnet/data/dataset-resized/dataset-resized/paper/paper411.jpg,trashnet_validation,f5d2b72bfa7372201c49690bba1081c936c5554aa18e3cd7fa3a1dcb31fc8a3e,2bfc6ff324e13fc8685729b4f020d7afddc017e4727f9485690ef742a265813b,512,384
validation/paper/paper421.jpg,validation,paper,0,AI/trashnet/data/dataset-resized/dataset-resized/paper/paper421.jpg,trashnet_validation,2d38a56f93deb17e1ce71b48564ee56fdcb103c35b17e0bf98e4821d9eef04ec,c6abb96e13ca00575e4e282ad2b6642421fab9a724716d0bbc2be46d2282e067,512,384
validation/paper/paper424.jpg,validation,paper,0,AI/trashnet/data/dataset-resized/dataset-resized/paper/paper424.jpg,trashnet_validation,23e78e4678ddb10aa6d602d59c6bc6050bf66f6fcedd4c46265ada535706f265,8675a0c551f4f272e62e9fde39f7a93f8ad6881cd398cc103c0618aa32614e94,512,384
validation/paper/paper44.jpg,validation,paper,0,AI/trashnet/data/dataset-resized/dataset-resized/paper/paper44.jpg,trashnet_validation,854126a082919ebe0f9f127d58cf32ff0161c02fb836a33ce620aea08146f712,40324d6b3c61d1a8133c18cd40f2a44aef52255f1f6a94a33086d48862534a99,512,384
validation/paper/paper447.jpg,validation,paper,0,AI/trashnet/data/dataset-resized/dataset-resized/paper/paper447.jpg,trashnet_validation,83240e4486abf863306a7f9d9c8636d4c0f2d9d0a0cd006ac7b98c9f500609d5,72bf178280fb9dad720f8c3f3a6b15c85379d88946aee8412ed8203e421bb94c,512,384
validation/paper/paper468.jpg,validation,paper,0,AI/trashnet/data/dataset-resized/dataset-resized/paper/paper468.jpg,trashnet_validation,726f1d0caa101406528a6cc20b38d2e8644de15376801e73d6463c6db446cddb,d93f068eefdb0325070922ffdede83affd739ac39c5a344f039032e2a9d333ed,512,384
validation/paper/paper473.jpg,validation,paper,0,AI/trashnet/data/dataset-resized/dataset-resized/paper/paper473.jpg,trashnet_validation,22c8b0e6530b57c37b73985c1c74394372c9c2d4cb70d080c01cf6689143cfe3,67d86a2bd67a186fbe12b6431e42f460443eff59292638a1365e130265d77659,512,384
validation/paper/paper477.jpg,validation,paper,0,AI/trashnet/data/dataset-resized/dataset-resized/paper/paper477.jpg,trashnet_validation,75bf7bb9a46b9a7555d98127c5bedd0402bedab7d13f5f10f80512f6ee34a618,f898c1ee558085a938b23d59022561d04287c7d0c794914b89fb640c34027b5c,512,384
validation/paper/paper483.jpg,validation,paper,0,AI/trashnet/data/dataset-resized/dataset-resized/paper/paper483.jpg,trashnet_validation,4f7d072af99cb3068698b493ca467d309b47ba06052532c40a0504b439d27f18,eab9e45afc7080a6a9a195c942d0094b20f43424ac5aa3f6a2f4a7498e479c0d,512,384
validation/paper/paper485.jpg,validation,paper,0,AI/trashnet/data/dataset-resized/dataset-resized/paper/paper485.jpg,trashnet_validation,f1b684dbcf63fb341d112962ca8dc42bf3eb3ae984fd3901befe335609817b50,2da4f089c3f82252939d382f7d82d92752acd1764de3934f0c4b4a3512558fc1,512,384
validation/paper/paper492.jpg,validation,paper,0,AI/trashnet/data/dataset-resized/dataset-resized/paper/paper492.jpg,trashnet_validation,4ace1c20aae76c7c5dc3fe1e9db206fe8abc5565d9f67be21d02c96dd941ae8a,52d548428a070305dbe5232ba2ca1af3bd8e8fca9fac1f5a40a221a010c4f181,512,384
validation/paper/paper493.jpg,validation,paper,0,AI/trashnet/data/dataset-resized/dataset-resized/paper/paper493.jpg,trashnet_validation,c0e2a3a37b098b4b4923dc3bb67a30ed502867535d837d0bc8063b1322fd0885,dffa94002a158806fb02ae0f377e0c28794513bf4ce25b55b23731727f8a68fc,512,384
validation/paper/paper504.jpg,validation,paper,0,AI/trashnet/data/dataset-resized/dataset-resized/paper/paper504.jpg,trashnet_validation,a29f26705f053e3cbcb729c05e56f63543a3aa37dffa5b125419ed357d6dade3,23da024fa3f0a7aac07a42400ac165486f157b5f909ad73e96f2f30b9bd3a100,512,384
validation/paper/paper506.jpg,validation,paper,0,AI/trashnet/data/dataset-resized/dataset-resized/paper/paper506.jpg,trashnet_validation,993d5f73ac457e4b6200dc35c3934bde626cc9e29a396cc6ad4b275b135886b7,c5b0dcc8ca5199bbb6958972a25eef4414e82f95a30bea83f560bd6cdd64ec59,512,384
validation/paper/paper507.jpg,validation,paper,0,AI/trashnet/data/dataset-resized/dataset-resized/paper/paper507.jpg,trashnet_validation,acd37b751c0377de7642ef50be32bb147ebf30938e81a185d37b824b52a4033e,6ca57a85a99db9a1d420d8681be2ab01c95f560622732a1596898e8c726ea1dd,512,384
validation/paper/paper514.jpg,validation,paper,0,AI/trashnet/data/dataset-resized/dataset-resized/paper/paper514.jpg,trashnet_validation,b60d9d17bc14273941b2f1df9dff2fca612146ebd5eff495498138d8cbf58e55,597146b34231c4b36fc87bce9b5fba42ec04c2b887f70f5d68cc0bb2a417ccc1,512,384
validation/paper/paper518.jpg,validation,paper,0,AI/trashnet/data/dataset-resized/dataset-resized/paper/paper518.jpg,trashnet_validation,c2fe4f61c9855674fb9e2d4143c1b7938334f70ee6d5dcdb0559238de46c4972,5d17253a7e5e4fa3c6312e4217b235305f6702f8b4220aa02b4d121a7a789248,512,384
validation/paper/paper521.jpg,validation,paper,0,AI/trashnet/data/dataset-resized/dataset-resized/paper/paper521.jpg,trashnet_validation,4f512939aa5ccda50ab7bdf636c01bf13e54dd33816adf911419e5378691220e,1775ae03b3c9697ee825ba0d3d2434c895ea480f6be36bd9f3911807bbffa8ec,512,384
validation/paper/paper528.jpg,validation,paper,0,AI/trashnet/data/dataset-resized/dataset-resized/paper/paper528.jpg,trashnet_validation,cc1e46f9638b8c20b0f3ee2bf690f22608e8130315463e8bc20e4fcfe26f8edb,2236c5d089653985f8896e8797a35c18f73882b17f8d42cb96797c94b5334665,512,384
validation/paper/paper529.jpg,validation,paper,0,AI/trashnet/data/dataset-resized/dataset-resized/paper/paper529.jpg,trashnet_validation,41db990d64d3070a7d5657566a307c6dfe30efc37ef87762e34882bffbacb011,953e0118c7a8a16269e64a2dae515d01e53f12cb1aa8a591a21dbfa626f65ad3,512,384
validation/paper/paper532.jpg,validation,paper,0,AI/trashnet/data/dataset-resized/dataset-resized/paper/paper532.jpg,trashnet_validation,8bcd2587bab0e7a5db16c85ab5cf9128feb66e014abaca8dfa4de307bc431706,ac47d1d16cf4a655738bdf9e9dcc601c6958bcedcc71cada34d2fc5f0f572ed4,512,384
validation/paper/paper536.jpg,validation,paper,0,AI/trashnet/data/dataset-resized/dataset-resized/paper/paper536.jpg,trashnet_validation,4809a161e34e14dfb8dc5a96f3ba7290fb382d810b31d82e81a8e3e2f64f3587,0f270d09df971f3c2aa27f99781b8cad09c31b8cbdc339df73c0037d7a3e2aaf,512,384
validation/paper/paper545.jpg,validation,paper,0,AI/trashnet/data/dataset-resized/dataset-resized/paper/paper545.jpg,trashnet_validation,84f3c2cda395f5ceb202f4289bc1aad7354db5351d3a136d1afcb50aa4f403a7,e192eeda4351386720103b7086b6aef023be2ddb8ee88491591748a77252e80a,512,384
validation/paper/paper549.jpg,validation,paper,0,AI/trashnet/data/dataset-resized/dataset-resized/paper/paper549.jpg,trashnet_validation,e3e78970390cc464123f3f38b5fe1559f5d2c8ef5e6e704d4e8c1992fe4d9cff,1fd9c191f1e4cb9e6dbda3d387c4760b3a6fd7cd3e97b9f353a949477ebd0ec5,512,384
validation/paper/paper56.jpg,validation,paper,0,AI/trashnet/data/dataset-resized/dataset-resized/paper/paper56.jpg,trashnet_validation,1eeea1a90dbe6ca66e223936ca6e5d6e329d880e547d69ab217c8d1459a8d185,9d74634aaced9c323c67fde7bd2c96f44e86cc36ed39947e93a73c80e61e8f89,512,384
validation/paper/paper562.jpg,validation,paper,0,AI/trashnet/data/dataset-resized/dataset-resized/paper/paper562.jpg,trashnet_validation,1ec12a8ca7d10883c4fa60b804438a71b2ca53ca69f39ed04be43feee3b97bc9,62c734eb456e8fd4c9fbef5f610c1ae896f1c18ca985f58f82ad1dc5df37d1f0,512,384
validation/paper/paper567.jpg,validation,paper,0,AI/trashnet/data/dataset-resized/dataset-resized/paper/paper567.jpg,trashnet_validation,c8d3a7748ce6fefced94ffabf8d155b9cbb513856402cde0947f075579570e57,37d5aadbfa816ef446706b1c4dfae89995af34a64df5c44fee85a1e552afd26f,512,384
validation/paper/paper568.jpg,validation,paper,0,AI/trashnet/data/dataset-resized/dataset-resized/paper/paper568.jpg,trashnet_validation,1f870076b896fe0bf5cf4f9f0417c16cb32010e05b42d1fdcf0a76dff46f061c,ec314b3b9a95a540cb9758a8dfd225cfa426bf30ff2f38969f10207ac96e5811,512,384
validation/paper/paper57.jpg,validation,paper,0,AI/trashnet/data/dataset-resized/dataset-resized/paper/paper57.jpg,trashnet_validation,9fc10044741a1949b010452c25d81120e3ab548613b0830c16d60ce7bac7420f,d2ffe325fecc92756de274f2f255d0d52d84bed3059c742ecf393f6f0b480866,512,384
validation/paper/paper585.jpg,validation,paper,0,AI/trashnet/data/dataset-resized/dataset-resized/paper/paper585.jpg,trashnet_validation,bacf18f5e7405bb9efae3b3b2ed31e3ca2ae5e5169fae1d11de4ebd6087df826,a773e2a869536d7413578a0b2fd1dc125d4e60c99de6a449ad9adf025d9db1cc,512,384
validation/paper/paper591.jpg,validation,paper,0,AI/trashnet/data/dataset-resized/dataset-resized/paper/paper591.jpg,trashnet_validation,9de2d1a85d5fc90a642eb0a0ac166aff0cff679e423483cf36fcd960a4f24f09,b939924dc1b988b5cb3ff69aeab8f44fddc80b5e4811b3780f7c2550d382ca94,512,384
validation/paper/paper592.jpg,validation,paper,0,AI/trashnet/data/dataset-resized/dataset-resized/paper/paper592.jpg,trashnet_validation,6de94a8ae9fcd8d62d4870bfa9369bcf4a9517e50de9f12f818c903c4b054c0c,57ec562a202953d33c038077c35da539553400925fb8d2af2c0ea10610b43ff1,512,384
validation/paper/paper75.jpg,validation,paper,0,AI/trashnet/data/dataset-resized/dataset-resized/paper/paper75.jpg,trashnet_validation,7642d2055d44774f5b59d70985a1ee904a568dd146e0965b7e78f1f97883c2c0,92fff2c1416d5164a90480cbe185d0b2d68200b7a8e7bd997e42bad980e8a01b,512,384
validation/paper/paper76.jpg,validation,paper,0,AI/trashnet/data/dataset-resized/dataset-resized/paper/paper76.jpg,trashnet_validation,6cb1b0932891aaf84852c0b7a05adfc2d1711682af5918a26e63bbd5110b0a07,e0f572ca51ce977a4885499711be934d6e5ab68e19d3f3ce9001c8cc57edb368,512,384
validation/paper/paper80.jpg,validation,paper,0,AI/trashnet/data/dataset-resized/dataset-resized/paper/paper80.jpg,trashnet_validation,446d91c53349d060d565485ee9be553f3f0a694b5b2f56f40bd03ca4be8e4abf,4ef10b0c7ff461b16d0a868116d967793707c1dbd975e5d09bd9fe110c84c0e6,512,384
validation/paper/paper9.jpg,validation,paper,0,AI/trashnet/data/dataset-resized/dataset-resized/paper/paper9.jpg,trashnet_validation,9343acf12f8934a4dd9f57cd8b88df51e6193db607c109fe55776aad66b19941,e028234e52c3f0405079e6e234e4f10ea45631acdb096bec76e3a830bcd4bebd,512,384
validation/paper/paper93.jpg,validation,paper,0,AI/trashnet/data/dataset-resized/dataset-resized/paper/paper93.jpg,trashnet_validation,12407e13f6331b69927bbf9dfae1e08a6d0c7117fb0712d896f47269ef86730c,3cde2566366ff4fd9cff1ea79da1b24aa5aa8c293488a610e4e26bf151d2eca8,512,384
validation/paper/paper99.jpg,validation,paper,0,AI/trashnet/data/dataset-resized/dataset-resized/paper/paper99.jpg,trashnet_validation,f3b31b7837d1fc0def8b7087409d71ca1a1e55cf089894890bdedf83c97de421,7b10d59135acf5c784218b85388944719e6a6c2aa17f11cc6ed25cdb4b9e388f,512,384
validation/plastic/plastic101.jpg,validation,plastic,1,AI/trashnet/data/dataset-resized/dataset-resized/plastic/plastic101.jpg,trashnet_validation,8fe2a6c5b6d485d7f040d58be8704e9988f7da90378dc0a06ef3093002b15c20,59e3f4498d32de5d074f0fda9dde785a4cec538078fa4866931c407b13ef3c40,512,384
validation/plastic/plastic106.jpg,validation,plastic,1,AI/trashnet/data/dataset-resized/dataset-resized/plastic/plastic106.jpg,trashnet_validation,34b4d88c722b12483f73e1ff39947bd464e2ce8a0eaeb1e7c0971dea6bb3893c,ac361835d08740ea3ad268f59cb4e80da852f06b29dfebe7d826a5f021abef05,512,384
validation/plastic/plastic115.jpg,validation,plastic,1,AI/trashnet/data/dataset-resized/dataset-resized/plastic/plastic115.jpg,trashnet_validation,d5f394f916d68814087c06ef285e28536dfbb0355a714f98834739e2ff3a8ad6,6541534165add59e0fa1337eed67d523d8e8371dcf3c6d6c172cf6d1650de053,512,384
validation/plastic/plastic116.jpg,validation,plastic,1,AI/trashnet/data/dataset-resized/dataset-resized/plastic/plastic116.jpg,trashnet_validation,6baac8c58f3c8f9af351013ebb6479f31d8f055b7bc25b25c55e7a54db4c1a21,b9354f047e4513925ed2d92a2207bb116bf38a9a4fff16dc752dd8d9777fa5c7,512,384
validation/plastic/plastic117.jpg,validation,plastic,1,AI/trashnet/data/dataset-resized/dataset-resized/plastic/plastic117.jpg,trashnet_validation,1a2f52e6f942c7283041e4a49dda2f309941c2a1fc2de0dd1b8a832b3ba26f89,8eaeae4a728bedadade581e7530b954f9ff08a220bc8608de0eff36e3a556de4,512,384
validation/plastic/plastic118.jpg,validation,plastic,1,AI/trashnet/data/dataset-resized/dataset-resized/plastic/plastic118.jpg,trashnet_validation,a8aafb65c4580c1f9f63280dab07f94791a7469edb7452d6fbbcb3b0ae0f7be6,b31e38fc649f22b96a28e944ac455d9c474b90eb239b5f35a0dafd2ee038af2c,512,384
validation/plastic/plastic119.jpg,validation,plastic,1,AI/trashnet/data/dataset-resized/dataset-resized/plastic/plastic119.jpg,trashnet_validation,8f05ce513eb42effe218cd00c0a552d1f610e53e40a44804335dadbf3ef2c0a9,58adf54e6ddc725ee44dd661214eb03d23bfb49e30e108c23d04ea81ab64f129,512,384
validation/plastic/plastic124.jpg,validation,plastic,1,AI/trashnet/data/dataset-resized/dataset-resized/plastic/plastic124.jpg,trashnet_validation,71efb049f7a58617c6c2d53dd490e2fd194a0b22b6753fc97efe84e82f3f7d42,cffb424467cfa8e63e9199425eb8d019eff35626825a86ad0014941b67cd4b74,512,384
validation/plastic/plastic129.jpg,validation,plastic,1,AI/trashnet/data/dataset-resized/dataset-resized/plastic/plastic129.jpg,trashnet_validation,cc4229329892f78ad0551448cbb1d659834e211bfce1aa839d4877b88f410c20,f99c02a76ed88714c0a23558ba6a188cdbf502b93115985bec19f584efcdb8c6,512,384
validation/plastic/plastic139.jpg,validation,plastic,1,AI/trashnet/data/dataset-resized/dataset-resized/plastic/plastic139.jpg,trashnet_validation,20b51c7dd0604e23b351783aaee67367ffcd8edfe34df32fc83e338fe5e13b9f,f6be4019c5544d7a90d9bd2fee8dcb62b6f5f44314b75d0bea101429889986ec,512,384
validation/plastic/plastic14.jpg,validation,plastic,1,AI/trashnet/data/dataset-resized/dataset-resized/plastic/plastic14.jpg,trashnet_validation,3c1cc3b63ab1cdf605adfabb8fb059f2471645516fc99446a4c665d85f7541ff,ce6fb5b515f0fbdfb9b0ab624896fed9075f789db7a24fe2ffdaa9d6df51d77e,512,384
validation/plastic/plastic143.jpg,validation,plastic,1,AI/trashnet/data/dataset-resized/dataset-resized/plastic/plastic143.jpg,trashnet_validation,2b4099e51228220b28a0960f3bac42200765f00d88c1bacc1420740b8a645dd3,318ed2b209ecb8adf2481323f31834f72af28241f087f0b9900bb952d8fb45c1,512,384
validation/plastic/plastic144.jpg,validation,plastic,1,AI/trashnet/data/dataset-resized/dataset-resized/plastic/plastic144.jpg,trashnet_validation,cb1e8246f2413ce6bdbf4ec97083a88eef3577ff55362fc0b0045373c514f641,f45843cf3ce9b4eb626310cedaefd0d7c3a7690cf5277843cd56a7b8e63e9eda,512,384
validation/plastic/plastic153.jpg,validation,plastic,1,AI/trashnet/data/dataset-resized/dataset-resized/plastic/plastic153.jpg,trashnet_validation,214c390cd34fce2b18dd269926f2dce3f7defb135278d800bcc0cea0db207aca,5a0eee217a263f0d2e051e83aaeceb7cfaa8867c0abbd796173c11f2fea57daf,512,384
validation/plastic/plastic155.jpg,validation,plastic,1,AI/trashnet/data/dataset-resized/dataset-resized/plastic/plastic155.jpg,trashnet_validation,8a6621ccf8739d86b2b724bbd4034d0e0d6cb6bc769b60619c995785200489ec,6e7204ba9feaa3152a2bee4b5fd499b40320cdbab75e87f784bcb32bb05fc66f,512,384
validation/plastic/plastic160.jpg,validation,plastic,1,AI/trashnet/data/dataset-resized/dataset-resized/plastic/plastic160.jpg,trashnet_validation,393c105a4f5bb2eb904f6b2e4bd9da533fc7ade97df1f3c79d8e51da9c2b9d14,e6f5027c92f129694be22cfd4e0d1288cdf94b9c715b8db57a194103e3e55f10,512,384
validation/plastic/plastic161.jpg,validation,plastic,1,AI/trashnet/data/dataset-resized/dataset-resized/plastic/plastic161.jpg,trashnet_validation,afa02cdb3ad470cf5bb1a5ee4d6297d3b0228ee7e2e48fc5973370f91dddcb46,6598b41bcf112b3842267eb33321392d182f41a30d50400d045087aefa2c6e51,512,384
validation/plastic/plastic166.jpg,validation,plastic,1,AI/trashnet/data/dataset-resized/dataset-resized/plastic/plastic166.jpg,trashnet_validation,4153554f90520551ad05959e1e6631483d5f34669e59412d33e8ccac10ff7879,572257d64196d487bf481ae2f7a8523f19128a063ddbe561f9993aa27f4acbb5,512,384
validation/plastic/plastic185.jpg,validation,plastic,1,AI/trashnet/data/dataset-resized/dataset-resized/plastic/plastic185.jpg,trashnet_validation,422899cba7912927777c3f682ca2eb7400f067b69a908e15c0026779e3fea928,5d34ad1d2a23ba708c00a661e48842ce8e005bd3e1f747055f6a9ed365eea2f9,512,384
validation/plastic/plastic202.jpg,validation,plastic,1,AI/trashnet/data/dataset-resized/dataset-resized/plastic/plastic202.jpg,trashnet_validation,cfd035c8c4400a35408be51e5e4219f01104e858e689779ef1972755e2612955,61120cdf22880966e62ed3fded3d5aa8b0186c8c2b8f6928577f65e0e5902849,512,384
validation/plastic/plastic204.jpg,validation,plastic,1,AI/trashnet/data/dataset-resized/dataset-resized/plastic/plastic204.jpg,trashnet_validation,45728f9cf17d582f05318c2b21ffaee274242199fd26a96f5a53aba032a37bbd,40f59cf0f3b51cd970b7b9a4d9ba09d97bcea10d34d8d8e66d1d57089af162bc,512,384
validation/plastic/plastic206.jpg,validation,plastic,1,AI/trashnet/data/dataset-resized/dataset-resized/plastic/plastic206.jpg,trashnet_validation,7e8d8ca65e56e0eb598928c026907bd54109ac5533a6b8ce3771664c4212ea28,05ee1737e3a6dd2eb2ff3f1b10dcdf02d14058211b05f1723b7f5fdb6d5d8981,512,384
validation/plastic/plastic218.jpg,validation,plastic,1,AI/trashnet/data/dataset-resized/dataset-resized/plastic/plastic218.jpg,trashnet_validation,5bc9740ac63be97443d0facd37c49bb8909b5104b47ca6c4390745feb264d7f3,0e61baef47b511321c1f9062bf8697dc790f68d15ff483a302cf1e7a47f1fcdf,512,384
validation/plastic/plastic228.jpg,validation,plastic,1,AI/trashnet/data/dataset-resized/dataset-resized/plastic/plastic228.jpg,trashnet_validation,f229d34c2e2e38f70374aa21c05e1eb6827848b4530c8dbc109bf3310da79e79,d3f4cb96b3586f1a334e7dafbabc515a36a75090ceb7c5ba220c78e3e67f74c6,512,384
validation/plastic/plastic233.jpg,validation,plastic,1,AI/trashnet/data/dataset-resized/dataset-resized/plastic/plastic233.jpg,trashnet_validation,8962cbbe0477599e4565fdd6c37fba57ae9a391c92ff84390bcb38d06e0ef770,2005865f0b50cf4dcacb7fb41e7c8b763b823cde4f90d6af17b8a5fa505f58a4,512,384
validation/plastic/plastic238.jpg,validation,plastic,1,AI/trashnet/data/dataset-resized/dataset-resized/plastic/plastic238.jpg,trashnet_validation,32883143e21cc8e56415a794b74d1e4770bb8f1a44710d17ab4b59b626221b79,afe4e4e528fb95ad911cfda7b914532aff223f243e35e283b8cda4a3e52c9b5e,512,384
validation/plastic/plastic246.jpg,validation,plastic,1,AI/trashnet/data/dataset-resized/dataset-resized/plastic/plastic246.jpg,trashnet_validation,cecc06948d588377f99f12737cc59221531f74f3f2da80b8fcbb0524a0b1d507,211bad5ef1082a50806e787b6dcfe47d53d71b89ef75599569bc425cc3c23311,512,384
validation/plastic/plastic259.jpg,validation,plastic,1,AI/trashnet/data/dataset-resized/dataset-resized/plastic/plastic259.jpg,trashnet_validation,f62bf0b618248826ba92dd8e1b5fc33cd929e6563d3d1613c08c4f4745481cf3,703817d37052be8478d458b14f3afdc6e8c417127aa86b102296346d1cd227b6,512,384
validation/plastic/plastic261.jpg,validation,plastic,1,AI/trashnet/data/dataset-resized/dataset-resized/plastic/plastic261.jpg,trashnet_validation,b7eb28e44872fad1b8fc3f39e0f2083d2f4295f74afdb706539b0d156400d713,ef6571aa6711ee7beabdda25018e79d4594d8e09c6adcb9ca38074bbf828c9d7,512,384
validation/plastic/plastic27.jpg,validation,plastic,1,AI/trashnet/data/dataset-resized/dataset-resized/plastic/plastic27.jpg,trashnet_validation,6b57147f6dc729d07d2ebab6cce58a37d82c4076199af7080a560a82c9f821e2,c7201705518d3941102f7193c44ebf851f5dcd507ae9ee45bdf6a277ffac33a0,512,384
validation/plastic/plastic279.jpg,validation,plastic,1,AI/trashnet/data/dataset-resized/dataset-resized/plastic/plastic279.jpg,trashnet_validation,29bbc6186b2064a1b1a38c648ec3a8ba0eb35ee3929e3e2a869d43023f8a5b30,0587f99b11d15fb7202bdb4b4c1f59b2eda7527a60f77b9c69a6b5a7bab19c13,512,384
validation/plastic/plastic280.jpg,validation,plastic,1,AI/trashnet/data/dataset-resized/dataset-resized/plastic/plastic280.jpg,trashnet_validation,2ce4e21a095a78498b34cd16bb87fb9359e6961873eed50e2c402de2ede77d18,a78403a354f76245d300f57d84b4996f3549104793e6b825fd8ce121a5532f7a,512,384
validation/plastic/plastic283.jpg,validation,plastic,1,AI/trashnet/data/dataset-resized/dataset-resized/plastic/plastic283.jpg,trashnet_validation,b9154db665ebc5955e2999b6b54c2702f7b895cf89705cbc9f4d284796fd5f1b,6cedaa07069c1e2cbd6acb68ec86d8ca691e7e1c41e74ddfd70a7dbb638aadf5,512,384
validation/plastic/plastic289.jpg,validation,plastic,1,AI/trashnet/data/dataset-resized/dataset-resized/plastic/plastic289.jpg,trashnet_validation,9ce5bf6a6e1486c1c6c09a9adedbbfb9abcf0c026a7fed1fbf7d7a0008b54696,8fe8389fe317d1e67723455aa03519381fcd453cd3a62e8ee16703a0c2a64642,512,384
validation/plastic/plastic308.jpg,validation,plastic,1,AI/trashnet/data/dataset-resized/dataset-resized/plastic/plastic308.jpg,trashnet_validation,6c2a19b3e15d505d6c00836d15c8c1e68c337e909289f0cdb1fa1e715bdd0e4c,533d6ee5c726eac88aca4a8411633a4105205aaff09ee972f18c20e54f953377,512,384
validation/plastic/plastic324.jpg,validation,plastic,1,AI/trashnet/data/dataset-resized/dataset-resized/plastic/plastic324.jpg,trashnet_validation,3b9ffe4f163e4626818b0ac88b0beee5cd018c2456b7c00eb46cbf05052be268,4504208185f5967fb38cb4a1b18b900fb637d22aadff14fd9d41d3d88b97356b,512,384
validation/plastic/plastic332.jpg,validation,plastic,1,AI/trashnet/data/dataset-resized/dataset-resized/plastic/plastic332.jpg,trashnet_validation,e971f4f8f50e960e454ea724cec922fc2988bbf4027aa48b553e139bb5890968,386e4208e4a80bdd3a5c073a1462ede46d04a2ac095dde57c6e8042db1850de1,512,384
validation/plastic/plastic34.jpg,validation,plastic,1,AI/trashnet/data/dataset-resized/dataset-resized/plastic/plastic34.jpg,trashnet_validation,36ef6e2a3544bebfd29e73d3ded40dc58a05871f3712a02bace6f108ecf72a98,6cc90c2261084cca3a763fa5baa1baff92d098ca5c9874faae3d43d7d2f819b9,512,384
validation/plastic/plastic373.jpg,validation,plastic,1,AI/trashnet/data/dataset-resized/dataset-resized/plastic/plastic373.jpg,trashnet_validation,24c0388ee64be0310fc3b57fdf0fcc894e3e56c4fec1675e00ffc91caa919ade,260459c43f786a6a7110d98e1ca8e48d5b09b3dd655c941e7331cf8edb48be30,512,384
validation/plastic/plastic376.jpg,validation,plastic,1,AI/trashnet/data/dataset-resized/dataset-resized/plastic/plastic376.jpg,trashnet_validation,0d1045d59f049c16a905ecdb1f2e35dccf3c631313c6ade6301b211fcd064191,a3a99e5668764e13616ab8cf4d6826864a87af51d213d0d253f1574cd7a87c2a,512,384
validation/plastic/plastic389.jpg,validation,plastic,1,AI/trashnet/data/dataset-resized/dataset-resized/plastic/plastic389.jpg,trashnet_validation,637404061a17a1ff0810d035f4473243b7351344915cd3d9e1c713a76401da8e,167528e4fb600e6d6a6da500b4604741599669d6d9f5f9b152728b2a1afdd973,512,384
validation/plastic/plastic391.jpg,validation,plastic,1,AI/trashnet/data/dataset-resized/dataset-resized/plastic/plastic391.jpg,trashnet_validation,b60c1808e1fdae7723c3bc4239b793ee77dc6bbd7c591e79fe98c72ce2fb1d2b,d62c7b2b8c733a45ee89cc613a8296c464faa43edd2a1d5991e58d006e0cc873,512,384
validation/plastic/plastic396.jpg,validation,plastic,1,AI/trashnet/data/dataset-resized/dataset-resized/plastic/plastic396.jpg,trashnet_validation,be971871f668041aeeb2e22bae3667b7196148dd193aea8ace51063d52a762e3,e3f2422fbc03c057ea0aaac3f632505e08708e9eca9d4577bd388ba6d910d763,512,384
validation/plastic/plastic401.jpg,validation,plastic,1,AI/trashnet/data/dataset-resized/dataset-resized/plastic/plastic401.jpg,trashnet_validation,41691dd04158ed6b0a2cffe6470a4e4c28bc1a172d6b0abc57233f7564872443,aaca1409299e23fa0a918e4093dace185292fc62ffd8f5ab43f1c814877df647,512,384
validation/plastic/plastic42.jpg,validation,plastic,1,AI/trashnet/data/dataset-resized/dataset-resized/plastic/plastic42.jpg,trashnet_validation,7a5d6bfb40b0be7e090cea22e45dd8a66be3e2e47d92e1ff2b68e819a9338e68,7d834e04376b1faf61d51a13b8e2f6b0e3503286e9570b43c80ab649f6f9d393,512,384
validation/plastic/plastic421.jpg,validation,plastic,1,AI/trashnet/data/dataset-resized/dataset-resized/plastic/plastic421.jpg,trashnet_validation,9c02154ed8b1a372dc29f2defba0da9949afecce1d8d5c4914872506596ca73f,405fa578a6a8a0fc45be9fdd6147d95b2a144511444438571a04e01592773daf,512,384
validation/plastic/plastic449.jpg,validation,plastic,1,AI/trashnet/data/dataset-resized/dataset-resized/plastic/plastic449.jpg,trashnet_validation,4ba7058fcc1444dc94f82e25128589680b396dc894b430efef85f61f95ce5dcc,ffba438f6a5f3c19efcef791f690e98ca610cf47367eeb3075a24c06bde97e8a,512,384
validation/plastic/plastic452.jpg,validation,plastic,1,AI/trashnet/data/dataset-resized/dataset-resized/plastic/plastic452.jpg,trashnet_validation,ed86868e162e7c01e52d7e6192222c0bc3d641ed3ed081f57d862e6fc2fad7f6,02868fb5a5a176a0e8cde8be94ac0d82dc0594139250eb1646728d38809852d6,512,384
validation/plastic/plastic457.jpg,validation,plastic,1,AI/trashnet/data/dataset-resized/dataset-resized/plastic/plastic457.jpg,trashnet_validation,51b55be03f382e445f0c8f3ea06136b3dcd569d08d46439aa4948f81907505bf,35b66da47cdabeb126f4beae8f46b845e283946504e161a19651b1b867c098f2,512,384
validation/plastic/plastic468.jpg,validation,plastic,1,AI/trashnet/data/dataset-resized/dataset-resized/plastic/plastic468.jpg,trashnet_validation,dfbb47b3303be9c6c18129d220eebe8e378680d184eeedbecab7c3dcd218e429,ec92a1f5d184984a63f0f038b7f26151448761424d129ed80500c6deb687732e,512,384
validation/plastic/plastic47.jpg,validation,plastic,1,AI/trashnet/data/dataset-resized/dataset-resized/plastic/plastic47.jpg,trashnet_validation,8cfc88156e367be7e00baebc32cc97607794f2fb94892aff8beb28878c4d93c1,641dd3f3116f28a10feef175d0bf4066d47b3572184bc5ea51e079bb2079fbf0,512,384
validation/plastic/plastic472.jpg,validation,plastic,1,AI/trashnet/data/dataset-resized/dataset-resized/plastic/plastic472.jpg,trashnet_validation,ce58e1c64b496050a6b560fa57d5337a081bd1d1d532ff182a94f710e88f85eb,dd968cee40fbcc0269091b8ca32faef72e934364b7f1a5707836f17c3c8e6c3f,512,384
validation/plastic/plastic478.jpg,validation,plastic,1,AI/trashnet/data/dataset-resized/dataset-resized/plastic/plastic478.jpg,trashnet_validation,46cbc05c854f0f1d952e1a79ea96de55e43928babecf1157424f7ef2a94e6686,cf05000ca1630f5d24338024d07c56d61bf9a0bbd50ebce5142d1c7e3e76109e,512,384
validation/plastic/plastic5.jpg,validation,plastic,1,AI/trashnet/data/dataset-resized/dataset-resized/plastic/plastic5.jpg,trashnet_validation,d85046400205055ef166783630adfb2df8399a67a8e8039cb203a1cd14e4b886,1ef343799122caf05debf42a3b07fecfbef74338293e7461ef4b7c22fb4a8bb5,512,384
validation/plastic/plastic53.jpg,validation,plastic,1,AI/trashnet/data/dataset-resized/dataset-resized/plastic/plastic53.jpg,trashnet_validation,1fdbdc9e1f510230b101766576439b374929864f1fe6e9a2d146205e73eb724d,9505c0ad7f9169e54b8270b4e478ad6133c63d92233ae88a4374450e15e96aa5,512,384
validation/plastic/plastic54.jpg,validation,plastic,1,AI/trashnet/data/dataset-resized/dataset-resized/plastic/plastic54.jpg,trashnet_validation,75beda52e2fdd625ca9ddf6bc2aaf2fcfce906172f0c3e857dc5b05fdada092e,93e93aa62ffeaab1e33ba0dedcf95a5ea40a3cb7f5536af6d2bae9c46d4b3d1d,512,384
validation/plastic/plastic60.jpg,validation,plastic,1,AI/trashnet/data/dataset-resized/dataset-resized/plastic/plastic60.jpg,trashnet_validation,8fc6634d40c03c2bbf645c53885117de9ba8d99982f90819512a7281f203515f,ed6f8fe5c69121e7d0fb685fd6fe05d3e8950ea4ddc382b3c02e36a440b312b5,512,384
validation/plastic/plastic69.jpg,validation,plastic,1,AI/trashnet/data/dataset-resized/dataset-resized/plastic/plastic69.jpg,trashnet_validation,caa7044e8e8913d0394c7fc4007dc9f40578e57d810e345e80badc68f809954f,57652450dcf21529e8436dddb9a3acaf26d66cef2347d155dca9b0536d0c789f,512,384
validation/plastic/plastic70.jpg,validation,plastic,1,AI/trashnet/data/dataset-resized/dataset-resized/plastic/plastic70.jpg,trashnet_validation,43e494e51a912320499ec75c5b73769668f094dc5982a13ea6dfafa50033ff8e,f6981275d927366c9e17345818c4a16804d1972d4337be3346e3ffc6ff5c1c6c,512,384
validation/plastic/plastic76.jpg,validation,plastic,1,AI/trashnet/data/dataset-resized/dataset-resized/plastic/plastic76.jpg,trashnet_validation,447ead7e3de2c149161648bc34fcfbd4e9fe5d98efa686d617685631969b5159,d48624a1c7b9ff99bd31ad6f27e418b8385e1cc868c1ad60fb9367d0e433316f,512,384
validation/plastic/plastic88.jpg,validation,plastic,1,AI/trashnet/data/dataset-resized/dataset-resized/plastic/plastic88.jpg,trashnet_validation,d330491aa03dbaa550fb4729c87c3a82082785918068e2de501c0ff2b30f1e25,4f54c9783355bdc616f796c42d59c65fd6efe0ddec8b0e3beed2df4439204090,512,384
validation/organic/organic_0001.jpg,validation,organic,2,AI/archive/DATASET/TEST/O/O_13469.jpg,official_test,b4d25251672dc20eda0b6cd20a8535ed94789279d0630d1a600c19f72df651c8,33272e92dc1c61ec7213954b3b71292181f81941fbdb4a14a2717ffb19bd9d3b,225,225
validation/organic/organic_0002.jpg,validation,organic,2,AI/archive/DATASET/TEST/O/O_13462.jpg,official_test,a37ec61ee660495c396da259d00dec1fc186822515e37f9e1d82ebc75b0db7c1,1181b30ce02d410947bcceb883127e689101211a133c7b46cd0e4a20bda7c9dc,225,225
validation/organic/organic_0003.jpg,validation,organic,2,AI/archive/DATASET/TEST/O/O_13172.jpg,official_test,2b20357a2ad9d122255d4c37f5fee9f6f374308247ada11cf4daa0df211c7bc5,a180436b86589c248f4c531c1e18c2278eedcce7d6b635507d013152427d8318,225,225
validation/organic/organic_0004.jpg,validation,organic,2,AI/archive/DATASET/TEST/O/O_12957.jpg,official_test,d2fdba34f9464ee4b9ea3efe9494c0c848d8fd2736d7b8870a691efcc4e6dfc6,4a621c6abcb1a23894024bd07649720c8306cd0ddd449372c6506e5542c84d63,259,194
validation/organic/organic_0005.jpg,validation,organic,2,AI/archive/DATASET/TEST/O/O_13135.jpg,official_test,5899758edb875be43913476275f48ed7c5e6217d8249ac7f110c8d67909e8c1e,910ee66428bb93ad81e2e3dbf23f17a90f2feab78266608eec67d7fe4e25c53c,225,225
validation/organic/organic_0006.jpg,validation,organic,2,AI/archive/DATASET/TEST/O/O_13728.jpg,official_test,4f56cb051696b5628a6d47832a5187886ba75457716afaf855ea60d71ab0b02e,c87af5daa9b5758f3f38885cf7fd1cfb817393d5b8c07cd1ca3df70fb14bf7ca,233,216
validation/organic/organic_0007.jpg,validation,organic,2,AI/archive/DATASET/TEST/O/O_13368.jpg,official_test,a1e95e628dd3fdc8f2b3c9c1123a7d5261d88d31e704c06546d86b67ee893a24,f7cbfa462fbb50650750459a8b7864339f613f46d7440159b84520d647b66640,299,168
validation/organic/organic_0008.jpg,validation,organic,2,AI/archive/DATASET/TEST/O/O_13495.jpg,official_test,a1f68c8ea12f114a4f365c5a536496f0e88777a76b1f0ffdd0c63533e8279052,68a4f62b0e46abaa4e609e08059ed53e7f8f77d514921a101851b01af44526f6,259,194
validation/organic/organic_0009.jpg,validation,organic,2,AI/archive/DATASET/TEST/O/O_12742.jpg,official_test,0511693b0107505a7a50bb7ed0930a863bfb95a9d8ba6be23a16fdeb9f76f587,d8f18e178a731d4eb2ee9d22fa2ceca505c995f7446e3513357cfcd5a9f1ea0d,178,284
validation/organic/organic_0010.jpg,validation,organic,2,AI/archive/DATASET/TEST/O/O_12941.jpg,official_test,d05182872cf80c169ed4492a01f1a40819e68e172dedc1635553b7c222fc669d,ad02ec7e2e26bc8e5d4ccb22014c9c1ef697b096c47cc3ae8aaac4eff2efa037,275,183
validation/organic/organic_0011.jpg,validation,organic,2,AI/archive/DATASET/TEST/O/O_12982.jpg,official_test,ad320361a2bbce06848d50ac53f71510d4355a059d30de8ed329109a75089ec6,7249e9fb1cc1109aca80f4dd45e7ced10b151538da9d6c1b492004c4d079145f,194,259
validation/organic/organic_0012.jpg,validation,organic,2,AI/archive/DATASET/TEST/O/O_13308.jpg,official_test,d61ff591a235c8b617a1320d9c1f7d2d6030accceb0db24c25a6bc30375a3b90,9a6699f5c604635eac73c0378cbec522f2afb3dc67b5a6a91894540d7ae44319,334,151
validation/organic/organic_0013.jpg,validation,organic,2,AI/archive/DATASET/TEST/O/O_12744.jpg,official_test,74bbd6c993f7bc16bcf3790ea5756246f20e3bd20ae89995ae2cd1845af06076,36eb4aa29a720469d4d1a25e3dc3a5b8d3587915ee1cad8baa449953e7fd17aa,330,153
validation/organic/organic_0014.jpg,validation,organic,2,AI/archive/DATASET/TEST/O/O_13562.jpg,official_test,1396378df09e49603d3b4ccc1e6409e7e03c63612882e5cf0bbd1b69132f3238,9070ec7f546a5d46f137700410851a510bd5030728e5f56aca8cafc109ca9559,275,183
validation/organic/organic_0015.jpg,validation,organic,2,AI/archive/DATASET/TEST/O/O_12579.jpg,official_test,567c3cafe726c4997a1c94cbd2b91d4fe38061633ded73e5fd78bfeacfa7de43,fa47229e77c5306d9a2e57331804daeba559a27be377b554da58666360fe27b1,271,186
validation/organic/organic_0016.jpg,validation,organic,2,AI/archive/DATASET/TEST/O/O_13247.jpg,official_test,44587889aa20804a86dc4ff293661043f1b9690ae5e2c735bd137df293e80d02,0e36797bb9d5da9d45a420d299dd46497d9c4ad3dde0eb042a9151a1d7d94e72,306,165
validation/organic/organic_0017.jpg,validation,organic,2,AI/archive/DATASET/TEST/O/O_13320.jpg,official_test,e1764271691a3084dea58a68006aa68b5aac323275e768579cd9ebc870bfea68,e08daaaad54b425614dd4e9e9945b0dc8a4e213b51c3dc16190d8777d9b8da7f,260,194
validation/organic/organic_0018.jpg,validation,organic,2,AI/archive/DATASET/TEST/O/O_13828.jpg,official_test,dc63b3b28c19392d69052a6759c985f4ab33457b7513a1df718d2f1e532c6fa8,986fb1f9b7597d19ca90aaa90d8e38962ae1d2756175b2ec29fa6d1a025d65e9,275,183
validation/organic/organic_0019.jpg,validation,organic,2,AI/archive/DATASET/TEST/O/O_13491.jpg,official_test,1f14d4227229aac546bc2d21e8c0600b830b48264eb18387b0fad02b49f81deb,e5a957269ce107b2da9db9a28efc7d1fa95855253594955a7f991bdc2212ce22,221,229
validation/organic/organic_0020.jpg,validation,organic,2,AI/archive/DATASET/TEST/O/O_12890.jpg,official_test,bf6c6cdad0d4a5b181fcca8f401bf8a89c09fe6f3ad56a2c982f518cb6bb8eca,1a368f4a05a7628c92bd2d3cb49dba4726b7391248f2f622cb0f445cf59af2a2,308,163
validation/organic/organic_0021.jpg,validation,organic,2,AI/archive/DATASET/TEST/O/O_12791.jpg,official_test,8570a142545aded63e45ce7ed31a0e12fd613bbb4729fe6698ca61e806e51f25,fa88cf487be8b9f5af62c898595facdaa4cd9315088bdb725d23a931d5ec1ff9,275,183
validation/organic/organic_0022.jpg,validation,organic,2,AI/archive/DATASET/TEST/O/O_12880.jpg,official_test,426edca7832844ac53eb85f07b67acef29df92bc4e38ac67e3cb13abb2b0c054,55eb2824fedf301d4e47813b7e318a67c1980d68ff2c230362abed090e66e928,300,168
validation/organic/organic_0023.jpg,validation,organic,2,AI/archive/DATASET/TEST/O/O_13521.jpg,official_test,c6fc1d7b97a394b103763c834bdfe11dc0c79237594596d959f06cf973d9d1a9,1bf1505e821c0ef28569bc52b903cf13b1513ad02b7fde01936d71c813143686,277,182
validation/organic/organic_0024.jpg,validation,organic,2,AI/archive/DATASET/TEST/O/O_13376.jpg,official_test,45d90175e9ad6353e55a0517dc8c9ab4a92ce69c0b1e0ecbd1a705263c510d11,2a190b712b295b578170cba96093541ce96a591901f96b8254dbf45194b4c1e4,299,168
validation/organic/organic_0025.jpg,validation,organic,2,AI/archive/DATASET/TEST/O/O_13080.jpg,official_test,ec063da5dc5f586a8a0b421606e0be0cb495e85fde816e5b91febc972e3c15f9,70789280f65ec5fb8248a13dac75313c7758341cfeebaf6f7ee5133e0c2ca74f,213,237
validation/organic/organic_0026.jpg,validation,organic,2,AI/archive/DATASET/TEST/O/O_12737.jpg,official_test,a3f2b3127c2a60f68aef1d46973ee4779b8019ee3ad828a03c0c3a11424fbf41,532f5c28a4fc1339733e7ce5a42065f9cbbb0b26ed9aa15389ec921f95d4c30d,262,192
validation/organic/organic_0027.jpg,validation,organic,2,AI/archive/DATASET/TEST/O/O_12996.jpg,official_test,b4ea4c0527e4852df5ad5a18010f9e82b267e2665de0b5a285fccfcc977b9581,aec53cf3d79d4daee213a4ff0aad29607ba44d0981f2619cd3b465da3938151b,275,183
validation/organic/organic_0028.jpg,validation,organic,2,AI/archive/DATASET/TEST/O/O_13543.jpg,official_test,6289637e4ce0c52763f1003c55c90ced959547cf04d2fec5ca2fe41f58d4044f,5f5c8c55a2ae123228e2283e292a82c280e1b6986cc22009155e59f125e15eea,225,225
validation/organic/organic_0029.jpg,validation,organic,2,AI/archive/DATASET/TEST/O/O_13479.jpg,official_test,83bfc49c51bf50df4023e8678b8bba9d95f15e12486adc07e65459d6a84bc579,6f4b832a4cbe90153413961bf08727396cfbde970c0e418c728c9c280fc4d222,225,225
validation/organic/organic_0030.jpg,validation,organic,2,AI/archive/DATASET/TEST/O/O_13466.jpg,official_test,84df26b1669f6e8b01e0b99bca0c15ca1d9fd78d514882e28f1d2a31232df7be,bb87172c2ceaa1449565561e94d1b47a2f9fd270e33470e6bb2859085c9506c5,225,225
validation/organic/organic_0031.jpg,validation,organic,2,AI/archive/DATASET/TEST/O/O_12646.jpg,official_test,19672dd9d43deccd5db87783cefcd915c7d5fbe38aacc447107a6aca40de5720,683bb7bcb49ffc29ec7780e8e3186c81d303d7cf98e7c38df5e0378fad2b89dd,225,225
validation/organic/organic_0032.jpg,validation,organic,2,AI/archive/DATASET/TEST/O/O_13051.jpg,official_test,793cbdee3b2db6e9a45c3fb467af06aef220603ca25d81ca19b28706872aba09,4360dad0d162fbe396dd772a436f19abbf762aa9b9260cf35e60224164c69588,274,184
validation/organic/organic_0033.jpg,validation,organic,2,AI/archive/DATASET/TEST/O/O_13086.jpg,official_test,2de031aa4da947237107a9fbc31652c9acb3a657ecc04eadaf317f47d811ee24,5fe02716477ef3a01eed474df3ad330d80b3d00f939f6e9146af188ef7bb99c0,300,168
validation/organic/organic_0034.jpg,validation,organic,2,AI/archive/DATASET/TEST/O/O_12852.jpg,official_test,bcb702e335c884dc07921a36ceec0ba87195feb422fe4ee4997ca30169f6261a,70b062802e5d8c928e5da678655368501dac7a21d73a4aad27915ff88c12ac3f,275,183
validation/organic/organic_0035.jpg,validation,organic,2,AI/archive/DATASET/TEST/O/O_12773.jpg,official_test,03f71ce3703943ac1fd0b55fe81054e01b84058ad1c3babf7133f4683a947ee6,3b7e36519190fd42bd2a247676969eb2089ad75a7afed9984dd53edc43a923cc,252,200
validation/organic/organic_0036.jpg,validation,organic,2,AI/archive/DATASET/TEST/O/O_13066.jpg,official_test,9a3061ff4b6e75dde40685d42e67f88399e2ddd3bb2a1c5aa4cbb97e56814498,474b2948843408906e8b4e68605f3ecb7aed97f72f15ffdda7455ebdb9e31780,259,194
validation/organic/organic_0037.jpg,validation,organic,2,AI/archive/DATASET/TEST/O/O_12867.jpg,official_test,f42db1abc0a13268b2352e6d6d46a3abd39e2f6e10b35e4d865c6732390fd6f4,e563c4a43e30340266a11e9a69b7b9d365459bd04d4b6d67d695dc71e35cfcac,281,180
validation/organic/organic_0038.jpg,validation,organic,2,AI/archive/DATASET/TEST/O/O_12917.jpg,official_test,1a204f182e913ee2463762eb7041cb81f1924f87d0e268ce5802112acecd4d36,db9f23a8efc3aa0fa6d214fe33c7eede4b94434ae8e93dd6ad6e8bb26e0909bc,275,183
validation/organic/organic_0039.jpg,validation,organic,2,AI/archive/DATASET/TEST/O/O_13509.jpg,official_test,3b90834d2ba468ae4d95a8fb300dbde22902227896a96f37cef5768088b5a767,a771058e2a1ff5fc84e35939d3b7b5e5477e201a0948119213624b56c6819b80,315,160
validation/organic/organic_0040.jpg,validation,organic,2,AI/archive/DATASET/TEST/O/O_12873.jpg,official_test,f3060b6243db68038170080d44668ba2d5009439ceee88d457d391b05d276ea6,21e0b0b4865a9cb32ec42d107ee2a58d9a95065aa5385a87cddba5c4d6a4e52a,267,189
validation/organic/organic_0041.jpg,validation,organic,2,AI/archive/DATASET/TEST/O/O_13059.jpg,official_test,492ccc7dbba3d0e87894e8269bc5524bef70e4c963648e9f70e75f48354a5286,f380b1dfd60021a8d7f142e22c9e2e4d8e052c93295ea5d9defc1a331e1a4d75,308,163
validation/organic/organic_0042.jpg,validation,organic,2,AI/archive/DATASET/TEST/O/O_12749.jpg,official_test,25370d14dff6fcb538c9408b455425105db04c501c4e36de9e92605de4db8ae9,e84f02ea06b828dea592b92cb2e749d7c2296fd792639b8b63a0f859f024221e,225,225
validation/organic/organic_0043.jpg,validation,organic,2,AI/archive/DATASET/TEST/O/O_13475.jpg,official_test,cacdf9825526c98dd3f214f92c4124f914a87f0fbe6a18606235263ddddfa5e3,dd0f2c879be38f4c091a52eba26fc6b0425500198d6e89fa06b52a857a2c519d,199,253
validation/organic/organic_0044.jpg,validation,organic,2,AI/archive/DATASET/TEST/O/O_13032.jpg,official_test,a93072d81c163a2a34390704d6b304e158766239a68513ea91f1b49e765c6be9,5bf9c52b8b986587c2889927c33f6a950be4e0c7762b1964576571b53fceffc8,301,167
validation/organic/organic_0045.jpg,validation,organic,2,AI/archive/DATASET/TEST/O/O_12645.jpg,official_test,0f1facb10b5ce1e99c60c66d492c8b4ebd452f158612df4b5936a99ac1d3f193,e79a1cbe301469e978fe4ee1dbf2a348bb9aebd68b17a0c969b3aeb4f72dc586,259,194
validation/organic/organic_0046.jpg,validation,organic,2,AI/archive/DATASET/TEST/O/O_13122.jpg,official_test,c0366a85ef6c1e59ae33a969d44b5d7d2da91ba41c2f073a1a79e665a2035a49,59baf0bc1b596ecc20c03d7e4b7ea032f4fe384023c04aa5af91c89805a6bb6b,259,195
validation/organic/organic_0047.jpg,validation,organic,2,AI/archive/DATASET/TEST/O/O_13110.jpg,official_test,f2a03d4662142a1f136eed2d6ca9f2f55400764c1a0e83b84f7e05fd678c4adb,705bd350c2c0dc571b162b8f81260c5fb16049a97fd7d7545999e6098b5d1667,300,168
validation/organic/organic_0048.jpg,validation,organic,2,AI/archive/DATASET/TEST/O/O_13424.jpg,official_test,e95595a13b72f158178685de88b64642f5f8dbc7e0854a7076fe56891a23a31f,486caed2dba3e19d06e78c89c0ee3b6dbc6a35586f8fe8d04fa4b43facfbefcb,225,225
validation/organic/organic_0049.jpg,validation,organic,2,AI/archive/DATASET/TEST/O/O_13096.jpg,official_test,7fc12fad1e20f648362473edd70c75fde6a7731e2df5e23b17da88ba7bd41574,79452e36da50d3b09905b0b9ec82d0b125adfb113895a09eb8e31a2ce3d81ae5,246,205
validation/organic/organic_0050.jpg,validation,organic,2,AI/archive/DATASET/TEST/O/O_13253.jpg,official_test,e277ca030de8082fe699bc139dd360c500a27dd8c20fc8947de6d9190895afd8,9d56ccf75202e603dee34c696ba8068a3600c4d996f6ded25e987ede708034f2,357,141
validation/organic/organic_0051.jpg,validation,organic,2,AI/archive/DATASET/TEST/O/O_13741.jpg,official_test,867bf599da51de3fa783c22e350810801f5310fb19f52725447d1d86c2ec7c6a,475175cf5892389e621555e89017b808f2f1f0c3bffb7864fa4ce6e89c5b0873,224,224
validation/organic/organic_0052.jpg,validation,organic,2,AI/archive/DATASET/TEST/O/O_12946.jpg,official_test,fa889deab7f46c0e993da4c2ee55e111e0853d9c2f69b579aaaf5dd3a850ebec,ddcb1e7d6d8747320413c12f39d062ba706c9b76acd8aebbd2535b5f692b0c1c,300,168
validation/organic/organic_0053.jpg,validation,organic,2,AI/archive/DATASET/TEST/O/O_13596.jpg,official_test,8af0b2d43a7772d9321ea1947a400a9d8e50d57682ef6e6b04364addcf6a73c5,f4fdf68eaea4c158cbc0c5143a23672ef6d9d2d1015f1be1322175df9b69425c,308,164
validation/organic/organic_0054.jpg,validation,organic,2,AI/archive/DATASET/TEST/O/O_13231.jpg,official_test,905f554fa91d35fa8d0be5b5e70e68e529dde13e4a744c19cb854ba85b35fe03,c79f5f8a232216cf7703f03f44890ab27dee513cc8835e4cdfb8c0a43de11bf0,225,225
validation/organic/organic_0055.jpg,validation,organic,2,AI/archive/DATASET/TEST/O/O_13230.jpg,official_test,c3b6970c492dafc1e6179dbf607741faff17c31a83a0ee5a7447595401847042,9a34df3c64493138d8624182f2bcef03e9e81ca2f46d5f5100d7a0f2081fe791,150,150
validation/organic/organic_0056.jpg,validation,organic,2,AI/archive/DATASET/TEST/O/O_12709.jpg,official_test,696c01d41fe1225296b3159831f6e21bff75f824a5656f4dbc11417a5281fd44,1f7d0c23d0cf80c8cc415648ee6cab5c14c21b7ca7aa26c7e55f7c2834e80e7f,259,194
validation/organic/organic_0057.jpg,validation,organic,2,AI/archive/DATASET/TEST/O/O_13398.jpg,official_test,08f066427bdb9a886bb56dce168e6f636cd1150eafdbcf0d2d60a480a2734e3a,1449834d6b49a4a7308d58c202405594bfe3ea0fedcf27925084081d7d9bafa5,271,186
validation/organic/organic_0058.jpg,validation,organic,2,AI/archive/DATASET/TEST/O/O_12694.jpg,official_test,922654b9a0352329b91d7a130ed01320c0e5091c6ae3f5b841193cce9e2f091a,d43b418f5a965842d37420dbc3c0b9ca2501e7590713ad67b4c92782c52cf1e7,300,168
validation/organic/organic_0059.jpg,validation,organic,2,AI/archive/DATASET/TEST/O/O_13112.jpg,official_test,7cc89424de02027aeeb846b0c6c6ec9625216077fa206eedf3a0849b576085a8,e1bb8ef632b84ddbd2e10762bcf9d3ad4ec9a5f5348a15c6d3909845e43e144a,183,275
validation/organic/organic_0060.jpg,validation,organic,2,AI/archive/DATASET/TEST/O/O_12816.jpg,official_test,0b83fa129c92f5f2038f20416aed8b1abd7f8199caf02d9bb62fb9bd75518e7d,c8af485c587c834976cbdf941dbca41415298fe2d1678e5d636ff6b593b2126c,316,159
validation/organic/organic_0061.jpg,validation,organic,2,AI/archive/DATASET/TEST/O/O_12705.jpg,official_test,11ecb0cfdf7e33bac34dfc648b7048990351c43a2fd4d8e0ddf451c67d0c14c7,f4796f0ea72f0bd9bb43a04ee167700ab233b8effe177d6de04e6ab44179fddc,237,213
test/paper/paper104.jpg,test,paper,0,AI/trashnet/data/dataset-resized/dataset-resized/paper/paper104.jpg,trashnet_test,68825f8e99c794dafe3e72e0eed1b4c9f29b289672f1216ca23b182be6c0d390,6d39d87624b24d3e16cd8767b1b210779d64bb5bb44d8ffc5cc9c8ba3e458539,512,384
test/paper/paper112.jpg,test,paper,0,AI/trashnet/data/dataset-resized/dataset-resized/paper/paper112.jpg,trashnet_test,37ae511f773ad52c8fdb11a5cbf2d77110e7c0c3c022cfe283948792e93d5c00,92d95aff7ba54cfd1159f5ec0a49cf8e129ef3c450174ecf1b7e27040b93fd25,512,384
test/paper/paper113.jpg,test,paper,0,AI/trashnet/data/dataset-resized/dataset-resized/paper/paper113.jpg,trashnet_test,1cf5a1cd632b57cfdcd4e68b4feddc9711e5008753dde4aa56b63781763d3e1e,abc3e287e7f178e324365b1823301e83338782cfe1406c27c3af777abf05086e,512,384
test/paper/paper114.jpg,test,paper,0,AI/trashnet/data/dataset-resized/dataset-resized/paper/paper114.jpg,trashnet_test,884de574a74b6f1e6ebbee93cb83879d72e656b6a9316a88400f7c6e03d75044,838eb0c3b352353e6599978db23d2d14bd5bbe779546fae8774612acd8bef01c,512,384
test/paper/paper12.jpg,test,paper,0,AI/trashnet/data/dataset-resized/dataset-resized/paper/paper12.jpg,trashnet_test,94d1ee6fee5568abe21084c5229d6dc747feb060842340bdf437e7f163ec7815,397a8d5420f12bf8a474b6cd80e7d64f6ccd68ba9a86e941b626497e0da1c60a,512,384
test/paper/paper120.jpg,test,paper,0,AI/trashnet/data/dataset-resized/dataset-resized/paper/paper120.jpg,trashnet_test,0eed8d0b7441939e509e4e056569c75e0b316d5f90bcbd76e3dfc68ef7dc329f,cd7b626eb195649ad594c99992870c390fb789305d479655dc52e4186d037a66,512,384
test/paper/paper124.jpg,test,paper,0,AI/trashnet/data/dataset-resized/dataset-resized/paper/paper124.jpg,trashnet_test,289b6c98f3bcbda3bdf8cdf6b0570ebde2be0c309a2feeab53d07904bebbe4a1,6c5eac8cca1d4c2156aec63b66e4181497a1ed0cd280794fedef41acf7e4f55b,512,384
test/paper/paper125.jpg,test,paper,0,AI/trashnet/data/dataset-resized/dataset-resized/paper/paper125.jpg,trashnet_test,e69cd68ad29d54da782c3084294a11ca1c9bcb15a988e11a99f4e0b3cbc34397,72945f1070790c5c1165c320c86fbcb9b138d4d2bd8be85777bd2d80a1a03e26,512,384
test/paper/paper129.jpg,test,paper,0,AI/trashnet/data/dataset-resized/dataset-resized/paper/paper129.jpg,trashnet_test,6fb8e1e49cfc17b4cbab2ed579772ae8603b8972b0639763627f9be00ca39711,d6dc63d8584cad4455d9429bee2150904aff19c26331ba8e2b15aab97225f358,512,384
test/paper/paper13.jpg,test,paper,0,AI/trashnet/data/dataset-resized/dataset-resized/paper/paper13.jpg,trashnet_test,057644efe18833281f00eb77a07ad4024d626d1c6f3bc2130b97868def2e6408,42d47d840d00e844ad0a46135579d223e27700cf68075f77148eb8a9ffeaacd1,512,384
test/paper/paper137.jpg,test,paper,0,AI/trashnet/data/dataset-resized/dataset-resized/paper/paper137.jpg,trashnet_test,80e88596040e1d7a8e65f71d7a0f76ea7b682a617344ca4cb6c13b3cc3094000,3cda156e93e431d4b7cdc5df35a3969ef6056315dfc1b143d48ba4f2b59a528f,512,384
test/paper/paper143.jpg,test,paper,0,AI/trashnet/data/dataset-resized/dataset-resized/paper/paper143.jpg,trashnet_test,be194ac439692dde371af2ab9f521e0f373bc079e9821bed68787e110626b988,7dd8b493ae0a306c2b78f6095b612083922e401bd1b218be65c758c47a283a60,512,384
test/paper/paper149.jpg,test,paper,0,AI/trashnet/data/dataset-resized/dataset-resized/paper/paper149.jpg,trashnet_test,0970cd522f3edfd684615e01241735c3e6feb4f81d7088bdc4b174e199819666,b1aac322db98434dfc83f55d7dd2331b8f7b783eb3803d2eeb4900c7b7a9c6a0,512,384
test/paper/paper161.jpg,test,paper,0,AI/trashnet/data/dataset-resized/dataset-resized/paper/paper161.jpg,trashnet_test,5fca1e7f18a50fe1b64f80939d9163d7f886b90e8c4943b4cc93a15b897af8d4,5a35e58c82789cc6b99f4ee0d693abdcf6129ab1059d7ee5c6b629bd3f324dcf,512,384
test/paper/paper167.jpg,test,paper,0,AI/trashnet/data/dataset-resized/dataset-resized/paper/paper167.jpg,trashnet_test,b2892e9d84b2d5a721a98afc2276a839c4dfd414a721d2da004032e2023faf4b,5e2e8065e35d83a0ce6e7e8f188ac54b41daf15b81ceb856b5b2b9b09f452b38,512,384
test/paper/paper169.jpg,test,paper,0,AI/trashnet/data/dataset-resized/dataset-resized/paper/paper169.jpg,trashnet_test,aed809992a5c71fc33b077e410c9ecb630033b28295682aaa15d08f5f08f2b63,ddc4b869189a73b44bde331b7a1539efb868321cc11175f776b1bfc8f88a92c8,512,384
test/paper/paper186.jpg,test,paper,0,AI/trashnet/data/dataset-resized/dataset-resized/paper/paper186.jpg,trashnet_test,8474feb827c0e0e31c261bcb535898b1b22546039ecb54daeabe6cdbef723f8b,386661cbf2d3a66c7d4ad76ee384b60487889fe0a252bd4f1d873f59076783a3,512,384
test/paper/paper188.jpg,test,paper,0,AI/trashnet/data/dataset-resized/dataset-resized/paper/paper188.jpg,trashnet_test,d5801a74fef2861c4b3dc48a909e6b391760bc7ce671a5fd83b043bfd9afd744,e76078ef4d33df0c32b4a5fc3b6faa6a0680ce9d1d878460adfac425309de5d8,512,384
test/paper/paper208.jpg,test,paper,0,AI/trashnet/data/dataset-resized/dataset-resized/paper/paper208.jpg,trashnet_test,0ffb51316baae31451594d9a305fe3ebc4f0ead80e790451ca476363c223528c,04d3b22b3950f64b82a67d5c32a91119b0b0d65cd8dd13d6c6be6d698dea8a4e,512,384
test/paper/paper209.jpg,test,paper,0,AI/trashnet/data/dataset-resized/dataset-resized/paper/paper209.jpg,trashnet_test,43dbb538bc61809e953ab1886bfeeae68a76ab2acfe6d1d01bf76768a0d334e2,a2a32ec867c4e5fb29b29039d4d5cfbc0f6ffe52b5ed34bb7059d3160a2ddcef,512,384
test/paper/paper218.jpg,test,paper,0,AI/trashnet/data/dataset-resized/dataset-resized/paper/paper218.jpg,trashnet_test,b9d8d26a2ac4e417b63621fdaa374dad93bdb5530a56b395ef0e52db51c02fcb,edc181bea76dd48cb966731af5e9e84bf28dfe3172f1c60e2d8eeae85d13d8f2,512,384
test/paper/paper219.jpg,test,paper,0,AI/trashnet/data/dataset-resized/dataset-resized/paper/paper219.jpg,trashnet_test,0097b8f965f69b557da82846482508e27a2b7c12f56bd3bdaaa43f69ee5c22fb,03460f872aaf22bd7243d21b1b62c5511532749d687a2b858ea1f653adb53b9f,512,384
test/paper/paper220.jpg,test,paper,0,AI/trashnet/data/dataset-resized/dataset-resized/paper/paper220.jpg,trashnet_test,4a270d6f2722cf14405c49a1747ed23e81c9104119836c49de66c62b65773504,420b1bdd1b606cf84cb58baca350ac26acfc4139625230691d8ba2dc4162c4ef,512,384
test/paper/paper225.jpg,test,paper,0,AI/trashnet/data/dataset-resized/dataset-resized/paper/paper225.jpg,trashnet_test,f06dc6980eb9bb082f6f93acb672293b212c896b015162c0100ccf2fc8842367,76b816669ca3f8c3870680b235f0aa3ee15d27ab6f9b463d65971f55587d58cd,512,384
test/paper/paper230.jpg,test,paper,0,AI/trashnet/data/dataset-resized/dataset-resized/paper/paper230.jpg,trashnet_test,ed0dc6d84e854474029cbbff340c1e01f05f4de2880748a13b27465d2f5e5ecb,a449d5925be49d0bc781755f002c0824393a0dac87cf798c661baa24fe2b9ed1,512,384
test/paper/paper235.jpg,test,paper,0,AI/trashnet/data/dataset-resized/dataset-resized/paper/paper235.jpg,trashnet_test,c569882d580fc182cbfd7b28104899cb71c2536b5d79d2c163a2271b6b8519c5,7fed614c569bf88999e2aebcecb4aa2a3348a42b559dfc184fb4e369b44d9d81,512,384
test/paper/paper266.jpg,test,paper,0,AI/trashnet/data/dataset-resized/dataset-resized/paper/paper266.jpg,trashnet_test,7486b77585a1d94ca09973a5434e31ab52a98bfb4c73b0a101f19169f18f35f6,b86b9f3168266daa197938a4a3745b0176d4d8870e97440ed1b580546367decd,512,384
test/paper/paper269.jpg,test,paper,0,AI/trashnet/data/dataset-resized/dataset-resized/paper/paper269.jpg,trashnet_test,d2bc44636b344f57a36a41d2c167c85dde8186ab8e1671a78f67fe4427efdd96,31fe427a3fe275b9de0e39b6f1f8baeb48948ca5cfe2db5e517e7e50cf9352ce,512,384
test/paper/paper271.jpg,test,paper,0,AI/trashnet/data/dataset-resized/dataset-resized/paper/paper271.jpg,trashnet_test,bc53f4dcfc411ce9700057542e0b8779f6fe69c394a633e7b908375f757ff391,a5fbbde566cf0a9b892d85a79be7b934f5f08cafe645b5d80557b43552d57422,512,384
test/paper/paper273.jpg,test,paper,0,AI/trashnet/data/dataset-resized/dataset-resized/paper/paper273.jpg,trashnet_test,388f298b78c8e58e0b3bbc5a4b570a6ef981cd8b5cf994aaa774c75d3076107d,2f4909d587f8dec45c0e8d4042a407762aa55e621792de4df34963c5c19930ee,512,384
test/paper/paper276.jpg,test,paper,0,AI/trashnet/data/dataset-resized/dataset-resized/paper/paper276.jpg,trashnet_test,77ecad1966aeac9e5a879c297c801f3dca8ddcf7fe8db85365b2d7c20c7cf034,93ba7f77926212013e373f93502af30d7d68e79a960afb8ab9b55ef7aeecc09e,512,384
test/paper/paper279.jpg,test,paper,0,AI/trashnet/data/dataset-resized/dataset-resized/paper/paper279.jpg,trashnet_test,36335b010a2b78c5d5ad34f2e8ad5e410ac61d836ec86eae8437c15bd0a002c1,f9ac5839d510ab780f5a01bedf1b4eb3d9848ebf6c46afd94bb843509ea25154,512,384
test/paper/paper282.jpg,test,paper,0,AI/trashnet/data/dataset-resized/dataset-resized/paper/paper282.jpg,trashnet_test,25162460e1c82fbc04724477c03da515d8f138719fbdb6efe42bf6a73e95d396,409b00f3d67c40b9c3f37da5e432c90192000b21c4aa1628bb4dd187a173e63d,512,384
test/paper/paper286.jpg,test,paper,0,AI/trashnet/data/dataset-resized/dataset-resized/paper/paper286.jpg,trashnet_test,524d7a3ce85cf7439bcd1340cd6d94ba77e1c3b17bd2477f2feb529fb190c3e3,1e6fba48967843436b0bf1a9e83b31be2c5cd78ea6a76f5da46e3e0bd8da6708,512,384
test/paper/paper289.jpg,test,paper,0,AI/trashnet/data/dataset-resized/dataset-resized/paper/paper289.jpg,trashnet_test,7ae78b5a06265194f67c6be02e1d7ff0349548aa362c50c8ac96c278f11f5fb3,0397bd73cfb449b285ebc9cdbd8a52cc3c6e67f01c93584b8a47e3dc87adac40,512,384
test/paper/paper294.jpg,test,paper,0,AI/trashnet/data/dataset-resized/dataset-resized/paper/paper294.jpg,trashnet_test,4124289a0d756472e2fb36c2b4eccc1614d68b1b6b1695147a5afde8fdb2a5b0,6bb0e6ae8c32560bfa68296d4606e40dedb8ca71e5b248aa6eff75d268baf710,512,384
test/paper/paper3.jpg,test,paper,0,AI/trashnet/data/dataset-resized/dataset-resized/paper/paper3.jpg,trashnet_test,45896b90501bf5c7a229f61470f20be296f3f682e01acda906db6a00d2e37d30,92fe59556fc83fd482a60a82748a022747ee7c18deb56d7798cd2e9d27a77357,512,384
test/paper/paper301.jpg,test,paper,0,AI/trashnet/data/dataset-resized/dataset-resized/paper/paper301.jpg,trashnet_test,ce36bd2b62a5b22b9671d929fde69757759d9e4080c039d7f0c255d5471d5135,3fbdbd720d1f49da9ed5a0a0927aae1017e3c1ba62de04519bc6d3887c827e3f,512,384
test/paper/paper303.jpg,test,paper,0,AI/trashnet/data/dataset-resized/dataset-resized/paper/paper303.jpg,trashnet_test,f8d3ab2eb84000f3e6fb595ae0fe2ea1be6364437e583d81d9adceda834f398a,d7296d1ab1b55e78359df2f4a023fe9443059a0ffd4ed9bd8bd194a1a9f40af3,512,384
test/paper/paper311.jpg,test,paper,0,AI/trashnet/data/dataset-resized/dataset-resized/paper/paper311.jpg,trashnet_test,e2579b837bd6b550f3a2dbad88977751795167a35b7b88abef6bf470e8f0d1dc,7a008cbb0c92c66141e2145f94e24d52c9617a33482c6afb81932eb5de10bf22,512,384
test/paper/paper319.jpg,test,paper,0,AI/trashnet/data/dataset-resized/dataset-resized/paper/paper319.jpg,trashnet_test,f5ba9e9b9dc32963287e06e70efe72fb458f0b00424c434a8d644038b980dde7,c2a6d905bb32e2509bfe59eb87cefd721ad80d028d05d04b6934e685349ec7df,512,384
test/paper/paper32.jpg,test,paper,0,AI/trashnet/data/dataset-resized/dataset-resized/paper/paper32.jpg,trashnet_test,1fb0815ea681a3fd401551c8e7573dfc12abafeeced521d526973a6e0338312c,ac2950e980af5801ab50a057fc6e87df9c403eecaa3142866160477d44648a57,512,384
test/paper/paper346.jpg,test,paper,0,AI/trashnet/data/dataset-resized/dataset-resized/paper/paper346.jpg,trashnet_test,716014709461961df48d4fb1f89e93889a975e47f4e42e05c6f596d135d0a34c,e1cd57db382b488d1571b780e9ba0378c6796eef178ac0e26793798c06633139,512,384
test/paper/paper348.jpg,test,paper,0,AI/trashnet/data/dataset-resized/dataset-resized/paper/paper348.jpg,trashnet_test,cda964ec5e30e1577faf8aebb96410949f224b90f44dc96a09d42f3341edac42,e54cbaccb36af005bf4def67b86648ceccb4568a60ee2a01a54d678c8a2ab92b,512,384
test/paper/paper350.jpg,test,paper,0,AI/trashnet/data/dataset-resized/dataset-resized/paper/paper350.jpg,trashnet_test,ef6b15402023445819e52326f1cce2a9d7524d132ad61431619f9a19715ea2bc,6700c8c92c014874fa7642e3d5f81fab0555c1e467ea2e2a1745646f98122000,512,384
test/paper/paper354.jpg,test,paper,0,AI/trashnet/data/dataset-resized/dataset-resized/paper/paper354.jpg,trashnet_test,060686c8212b009e41d21712e8d132d4e5a0a0eacf07bee5d81095c63f384164,a1428c9f4e49ff9f7dd50b604442c2c50aa4d80b6d5f849078364a90de295f0e,512,384
test/paper/paper356.jpg,test,paper,0,AI/trashnet/data/dataset-resized/dataset-resized/paper/paper356.jpg,trashnet_test,9365a055f79a8a5645a9f8cffce3d3f509f46f0c232d8c9d5aa829adf10a5664,01cc8dadfef7105378012b698d1b2cb504778416e6aee6767caaa664b4092417,512,384
test/paper/paper357.jpg,test,paper,0,AI/trashnet/data/dataset-resized/dataset-resized/paper/paper357.jpg,trashnet_test,7deca712ee1eb68294f1558bec2bc1d34c96d079686d8bb35783e88e2cd3d583,fc8529136095f4408781285bcda9cb3eb7ce47f3568e2551a14299aacf6ae5f0,512,384
test/paper/paper361.jpg,test,paper,0,AI/trashnet/data/dataset-resized/dataset-resized/paper/paper361.jpg,trashnet_test,db7b919c6ed217cfed7ca0c032703ab1ca24731fa7bfc50f5070bc7a5bc874db,58f5cd2045a4be7a17e2f057eaf930ef090b6e5677fc05913f376becde0ee2fa,512,384
test/paper/paper362.jpg,test,paper,0,AI/trashnet/data/dataset-resized/dataset-resized/paper/paper362.jpg,trashnet_test,16796aba75ec18dc20dfd1c4e918724df1fd3747b052c01c74cbd6a56128a1d6,d9430e3a23b65e8e0562f4c5217a826e79ed17ef73d98d0419d7f7820f84daa6,512,384
test/paper/paper368.jpg,test,paper,0,AI/trashnet/data/dataset-resized/dataset-resized/paper/paper368.jpg,trashnet_test,499c6b549dae2ff71971d0a23c002e2834f7966510ca3195237fbb2b8ed8dd7f,2a2082fecbbfbf90a24c4ddadf46041c6d844b02d8f33c8136ad7bf64cac2418,512,384
test/paper/paper373.jpg,test,paper,0,AI/trashnet/data/dataset-resized/dataset-resized/paper/paper373.jpg,trashnet_test,aaa74f86e55a07aa644fba3d3693d525099444d717e0ad735aad08f354320ddc,300ef7fffcd69262faa04e803cbeae51556a22d3e3c40d3a376673cd6d80ef63,512,384
test/paper/paper380.jpg,test,paper,0,AI/trashnet/data/dataset-resized/dataset-resized/paper/paper380.jpg,trashnet_test,a5dd71b4a11fb595b8e5e6e660d5efea4a8ab792365147305b1e9ad0445ddfd6,60f3372ab542621ac632e9a50fd84965fbdd01aae7aaa9c53f703a02ec45f44a,512,384
test/paper/paper381.jpg,test,paper,0,AI/trashnet/data/dataset-resized/dataset-resized/paper/paper381.jpg,trashnet_test,35415039975290f0c7d36c93f5fc684c147e8632e93e9abddacb2cff35f0aad9,56e37ebaa56dee0d84faab4a9fdd9219b35483f077a678aada39e3547cb98e05,512,384
test/paper/paper385.jpg,test,paper,0,AI/trashnet/data/dataset-resized/dataset-resized/paper/paper385.jpg,trashnet_test,b5156dee24cf3c9401b7b45bf9f523145d8b30ac5dc9cf688ca5dd2360bc9c31,baae414ab0a0ba5f0185b2ab53364e5600e0ed1a7426d94313dfd2a14ea30b66,512,384
test/paper/paper392.jpg,test,paper,0,AI/trashnet/data/dataset-resized/dataset-resized/paper/paper392.jpg,trashnet_test,92dfebef7df018d745ce136ac4160c4e64763ab19df66066a5c4322c44951467,4451906abe5922ddb828887a72520f40057bb7f3b83709fc4cd29894a6944a2a,512,384
test/paper/paper396.jpg,test,paper,0,AI/trashnet/data/dataset-resized/dataset-resized/paper/paper396.jpg,trashnet_test,a570dce45bcc0a5fd458c816ba2e86d23ca96db1dee28dbb93529fe86fe3c95d,eef7beeaa3b75b30b7faf3968c7bb8122086a65224fc0e639850a1397840a7a6,512,384
test/paper/paper404.jpg,test,paper,0,AI/trashnet/data/dataset-resized/dataset-resized/paper/paper404.jpg,trashnet_test,6e6fd8cd7880cdfcffc336ed529826a32782aadc6b519f1e100ef03565d5c517,8e24d19dd3c4660d3ea4b919e41e20421601f75d9b6991b744784888e23fe956,512,384
test/paper/paper405.jpg,test,paper,0,AI/trashnet/data/dataset-resized/dataset-resized/paper/paper405.jpg,trashnet_test,14b420ee53548bf7cf8b43990916202a6e125df8de67d33d55fe4c2e230a946a,b73a45080c714d89ce247ca55fcb1bbf94f6810e09974627c583a782e598ddc2,512,384
test/paper/paper416.jpg,test,paper,0,AI/trashnet/data/dataset-resized/dataset-resized/paper/paper416.jpg,trashnet_test,29d700d928ab21e6605fa069fe0cccb9d80867eff31d5ab5c61349b4456f10c4,e606c9aec9ad3cb4e3708a7bc3994e3654c5bbad6939da3ca2a6ddf18506f86e,512,384
test/paper/paper417.jpg,test,paper,0,AI/trashnet/data/dataset-resized/dataset-resized/paper/paper417.jpg,trashnet_test,eb9b410c41457573184918db22e03bc35b9d03b28cdd7c563aadac1f4b88bec8,6adcb3a5ec9cb148aabae6f57c0e96e234347f0acc7b4a3e070408db440d3a47,512,384
test/paper/paper422.jpg,test,paper,0,AI/trashnet/data/dataset-resized/dataset-resized/paper/paper422.jpg,trashnet_test,556fcb9ed2cc20b6816d292e1deabdb67c1069a42d64eff14569d034b24bba3d,d8b0922aabd37c6b1fb90f4f3ccc886b3eaf2eba258cf4835e958b51edb18578,512,384
test/paper/paper434.jpg,test,paper,0,AI/trashnet/data/dataset-resized/dataset-resized/paper/paper434.jpg,trashnet_test,ad20da3d35c1d67dff131edbb2c6c06c0d17280243994a6354402626eaa2ae07,88a384d6a6c111ff96b27fb39a64062701a05d671252525bbe793a543be5cd6a,512,384
test/paper/paper444.jpg,test,paper,0,AI/trashnet/data/dataset-resized/dataset-resized/paper/paper444.jpg,trashnet_test,fb4af369300166fabdb19b079a2c3062f4f80fa12852dfce3f04c1380743c4e5,7a89f90b0bc78caf1bec0880ce93c314b23872317b6feafc41e37e5db63fe2a2,512,384
test/paper/paper450.jpg,test,paper,0,AI/trashnet/data/dataset-resized/dataset-resized/paper/paper450.jpg,trashnet_test,330019bcede08076860bad6d91aff0c352af470c12ebff3bf02a8072ead81c44,f2574d56b1e1fc801b0f5d5a70a4c84f1f9036d9edfa4491c94094f8e43625f0,512,384
test/paper/paper457.jpg,test,paper,0,AI/trashnet/data/dataset-resized/dataset-resized/paper/paper457.jpg,trashnet_test,fb3ab1d0d5d421f4b4be1b55435591986ec0c35c1c9784d676a17f99b6ca21de,5216cf309f1883b7903926f3c7aedaaf5ea5e85bf4aaca36c9603e4ed9492616,512,384
test/paper/paper460.jpg,test,paper,0,AI/trashnet/data/dataset-resized/dataset-resized/paper/paper460.jpg,trashnet_test,5b3b58c9692113054240a12af277b88b8ad61b2ecc2fc1a948a11ce47eb7eb77,e44f1fa78bf59be1ca4eeb438c4e60d2205ca93030eab91ba23c48e0909b99b6,512,384
test/paper/paper461.jpg,test,paper,0,AI/trashnet/data/dataset-resized/dataset-resized/paper/paper461.jpg,trashnet_test,75f0bbfa2b658d55e3feff9cf2c8122dd467b05ebb99491ba833088e5bad5d4d,946ffea309f5c8f30bf8377996d2bfad10bc595602d84c3bd9a25b9505333004,512,384
test/paper/paper462.jpg,test,paper,0,AI/trashnet/data/dataset-resized/dataset-resized/paper/paper462.jpg,trashnet_test,e2770d67e42bc2ae3c4c6d55ede9d4a77408d066f81d2c68de9d9fc54ee41e22,a40cb1ed0a75df0a5351f854ed99e69049661c9a9a40e36b2bf7def09f6d70d6,512,384
test/paper/paper465.jpg,test,paper,0,AI/trashnet/data/dataset-resized/dataset-resized/paper/paper465.jpg,trashnet_test,8c56a967409863f218b0f289b22a5accc91f99f4b21100cbdf01eaaca54c6a2b,f0fc54b51e66db7bbb9d2d81c61ab6f61a28381dbf86d2448d8ae3a9c4bf128b,512,384
test/paper/paper474.jpg,test,paper,0,AI/trashnet/data/dataset-resized/dataset-resized/paper/paper474.jpg,trashnet_test,b25471c824a5539c5168ea97eb25bf652ab63e9bc1a930c96670c20a4d68fc70,72726abd1075f6c6156642ff0b9a5055467126f16a4151b0eb4534559f85f6a3,512,384
test/paper/paper48.jpg,test,paper,0,AI/trashnet/data/dataset-resized/dataset-resized/paper/paper48.jpg,trashnet_test,5500deb7995281dc729c6870043d35aa7dc6f79a82febe22608ae9abeb5e3b16,1f615c146c0d19b8c9525a0702f498c342fa63522a5b9f50d46d9c829b34bc00,512,384
test/paper/paper495.jpg,test,paper,0,AI/trashnet/data/dataset-resized/dataset-resized/paper/paper495.jpg,trashnet_test,00c4d3ae3fb39a268af2e2ab7d567d64a6275a88ea04ea6e34e727570a3c541d,2128bd206cd16b11df89647bc3d0719cdb50b90f0d74d13e40e8eb3b53942fb6,512,384
test/paper/paper500.jpg,test,paper,0,AI/trashnet/data/dataset-resized/dataset-resized/paper/paper500.jpg,trashnet_test,97cd5afbed0a12646203faf02ee292f53ea517306d2953c1de86a77208d6bd01,d9c49a05d87b1fd045c8a4d564493c28573cc6919bf001c8fbd7f62a94feed78,512,384
test/paper/paper502.jpg,test,paper,0,AI/trashnet/data/dataset-resized/dataset-resized/paper/paper502.jpg,trashnet_test,1cde634898618890a7817c791f5f818b6cd269d7b651be591ca76607d1388190,9acb9b8c1ea5959d98064a33241fc2efbf70f067b159de934e77242f0dd781a9,512,384
test/paper/paper503.jpg,test,paper,0,AI/trashnet/data/dataset-resized/dataset-resized/paper/paper503.jpg,trashnet_test,c180ebcfa2a33dc1be03fe5e76da08a57d11cbfe2f8b90849f6450c18d8e2e87,02175ef696699cccd68ed7d63bd142963ade814c4dc3dcf84d40c87ec2117a03,512,384
test/paper/paper505.jpg,test,paper,0,AI/trashnet/data/dataset-resized/dataset-resized/paper/paper505.jpg,trashnet_test,1eae712ac200b7a5ab02ac1b977126371780dc32cb556e62e837c67b3d20dde5,15281143d3a960628e430a6a6c96dc9703e7d70982d299c500248f26fdbfdb18,512,384
test/paper/paper508.jpg,test,paper,0,AI/trashnet/data/dataset-resized/dataset-resized/paper/paper508.jpg,trashnet_test,c2a71d79ff42ff3c431a14c96d7b4e5e82f526840c85b396703408dee0e4a56d,cbc9527533841a447dc0bc8f4068d08f2a4917840c1f6c222d31d93223b483d3,512,384
test/paper/paper515.jpg,test,paper,0,AI/trashnet/data/dataset-resized/dataset-resized/paper/paper515.jpg,trashnet_test,ad73f6f573594005df19893af48a002c721a9478e8c14a68e9f39503e28edd04,10fa6e96df37b901af59f921a67125d946ed6f5f47912349a53ef72826348990,512,384
test/paper/paper525.jpg,test,paper,0,AI/trashnet/data/dataset-resized/dataset-resized/paper/paper525.jpg,trashnet_test,8b80857da6f4f7f267f7583921b41c8f337c63572f44c366357925a30dce94dc,90f5525d55b95f358b6b17b0596329aeaba1e8e0fa5a21da1d2d7473eff09379,512,384
test/paper/paper527.jpg,test,paper,0,AI/trashnet/data/dataset-resized/dataset-resized/paper/paper527.jpg,trashnet_test,5f0563d1616649c3e42b0b1217ec1c2b32c6caf5566d372d92a826cba8eee152,49f5274dc22c01c2900397ff9112bf796cfb1c4e85ef458be5f8d2d920b878be,512,384
test/paper/paper53.jpg,test,paper,0,AI/trashnet/data/dataset-resized/dataset-resized/paper/paper53.jpg,trashnet_test,660cb3a69fb9662a5d5d7b5270290e542a5dfc225e520d24cd9e85181e9be01f,aa4a86a195026d33ce4ab1f7546310f5cdb6f37177211f5b85d900da3a2499f4,512,384
test/paper/paper534.jpg,test,paper,0,AI/trashnet/data/dataset-resized/dataset-resized/paper/paper534.jpg,trashnet_test,14ef96013dfd73a1278327d6bce4d3884b675f12ccf5bf026d796be58d5c5793,5005998adac22413ec5b15adf300e0204cab04daf06954fe9c2784b7e3c4d7df,512,384
test/paper/paper537.jpg,test,paper,0,AI/trashnet/data/dataset-resized/dataset-resized/paper/paper537.jpg,trashnet_test,6a24f95698f17964405eaab74c341c291a5b489487d19c2656fc815e3024bed2,7d2eaefb35523d79f4ece9bbf11f976f30f6d94e0d4be8f14ad01b759c8281ac,512,384
test/paper/paper541.jpg,test,paper,0,AI/trashnet/data/dataset-resized/dataset-resized/paper/paper541.jpg,trashnet_test,c4888283b8ad6f05c97cc8f33098db1edc363ff6954e7bbbc848b6e26e07fc62,9231a2db67bbb6803c29801e6160fa8b6fadd35127fd6a5c312be7ad53ade77d,512,384
test/paper/paper542.jpg,test,paper,0,AI/trashnet/data/dataset-resized/dataset-resized/paper/paper542.jpg,trashnet_test,fae969f6c21d518455ed497e1e1dedaf2a191341880d945183b508933ad6cfa0,b4cf07b6d920349c4b06d176380af74021b07583aad57cedb5b5e289d17fc7b3,512,384
test/paper/paper543.jpg,test,paper,0,AI/trashnet/data/dataset-resized/dataset-resized/paper/paper543.jpg,trashnet_test,761132411c4fcc4426c0684deb30fc990dfd798434b5be909d00f4212fda2cbb,f716d555e1b10e54846ddf09ea2115f4fd408208db6b812168521dd664bd8566,512,384
test/paper/paper547.jpg,test,paper,0,AI/trashnet/data/dataset-resized/dataset-resized/paper/paper547.jpg,trashnet_test,06a3fd636f031d89e3fb4420c4642c335a68cb22e2b40a6e9264e46520e2e6ab,0465ca527e788650733724b91fc7afd7b1c35cd753d99e9918fa4a8d6afd1f91,512,384
test/paper/paper548.jpg,test,paper,0,AI/trashnet/data/dataset-resized/dataset-resized/paper/paper548.jpg,trashnet_test,3364b945cd88b7238cd23dab9b5e95ec3da2ec3310082b3eef4db34b5f5ef833,4f7fb6d3736839d3708114a5f09a790c7319299db34c9146bcbdbe92cf501a0d,512,384
test/paper/paper55.jpg,test,paper,0,AI/trashnet/data/dataset-resized/dataset-resized/paper/paper55.jpg,trashnet_test,61e4135a107681ed768c845a1c5944dff554041fce30e8ff2263be7f1f684b6b,3a61578e38196bc39caf3ccc76756b4742b2437b503ac0dd8612895e41777ae4,512,384
test/paper/paper557.jpg,test,paper,0,AI/trashnet/data/dataset-resized/dataset-resized/paper/paper557.jpg,trashnet_test,7d248992b164c7d3536b3c8b1d0062157e92b2851ccb876ed2da497b745c78fc,16e9b8287dcc7ea2663feb4affbb46674200790ce6966d4bc85694c23d71e4c1,512,384
test/paper/paper558.jpg,test,paper,0,AI/trashnet/data/dataset-resized/dataset-resized/paper/paper558.jpg,trashnet_test,54528f7358c406bed4206f29b141f70a91ff74c1f21744d970ecf3dda1cf1dee,8244bc8f0c2f6a900fb8452eb876344903dc741a0eb149c690c7b7409cdf6d58,512,384
test/paper/paper563.jpg,test,paper,0,AI/trashnet/data/dataset-resized/dataset-resized/paper/paper563.jpg,trashnet_test,7a4bc026bd4687a14b8bfc863e0a95bcb411acdafcbf5224302b6b71bc1fefae,dbb7ba7208abccc7c6e26993b3ebb5d0c668aaa1e89bae41ba8cfd6dec196bf8,512,384
test/paper/paper569.jpg,test,paper,0,AI/trashnet/data/dataset-resized/dataset-resized/paper/paper569.jpg,trashnet_test,72d0fbc7794576c241cecfdacbabdac24a61ece7c9d9dd6734158cc6040a0185,5fb9a2df6de8fb6d2b025922596c41628390ef820eae731454435736c7b704e5,512,384
test/paper/paper570.jpg,test,paper,0,AI/trashnet/data/dataset-resized/dataset-resized/paper/paper570.jpg,trashnet_test,2fa1f0646d8d321df59ea70a0980785d4f364ed05897eec367d66728f601c469,e7835e825ee7ac2e31a5b6cf757b95aa52f3847cd0bf1677dc185b3384388dec,512,384
test/paper/paper576.jpg,test,paper,0,AI/trashnet/data/dataset-resized/dataset-resized/paper/paper576.jpg,trashnet_test,4574ebaaf26c9ed0c898f1fe81e11ff874832c5d880b33645d175be23f580fed,846112bb25d220ee90394b180a5ae245dc9d0141ac3ca12499dee36d2b4a8617,512,384
test/paper/paper58.jpg,test,paper,0,AI/trashnet/data/dataset-resized/dataset-resized/paper/paper58.jpg,trashnet_test,2aa131bae0e09410858f8fd4cb174fac80f25bb8dfd19add1cb6af2148a851ac,3aa51733568d30032f361c7abc93654b014608f29c3d19572427e553c052cfdb,512,384
test/paper/paper586.jpg,test,paper,0,AI/trashnet/data/dataset-resized/dataset-resized/paper/paper586.jpg,trashnet_test,2105d5c225846bb12c844ce82e7b2ecb3e8c7d73c37dce1c5f8e623528e486ad,f41073d5a0753f380b2eff32ecea3d44a5287d00af39cf6c5bfdec20cd07c59c,512,384
test/paper/paper593.jpg,test,paper,0,AI/trashnet/data/dataset-resized/dataset-resized/paper/paper593.jpg,trashnet_test,202989661312ee01f985e621b8da49d47785e2fe5e25fa05e0da86acd19fd0bd,2eeef8c98b0d48869e711abdf2831365cb8ca92eba9a01813ff1d15b68c15e95,512,384
test/paper/paper6.jpg,test,paper,0,AI/trashnet/data/dataset-resized/dataset-resized/paper/paper6.jpg,trashnet_test,d8c79e0835bfb6b529992843389520a81a55ac723387e2e70bb7a2c495ceb7ee,d70b424135c9ed78e27adbd2e2743f392f1e6dfac02153363780a279cce763e6,512,384
test/paper/paper68.jpg,test,paper,0,AI/trashnet/data/dataset-resized/dataset-resized/paper/paper68.jpg,trashnet_test,6fc4f8109ca48036e6bca958b629c3e35c6484e3403b0b6410be3814d0b13395,ebe8adc38f964e478b2bc4130d0e6e3844880cff1efaaa2079c1bddb6f3e485d,512,384
test/paper/paper69.jpg,test,paper,0,AI/trashnet/data/dataset-resized/dataset-resized/paper/paper69.jpg,trashnet_test,762411e33898bcebc7d6d682246156588719e5618e03bb70cfd2e70cf91fe2da,da70ed351989e041ed03cabfa04a3bda65c0be01e15893f0c7703e0a0a8c5eb3,512,384
test/paper/paper7.jpg,test,paper,0,AI/trashnet/data/dataset-resized/dataset-resized/paper/paper7.jpg,trashnet_test,224a8e782d1f02b4a38aa93fc839af27a1da07ad51a3bce061f84b43e58c64c9,ff7a7a97e884f279c6c7e0c734b9c1708dfb5ca6faadac858f51661d0b60be08,512,384
test/paper/paper70.jpg,test,paper,0,AI/trashnet/data/dataset-resized/dataset-resized/paper/paper70.jpg,trashnet_test,c005fec186cb09d3b489653a35b4ca0bb892a8d4ef62f0372937b29c9d6fd997,053728fd34bb5e70379b948d3fcbdec65dca58b5abc2fb16b2a6302850426b0c,512,384
test/paper/paper77.jpg,test,paper,0,AI/trashnet/data/dataset-resized/dataset-resized/paper/paper77.jpg,trashnet_test,37e247538da94b32432136e589f382a91bab6ae45b79e93d097e3f54519b5d40,14464e78230d613e80f9ce554e31ec5ed34570e5bfbf87ea2cb1b17776d251ff,512,384
test/paper/paper86.jpg,test,paper,0,AI/trashnet/data/dataset-resized/dataset-resized/paper/paper86.jpg,trashnet_test,76aa99b1636d80f6e440043e098f5ea5fa615006e45f468f19bdca96e262b53c,78cb31aab1f94c9b35a42db1573a1aa8443878a566b763fc89a379308b2a4914,512,384
test/paper/paper94.jpg,test,paper,0,AI/trashnet/data/dataset-resized/dataset-resized/paper/paper94.jpg,trashnet_test,fc31668ab981babaf03d2f380744914d5651a83c0639fcfba0841b351c720a3c,1ca82c738a3040d37bc6f871afd76b3fc7d4d7360379301f3837f9c7eef16146,512,384
test/paper/paper97.jpg,test,paper,0,AI/trashnet/data/dataset-resized/dataset-resized/paper/paper97.jpg,trashnet_test,331304638e9b9bbf25588b2a3f4c3f726f7c1a05c271186c7e28517f26424152,d2148e9933a94c889ac547757f364b3a78b669eeda138ed1b49e6ce4fb57ec9e,512,384
test/plastic/plastic103.jpg,test,plastic,1,AI/trashnet/data/dataset-resized/dataset-resized/plastic/plastic103.jpg,trashnet_test,87b7c1963f3edaf573ca0b650117b57f082754cf03e96e9b5f32c89bb0d4baf3,cdab17a5f42506015d51d84290aa9401f4e855c0f786f667b299a9e7362f8336,512,384
test/plastic/plastic114.jpg,test,plastic,1,AI/trashnet/data/dataset-resized/dataset-resized/plastic/plastic114.jpg,trashnet_test,721001d815684542d682a210cdc5eb7f3ee84a6b45a5a2208275f5d9bb34c5bb,76fe121eafa41e096f173fb052e045d386254299b169338a463b10c1c17161ad,512,384
test/plastic/plastic122.jpg,test,plastic,1,AI/trashnet/data/dataset-resized/dataset-resized/plastic/plastic122.jpg,trashnet_test,54408331bae646ccabeb2e77330bc9430d6c6ea7440f294ab7aeed0c458b4add,f7c541ae25e26ccd0620d33620f53ee5d29e224686aad72cef8911e66ad7724a,512,384
test/plastic/plastic125.jpg,test,plastic,1,AI/trashnet/data/dataset-resized/dataset-resized/plastic/plastic125.jpg,trashnet_test,2da1dc04aecdffdf22714aff09a76c9c6aa591544130d2c7c3a0b1b2896eb867,707d8cce7f30e37abd582f8b4884703aa44035aab8613fbeecb8b0f2bd5662f9,512,384
test/plastic/plastic126.jpg,test,plastic,1,AI/trashnet/data/dataset-resized/dataset-resized/plastic/plastic126.jpg,trashnet_test,219faadf8ca0140bbe363127e9414f3e53718c2ff180c4ac1a6173a66a2abae1,5ccbb00c79297b505218ae14267b8c7892c167aa2c88aee7531ddc3edd987d47,512,384
test/plastic/plastic132.jpg,test,plastic,1,AI/trashnet/data/dataset-resized/dataset-resized/plastic/plastic132.jpg,trashnet_test,554e898f89e123b1f1801e9863d60cc789277dc2b5b62112f6c7cf9a7b603bdf,1132b49591da9a0f91471155472ccd5672aa72f60ea3da9d6f936879fbff364a,512,384
test/plastic/plastic138.jpg,test,plastic,1,AI/trashnet/data/dataset-resized/dataset-resized/plastic/plastic138.jpg,trashnet_test,80c1dadce4be8f73ce9cc0f2cc8deded5d9c7781304e1d61fa2db9b50f7ce985,e7c5c02449eccd64d250a3f7fee43a7ba127470958d3914ef4ce2d248c8ba937,512,384
test/plastic/plastic145.jpg,test,plastic,1,AI/trashnet/data/dataset-resized/dataset-resized/plastic/plastic145.jpg,trashnet_test,1782030f5438851c5b95628ba661fc0815070591ef12835903cccb2c2550106a,f37602e13b8914950f1f212c0f7117612c8e192efa1d578931694e8dd9708408,512,384
test/plastic/plastic146.jpg,test,plastic,1,AI/trashnet/data/dataset-resized/dataset-resized/plastic/plastic146.jpg,trashnet_test,9b7b14d2025b1827110fd60d02a54b605e6b0e18da547c35dc240f9b324fa698,fb3c8b331f483c4cb90a46d8a92856967c259043b3800e7fde6256a69b4b09ad,512,384
test/plastic/plastic152.jpg,test,plastic,1,AI/trashnet/data/dataset-resized/dataset-resized/plastic/plastic152.jpg,trashnet_test,c41b99aec8a3257c8668a2144ebbaf8042018f0a85d88e22bf4e413b43693dd8,60c17da04d8391c65bb8f3d8ba0cba927355c5f02bd9b84701007b1061f0fb57,512,384
test/plastic/plastic156.jpg,test,plastic,1,AI/trashnet/data/dataset-resized/dataset-resized/plastic/plastic156.jpg,trashnet_test,6e76b073923dcfef1a4cd1b7510d0a840d8ee83f68258ab9a285955c354d17e5,39863ba86bb56acb6f59ba4450563be5be21804482e85db99136a1ff2bfcc28e,512,384
test/plastic/plastic159.jpg,test,plastic,1,AI/trashnet/data/dataset-resized/dataset-resized/plastic/plastic159.jpg,trashnet_test,e1a19322d0a390190ad4308f5dd7f5926f8070376592d621d4104d16427f010e,2c3157b60cde8d81e937d8b0c6d887b7d373b8b9fb67a0db0c4e6b36280cea66,512,384
test/plastic/plastic170.jpg,test,plastic,1,AI/trashnet/data/dataset-resized/dataset-resized/plastic/plastic170.jpg,trashnet_test,1f4467071265642d3170c0336c19644f5f9b7b3944cfb5b5ad41f8771094e801,058215df2abb6b41ae749d2db97bbbb88a15584e47af1abb5ed5d1eece192de3,512,384
test/plastic/plastic172.jpg,test,plastic,1,AI/trashnet/data/dataset-resized/dataset-resized/plastic/plastic172.jpg,trashnet_test,570ba0c54b086b600a253a9522a636f848051dbad9c7dbc1af7c1e05d5f357c5,d6c0ff092fe76235d1e119902e99f904f3786fe28e3c882b18bc0114ff7a28a4,512,384
test/plastic/plastic177.jpg,test,plastic,1,AI/trashnet/data/dataset-resized/dataset-resized/plastic/plastic177.jpg,trashnet_test,b0dbf76688a902b77194dc78f8fb422ae6372bae747a9c6df479c930ce58c13a,b33fdbb4679754f6127c712ecd4adc41ed58518233daecd541db4e169e4732ed,512,384
test/plastic/plastic187.jpg,test,plastic,1,AI/trashnet/data/dataset-resized/dataset-resized/plastic/plastic187.jpg,trashnet_test,b9766ff94bc626bc5f2dea58d70d7ca679acb3ce1f30a6e75d7cd40885fcd090,3fb44a6884caf812c887eeebef6936f59f4860562984bd458e715bce1254fcf8,512,384
test/plastic/plastic2.jpg,test,plastic,1,AI/trashnet/data/dataset-resized/dataset-resized/plastic/plastic2.jpg,trashnet_test,86c49ad6ad1213ca8e78308201430378e8fb87b3ffe624993773e6828bf7e30a,6058ae1fefe0fe86c65d5e5ab3f23c51da593bbefca249f4659c5258a91bb7dc,512,384
test/plastic/plastic201.jpg,test,plastic,1,AI/trashnet/data/dataset-resized/dataset-resized/plastic/plastic201.jpg,trashnet_test,1e0b2094a10bec25a65f4c01b6f7f8ecd6da63825f27829d9631360f8ba3aeda,81da537bfce4f0e7848e34d14ca63b98e44eb9fe8439e12f12c319355170ea9d,512,384
test/plastic/plastic205.jpg,test,plastic,1,AI/trashnet/data/dataset-resized/dataset-resized/plastic/plastic205.jpg,trashnet_test,9d98b9fdaeb4f7ab6877330e345e4e40be5f8086a558eb20480f75f2faeb6a41,5aadac843d9205b1cc95b07749f7982d592bf0ba036e272368f440c1ace55164,512,384
test/plastic/plastic207.jpg,test,plastic,1,AI/trashnet/data/dataset-resized/dataset-resized/plastic/plastic207.jpg,trashnet_test,91d77a33f85b448aae6b334b477010f5e181c01615c6d41329432e13945381dd,68714c200887850e441936c8ccdb6ba761747bd4ccefd39b246d38a0d12e94bf,512,384
test/plastic/plastic21.jpg,test,plastic,1,AI/trashnet/data/dataset-resized/dataset-resized/plastic/plastic21.jpg,trashnet_test,2a9d33453f886a84673eca85a60d2ef62d0bc5783c6200b52adc1dab01841664,d6ce71f671c41d857da8b42937b19c55220876a58c660ef032225a6ebd8b1c4d,512,384
test/plastic/plastic214.jpg,test,plastic,1,AI/trashnet/data/dataset-resized/dataset-resized/plastic/plastic214.jpg,trashnet_test,94ef473a8dde0a7eec8f1e2c6d9301da37a04757f8a000ce8a662e3565f25755,beb18cae507ce11fb084bb8efe0575deaaa0baa76d121fab98c4a8e8aa58248a,512,384
test/plastic/plastic217.jpg,test,plastic,1,AI/trashnet/data/dataset-resized/dataset-resized/plastic/plastic217.jpg,trashnet_test,498e64723afe4e5e440dddb990f636a44f2b166b699fd882e502cece63e20c85,1e6fe062d659b93950b427258fac240a733b2c5d42acadffccfabfeb55e95e99,512,384
test/plastic/plastic226.jpg,test,plastic,1,AI/trashnet/data/dataset-resized/dataset-resized/plastic/plastic226.jpg,trashnet_test,ceb4d3b5df9f6fac3cb972ac7a7abf9848791ccbcb7af21734554b3965b98509,3f0e05ec6d83b5285152e9b029d2847d4b46183612ed9af9d88575889208575e,512,384
test/plastic/plastic227.jpg,test,plastic,1,AI/trashnet/data/dataset-resized/dataset-resized/plastic/plastic227.jpg,trashnet_test,aab36d5a8153cdf5533467fffdb0fa843ed0db87f46bbd19f0f634eb2fde11fc,0eb11c1f48bbc1938a86b1566e6255b2e4bf8495ff8a7bc86001a30c3adebc1d,512,384
test/plastic/plastic242.jpg,test,plastic,1,AI/trashnet/data/dataset-resized/dataset-resized/plastic/plastic242.jpg,trashnet_test,3d1e36e5e4c1af663d0509513d856d7430c70915e52c20cb1b9f2e0979a2a2fe,a993f38c65083f1d022e65adeaf415223d1a43f9a37e66ee88a49af7f3051a19,512,384
test/plastic/plastic251.jpg,test,plastic,1,AI/trashnet/data/dataset-resized/dataset-resized/plastic/plastic251.jpg,trashnet_test,8dbb1979032fb913540fbe907be48bf3559b594bcb5101e69ba6f6ac1e29baea,efbec00fb5ec66467b065902180278c11b7fe2bae24c2b1c741f8a13e4e9e3d0,512,384
test/plastic/plastic252.jpg,test,plastic,1,AI/trashnet/data/dataset-resized/dataset-resized/plastic/plastic252.jpg,trashnet_test,61a89874be4f9fcdeeefec2c2f2a8eed113a96ada46b4c7dd54b7b81dc43ee09,6b256cf6354256cb08350c5103a9d169c5f21e3c1cf4d6080f47820242e4ac65,512,384
test/plastic/plastic253.jpg,test,plastic,1,AI/trashnet/data/dataset-resized/dataset-resized/plastic/plastic253.jpg,trashnet_test,63ac5e258be03cca86f2dd5012f4366a15c7b4dd794dba32afede551761ace5f,43cb102497be87984bdcd9fe3870373e724edebed82904a777b3051c32fe5258,512,384
test/plastic/plastic260.jpg,test,plastic,1,AI/trashnet/data/dataset-resized/dataset-resized/plastic/plastic260.jpg,trashnet_test,4763161eb2f6db915cd378a3c8b1e407d240030d4b1f924007853bdccf3352a1,edacc28d1f3ea47a1f5bdc2bd703565666a6d6ff0a0e090fb27b4afc65270ecb,512,384
test/plastic/plastic264.jpg,test,plastic,1,AI/trashnet/data/dataset-resized/dataset-resized/plastic/plastic264.jpg,trashnet_test,1df8d5c5690689c8d0119bbb7f8fd98d94943931e281a0776f84a89eecb4250d,98a4436b17f92e2f619561d1bb0ab175c4d243e49645b61d01225db1a64a49f5,512,384
test/plastic/plastic265.jpg,test,plastic,1,AI/trashnet/data/dataset-resized/dataset-resized/plastic/plastic265.jpg,trashnet_test,9ce823c13128cdde96b3fea06608b3ce5c0991ccd45a5ac832e2464360169b1a,41fd80e034ace0f5108781eac81453b52e86f4bc053d424af5e8f6ca859dfaf1,512,384
test/plastic/plastic268.jpg,test,plastic,1,AI/trashnet/data/dataset-resized/dataset-resized/plastic/plastic268.jpg,trashnet_test,2f032358d0a9c0f9eb1782f04438907900eff8595cd6d90827a524f2be451170,1208bb6be91e17cec3c95ededcddfc3aed6b5a255797d331ae06ff28fed2d1e8,512,384
test/plastic/plastic270.jpg,test,plastic,1,AI/trashnet/data/dataset-resized/dataset-resized/plastic/plastic270.jpg,trashnet_test,f3653cb5116826633f695145eb1a4af66156e0b27ece17a17304831fe06a5361,5148a2b2250e6c17e5560815fca603c214f37bb2bd923726f5951c72b5d742d4,512,384
test/plastic/plastic285.jpg,test,plastic,1,AI/trashnet/data/dataset-resized/dataset-resized/plastic/plastic285.jpg,trashnet_test,e21f74112fbce5b9eecee6cfe77ed24f361ac7a4daeb237719c6c02cb8310506,15c76f238e707a3e86d432e481f19891a7191ee6aa596d482bfcbf1dfe7faf88,512,384
test/plastic/plastic305.jpg,test,plastic,1,AI/trashnet/data/dataset-resized/dataset-resized/plastic/plastic305.jpg,trashnet_test,3fb602d0fe1022300e1c63168f0f24a5c504ef3d3d026e93d8424d458c86ef9f,b0ea592de27e0000034542f3bbb89fae7305585c374c87d5c68234f3ba0e29c2,512,384
test/plastic/plastic306.jpg,test,plastic,1,AI/trashnet/data/dataset-resized/dataset-resized/plastic/plastic306.jpg,trashnet_test,e163acb20d023630b198c38b093169bcea1989da9cca0d3c66fb409c6eed7cf6,e39bb745ecf5c02241a91c5e254e8bd47a50fee61fc39a29ab84f4ec2562b978,512,384
test/plastic/plastic312.jpg,test,plastic,1,AI/trashnet/data/dataset-resized/dataset-resized/plastic/plastic312.jpg,trashnet_test,9b24c96bed046e3c870b0086621726803d6d3127b8011d08c75ac7a9340873af,0c5733e705bf21b3b73dc2e8145a87f75f7662ebd88d2cf13d377d9d6d7f9c59,512,384
test/plastic/plastic314.jpg,test,plastic,1,AI/trashnet/data/dataset-resized/dataset-resized/plastic/plastic314.jpg,trashnet_test,694e49b212ea8b4c1f4cad6ea8758c3a5b7aae9b54bb2da120ddbad3ca146d9e,025fa78f9e219971532ff45b6b30d130f5c7d49f7bc9c5cdd9e21712a8fc06c0,512,384
test/plastic/plastic315.jpg,test,plastic,1,AI/trashnet/data/dataset-resized/dataset-resized/plastic/plastic315.jpg,trashnet_test,c0427850434fbd1daaec76e205ec253dfcefe277e12c0d707018ebbe58621cc5,0b01592960b0e32f5e086dd590d0523aba08b4f53f257269a2c64f91783dcf5e,512,384
test/plastic/plastic317.jpg,test,plastic,1,AI/trashnet/data/dataset-resized/dataset-resized/plastic/plastic317.jpg,trashnet_test,eb326e1c218874929d693edd6d3555f34ae18a287253edcda9a89b3c04267b7c,5d491bd538726041a4672bf8bf64ad7e93855f327ef363ab4390b36fd33cc130,512,384
test/plastic/plastic32.jpg,test,plastic,1,AI/trashnet/data/dataset-resized/dataset-resized/plastic/plastic32.jpg,trashnet_test,dd4b43a6ba69f04f3264f855f632f83f1cb5656b8bd47c08a958176662bcb27a,9f7408326ce1ee1783c59f1d51b26bfea313011a0782b9276864610a94b81358,512,384
test/plastic/plastic328.jpg,test,plastic,1,AI/trashnet/data/dataset-resized/dataset-resized/plastic/plastic328.jpg,trashnet_test,6b09eee0722c2a8e562bae5c657e1db64bad8e90040d599a26480268a125fde6,a849d5069e41faf92e3d629a60fe37a3e1f9e903a51cc7cb8c496fa678577412,512,384
test/plastic/plastic348.jpg,test,plastic,1,AI/trashnet/data/dataset-resized/dataset-resized/plastic/plastic348.jpg,trashnet_test,7a6dfb86c6b5d8c45e298989408e85cc3c4c3c872fecdd086ea87a41629d1764,e42042f70f842d710e90e6ae32b12fd86a46b9b1eb413fd3d2b832d33407ec92,512,384
test/plastic/plastic349.jpg,test,plastic,1,AI/trashnet/data/dataset-resized/dataset-resized/plastic/plastic349.jpg,trashnet_test,de5931a4efb3532c996b49ae1e803a116f6dfaf0dd5f16c126d3dc97877cf1b8,a039c9be2e657be5793618c9125922830e737d45b8d18fb14899f4bb5a9e1ab4,512,384
test/plastic/plastic372.jpg,test,plastic,1,AI/trashnet/data/dataset-resized/dataset-resized/plastic/plastic372.jpg,trashnet_test,31b4750d5072f1c4e7ae5b66a3fecb0f94f9439307627952e810b3764fd40ef5,84c120f498b45f1ac195b65b3ad7432b61b35feaa1b37d724131bad32f33bff2,512,384
test/plastic/plastic374.jpg,test,plastic,1,AI/trashnet/data/dataset-resized/dataset-resized/plastic/plastic374.jpg,trashnet_test,f0a5bc491963e626629fc5b428636a27c96610c0cfd4fc748c6f5932436aa22f,18a2f25f7831868cfd771e516dbda7f44af0e86d428ff3fca4157d04b7525080,512,384
test/plastic/plastic379.jpg,test,plastic,1,AI/trashnet/data/dataset-resized/dataset-resized/plastic/plastic379.jpg,trashnet_test,6ee988c39df74a3d4bae4662d28ef523daf7e2ca4b0c0b2fc550cb3336fd72a1,ab3ac625d756ac9a247a60bc87164d8dd6810f3e94b53cf6ee157d1b0d380d6c,512,384
test/plastic/plastic383.jpg,test,plastic,1,AI/trashnet/data/dataset-resized/dataset-resized/plastic/plastic383.jpg,trashnet_test,d011086eef5790df6f9109c38ad6b5cf601879fc4c7d0247c4e4006362bc1eaf,00e18d286556d09ae22ffdb488cd2b4ed5f08acb0547a7518fa856ae32dfa211,512,384
test/plastic/plastic388.jpg,test,plastic,1,AI/trashnet/data/dataset-resized/dataset-resized/plastic/plastic388.jpg,trashnet_test,3cea91cd461f29869fb632d8e6e4ee625dcc6dcdaf4d2a3e5c457c70a0ed7bd9,2d30717dc6aaaaf7b3b9b089d4372f0b4268226d667de085b9399bb38604ea9f,512,384
test/plastic/plastic39.jpg,test,plastic,1,AI/trashnet/data/dataset-resized/dataset-resized/plastic/plastic39.jpg,trashnet_test,faf28d8f09c1075d3337ebf19bcafda1427053deb2ee9827926f9077f9ebdf1e,b2ecb842df54b45f8a0b626411090af64ac0b6629502a8eb7a5ea5076e57c0dd,512,384
test/plastic/plastic390.jpg,test,plastic,1,AI/trashnet/data/dataset-resized/dataset-resized/plastic/plastic390.jpg,trashnet_test,74eed91f34db1284b8e69bd6c54dd37c97722f961493d3e7ae45725a8119033d,086d58f87ec15bb3d73e822a9c2c6fe1e0460fd639355de294dcd579f5cd46d9,512,384
test/plastic/plastic398.jpg,test,plastic,1,AI/trashnet/data/dataset-resized/dataset-resized/plastic/plastic398.jpg,trashnet_test,204739a2e73afca691e41130f49ffa8c5b40d25a110b56aa2a67041a07bc259d,feed1b1524251061b80288760cc70ddb3c01aaf5d006bb64227ef678275f61a6,512,384
test/plastic/plastic399.jpg,test,plastic,1,AI/trashnet/data/dataset-resized/dataset-resized/plastic/plastic399.jpg,trashnet_test,301e771d2ea138815666f1f0345f7ebb7fc92f8fe15e865ca6d93e81cba14f79,0fcdae84da09c0f52e64b5eea505232c054014b139143780c69e7f0ffbaf03b6,512,384
test/plastic/plastic405.jpg,test,plastic,1,AI/trashnet/data/dataset-resized/dataset-resized/plastic/plastic405.jpg,trashnet_test,d61be560ee231eac62e7dc581fc44160644ba269c08cd9fa6eea7d9e68a9162d,3a747899ea8771a428b5c4046ece4f8eb25ab98f87b166e40881bdfc2aecf167,512,384
test/plastic/plastic411.jpg,test,plastic,1,AI/trashnet/data/dataset-resized/dataset-resized/plastic/plastic411.jpg,trashnet_test,90f72638e98c7d98446b1ddc98c0826e55d7b87714b9395e39d36141da2a2e4a,9b9016c7c8c5836708f68e50b8c801c0358211fd907eda84af4ccf4808bfc86a,512,384
test/plastic/plastic420.jpg,test,plastic,1,AI/trashnet/data/dataset-resized/dataset-resized/plastic/plastic420.jpg,trashnet_test,094c6c3a65cbea6b2a26f25e763b073b57a90786a13eeb010b5d139426a90a5f,b6b557cbb74f27dcc4762d7ac4ed6494651a188daaeb9fdbd2e0f9cc5cb13629,512,384
test/plastic/plastic423.jpg,test,plastic,1,AI/trashnet/data/dataset-resized/dataset-resized/plastic/plastic423.jpg,trashnet_test,2420707c919e4d373408adf3d85620610d701a9bf667e61e5d3e3d60ada78dbd,5240d66591f3efd777bb8af9ad52a9438279862f975a2c78f75c4e32d133d269,512,384
test/plastic/plastic426.jpg,test,plastic,1,AI/trashnet/data/dataset-resized/dataset-resized/plastic/plastic426.jpg,trashnet_test,ca3db4385012f56b510d13abc9b9871b5410af4dd09ad3535fdf6af638a24eae,192b4137241264e108818a24500e966fda1345f59cd00e6c62cb7e42c2f8394a,512,384
test/plastic/plastic434.jpg,test,plastic,1,AI/trashnet/data/dataset-resized/dataset-resized/plastic/plastic434.jpg,trashnet_test,a84ac2040a83ac6ddd90622dbd63a0109896421b5819d2f5c8aee72efa8d5f35,e08a142dd35254670cd2993d83de32038a3d811ce94827b82ad96698a5d5d849,512,384
test/plastic/plastic438.jpg,test,plastic,1,AI/trashnet/data/dataset-resized/dataset-resized/plastic/plastic438.jpg,trashnet_test,eae8dcca1e55ceb89f478cb8a82cd496fe4175031410cf17b4e1c8eb31b68095,388a14d7c164c0a64adaf8b79571bda91ea090d652602c3819eaecc14b7be362,512,384
test/plastic/plastic465.jpg,test,plastic,1,AI/trashnet/data/dataset-resized/dataset-resized/plastic/plastic465.jpg,trashnet_test,de61b40d77ae95cde7cf7700f79383477984a3892a8146ddc44ad13a77c15f06,ba684c04bbf598e4445574c6cb8ca77601123053b551ef5a57ec88acedf39e3f,512,384
test/plastic/plastic473.jpg,test,plastic,1,AI/trashnet/data/dataset-resized/dataset-resized/plastic/plastic473.jpg,trashnet_test,55210883fc994028c402fe62582610b48f99f8a1ef4929677eb2e9ef46db8cbf,57f6c7263f3352af6e04ccc09e1adda1f23fa6136049c45d0fdbfa22a656d667,512,384
test/plastic/plastic49.jpg,test,plastic,1,AI/trashnet/data/dataset-resized/dataset-resized/plastic/plastic49.jpg,trashnet_test,42961ff5bb972e412575a53d3d24459a04e4ab47cbf18961d3cdbc70d49ca404,44860454ddb6dcfcfa42b30219a10fb9a00147f48ce721bec107bde99beb4564,512,384
test/plastic/plastic64.jpg,test,plastic,1,AI/trashnet/data/dataset-resized/dataset-resized/plastic/plastic64.jpg,trashnet_test,daaba9da8e9b2d76aae5c21030392f8069bd053c9993b2b227f6df5ded49e03a,162ae4b619063498c1eb946d29d9796aa27b65e366c16068751fa37c5eb6a03d,512,384
test/plastic/plastic66.jpg,test,plastic,1,AI/trashnet/data/dataset-resized/dataset-resized/plastic/plastic66.jpg,trashnet_test,193a15fa9c0f2b9385bd569c056122ae9c27c6f2784bd5efbb50d1dd6c1026d1,62733fce202cc214f2b3013d9f708a6c980793a784f94246ea1b2a0ddcb0e1f1,512,384
test/plastic/plastic67.jpg,test,plastic,1,AI/trashnet/data/dataset-resized/dataset-resized/plastic/plastic67.jpg,trashnet_test,bac537b6725eceb69e3aa20ed650cb9540aff2543e83e9df4214394c008f48c3,ee7c94665268892bdebb2f5bfb0c87ec511dea86874a2b6fc2fdaa62f7343603,512,384
test/plastic/plastic79.jpg,test,plastic,1,AI/trashnet/data/dataset-resized/dataset-resized/plastic/plastic79.jpg,trashnet_test,f8de98b15b5f39ae3c170242ac145414367f87f7f55651a4a9916e77e9d068a5,d5199340ba151d8f7bf4f503b616c591e0b8eb9cce3e370a69605a68f1557a8f,512,384
test/plastic/plastic80.jpg,test,plastic,1,AI/trashnet/data/dataset-resized/dataset-resized/plastic/plastic80.jpg,trashnet_test,350124b58b826b16e7e73331b4c16846229343a1099c61b3868bfd8bd9ca8075,f905c35924bbfa5105b7b4f052414b6e44cefc1d7ce5a6f5f78ae916d3393f56,512,384
test/plastic/plastic82.jpg,test,plastic,1,AI/trashnet/data/dataset-resized/dataset-resized/plastic/plastic82.jpg,trashnet_test,1a2af231f4f280680a67d841707a6b36d9438e816be6fdaf70e2e2609a2979bf,83094adffe2e9802057f005b3104434ec783a6c68f2e06411e50f6876c67af2d,512,384
test/plastic/plastic84.jpg,test,plastic,1,AI/trashnet/data/dataset-resized/dataset-resized/plastic/plastic84.jpg,trashnet_test,e601da110e32d80f61767e7551bbb7840d3c87f3a3bbe2b1040ae02124094217,984d319b6c0c59cd27b3bfde3f7cde4a495a7e5c9813b51a27e5deedfffd5282,512,384
test/plastic/plastic93.jpg,test,plastic,1,AI/trashnet/data/dataset-resized/dataset-resized/plastic/plastic93.jpg,trashnet_test,2e772db456e0cedc180bbbdceb428d6b5a071981d81c6968e7db385e5418a2ac,98afcf8153eb7f7f1da89ac4c0dd3146a47bed70533b2d0b9106bee063f6a546,512,384
test/plastic/plastic98.jpg,test,plastic,1,AI/trashnet/data/dataset-resized/dataset-resized/plastic/plastic98.jpg,trashnet_test,5dcdd840b2ef4863a974153e836821955c0d8a179529fd9ae3dff29af628b8b8,dbe8004eef2e5b5abc4f88cd01b4a8506618b0c0c5d59630b57983b48190048a,512,384
test/plastic/plastic99.jpg,test,plastic,1,AI/trashnet/data/dataset-resized/dataset-resized/plastic/plastic99.jpg,trashnet_test,f974ebe90df82d6e9e011848f4542e5fce471d27c85902ce8866bb0131d494b5,0a387bde44d65a034dc69c700906bae3bb48b5437b5a8bd49a6f2c48f975a920,512,384
test/organic/organic_0001.jpg,test,organic,2,AI/archive/DATASET/TEST/O/O_12821.jpg,official_test,5c70807b6bc191ccb853709a4b3a7fc06f173563ce28ebd112778f9c55db2312,706013c667cef6098b6827a7eac5779a525a72d56c4a25b45718b389fa83cd3d,279,181
test/organic/organic_0002.jpg,test,organic,2,AI/archive/DATASET/TEST/O/O_13895.jpg,official_test,1bc40a7c15471ce39f1c730bc308761581a9f6b312ceaf15aff11962a58b8547,b792c02394f2e10665c71e86c21095bbb2374dae8d07dd292f4c64707c3adc5a,263,192
test/organic/organic_0003.jpg,test,organic,2,AI/archive/DATASET/TEST/O/O_13040.jpg,official_test,920a2b2bdae659734b723b35a7257f85272a1a8e8d70cc2afd7c617a8fe9b6fb,3b5abd739416044e9a1c8378323e2ad67b66b5183a0b32220b5e7d4262ddd4f9,247,204
test/organic/organic_0004.jpg,test,organic,2,AI/archive/DATASET/TEST/O/O_13241.jpg,official_test,878aa38df4f8db077270db2baeede53c81a8e5a11da6c1316ad3bd5541851942,3dcb7fcfeac5c45fde93168b0cfbbfce6b2854c7cadf7c2b8a7cbc580c190998,281,179
test/organic/organic_0005.jpg,test,organic,2,AI/archive/DATASET/TEST/O/O_13245.jpg,official_test,84016c6988c7fb97198d0f015d1135d9a923d02e974e688fa64aac7691b62ca2,daf9b0d2e77df9bc6b0ba0234aef52c026873a85eab36f13cc6c62b16bfd03c1,183,275
test/organic/organic_0006.jpg,test,organic,2,AI/archive/DATASET/TEST/O/O_12702.jpg,official_test,f9282f86c52e4075508955b69e9a042f060d83b95e79d0e32414593aec8961bd,ec91f71b17b7d18d945cffa10e0abb9e2a63aa92979785c5395068602c2a1ee8,182,276
test/organic/organic_0007.jpg,test,organic,2,AI/archive/DATASET/TEST/O/O_13545.jpg,official_test,ce3e5ba2f641c383ecb09f4457753cd0b28478db5f85113cce573129bc67bbc6,de0a9b67e1db83a35fb11af9ea70edeb9739185dab758b144248e87bf9f49a30,291,173
test/organic/organic_0008.jpg,test,organic,2,AI/archive/DATASET/TEST/O/O_12587.jpg,official_test,851cd7e362f63f9b5af15c03de3b5d053b5e8d198250906dbd34bf508eb80726,71b3c9bc5d41588133794717eed5b636bb12c5bf53a0b1cdd60daa491ae0bfa3,181,278
test/organic/organic_0009.jpg,test,organic,2,AI/archive/DATASET/TEST/O/O_12783.jpg,official_test,ca8a617191f4bd7e33964dfa7d5d388004b6ad0436833c888d5d4f1759166f83,cdff31d1cd9e0bf9a444980db9501cb5406c9f53096efb6dabda0ee7623c3e29,225,225
test/organic/organic_0010.jpg,test,organic,2,AI/archive/DATASET/TEST/O/O_13349.jpg,official_test,2f01e36a59cc9d9d724f290936671deac515ba17dd22cb8b435c6e734c2be340,c554f149f5049702af294c7ab22680a4cd95e364f590420a081c89f751182bab,278,181
test/organic/organic_0011.jpg,test,organic,2,AI/archive/DATASET/TEST/O/O_13184.jpg,official_test,ce7632dc3b61d899b1e0a74be649ffbdd00c39c665a0e6b55a9b09e6a4a7c27b,5647c287500a5e47a007b3aeaf44d6405dc4ebe04f81f19d8761d87240041c9c,275,183
test/organic/organic_0012.jpg,test,organic,2,AI/archive/DATASET/TEST/O/O_13504.jpg,official_test,e09d8f009abad2fe85cf13043620d0e8cc4a627ffd93a09aba4ae1aaecaae84a,9a85d7cd3cd8f7c8f38449898fd5dbc1552f179b3d3c0b882bee73297f51efcb,345,146
test/organic/organic_0013.jpg,test,organic,2,AI/archive/DATASET/TEST/O/O_13360.jpg,official_test,fcc4fd3869633246432e3ba3d6f4414ba7cc631e3d972719d87a29255417b7a3,0211cb282fd139a2459ce12b197c18e683e3918df9bc945833df9f6d338005d8,262,193
test/organic/organic_0014.jpg,test,organic,2,AI/archive/DATASET/TEST/O/O_13275.jpg,official_test,378f595b6d1becc19abfe142b9f613d18f25222eb66717061c66215e61f8d49a,bdfc04541d2f94a4c6cb7cb5994817eef249dc23a59b185fb316257d8be701a3,259,194
test/organic/organic_0015.jpg,test,organic,2,AI/archive/DATASET/TEST/O/O_13289.jpg,official_test,27788a5e43757dd4c1957810dd8555d6c24fd25e4b02099411853dac28bfc7f0,3cd9a7629b485929a95b17b47cb2aaba36395263032124b2e9507c1d9be824cf,301,167
test/organic/organic_0016.jpg,test,organic,2,AI/archive/DATASET/TEST/O/O_13413.jpg,official_test,05cb7bb687b6728fbaccf5034a3005cb7209955018dd691dbd48c337008e5a6c,ee06dbf9eff11e9b632a45540fa2f53c43afc79c2b83f1192d392c0ef9d3efce,298,169
test/organic/organic_0017.jpg,test,organic,2,AI/archive/DATASET/TEST/O/O_12763.jpg,official_test,41b43f5c3e09d39d5a256a12fe8a1d980dd049f59caf4700d18cdaf42787ff02,0a840427eadffaf6aec555f5825a07ed347c0f40417a27d7ee47321e307b457b,194,259
test/organic/organic_0018.jpg,test,organic,2,AI/archive/DATASET/TEST/O/O_13030.jpg,official_test,0a2a437b5e356604dd3962ca989ca65af8bf6c88e7dd4867dcc8975be8869009,36212f9f22c0d771462cc179800a137e72792dc23f5bc46cb47b811680e58900,236,214
test/organic/organic_0019.jpg,test,organic,2,AI/archive/DATASET/TEST/O/O_13079.jpg,official_test,6648890449195ed51a178f2819fd1e7c38740c379817eb1c9ca395d5ad26fc34,e2f96848cfaa0a7c0193635e8e2be5f7d0ed5dd0c0f20c174089441f529df46c,355,142
test/organic/organic_0020.jpg,test,organic,2,AI/archive/DATASET/TEST/O/O_13863.jpg,official_test,6a8709c572028e77375bdc4302df927f426cc34ebc48f7b9d2a0b46b686a23ba,40ae218ac0d2986f9cd1a375c861b0215f453177d6dc95735a8d4b7c2690be4d,271,186
test/organic/organic_0021.jpg,test,organic,2,AI/archive/DATASET/TEST/O/O_12568.jpg,official_test,d77bd0d4b447a3cd899a463326df3235fd122ccad3b996d84d748c958d21730e,0528ade1e94ebb7437b08252cc7bb924e864f93b1db72809e751e14313307f7a,223,227
test/organic/organic_0022.jpg,test,organic,2,AI/archive/DATASET/TEST/O/O_12956.jpg,official_test,6203c343157b14004993480797850fc0c4d49b120180433c9f0d0fe8522a13e0,8279d671084e66c9c6f3850d6bab8cba9a5084ed1139ad4c36003f6419657767,300,168
test/organic/organic_0023.jpg,test,organic,2,AI/archive/DATASET/TEST/O/O_12746.jpg,official_test,844e14be623a03a243bf8b18e5c21cb80e7c002baaf03f09806c8e2118d2dc78,a3418921ec5869dfd8bb2ccb0cb01d8d416e116a705adc968efc980ef117d11d,307,164
test/organic/organic_0024.jpg,test,organic,2,AI/archive/DATASET/TEST/O/O_12689.jpg,official_test,a938edd4600ec870e507b7c7acb8596479b74899715cb9a64f730587603d5914,f969015fc6d2f09cf40ca083b0e8a9c66aae27e4a1dac2ede72856f8e48d6d50,275,183
test/organic/organic_0025.jpg,test,organic,2,AI/archive/DATASET/TEST/O/O_12629.jpg,official_test,0d5c6a0d4d9ccbb34d9dff258c6f204d146eda7ed2bea547b5e6520373f445d5,82aaa70462a313114d91ef1ad5a3172659065e0e9573c813a295b0c4ff529fa2,224,225
test/organic/organic_0026.jpg,test,organic,2,AI/archive/DATASET/TEST/O/O_13913.jpg,official_test,d99cd918b563ee1f390d6dc0476716a283eb6889295b91a62803a416900742b6,44c9d04a1cbbec5902bb3bcc3fd872e731bb747c40622a4dfdf64c5a51c2fac3,272,185
test/organic/organic_0027.jpg,test,organic,2,AI/archive/DATASET/TEST/O/O_12597.jpg,official_test,9b4ead160dcf3e3d30d85bd38ca3e4fc020692d5e1b7583597532c34e35677b8,78591b9fa2c0315d3cd7a267c5e1984ea864d3e02c9d35d592c582182a352d90,259,194
test/organic/organic_0028.jpg,test,organic,2,AI/archive/DATASET/TEST/O/O_13389.jpg,official_test,260f784865505c60203b622114293f4fabd5a8d9879253fbd2de6b8fed631440,f50f30daafa7c1b7193fce3c6e8146786097a6bf2eaff7f8c3b8a3308a46a7b3,306,165
test/organic/organic_0029.jpg,test,organic,2,AI/archive/DATASET/TEST/O/O_12804.jpg,official_test,c63cf6d7ec05e08b88861f42b47c38a0019b0251563546dc04d7fce8d6c61fff,4361299988970339c6e49a95a1cfa2779aa969b2a6d9d3dcea529dc6830ae51d,275,183
test/organic/organic_0030.jpg,test,organic,2,AI/archive/DATASET/TEST/O/O_13238.jpg,official_test,90693bcb6cc86af7e6927fb7fecc28776b41d1e4dd5efaa22d979998b507bed7,0c3c6d83600f124c2b42a46fc4486959ae82213fc416aa1462cb150943a78ab4,268,188
test/organic/organic_0031.jpg,test,organic,2,AI/archive/DATASET/TEST/O/O_12898.jpg,official_test,483e08263aa84705b92d8b47cdd57355055d91696e976f1972529a6cc5cec951,775c757319fc0f0b8c25471c552642ec673362199495dc1809097593af67c4ba,259,194
test/organic/organic_0032.jpg,test,organic,2,AI/archive/DATASET/TEST/O/O_13911.jpg,official_test,943b479cb50fe1b3156ed8d09cbe802f513bb979e48e6d030525aed37c73880b,77c42a95d0837e056a737c615dc66c5ed26091f23679ade536d413ca9eea8aeb,262,192
test/organic/organic_0033.jpg,test,organic,2,AI/archive/DATASET/TEST/O/O_13334.jpg,official_test,769e41f2338bdd4594616e1a4d7ae74428115842ec839ce338ef1cbfda462832,6e60adea2aa14aa0cf23e62d738eb728a5e58e9b1daf09365503a0fc040fc702,311,162
test/organic/organic_0034.jpg,test,organic,2,AI/archive/DATASET/TEST/O/O_12966.jpg,official_test,cf33f1db7f2d8e84edab766a4f23201fa102830d61bc26eec40042a80670b99c,9d40ac01d713667796e3d2aa2bc0fc1ba204ceb34b184c70d1843b72801e6d61,195,258
test/organic/organic_0035.jpg,test,organic,2,AI/archive/DATASET/TEST/O/O_12939.jpg,official_test,7e4ea9493b26a76cc4cc1b9b3a41dcba3771d8e28eefef5b98555400e3547ee2,26c896bc9bae75a4922fd3174acd4837af71792721d9cab0a105978ba7c9d485,225,225
test/organic/organic_0036.jpg,test,organic,2,AI/archive/DATASET/TEST/O/O_13494.jpg,official_test,b27f963b854c339f1c07db667c0821f89dbcb815faf537c576532249ab3a0486,312b0218ae645237856f3fc2c9781dc5f481d78dc8117f3227b4f4b468da32c1,325,155
test/organic/organic_0037.jpg,test,organic,2,AI/archive/DATASET/TEST/O/O_12807.jpg,official_test,196cc73a5ec09d97b6d7a282dc97ea297ae30e29ddfa4db60b9476a382c93aa8,f173588dbf3139985663213af20b02c947da8414e1d71f413723bc5b7278dc28,256,197
test/organic/organic_0038.jpg,test,organic,2,AI/archive/DATASET/TEST/O/O_12843.jpg,official_test,e4cb0492c3e998bf0e81505dfcfd28e0a56d3b99d22a888cef91be020d09ffcc,efbc5c6882c7ff3e36adbb306a89e5966e825dfa81dc2292ba3170b0f8d6a85b,166,304
test/organic/organic_0039.jpg,test,organic,2,AI/archive/DATASET/TEST/O/O_13575.jpg,official_test,f2243415d1f949c10c2310a2d671723d177045b281f42b5989c34570070cb2cf,c6e9e296d8e72019b2e297a14ed65770bd89399e6ddefb087c464eff30faded6,225,225
test/organic/organic_0040.jpg,test,organic,2,AI/archive/DATASET/TEST/O/O_13152.jpg,official_test,d25bba840a8658a5c25ec4c2a8676e560715ee95c0806da3e89c7bafeeb82ff2,4a57754a9c10602f54b82cb802f4a5ef48111131b5bb8b405c79683f0a31beb2,300,168
test/organic/organic_0041.jpg,test,organic,2,AI/archive/DATASET/TEST/O/O_12580.jpg,official_test,5d38e09ed4738148505424efba979f7d5452929bfd17bbd684cd96de45c61d4d,3423f6d29f2f7e95c774aa02624f84b97cade110c1cdbd5664788543d64fa5ee,225,225
test/organic/organic_0042.jpg,test,organic,2,AI/archive/DATASET/TEST/O/O_13182.jpg,official_test,f56475355b17107c8e93ea68371993d3aa9e428200d1bb0ac90d013911688069,b1e9c45b40433dfb47b749bfd6729f6bfe590470fe986a034192e2c85db7d74b,310,163
test/organic/organic_0043.jpg,test,organic,2,AI/archive/DATASET/TEST/O/O_12932.jpg,official_test,e5adc579899ebceba3ac217c9f0956a0b84d0a21b32045dce9c05d2c8ae04da0,3e4646a3e56b20c96c227db630870d0d09f627af9da51ed35d541446dc49a259,225,225
test/organic/organic_0044.jpg,test,organic,2,AI/archive/DATASET/TEST/O/O_12844.jpg,official_test,c30bb39164a46d81f46b774cc6bdeec641a6dd90f62ab73c9328e5c1474c22ec,2832548d35619ed575b179f2735588bb12db174bb40cc42be6abfc1c23e2b30f,272,185
test/organic/organic_0045.jpg,test,organic,2,AI/archive/DATASET/TEST/O/O_13367.jpg,official_test,cb0b883db39d767efaaeb5040dfaa1f91801efa9cd53304ac42c930c349657ef,e9c49f1a074a1a0a8dba6bf24f009f098e1cb2f27ea21f3fccf392f2fd8c9d93,296,170
test/organic/organic_0046.jpg,test,organic,2,AI/archive/DATASET/TEST/O/O_13362.jpg,official_test,d29f19c3c8c931fdf715f6258fe5b95d996a6abd91eb4e9f607f6412ee58d501,f712d38e8fba630d9fdd06a34ba62dff677641bb071edefadfd105f1ecb62b59,275,183
test/organic/organic_0047.jpg,test,organic,2,AI/archive/DATASET/TEST/O/O_13222.jpg,official_test,33bd2fe40274eb5668b0f1aa7000f9f850fb90f956e5d6184ae03dccd4a621a2,002de5aa73e2bb2ea09582947cd189b0aa277cc5cb08ec8cc23311718c6039dd,266,189
test/organic/organic_0048.jpg,test,organic,2,AI/archive/DATASET/TEST/O/O_13385.jpg,official_test,715014b5d6b982a551df90e420d78cc309b97e7a24355f1c1c492596291d7470,bad812e8b3077c9702288e9f3acef0a8436f0e6e7680f4c7680e53cc33ff440d,260,194
test/organic/organic_0049.jpg,test,organic,2,AI/archive/DATASET/TEST/O/O_13345.jpg,official_test,63d59854c11cbd58262bd2b02d0f827593a1ee20bcb84fa4580ab7be9a8685a5,f5f382b63cf9a6e4a06117cc56eec11f069b705b855275052d4ba54bda371210,368,137
test/organic/organic_0050.jpg,test,organic,2,AI/archive/DATASET/TEST/O/O_13804.jpg,official_test,1d037cbec2e0e2d60845bf8942a104d9b49c0e367318fb8735269eb76b582e88,049abe8365229207f20c1281a15bc28b569735bd14b730b1f49bab0b7a0c0048,210,240
test/organic/organic_0051.jpg,test,organic,2,AI/archive/DATASET/TEST/O/O_13682.jpg,official_test,a0e89a15f7f390e75def62219dae47283267ccc707448fcf7926baf5372ee02b,553c67f79d07cdaa7797a298b1da7f5ee63cc40ff5ebcc985c2aad3685b46e3c,225,225
test/organic/organic_0052.jpg,test,organic,2,AI/archive/DATASET/TEST/O/O_12606.jpg,official_test,643b5e22252168dfb905aa3480bb647cbf4b845c47aa56a63bef3d82643ef2e9,45915667327dadb5bb099e0fee518da9c2ccdae5dece63962a6bca0ba0d013bc,224,225
test/organic/organic_0053.jpg,test,organic,2,AI/archive/DATASET/TEST/O/O_13328.jpg,official_test,4de6c709273567c61ccea61e0508746efebb4a2873552f209abe0fe3ba8b37b5,5abb379fb2b1c1b171236fa8193fd199b84ed3aa58ca4aa4b0d5ec50d14cb31b,276,183
test/organic/organic_0054.jpg,test,organic,2,AI/archive/DATASET/TEST/O/O_13716.jpg,official_test,f7fb4a9d08a4624c0f705b378af1d7622d9979aec810942e3335e72cd76ddd9b,ebc21b0363933ce9ae847d1c2a921ec724873f9752bf3af60c607bf0f4772d00,225,225
test/organic/organic_0055.jpg,test,organic,2,AI/archive/DATASET/TEST/O/O_12582.jpg,official_test,03d6989e8336aadf5d47c5e1254d4cc9ed8636d283bf8132832a40ee6f1ac945,dea76cf71cc5360aa7609bc1eafc9feeb0d51ee97ede0845e818197e293be2e7,225,225
test/organic/organic_0056.jpg,test,organic,2,AI/archive/DATASET/TEST/O/O_12586.jpg,official_test,ed2ca0614eb798e656faa9ca5e66a8c4134cb75b5876857a54f96559a22fea5d,a75d0d8ed10d7577c09142e1c9491009a9eeb2fd5629eac95686707f5ef566aa,225,225
test/organic/organic_0057.jpg,test,organic,2,AI/archive/DATASET/TEST/O/O_13445.jpg,official_test,0e4006b6a5b0a2e7ddfbc04dd69ee301ac07a15bd3f598acca4af81a3bd7e294,41a8fd39714e28db4c430e9466747c6ddd1aa53a2738dc1ce93a43918c21a69e,290,174
test/organic/organic_0058.jpg,test,organic,2,AI/archive/DATASET/TEST/O/O_12708.jpg,official_test,a8851c6e96692ec799826d543dffc06267051aef238230ba855e74d2c62ca465,e1f954214569a99466b9942e552074994788dc8cf14d4ecc0fd6a9928bfcb7b5,225,225
test/organic/organic_0059.jpg,test,organic,2,AI/archive/DATASET/TEST/O/O_13631.jpg,official_test,1050e6ef914f86e9424dff17d10502342915e22524f777cc8cda0375649b6ada,4482433ca4b72210708af68e77a7875aab891a50829f58bb19ad19e278a821c3,275,183
test/organic/organic_0060.jpg,test,organic,2,AI/archive/DATASET/TEST/O/O_13233.jpg,official_test,6306ef0db63f841fbabf6d70c17c0d976e2e4f2e7e3bd9d9422ebccee464d9b6,053ce13dad84353b5f3989b9236c14922156743c74250584ea68e29a448b1e86,220,229
test/organic/organic_0061.jpg,test,organic,2,AI/archive/DATASET/TEST/O/O_13564.jpg,official_test,0640264ce3d8b8420bc184abb4c5ed54d13eca5f68a4d55df5b0ed3079abbf5c,47b3cdb5b918ca22c66ffd42d07ca7c85739a8485b5f0c33a04abfef05343f5c,259,194
test/organic/organic_0062.jpg,test,organic,2,AI/archive/DATASET/TEST/O/O_13060.jpg,official_test,75ad6dc116db085c6f91fd7bb47f787ab26dcd36202c2e89d884425225a36bd4,439986c12f4da53875e9f59e48923dc286f05bd5143316420867dd05f0e71fe5,256,197
test/organic/organic_0063.jpg,test,organic,2,AI/archive/DATASET/TEST/O/O_12928.jpg,official_test,c7aa5c5a19eceba3dbdcd20c50d85d21d9c2ff3dafb946d52305561f9b3ddaa1,46361326c77e9dcfa325e750706dff0351cbea742627db3727431d95c2be07a7,190,265
test/organic/organic_0064.jpg,test,organic,2,AI/archive/DATASET/TEST/O/O_12906.jpg,official_test,777f051b540065bde4e295067fa5d594ec962e052e48b171de940b64f0ad84d7,41e7f50357dd190b95c691732e4fce7797c4d1f4602de710b2697416830796ce,275,183
test/organic/organic_0065.jpg,test,organic,2,AI/archive/DATASET/TEST/O/O_13093.jpg,official_test,eaa5dea9dda7ab8f968aef51dba702293ed57fa1c31dc97cb0b1d890cb9638c2,dc272032ef083b94e8c81b796f5213cd6fec139ec4538b3b3cc6c6a19a3d8de6,275,183
test/organic/organic_0066.jpg,test,organic,2,AI/archive/DATASET/TEST/O/O_13585.jpg,official_test,af2d8711eb7056c4e3fe0582283da5f7c33f4a7ad3001df2da9dbf6d9830c16e,f16a2b29fae3b8ac776d9acb51ec6d0457c8b3c597dfe95612806fa74e6f0209,278,181
test/organic/organic_0067.jpg,test,organic,2,AI/archive/DATASET/TEST/O/O_13177.jpg,official_test,0393bb28432a311b16c8ea71d146a86064c44600b15259e9d41ba9342a0babfa,a6aa69db4c8dfca746a42014042bbce3d04275863dfb54c730a25f20434366a3,300,168
test/organic/organic_0068.jpg,test,organic,2,AI/archive/DATASET/TEST/O/O_13113.jpg,official_test,6322fa5de34b49de204b4ee6fadfb9f78a38d49de3ed85fbe5ca9102b4aede0c,b6971cb3d7c1e1073ac37d418c24843b0d3a50658a188eb431ed1fefba90571d,275,183
test/organic/organic_0069.jpg,test,organic,2,AI/archive/DATASET/TEST/O/O_13089.jpg,official_test,1b0e67aea7c7ec47d367aa11153fd7a4c302901ed32388dca3bf5ae0f4c26d24,b07dc2e3fce09ea08b423e652fd5188653d6fe42085bd40f7a5893602b632783,259,194
test/organic/organic_0070.jpg,test,organic,2,AI/archive/DATASET/TEST/O/O_12627.jpg,official_test,12905b39c5fd4cfd9a6c5870506dca717f683aa820e57b015a288f9fec8b3cf7,467a667a5590a5fcf5e7fe60d29709c5e5d7e6e2273aa07843bd733c306720c4,225,225
test/organic/organic_0071.jpg,test,organic,2,AI/archive/DATASET/TEST/O/O_13200.jpg,official_test,3cb12cf171d1a816d49636d9390b505c844f5b9ec79d3cf2e39148dc980b81f2,a35103c189cd6c0425dcb3a83b9bbf46148a92cdb5ccb2fc9ad2d0c0a401ad81,275,183
test/organic/organic_0072.jpg,test,organic,2,AI/archive/DATASET/TEST/O/O_12670.jpg,official_test,a1c66686d98f46bfd1783d81dd0f6105f511a08c5e8b98eda89f5815186307fa,5009f04f09cacbe34cd2c35e05595bacb584e0f1df86e74ceffa6f7ba18f63f7,225,225
test/organic/organic_0073.jpg,test,organic,2,AI/archive/DATASET/TEST/O/O_13313.jpg,official_test,ccf5c5ea5de0e7fb278d59e6c95b9fad01676ce7d05e9a6537c1f1ed199c86a1,2a4b1c68dd7aa185b3440a8cf77a23b980e016d4717939d75af92a4ac94eebac,303,167
test/organic/organic_0074.jpg,test,organic,2,AI/archive/DATASET/TEST/O/O_13354.jpg,official_test,21e770507dbc4ed30d84c77153190ce7e24ba2e9213782f2f0003e9fbd1b5096,763b24439edb80380866b5b56268ede5d37d8a7f1f3f6a568e3060f4072fea70,292,173
